starter_route_id,starter_route_title,starter_stream,pathway_template_kind,pathway_template_profile,coverage_status,direct_canonical_career_count,direct_canonical_career_ids,direct_canonical_career_titles,direct_research_categories,direct_top100_priority_ranks,suggested_canonical_career_count,suggested_canonical_career_ids,suggested_canonical_career_titles,suggested_research_categories,manual_curated_canonical_career_count,manual_curated_canonical_career_ids,manual_curated_canonical_career_titles,manual_curated_research_categories,research_reality_profile_available
agricultural-economist,Agricultural Economist,"Agriculture, food and environment",agri,vocational,no_research_link,0,,,,,0,,,,0,,,,no
agricultural-equipment-operator,Agricultural Equipment Operator,"Agriculture, food and environment",agri,vocational,suggestion_only,0,,,,,1,za-career-agricultural-mobile-plant-operator,Agricultural Mobile Plant (Equipment) Operator,"Agriculture, Food and Environment",0,,,,yes
agricultural-extension-officer,Agricultural Extension Officer,"Agriculture, food and environment",agri,vocational,direct_match,1,za-career-agricultural-extension-officer,Agricultural Extension Officer,"Agriculture, Food and Environment",,1,za-career-agricultural-mobile-plant-operator,Agricultural Mobile Plant (Equipment) Operator,"Agriculture, Food and Environment",0,,,,yes
agricultural-inspector,Agricultural Inspector,"Agriculture, food and environment",agri,vocational,suggestion_only,0,,,,,3,za-career-agricultural-horticultural-produce-inspector | za-career-food-inspector | za-career-livestock-inspector,Agricultural / Horticultural Produce Inspector | Food Inspector | Livestock Inspector,"Agriculture, Food and Environment | Business, Management and Administration",0,,,,yes
agricultural-scientist-agronomist,Agricultural Scientist / Agronomist,"Agriculture, food and environment",agri,vocational,no_research_link,0,,,,,0,,,,0,,,,no
agricultural-technician,Agricultural Technician,"Agriculture, food and environment",agri,vocational,direct_match,1,za-career-agricultural-technician,Agricultural Technician,Engineering and Built Environment,,2,za-career-agricultural-drone-maintenance-technician | za-career-agritech-support-technician,Agricultural Drone Maintenance Technician | AgriTech Support Technician,"Agriculture, Food and Environment",0,,,,yes
baker,Baker,"Agriculture, food and environment",agri,vocational,manual_curated_link,0,,,,,0,,,,1,za-career-confectionary-baker,Confectionary Baker,"Hospitality, Tourism and Events",yes
beekeeper,Beekeeper,"Agriculture, food and environment",agri,vocational,no_research_link,0,,,,,0,,,,0,,,,no
brewer,Brewer,"Agriculture, food and environment",agri,vocational,no_research_link,0,,,,,0,,,,0,,,,no
butcher,Butcher,"Agriculture, food and environment",agri,vocational,direct_match,1,za-career-butcher,Butcher,TVET / Occupational and Workplace Pathways,,0,,,,0,,,,yes
climate-change-analyst,Climate Change Analyst,"Agriculture, food and environment",agri,vocational,suggestion_only,0,,,,,2,za-career-climate-change-scientist | za-career-climate-risk-analyst,Climate Change Scientist | Climate Risk Analyst,Energy and Green Economy,0,,,,yes
conservation-scientist,Conservation Scientist,"Agriculture, food and environment",agri,vocational,direct_match,1,za-career-conservation-scientist,Conservation Scientist,"Agriculture, Food and Environment",,1,za-career-conservation-labourer,Conservation Labourer,"Agriculture, Food and Environment",0,,,,yes
crop-farmer,Crop Farmer,"Agriculture, food and environment",agri,vocational,suggestion_only,0,,,,,3,za-career-aquaculture-farmer | za-career-farm-aid | za-career-mixed-crop-farm-production-manager,Aquaculture Farmer | Farm Aid | Mixed Crop Farm Production Manager,"Agriculture, Food and Environment",0,,,,yes
dairy-farmer,Dairy Farmer,"Agriculture, food and environment",agri,vocational,suggestion_only,0,,,,,4,za-career-aquaculture-farmer | za-career-dairy-farm-supervisor | za-career-dairyman | za-career-farm-aid,Aquaculture Farmer | Dairy Farm Supervisor | Dairyman | Farm Aid,"Agriculture, Food and Environment",0,,,,yes
environmental-health-practitioner,Environmental Health Practitioner,"Agriculture, food and environment",agri,vocational,suggestion_only,0,,,,,1,za-career-safety-health-environment-and-quality-practitioner,"Safety, Health, Environment and Quality (SHE&Q) Practitioner",Healthcare and Wellness,0,,,,yes
environmental-manager,Environmental Manager,"Agriculture, food and environment",agri,vocational,direct_match,1,za-career-environmental-manager,Environmental Manager,Energy and Green Economy,,0,,,,0,,,,yes
environmental-officer,Environmental Officer,"Agriculture, food and environment",agri,vocational,suggestion_only,0,,,,,1,za-career-biosecurity-officer,Biosecurity Officer,"Agriculture, Food and Environment",0,,,,yes
environmental-scientist-consultant,Environmental Scientist / Consultant,"Agriculture, food and environment",agri,vocational,no_research_link,0,,,,,0,,,,0,,,,no
farm-hand,Farm Hand,"Agriculture, food and environment",agri,vocational,suggestion_only,0,,,,,3,za-career-aquaculture-farmer | za-career-farm-aid | za-career-food-handler,Aquaculture Farmer | Farm Aid | Food Handler,"Agriculture, Food and Environment | TVET / Occupational and Workplace Pathways",0,,,,yes
farm-manager,Farm Manager,"Agriculture, food and environment",agri,vocational,suggestion_only,0,,,,,2,za-career-agricultural-farm-manager | za-career-mixed-crop-farm-production-manager,Agricultural Farm Manager | Mixed Crop Farm Production Manager,"Agriculture, Food and Environment",0,,,,yes
farm-worker,Farm Worker,"Agriculture, food and environment",agri,vocational,suggestion_only,0,,,,,3,za-career-aquaculture-farm-worker | za-career-aquaculture-farm-worker-assistant | za-career-forestry-worker,Aquaculture Farm Worker | Aquaculture Farm Worker / Assistant | Forestry Worker,"Agriculture, Food and Environment",0,,,,yes
field-guide,Field Guide,"Agriculture, food and environment",agri,vocational,no_research_link,0,,,,,0,,,,0,,,,no
fish-farm-worker,Fish Farm Worker,"Agriculture, food and environment",agri,vocational,suggestion_only,0,,,,,2,za-career-aquaculture-farm-worker | za-career-aquaculture-farm-worker-assistant,Aquaculture Farm Worker | Aquaculture Farm Worker / Assistant,"Agriculture, Food and Environment",0,,,,yes
fisher,Fisher,"Agriculture, food and environment",agri,vocational,no_research_link,0,,,,,0,,,,0,,,,no
fisheries-officer,Fisheries Officer,"Agriculture, food and environment",agri,vocational,suggestion_only,0,,,,,1,za-career-biosecurity-officer,Biosecurity Officer,"Agriculture, Food and Environment",0,,,,yes
florist,Florist,"Agriculture, food and environment",agri,vocational,no_research_link,0,,,,,0,,,,0,,,,no
food-safety-auditor,Food Safety Auditor,"Agriculture, food and environment",agri,vocational,direct_match,1,za-career-food-safety-auditor,Food Safety Auditor,"Agriculture, Food and Environment",,0,,,,0,,,,yes
food-scientist,Food Scientist,"Agriculture, food and environment",agri,vocational,suggestion_only,0,,,,,4,za-career-food-and-beverage-scientist | za-career-food-handler | za-career-food-inspector | za-career-food-trade-assistant,Food and Beverage Scientist | Food Handler | Food Inspector | Food Trade Assistant,"Agriculture, Food and Environment | TVET / Occupational and Workplace Pathways | Business, Management and Administration | Hospitality, Tourism and Events",0,,,,yes
food-technologist,Food Technologist,"Agriculture, food and environment",agri,vocational,suggestion_only,0,,,,,3,za-career-food-handler | za-career-food-inspector | za-career-food-trade-assistant,Food Handler | Food Inspector | Food Trade Assistant,"TVET / Occupational and Workplace Pathways | Business, Management and Administration | Hospitality, Tourism and Events",0,,,,yes
forester,Forester,"Agriculture, food and environment",agri,vocational,suggestion_only,0,,,,,1,za-career-forestry-worker,Forestry Worker,"Agriculture, Food and Environment",0,,,,yes
forestry-technician,Forestry Technician,"Agriculture, food and environment",agri,vocational,direct_match,1,za-career-forestry-technician,Forestry Technician,"Agriculture, Food and Environment",,2,za-career-agritech-support-technician | za-career-forestry-worker,AgriTech Support Technician | Forestry Worker,"Agriculture, Food and Environment",0,,,,yes
game-farmer,Game Farmer,"Agriculture, food and environment",agri,vocational,no_research_link,0,,,,,0,,,,0,,,,no
gardener,Gardener,"Agriculture, food and environment",agri,vocational,no_research_link,0,,,,,0,,,,0,,,,no
groundskeeper,Groundskeeper,"Agriculture, food and environment",agri,vocational,direct_match,1,za-career-groundskeeper,Groundskeeper,Trades and Artisan Careers,,0,,,,0,,,,yes
herdsperson,Herdsperson,"Agriculture, food and environment",agri,vocational,no_research_link,0,,,,,0,,,,0,,,,no
horticulturist,Horticulturist,"Agriculture, food and environment",agri,vocational,manual_curated_link,0,,,,,0,,,,1,za-career-ornamental-horticultural-or-nursery-assistant,Ornamental Horticultural or Nursery Assistant,"Agriculture, Food and Environment",yes
hydrologist,Hydrologist,"Agriculture, food and environment",agri,vocational,direct_match,1,za-career-hydrologist,Hydrologist,Energy and Green Economy,100,0,,,,0,,,,yes
landscape-gardener,Landscape Gardener,"Agriculture, food and environment",agri,vocational,direct_match,1,za-career-landscape-gardener,Landscape Gardener (Landscaping Supervisor),"Agriculture, Food and Environment",,1,za-career-landscape-contractor,Landscape Contractor,"Agriculture, Food and Environment",0,,,,yes
livestock-farmer,Livestock Farmer,"Agriculture, food and environment",agri,vocational,direct_match,1,za-career-livestock-farmer,Livestock Farmer (Livestock Farm Supervisor),"Agriculture, Food and Environment",,1,za-career-livestock-inspector,Livestock Inspector,"Business, Management and Administration",0,,,,yes
meteorologist,Meteorologist,"Agriculture, food and environment",agri,vocational,direct_match,1,za-career-meteorologist,Meteorologist,Energy and Green Economy,,0,,,,0,,,,yes
mixed-crop-and-livestock-farmer,Mixed Crop and Livestock Farmer,"Agriculture, food and environment",agri,vocational,suggestion_only,0,,,,,1,za-career-mixed-crop-farm-production-manager,Mixed Crop Farm Production Manager,"Agriculture, Food and Environment",0,,,,yes
nature-conservation-officer,Nature Conservation Officer,"Agriculture, food and environment",agri,vocational,no_research_link,0,,,,,0,,,,0,,,,no
nursery-worker,Nursery Worker,"Agriculture, food and environment",agri,vocational,no_research_link,0,,,,,0,,,,0,,,,no
park-ranger,Park Ranger,"Agriculture, food and environment",agri,vocational,no_research_link,0,,,,,0,,,,0,,,,no
poultry-farmer,Poultry Farmer,"Agriculture, food and environment",agri,vocational,direct_match,1,za-career-poultry-farmer,Poultry Farmer,"Agriculture, Food and Environment",,0,,,,0,,,,yes
quality-controller-food,Quality Controller (Food),"Agriculture, food and environment",agri,vocational,suggestion_only,0,,,,,1,za-career-packhouse-quality-controller,Packhouse Quality Controller,"Agriculture, Food and Environment",0,,,,yes
shearer,Shearer,"Agriculture, food and environment",agri,vocational,no_research_link,0,,,,,0,,,,0,,,,no
soil-scientist,Soil Scientist,"Agriculture, food and environment",agri,vocational,direct_match,1,za-career-agricultural-scientist,Agricultural Scientist,Agriculture Food and Environment,26,0,,,,0,,,,yes
sustainability-officer,Sustainability Officer,"Agriculture, food and environment",agri,vocational,suggestion_only,0,,,,,1,za-career-biosecurity-officer,Biosecurity Officer,"Agriculture, Food and Environment",0,,,,yes
tree-surgeon,Tree Surgeon,"Agriculture, food and environment",agri,vocational,no_research_link,0,,,,,0,,,,0,,,,no
veterinary-technician,Veterinary Technician,"Agriculture, food and environment",agri,vocational,direct_match,1,za-career-veterinary-technician,Veterinary Technician,Engineering and Built Environment,,1,za-career-agritech-support-technician,AgriTech Support Technician,"Agriculture, Food and Environment",0,,,,yes
waste-management-officer,Waste Management Officer,"Agriculture, food and environment",agri,vocational,suggestion_only,0,,,,,3,za-career-pest-management-officer | za-career-water-infrastructure-manager | za-career-water-works-management-practitioner,Pest Management Officer | Water Infrastructure Manager | Water Works Management Practitioner,TVET / Occupational and Workplace Pathways | Energy and Green Economy,0,,,,yes
water-quality-technician,Water Quality Technician,"Agriculture, food and environment",agri,vocational,suggestion_only,0,,,,,2,za-career-water-conservation-technician | za-career-water-quality-analyst,Water Conservation Technician | Water Quality Analyst,Energy and Green Economy,0,,,,yes
wine-maker,Wine Maker,"Agriculture, food and environment",agri,vocational,direct_match,1,za-career-wine-maker,Wine Maker,"Agriculture, Food and Environment",,2,za-career-butter-maker | za-career-winemaker-s-assistant,Butter Maker | Winemaker's Assistant,"Agriculture, Food and Environment",0,,,,yes
air-defence-operator,Air Defence Operator,Armed forces and security services,public,public,no_research_link,0,,,,,0,,,,0,,,,no
air-force-ground-crew,Air Force Ground Crew,Armed forces and security services,public,public,no_research_link,0,,,,,0,,,,0,,,,no
air-force-pilot,Air Force Pilot,Armed forces and security services,public,public,no_research_link,0,,,,,0,,,,0,,,,no
airport-security-officer,Airport Security Officer,Armed forces and security services,public,public,no_research_link,0,,,,,0,,,,0,,,,no
armed-forces-instructor,Armed Forces Instructor,Armed forces and security services,public,public,no_research_link,0,,,,,0,,,,0,,,,no
armed-response-officer,Armed Response Officer,Armed forces and security services,public,public,no_research_link,0,,,,,0,,,,0,,,,no
armoured-vehicle-crew,Armoured Vehicle Crew,Armed forces and security services,public,public,no_research_link,0,,,,,0,,,,0,,,,no
artillery-operator,Artillery Operator,Armed forces and security services,public,public,no_research_link,0,,,,,0,,,,0,,,,no
border-management-officer,Border Management Officer,Armed forces and security services,public,public,no_research_link,0,,,,,0,,,,0,,,,no
cash-in-transit-operative,Cash-in-Transit Operative,Armed forces and security services,public,public,no_research_link,0,,,,,0,,,,0,,,,no
cctv-operator,CCTV Operator,Armed forces and security services,public,public,no_research_link,0,,,,,0,,,,0,,,,no
close-protection-officer,Close Protection Officer,Armed forces and security services,public,public,no_research_link,0,,,,,0,,,,0,,,,no
crime-intelligence-analyst,Crime Intelligence Analyst,Armed forces and security services,public,public,no_research_link,0,,,,,0,,,,0,,,,no
defence-analyst,Defence Analyst,Armed forces and security services,public,public,no_research_link,0,,,,,0,,,,0,,,,no
defence-scientist,Defence Scientist,Armed forces and security services,public,public,no_research_link,0,,,,,0,,,,0,,,,no
forensic-investigator,Forensic Investigator,Armed forces and security services,public,public,no_research_link,0,,,,,0,,,,0,,,,no
infantry-soldier,Infantry Soldier,Armed forces and security services,public,public,no_research_link,0,,,,,0,,,,0,,,,no
loss-prevention-officer,Loss Prevention Officer,Armed forces and security services,public,public,no_research_link,0,,,,,0,,,,0,,,,no
metro-police-officer,Metro Police Officer,Armed forces and security services,public,public,no_research_link,0,,,,,0,,,,0,,,,no
military-communication-specialist,Military Communication Specialist,Armed forces and security services,public,public,no_research_link,0,,,,,0,,,,0,,,,no
military-engineer,Military Engineer,Armed forces and security services,public,public,no_research_link,0,,,,,0,,,,0,,,,no
military-intelligence-officer,Military Intelligence Officer,Armed forces and security services,public,public,no_research_link,0,,,,,0,,,,0,,,,no
military-it-specialist,Military IT Specialist,Armed forces and security services,public,public,no_research_link,0,,,,,0,,,,0,,,,no
military-logistician,Military Logistician,Armed forces and security services,public,public,no_research_link,0,,,,,0,,,,0,,,,no
military-medic,Military Medic,Armed forces and security services,public,public,no_research_link,0,,,,,0,,,,0,,,,no
military-nurse,Military Nurse,Armed forces and security services,public,public,no_research_link,0,,,,,0,,,,0,,,,no
military-pilot,Military Pilot,Armed forces and security services,public,public,no_research_link,0,,,,,0,,,,0,,,,no
military-police,Military Police,Armed forces and security services,public,public,no_research_link,0,,,,,0,,,,0,,,,no
naval-sailor,Naval Sailor,Armed forces and security services,public,public,no_research_link,0,,,,,0,,,,0,,,,no
peacekeeping-officer,Peacekeeping Officer,Armed forces and security services,public,public,no_research_link,0,,,,,0,,,,0,,,,no
port-security-officer,Port Security Officer,Armed forces and security services,public,public,no_research_link,0,,,,,0,,,,0,,,,no
private-security-operator,Private Security Operator,Armed forces and security services,public,public,no_research_link,0,,,,,0,,,,0,,,,no
reservist,Reservist,Armed forces and security services,public,public,no_research_link,0,,,,,0,,,,0,,,,no
saps-detective,SAPS Detective,Armed forces and security services,public,public,no_research_link,0,,,,,0,,,,0,,,,no
security-consultant,Security Consultant,Armed forces and security services,public,public,no_research_link,0,,,,,0,,,,0,,,,no
security-response-officer,Security Response Officer,Armed forces and security services,public,public,no_research_link,0,,,,,0,,,,0,,,,no
security-supervisor,Security Supervisor,Armed forces and security services,public,public,manual_curated_link,0,,,,,0,,,,4,za-career-security-first-line-manager | za-career-security-officer | za-career-protection-security-official | za-career-corrections-security-officer,Security First Line Manager | Security Officer | Protection/Security Official | Corrections Security Officer,"Safety, Security and Emergency Services",yes
submariner,Submariner,Armed forces and security services,public,public,no_research_link,0,,,,,0,,,,0,,,,no
vip-protection-officer,VIP Protection Officer,Armed forces and security services,public,public,no_research_link,0,,,,,0,,,,0,,,,no
actor,Actor,"Arts, culture, heritage and society",creative,portfolio,manual_curated_link,0,,,,,0,,,,5,za-career-camera-operator | za-career-digital-artist | za-career-visual-artist | za-career-musician | za-career-arts-culture-manager,"Camera Operator (Film, Television or Video) | Digital Artist | Visual Artist | Musician (Instrumental) | Arts/ Culture Manager","Media, Creative and Communication",yes
archaeologist,Archaeologist,"Arts, culture, heritage and society",creative,portfolio,direct_match,1,za-career-archaeologist,Archaeologist,"Business, Management and Administration",,0,,,,0,,,,yes
art-critic,Art Critic,"Arts, culture, heritage and society",creative,portfolio,no_research_link,0,,,,,0,,,,0,,,,no
art-gallery-assistant,Art Gallery Assistant,"Arts, culture, heritage and society",creative,portfolio,no_research_link,0,,,,,0,,,,0,,,,no
art-therapist,Art Therapist,"Arts, culture, heritage and society",creative,portfolio,direct_match,1,za-career-art-therapist,Art Therapist,Healthcare and Wellness,,0,,,,0,,,,yes
arts-administrator,Arts Administrator,"Arts, culture, heritage and society",creative,portfolio,manual_curated_link,0,,,,,0,,,,1,za-career-arts-culture-manager,Arts/ Culture Manager,"Media, Creative and Communication",yes
arts-manager,Arts Manager,"Arts, culture, heritage and society",creative,portfolio,suggestion_only,0,,,,,2,za-career-arts-culture-manager | za-career-museum-manager,Arts/ Culture Manager | Museum Manager,"Media, Creative and Communication",0,,,,yes
basket-weaver,Basket Weaver,"Arts, culture, heritage and society",creative,portfolio,no_research_link,0,,,,,0,,,,0,,,,no
beadworker,Beadworker,"Arts, culture, heritage and society",creative,portfolio,no_research_link,0,,,,,0,,,,0,,,,no
ceramicist,Ceramicist,"Arts, culture, heritage and society",creative,portfolio,no_research_link,0,,,,,0,,,,0,,,,no
choreographer,Choreographer,"Arts, culture, heritage and society",creative,portfolio,manual_curated_link,0,,,,,0,,,,4,za-career-dance-movement-therapist | za-career-musician | za-career-visual-artist | za-career-arts-culture-manager,Dance Movement Therapist | Musician (Instrumental) | Visual Artist | Arts/ Culture Manager,"Healthcare and Wellness | Media, Creative and Communication",yes
cinematographer,Cinematographer,"Arts, culture, heritage and society",creative,portfolio,no_research_link,0,,,,,0,,,,0,,,,no
costume-designer,Costume Designer,"Arts, culture, heritage and society",creative,portfolio,no_research_link,0,,,,,0,,,,0,,,,no
craft-worker,Craft Worker,"Arts, culture, heritage and society",creative,portfolio,no_research_link,0,,,,,0,,,,0,,,,no
cultural-anthropologist,Cultural Anthropologist,"Arts, culture, heritage and society",creative,portfolio,no_research_link,0,,,,,0,,,,0,,,,no
cultural-event-organiser,Cultural Event Organiser,"Arts, culture, heritage and society",creative,portfolio,no_research_link,0,,,,,0,,,,0,,,,no
dance-instructor,Dance Instructor,"Arts, culture, heritage and society",creative,portfolio,no_research_link,0,,,,,0,,,,0,,,,no
dancer,Dancer,"Arts, culture, heritage and society",creative,portfolio,manual_curated_link,0,,,,,0,,,,4,za-career-dance-movement-therapist | za-career-musician | za-career-visual-artist | za-career-digital-artist,Dance Movement Therapist | Musician (Instrumental) | Visual Artist | Digital Artist,"Healthcare and Wellness | Media, Creative and Communication",yes
drama-teacher,Drama Teacher,"Arts, culture, heritage and society",creative,portfolio,no_research_link,0,,,,,0,,,,0,,,,no
drama-therapist,Drama Therapist,"Arts, culture, heritage and society",creative,portfolio,direct_match,1,za-career-drama-therapist,Drama Therapist,Healthcare and Wellness,,0,,,,0,,,,yes
festival-coordinator,Festival Coordinator,"Arts, culture, heritage and society",creative,portfolio,no_research_link,0,,,,,0,,,,0,,,,no
gallery-curator,Gallery Curator,"Arts, culture, heritage and society",creative,portfolio,suggestion_only,0,,,,,1,za-career-gallery-or-museum-curator,Gallery or Museum Curator,"Business, Management and Administration",0,,,,yes
glass-blower,Glass Blower,"Arts, culture, heritage and society",creative,portfolio,no_research_link,0,,,,,0,,,,0,,,,no
heritage-officer,Heritage Officer,"Arts, culture, heritage and society",creative,portfolio,suggestion_only,0,,,,,1,za-career-heritage-consultant,Heritage Consultant,"Business, Management and Administration",0,,,,yes
instrument-technician,Instrument Technician,"Arts, culture, heritage and society",creative,portfolio,no_research_link,0,,,,,0,,,,0,,,,no
jewellery-maker,Jewellery Maker,"Arts, culture, heritage and society",creative,portfolio,no_research_link,0,,,,,0,,,,0,,,,no
lighting-designer,Lighting Designer,"Arts, culture, heritage and society",creative,portfolio,no_research_link,0,,,,,0,,,,0,,,,no
music-composer,Music Composer,"Arts, culture, heritage and society",creative,portfolio,no_research_link,0,,,,,0,,,,0,,,,no
music-director,Music Director,"Arts, culture, heritage and society",creative,portfolio,no_research_link,0,,,,,0,,,,0,,,,no
music-producer,Music Producer,"Arts, culture, heritage and society",creative,portfolio,no_research_link,0,,,,,0,,,,0,,,,no
music-therapist,Music Therapist,"Arts, culture, heritage and society",creative,portfolio,direct_match,1,za-career-music-therapist,Music Therapist,Healthcare and Wellness,,0,,,,0,,,,yes
musician,Musician,"Arts, culture, heritage and society",creative,portfolio,direct_match,1,za-career-musician,Musician (Instrumental),"Media, Creative and Communication",,0,,,,0,,,,yes
painter-artist,Painter (Artist),"Arts, culture, heritage and society",creative,portfolio,no_research_link,0,,,,,0,,,,0,,,,no
potter,Potter,"Arts, culture, heritage and society",creative,portfolio,no_research_link,0,,,,,0,,,,0,,,,no
screenwriter,Screenwriter,"Arts, culture, heritage and society",creative,portfolio,no_research_link,0,,,,,0,,,,0,,,,no
sculptor,Sculptor,"Arts, culture, heritage and society",creative,portfolio,direct_match,1,za-career-sculptor,Sculptor,"Media, Creative and Communication",,0,,,,0,,,,yes
singer,Singer,"Arts, culture, heritage and society",creative,portfolio,no_research_link,0,,,,,0,,,,0,,,,no
sound-designer,Sound Designer,"Arts, culture, heritage and society",creative,portfolio,no_research_link,0,,,,,0,,,,0,,,,no
stage-manager,Stage Manager,"Arts, culture, heritage and society",creative,portfolio,suggestion_only,0,,,,,1,za-career-museum-manager,Museum Manager,"Media, Creative and Communication",0,,,,yes
theatre-technician,Theatre Technician,"Arts, culture, heritage and society",creative,portfolio,manual_curated_link,0,,,,,0,,,,2,za-career-sound-operator | za-career-camera-operator,"Sound Operator | Camera Operator (Film, Television or Video)","Manufacturing and Industrial | Media, Creative and Communication",yes
weaver,Weaver,"Arts, culture, heritage and society",creative,portfolio,no_research_link,0,,,,,0,,,,0,,,,no
woodcarver,Woodcarver,"Arts, culture, heritage and society",creative,portfolio,no_research_link,0,,,,,0,,,,0,,,,no
advertising-creative,Advertising Creative,"Creative, media and design",creative,portfolio,no_research_link,0,,,,,0,,,,0,,,,no
animator,Animator,"Creative, media and design",creative,portfolio,manual_curated_link,0,,,,,0,,,,3,za-career-multimedia-designer | za-career-graphic-designer | za-career-digital-artist,Multimedia Designer | Graphic Designer | Digital Artist,"Technology and Digital | Media, Creative and Communication",yes
art-director,Art Director,"Creative, media and design",creative,portfolio,suggestion_only,0,,,,,2,za-career-digital-artist | za-career-visual-artist,Digital Artist | Visual Artist,"Media, Creative and Communication",0,,,,yes
barber,Barber,"Creative, media and design",creative,portfolio,no_research_link,0,,,,,0,,,,0,,,,no
beauty-therapist,Beauty Therapist,"Creative, media and design",creative,portfolio,no_research_link,0,,,,,0,,,,0,,,,no
book-editor,Book Editor,"Creative, media and design",creative,portfolio,suggestion_only,0,,,,,2,za-career-book-or-script-editor | za-career-text-editor,Book or Script Editor | Text Editor,"Media, Creative and Communication",0,,,,yes
brand-manager,Brand Manager,"Creative, media and design",creative,portfolio,suggestion_only,0,,,,,1,za-career-library-manager,Library Manager,"Media, Creative and Communication",0,,,,yes
broadcast-technician,Broadcast Technician,"Creative, media and design",creative,portfolio,no_research_link,0,,,,,0,,,,0,,,,no
communications-officer,Communications Officer,"Creative, media and design",creative,portfolio,no_research_link,0,,,,,0,,,,0,,,,no
content-writer,Content Writer,"Creative, media and design",creative,portfolio,no_research_link,0,,,,,0,,,,0,,,,no
copywriter,Copywriter,"Creative, media and design",creative,portfolio,direct_match,1,za-career-copywriter,Copywriter,"Media, Creative and Communication",,0,,,,0,,,,yes
creative-director,Creative Director,"Creative, media and design",creative,portfolio,no_research_link,0,,,,,0,,,,0,,,,no
digital-marketing-specialist,Digital Marketing Specialist,"Creative, media and design",creative,portfolio,no_research_link,0,,,,,0,,,,0,,,,no
digital-print-operator,Digital Print Operator,"Creative, media and design",creative,portfolio,no_research_link,0,,,,,0,,,,0,,,,no
editor-publications,Editor (Publications),"Creative, media and design",creative,portfolio,direct_match,1,za-career-editor,Editor,"Media, Creative and Communication",,1,za-career-text-editor,Text Editor,"Media, Creative and Communication",0,,,,yes
exhibition-designer,Exhibition Designer,"Creative, media and design",creative,portfolio,suggestion_only,0,,,,,5,za-career-ai-learning-support-designer | za-career-ai-workflow-designer | za-career-footwear-designer | za-career-furniture-designer | za-career-service-designer,AI Learning Support Designer | AI Workflow Designer | Footwear Designer | Furniture Designer | Service Designer,"Education, Public Sector and Creative Services | Technology and Digital | Media, Creative and Communication",0,,,,yes
fashion-designer,Fashion Designer,"Creative, media and design",creative,portfolio,suggestion_only,0,,,,,5,za-career-ai-learning-support-designer | za-career-ai-workflow-designer | za-career-footwear-designer | za-career-furniture-designer | za-career-service-designer,AI Learning Support Designer | AI Workflow Designer | Footwear Designer | Furniture Designer | Service Designer,"Education, Public Sector and Creative Services | Technology and Digital | Media, Creative and Communication",0,,,,yes
film-director,Film Director,"Creative, media and design",creative,portfolio,no_research_link,0,,,,,0,,,,0,,,,no
film-producer,Film Producer,"Creative, media and design",creative,portfolio,no_research_link,0,,,,,0,,,,0,,,,no
graphic-designer,Graphic Designer,"Creative, media and design",creative,portfolio,suggestion_only,0,,,,,5,za-career-ai-learning-support-designer | za-career-ai-workflow-designer | za-career-footwear-designer | za-career-furniture-designer | za-career-service-designer,AI Learning Support Designer | AI Workflow Designer | Footwear Designer | Furniture Designer | Service Designer,"Education, Public Sector and Creative Services | Technology and Digital | Media, Creative and Communication",0,,,,yes
hairdresser,Hairdresser,"Creative, media and design",creative,portfolio,direct_match,1,za-career-hairdresser,Hairdresser,Sports Fitness and Personal Services,,0,,,,0,,,,yes
illustrator,Illustrator,"Creative, media and design",creative,portfolio,manual_curated_link,0,,,,,0,,,,3,za-career-visual-artist | za-career-graphic-designer | za-career-digital-artist,Visual Artist | Graphic Designer | Digital Artist,"Media, Creative and Communication",yes
industrial-designer,Industrial Designer,"Creative, media and design",creative,portfolio,direct_match,1,za-career-industrial-designer,Industrial Designer,"Media, Creative and Communication",,0,,,,0,,,,yes
interpreter,Interpreter,"Creative, media and design",creative,portfolio,direct_match,1,za-career-interpreter,Interpreter,"Business, Management and Administration",,0,,,,0,,,,yes
jewellery-designer,Jewellery Designer,"Creative, media and design",creative,portfolio,no_research_link,0,,,,,0,,,,0,,,,no
journalist,Journalist,"Creative, media and design",creative,portfolio,direct_match,1,za-career-journalist,Journalist,TVET / Occupational and Workplace Pathways,35,0,,,,0,,,,yes
lighting-technician,Lighting Technician,"Creative, media and design",creative,portfolio,no_research_link,0,,,,,0,,,,0,,,,no
make-up-artist,Make-Up Artist,"Creative, media and design",creative,portfolio,suggestion_only,0,,,,,3,za-career-digital-artist | za-career-pattern-making-assistant | za-career-visual-artist,Digital Artist | Pattern Making Assistant | Visual Artist,"Media, Creative and Communication",0,,,,yes
marketing-manager,Marketing Manager,"Creative, media and design",creative,portfolio,suggestion_only,0,,,,,1,za-career-library-manager,Library Manager,"Media, Creative and Communication",0,,,,yes
motion-graphics-designer,Motion Graphics Designer,"Creative, media and design",creative,portfolio,manual_curated_link,0,,,,,0,,,,3,za-career-graphic-designer | za-career-multimedia-designer | za-career-digital-artist,Graphic Designer | Multimedia Designer | Digital Artist,"Media, Creative and Communication | Technology and Digital",yes
multimedia-designer,Multimedia Designer,"Creative, media and design",creative,portfolio,direct_match,1,za-career-multimedia-designer,Multimedia Designer,Technology and Digital,,0,,,,0,,,,yes
nail-technician,Nail Technician,"Creative, media and design",creative,portfolio,direct_match,1,za-career-nail-technician,Nail Technician,"Sports, Fitness and Personal Services",,0,,,,0,,,,yes
photographer,Photographer,"Creative, media and design",creative,portfolio,no_research_link,0,,,,,0,,,,0,,,,no
prepress-technician,Prepress Technician,"Creative, media and design",creative,portfolio,no_research_link,0,,,,,0,,,,0,,,,no
printing-worker,Printing Worker,"Creative, media and design",creative,portfolio,no_research_link,0,,,,,0,,,,0,,,,no
production-assistant-media,Production Assistant (Media),"Creative, media and design",creative,portfolio,no_research_link,0,,,,,0,,,,0,,,,no
proofreader,Proofreader,"Creative, media and design",creative,portfolio,no_research_link,0,,,,,0,,,,0,,,,no
public-relations-manager,Public Relations Manager,"Creative, media and design",creative,portfolio,suggestion_only,0,,,,,4,za-career-advertising-and-public-relations-manager | za-career-library-manager | za-career-middle-manager-agriculture-and-forestry-related | za-career-public-media-relations-manager,Advertising and Public Relations Manager | Library Manager | Middle Manager: Agriculture and Forestry related | Public/ Media Relations Manager,"Media, Creative and Communication",0,,,,yes
public-relations-officer,Public Relations Officer,"Creative, media and design",creative,portfolio,suggestion_only,0,,,,,2,za-career-advertising-and-public-relations-manager | za-career-public-media-relations-manager,Advertising and Public Relations Manager | Public/ Media Relations Manager,"Media, Creative and Communication",0,,,,yes
publishing-assistant,Publishing Assistant,"Creative, media and design",creative,portfolio,manual_curated_link,0,,,,,0,,,,5,za-career-editor | za-career-text-editor | za-career-book-or-script-editor | za-career-commissioning-editor | za-career-permissions-editor,Editor | Text Editor | Book or Script Editor | Commissioning Editor | Permissions Editor,"Media, Creative and Communication | TVET / Occupational and Workplace Pathways",yes
radio-presenter,Radio Presenter,"Creative, media and design",creative,portfolio,suggestion_only,0,,,,,1,za-career-radio-operator,Radio Operator,Manufacturing and Industrial,0,,,,yes
screen-printer,Screen Printer,"Creative, media and design",creative,portfolio,no_research_link,0,,,,,0,,,,0,,,,no
set-designer,Set Designer,"Creative, media and design",creative,portfolio,manual_curated_link,0,,,,,0,,,,3,za-career-interior-designer | za-career-furniture-designer | za-career-industrial-designer,Interior Designer | Furniture Designer | Industrial Designer,"Media, Creative and Communication",yes
sign-language-interpreter,Sign Language Interpreter,"Creative, media and design",creative,portfolio,no_research_link,0,,,,,0,,,,0,,,,no
social-media-manager,Social Media Manager,"Creative, media and design",creative,portfolio,suggestion_only,0,,,,,1,za-career-public-media-relations-manager,Public/ Media Relations Manager,"Media, Creative and Communication",0,,,,yes
sound-engineer,Sound Engineer,"Creative, media and design",creative,portfolio,manual_curated_link,0,,,,,0,,,,1,za-career-sound-operator,Sound Operator,Manufacturing and Industrial,yes
sound-technician,Sound Technician,"Creative, media and design",creative,portfolio,no_research_link,0,,,,,0,,,,0,,,,no
tattoo-artist,Tattoo Artist,"Creative, media and design",creative,portfolio,suggestion_only,0,,,,,2,za-career-digital-artist | za-career-visual-artist,Digital Artist | Visual Artist,"Media, Creative and Communication",0,,,,yes
television-presenter,Television Presenter,"Creative, media and design",creative,portfolio,no_research_link,0,,,,,0,,,,0,,,,no
textile-designer,Textile Designer,"Creative, media and design",creative,portfolio,suggestion_only,0,,,,,1,za-career-text-editor,Text Editor,"Media, Creative and Communication",0,,,,yes
translator,Translator,"Creative, media and design",creative,portfolio,direct_match,1,za-career-translator,Translator,"Business, Management and Administration",,0,,,,0,,,,yes
video-editor,Video Editor,"Creative, media and design",creative,portfolio,no_research_link,0,,,,,0,,,,0,,,,no
videographer,Videographer,"Creative, media and design",creative,portfolio,manual_curated_link,0,,,,,0,,,,1,za-career-camera-operator,"Camera Operator (Film, Television or Video)","Media, Creative and Communication",yes
web-designer,Web Designer,"Creative, media and design",creative,portfolio,direct_match,1,za-career-web-designer,Web Designer,"Media, Creative and Communication",,0,,,,0,,,,yes
adult-literacy-teacher,Adult Literacy Teacher,"Education, training and youth development",education,education,direct_match,1,za-career-adult-literacy-teacher,Adult Literacy Teacher,Education and Training,,0,,,,0,,,,yes
archivist,Archivist,"Education, training and youth development",education,education,direct_match,1,za-career-archivist,Archivist,"Business, Management and Administration",,0,,,,0,,,,yes
art-teacher,Art Teacher,"Education, training and youth development",education,education,no_research_link,0,,,,,0,,,,0,,,,no
corporate-trainer,Corporate Trainer,"Education, training and youth development",education,education,suggestion_only,0,,,,,5,za-career-ai-trainer | za-career-animal-trainer | za-career-ict-trainer | za-career-occupational-trainer | za-career-training-and-development-professional,AI Trainer | Animal Trainer | ICT Trainer | Occupational Trainer | Training and Development Professional,Technology and Digital | Healthcare and Wellness | Education and Training,0,,,,yes
curriculum-developer,Curriculum Developer,"Education, training and youth development",education,education,suggestion_only,0,,,,,1,za-career-training-and-development-professional,Training and Development Professional,Education and Training,0,,,,yes
day-care-manager,Day Care Manager,"Education, training and youth development",education,education,no_research_link,0,,,,,0,,,,0,,,,no
e-learning-developer,E-Learning Developer,"Education, training and youth development",education,education,suggestion_only,0,,,,,2,za-career-learning-and-development-advisor | za-career-training-and-development-professional,Learning and Development Advisor | Training and Development Professional,TVET / Occupational and Workplace Pathways | Education and Training,0,,,,yes
early-childhood-development-practitioner,Early Childhood Development Practitioner,"Education, training and youth development",education,education,direct_match,1,za-career-early-childhood-development-practitioner,Early Childhood Development Practitioner,"Business, Management and Administration",87,2,za-career-early-childhood-development-centre-manager | za-career-training-and-development-practitioner,Early Childhood Development Centre Manager | Training and Development Practitioner,"Education, Public Sector and Creative Services | Education and Training",0,,,,yes
ecd-assistant,ECD Assistant,"Education, training and youth development",education,education,no_research_link,0,,,,,0,,,,0,,,,no
education-assistant,Education Assistant,"Education, training and youth development",education,education,suggestion_only,0,,,,,1,za-career-educational-registrar,Educational Registrar,Education and Training,0,,,,yes
education-consultant,Education Consultant,"Education, training and youth development",education,education,suggestion_only,0,,,,,1,za-career-educational-registrar,Educational Registrar,Education and Training,0,,,,yes
education-manager,Education Manager,"Education, training and youth development",education,education,suggestion_only,0,,,,,2,za-career-educational-registrar | za-career-manager-education-and-training,Educational Registrar | Manager: Education and Training,"Education and Training | Safety, Security and Emergency Services",0,,,,yes
educational-psychologist,Educational Psychologist,"Education, training and youth development",education,education,direct_match,1,za-career-educational-psychologist,Educational Psychologist,Healthcare and Wellness,,0,,,,0,,,,yes
geography-teacher,Geography Teacher,"Education, training and youth development",education,education,no_research_link,0,,,,,0,,,,0,,,,no
history-teacher,History Teacher,"Education, training and youth development",education,education,no_research_link,0,,,,,0,,,,0,,,,no
instructional-designer,Instructional Designer,"Education, training and youth development",education,education,direct_match,1,za-career-instructional-designer,Instructional Designer,"Education, Public Sector and Creative Services",,3,za-career-driving-instructor | za-career-flying-instructor | za-career-occupational-instructor,Driving Instructor | Flying Instructor | Occupational Instructor,Education and Training,0,,,,yes
language-teacher,Language Teacher,"Education, training and youth development",education,education,no_research_link,0,,,,,0,,,,0,,,,no
librarian,Librarian,"Education, training and youth development",education,education,direct_match,1,za-career-librarian,Librarian,"Business, Management and Administration",,0,,,,0,,,,yes
library-assistant,Library Assistant,"Education, training and youth development",education,education,direct_match,1,za-career-library-assistant,Library Assistant,TVET / Occupational and Workplace Pathways,,0,,,,0,,,,yes
life-orientation-teacher,Life Orientation Teacher,"Education, training and youth development",education,education,no_research_link,0,,,,,0,,,,0,,,,no
mathematics-teacher,Mathematics Teacher,"Education, training and youth development",education,education,direct_match,1,za-career-secondary-school-stem-teacher,Secondary School STEM Teacher,Education and Training,25,0,,,,0,,,,yes
museum-curator,Museum Curator,"Education, training and youth development",education,education,no_research_link,0,,,,,0,,,,0,,,,no
museum-educator,Museum Educator,"Education, training and youth development",education,education,no_research_link,0,,,,,0,,,,0,,,,no
music-teacher,Music Teacher,"Education, training and youth development",education,education,no_research_link,0,,,,,0,,,,0,,,,no
physical-education-teacher,Physical Education Teacher,"Education, training and youth development",education,education,no_research_link,0,,,,,0,,,,0,,,,no
primary-school-teacher,Primary School Teacher,"Education, training and youth development",education,education,suggestion_only,0,,,,,4,za-career-fet-phase-school-teacher | za-career-foundation-phase-school-teacher | za-career-intermediate-phase-school-teacher | za-career-senior-phase-school-teacher,FET Phase School Teacher (Grades 10-12) | Foundation Phase School Teacher | Intermediate Phase School Teacher (Grades 4-6) | Senior Phase School Teacher (Grades 7 - 9),Education and Training,0,,,,yes
professor,Professor,"Education, training and youth development",education,education,no_research_link,0,,,,,0,,,,0,,,,no
researcher-education,Researcher (Education),"Education, training and youth development",education,education,no_research_link,0,,,,,0,,,,0,,,,no
school-counsellor,School Counsellor,"Education, training and youth development",education,education,no_research_link,0,,,,,0,,,,0,,,,no
school-principal,School Principal,"Education, training and youth development",education,education,direct_match,1,za-career-school-principal,School Principal,Education and Training,,1,za-career-college-principal,College Principal,Education and Training,0,,,,yes
science-teacher,Science Teacher,"Education, training and youth development",education,education,no_research_link,0,,,,,0,,,,0,,,,no
secondary-school-teacher,Secondary School Teacher,"Education, training and youth development",education,education,suggestion_only,0,,,,,4,za-career-fet-phase-school-teacher | za-career-foundation-phase-school-teacher | za-career-intermediate-phase-school-teacher | za-career-senior-phase-school-teacher,FET Phase School Teacher (Grades 10-12) | Foundation Phase School Teacher | Intermediate Phase School Teacher (Grades 4-6) | Senior Phase School Teacher (Grades 7 - 9),Education and Training,0,,,,yes
skills-development-facilitator,Skills Development Facilitator,"Education, training and youth development",education,education,direct_match,1,za-career-skills-development-facilitator,Skills Development Facilitator,"Education, Public Sector and Creative Services",,0,,,,0,,,,yes
special-needs-teacher,Special Needs Teacher,"Education, training and youth development",education,education,no_research_link,0,,,,,0,,,,0,,,,no
sports-coach-educational,Sports Coach (Educational),"Education, training and youth development",education,education,no_research_link,0,,,,,0,,,,0,,,,no
teacher,Teacher,"Education, training and youth development",education,education,no_research_link,0,,,,,0,,,,0,,,,no
teaching-assistant,Teaching Assistant,"Education, training and youth development",education,education,no_research_link,0,,,,,0,,,,0,,,,no
technology-teacher,Technology Teacher,"Education, training and youth development",education,education,no_research_link,0,,,,,0,,,,0,,,,no
training-manager,Training Manager,"Education, training and youth development",education,education,direct_match,1,za-career-training-manager,Training Manager,"Business, Management and Administration",,6,za-career-ai-trainer | za-career-animal-trainer | za-career-business-training-manager | za-career-ict-trainer | za-career-manager-education-and-training | za-career-occupational-trainer,AI Trainer | Animal Trainer | Business Training Manager | ICT Trainer | Manager: Education and Training | Occupational Trainer,"Technology and Digital | Healthcare and Wellness | Education and Training | Safety, Security and Emergency Services",0,,,,yes
training-officer,Training Officer,"Education, training and youth development",education,education,suggestion_only,0,,,,,5,za-career-ai-trainer | za-career-animal-trainer | za-career-ict-trainer | za-career-occupational-trainer | za-career-training-and-development-practitioner,AI Trainer | Animal Trainer | ICT Trainer | Occupational Trainer | Training and Development Practitioner,Technology and Digital | Healthcare and Wellness | Education and Training,0,,,,yes
tutor,Tutor,"Education, training and youth development",education,education,suggestion_only,0,,,,,2,za-career-stem-tutor | za-career-university-tutor,STEM Tutor | University Tutor,"Education, Public Sector and Creative Services | Business, Management and Administration",0,,,,yes
university-lecturer,University Lecturer,"Education, training and youth development",education,education,direct_match,1,za-career-university-lecturer,University Lecturer,Education and Training,,1,za-career-university-tutor,University Tutor,"Business, Management and Administration",0,,,,yes
vocational-education-teacher,Vocational Education Teacher,"Education, training and youth development",education,education,no_research_link,0,,,,,0,,,,0,,,,no
bricklayer-labourer,Bricklayer Labourer,Elementary and entry-level work,practical,vocational,no_research_link,0,,,,,0,,,,0,,,,no
building-labourer,Building Labourer,Elementary and entry-level work,practical,vocational,no_research_link,0,,,,,0,,,,0,,,,no
car-wash-attendant,Car Wash Attendant,Elementary and entry-level work,practical,vocational,no_research_link,0,,,,,0,,,,0,,,,no
carpenter-assistant,Carpenter Assistant,Elementary and entry-level work,practical,vocational,no_research_link,0,,,,,0,,,,0,,,,no
construction-assistant,Construction Assistant,Elementary and entry-level work,practical,vocational,no_research_link,0,,,,,0,,,,0,,,,no
construction-labourer,Construction Labourer,Elementary and entry-level work,practical,vocational,no_research_link,0,,,,,0,,,,0,,,,no
dry-cleaning-worker,Dry-Cleaning Worker,Elementary and entry-level work,practical,vocational,no_research_link,0,,,,,0,,,,0,,,,no
electrician-assistant,Electrician Assistant,Elementary and entry-level work,practical,vocational,no_research_link,0,,,,,0,,,,0,,,,no
event-set-up-worker,Event Set-Up Worker,Elementary and entry-level work,practical,vocational,no_research_link,0,,,,,0,,,,0,,,,no
factory-worker,Factory Worker,Elementary and entry-level work,practical,vocational,no_research_link,0,,,,,0,,,,0,,,,no
farm-labourer,Farm Labourer,Elementary and entry-level work,practical,vocational,no_research_link,0,,,,,0,,,,0,,,,no
fishing-labourer,Fishing Labourer,Elementary and entry-level work,practical,vocational,no_research_link,0,,,,,0,,,,0,,,,no
fruit-picker,Fruit Picker,Elementary and entry-level work,practical,vocational,no_research_link,0,,,,,0,,,,0,,,,no
garden-worker,Garden Worker,Elementary and entry-level work,practical,vocational,direct_match,1,za-career-garden-worker,Garden Worker,TVET / Occupational and Workplace Pathways,,0,,,,0,,,,yes
gate-attendant,Gate Attendant,Elementary and entry-level work,practical,vocational,no_research_link,0,,,,,0,,,,0,,,,no
general-hand,General Hand,Elementary and entry-level work,practical,vocational,no_research_link,0,,,,,0,,,,0,,,,no
general-labourer,General Labourer,Elementary and entry-level work,practical,vocational,no_research_link,0,,,,,0,,,,0,,,,no
grocery-packer,Grocery Packer,Elementary and entry-level work,practical,vocational,no_research_link,0,,,,,0,,,,0,,,,no
hand-packer,Hand Packer,Elementary and entry-level work,practical,vocational,no_research_link,0,,,,,0,,,,0,,,,no
harvest-worker,Harvest Worker,Elementary and entry-level work,practical,vocational,no_research_link,0,,,,,0,,,,0,,,,no
housekeeper,Housekeeper,Elementary and entry-level work,practical,vocational,no_research_link,0,,,,,0,,,,0,,,,no
messenger,Messenger,Elementary and entry-level work,practical,vocational,direct_match,1,za-career-messenger,Messenger,TVET / Occupational and Workplace Pathways,,0,,,,0,,,,yes
mining-labourer,Mining Labourer,Elementary and entry-level work,practical,vocational,no_research_link,0,,,,,0,,,,0,,,,no
odd-job-worker,Odd Job Worker,Elementary and entry-level work,practical,vocational,no_research_link,0,,,,,0,,,,0,,,,no
office-runner,Office Runner,Elementary and entry-level work,practical,vocational,no_research_link,0,,,,,0,,,,0,,,,no
packaging-labourer,Packaging Labourer,Elementary and entry-level work,practical,vocational,no_research_link,0,,,,,0,,,,0,,,,no
packer,Packer,Elementary and entry-level work,practical,vocational,no_research_link,0,,,,,0,,,,0,,,,no
painter-labourer,Painter Labourer,Elementary and entry-level work,practical,vocational,no_research_link,0,,,,,0,,,,0,,,,no
park-maintenance-worker,Park Maintenance Worker,Elementary and entry-level work,practical,vocational,no_research_link,0,,,,,0,,,,0,,,,no
parking-meter-attendant,Parking Meter Attendant,Elementary and entry-level work,practical,vocational,no_research_link,0,,,,,0,,,,0,,,,no
plumber-assistant,Plumber Assistant,Elementary and entry-level work,practical,vocational,no_research_link,0,,,,,0,,,,0,,,,no
refuse-collector,Refuse Collector,Elementary and entry-level work,practical,vocational,no_research_link,0,,,,,0,,,,0,,,,no
road-worker,Road Worker,Elementary and entry-level work,practical,vocational,no_research_link,0,,,,,0,,,,0,,,,no
service-station-attendant,Service Station Attendant,Elementary and entry-level work,practical,vocational,direct_match,1,za-career-service-station-attendant,Service Station Attendant,TVET / Occupational and Workplace Pathways,,0,,,,0,,,,yes
shelf-filler,Shelf Filler,Elementary and entry-level work,practical,vocational,direct_match,1,za-career-shelf-filler,Shelf Filler,TVET / Occupational and Workplace Pathways,,0,,,,0,,,,yes
shelf-packer-night-fill,Shelf Packer (Night Fill),Elementary and entry-level work,practical,vocational,no_research_link,0,,,,,0,,,,0,,,,no
sorting-worker,Sorting Worker,Elementary and entry-level work,practical,vocational,no_research_link,0,,,,,0,,,,0,,,,no
street-sweeper,Street Sweeper,Elementary and entry-level work,practical,vocational,no_research_link,0,,,,,0,,,,0,,,,no
tea-attendant,Tea Attendant,Elementary and entry-level work,practical,vocational,no_research_link,0,,,,,0,,,,0,,,,no
ticket-taker,Ticket Taker,Elementary and entry-level work,practical,vocational,no_research_link,0,,,,,0,,,,0,,,,no
trolley-collector,Trolley Collector,Elementary and entry-level work,practical,vocational,no_research_link,0,,,,,0,,,,0,,,,no
tyre-fitter-assistant,Tyre Fitter Assistant,Elementary and entry-level work,practical,vocational,no_research_link,0,,,,,0,,,,0,,,,no
usher,Usher,Elementary and entry-level work,practical,vocational,no_research_link,0,,,,,0,,,,0,,,,no
accountant,Accountant,"Finance, admin and business operations",finance,mixed,suggestion_only,0,,,,,2,za-career-financial-accountant | za-career-general-accountant,Financial Accountant | General Accountant,"Finance, Banking and Insurance",0,,,,yes
accounting-officer,Accounting Officer,"Finance, admin and business operations",finance,mixed,suggestion_only,0,,,,,6,za-career-ethics-officer | za-career-financial-accountant | za-career-general-accountant | za-career-maintenance-officer | za-career-management-accounting-officer | za-career-risk-officer,Ethics Officer | Financial Accountant | General Accountant | Maintenance Officer | Management Accounting Officer | Risk Officer,"Business, Management and Administration | Finance, Banking and Insurance",0,,,,yes
accounts-clerk,Accounts Clerk,"Finance, admin and business operations",finance,mixed,direct_match,1,za-career-accounts-clerk,Accounts Clerk,"Finance, Banking and Insurance",,6,za-career-account-clerk | za-career-administration-clerk | za-career-admission-clerk | za-career-financial-accountant | za-career-general-accountant | za-career-taxation-clerk,Account clerk (Public relations/ communication) | Administration Clerk | Admission clerk | Financial Accountant | General Accountant | Taxation Clerk,"Finance, Banking and Insurance | Business, Management and Administration",0,,,,yes
accounts-payable-clerk,Accounts Payable Clerk,"Finance, admin and business operations",finance,mixed,suggestion_only,0,,,,,1,za-career-account-clerk,Account clerk (Public relations/ communication),"Finance, Banking and Insurance",0,,,,yes
accounts-receivable-clerk,Accounts Receivable Clerk,"Finance, admin and business operations",finance,mixed,suggestion_only,0,,,,,1,za-career-account-clerk,Account clerk (Public relations/ communication),"Finance, Banking and Insurance",0,,,,yes
actuarial-assistant,Actuarial Assistant,"Finance, admin and business operations",finance,mixed,no_research_link,0,,,,,0,,,,0,,,,no
actuary,Actuary,"Finance, admin and business operations",finance,mixed,direct_match,1,za-career-actuary,Actuary,Finance Banking and Insurance,20,0,,,,0,,,,yes
administrative-officer,Administrative Officer,"Finance, admin and business operations",finance,mixed,suggestion_only,0,,,,,5,za-career-business-administrator | za-career-ethics-officer | za-career-insurance-claims-administrator | za-career-maintenance-officer | za-career-risk-officer,Business Administrator | Ethics Officer | Insurance Claims Administrator (Insurance Claims Assessor) | Maintenance Officer | Risk Officer,"Business, Management and Administration | Finance, Banking and Insurance",0,,,,yes
auditor,Auditor,"Finance, admin and business operations",finance,mixed,suggestion_only,0,,,,,1,za-career-external-auditor,External Auditor,"Finance, Banking and Insurance",0,,,,yes
banking-consultant,Banking Consultant,"Finance, admin and business operations",finance,mixed,suggestion_only,0,,,,,2,za-career-bank-teller | za-career-banknote-processor,Bank Teller | Banknote Processor,"Finance, Banking and Insurance",0,,,,yes
bookkeeper,Bookkeeper,"Finance, admin and business operations",finance,mixed,direct_match,1,za-career-bookkeeper,Bookkeeper,"Finance, Banking and Insurance",93,0,,,,0,,,,yes
budget-analyst,Budget Analyst,"Finance, admin and business operations",finance,mixed,suggestion_only,0,,,,,1,za-career-economic-analyst,Economic Analyst,"Business, Management and Administration",0,,,,yes
business-process-analyst,Business Process Analyst,"Finance, admin and business operations",finance,mixed,manual_curated_link,0,,,,,0,,,,2,za-career-business-intelligence-specialist | za-career-data-analyst,Business Intelligence Specialist | Data Analyst,Technology and Digital,yes
buyer,Buyer,"Finance, admin and business operations",finance,mixed,direct_match,1,za-career-buyer,Buyer,TVET / Occupational and Workplace Pathways,59,0,,,,0,,,,yes
chartered-accountant-ca-sa,Chartered Accountant (CA(SA)),"Finance, admin and business operations",finance,mixed,no_research_link,0,,,,,0,,,,0,,,,no
clerical-supervisor,Clerical Supervisor,"Finance, admin and business operations",finance,mixed,suggestion_only,0,,,,,1,za-career-examination-supervisor,Examination Supervisor,"Business, Management and Administration",0,,,,yes
collections-specialist,Collections Specialist,"Finance, admin and business operations",finance,mixed,no_research_link,0,,,,,0,,,,0,,,,no
compliance-officer,Compliance Officer,"Finance, admin and business operations",finance,mixed,direct_match,1,za-career-compliance-officer,Compliance Officer,"Law, Governance and Public Sector",40,3,za-career-ethics-officer | za-career-maintenance-officer | za-career-risk-officer,Ethics Officer | Maintenance Officer | Risk Officer,"Business, Management and Administration",0,,,,yes
contract-administrator,Contract Administrator,"Finance, admin and business operations",finance,mixed,suggestion_only,0,,,,,3,za-career-administration-clerk | za-career-business-administrator | za-career-contract-manager,Administration Clerk | Business Administrator | Contract Manager,"Business, Management and Administration",0,,,,yes
cost-accountant,Cost Accountant,"Finance, admin and business operations",finance,mixed,no_research_link,0,,,,,0,,,,0,,,,no
credit-analyst,Credit Analyst,"Finance, admin and business operations",finance,mixed,suggestion_only,0,,,,,1,za-career-economic-analyst,Economic Analyst,"Business, Management and Administration",0,,,,yes
credit-manager,Credit Manager,"Finance, admin and business operations",finance,mixed,direct_match,1,za-career-credit-manager,Credit Manager,"Finance, Banking and Insurance",,8,za-career-archives-manager | za-career-contract-manager | za-career-corporate-general-manager | za-career-corporate-services-manager | za-career-events-manager | za-career-facilities-manager | za-career-information-services-manager | za-career-social-service-manager,Archives Manager | Contract Manager | Corporate General Manager | Corporate Services Manager | Events Manager | Facilities Manager | Information Services Manager | Social Service Manager,"Business, Management and Administration",0,,,,yes
creditors-clerk,Creditors Clerk,"Finance, admin and business operations",finance,mixed,suggestion_only,0,,,,,3,za-career-administration-clerk | za-career-admission-clerk | za-career-taxation-clerk,Administration Clerk | Admission clerk | Taxation Clerk,"Business, Management and Administration | Finance, Banking and Insurance",0,,,,yes
data-entry-clerk,Data Entry Clerk,"Finance, admin and business operations",finance,mixed,direct_match,1,za-career-data-entry-clerk,Data entry clerk,"Business, Management and Administration",,0,,,,0,,,,yes
debtors-clerk,Debtors Clerk,"Finance, admin and business operations",finance,mixed,suggestion_only,0,,,,,2,za-career-admission-clerk | za-career-taxation-clerk,Admission clerk | Taxation Clerk,"Business, Management and Administration | Finance, Banking and Insurance",0,,,,yes
economist,Economist,"Finance, admin and business operations",finance,mixed,direct_match,1,za-career-economist,Economist,"Business, Management and Administration",,1,za-career-economic-analyst,Economic Analyst,"Business, Management and Administration",0,,,,yes
entrepreneurship-programme-coordinator,Entrepreneurship Programme Coordinator,"Finance, admin and business operations",finance,mixed,manual_curated_link,0,,,,,0,,,,2,za-career-youth-employment-coach | za-career-program-or-project-administrators,Youth Employment Coach | Program or Project Administrators,"Education, Public Sector and Creative Services | TVET / Occupational and Workplace Pathways",yes
executive-assistant,Executive Assistant,"Finance, admin and business operations",finance,mixed,manual_curated_link,0,,,,,0,,,,3,za-career-personal-assistant | za-career-management-assistant | za-career-office-administrator,Personal Assistant | Management Assistant | Office Administrator,"Business, Management and Administration | TVET / Occupational and Workplace Pathways",yes
finance-clerk,Finance Clerk,"Finance, admin and business operations",finance,mixed,direct_match,1,za-career-finance-clerk,Finance clerk,"Finance, Banking and Insurance",,0,,,,0,,,,yes
finance-manager,Finance Manager,"Finance, admin and business operations",finance,mixed,direct_match,1,za-career-finance-manager,Finance Manager,"Finance, Banking and Insurance",,10,za-career-archives-manager | za-career-contract-manager | za-career-corporate-general-manager | za-career-corporate-services-manager | za-career-events-manager | za-career-facilities-manager | za-career-information-services-manager | za-career-middle-manager-finance-and-economics-related | za-career-municipal-finance-manager | za-career-social-service-manager,Archives Manager | Contract Manager | Corporate General Manager | Corporate Services Manager | Events Manager | Facilities Manager | Information Services Manager | Middle Manager: Finance and Economics related | Municipal Finance Manager | Social Service Manager,"Business, Management and Administration | Finance, Banking and Insurance",0,,,,yes
finance-officer,Finance Officer,"Finance, admin and business operations",finance,mixed,no_research_link,0,,,,,0,,,,0,,,,no
financial-advisor,Financial Advisor,"Finance, admin and business operations",finance,mixed,direct_match,1,za-career-financial-advisor,Financial Advisor,"Finance, Banking and Insurance",,2,za-career-financial-investment-advisor | za-career-investment-advisor,Financial Investment Advisor | Investment Advisor,"Finance, Banking and Insurance",0,,,,yes
financial-analyst,Financial Analyst,"Finance, admin and business operations",finance,mixed,no_research_link,0,,,,,0,,,,0,,,,no
financial-manager,Financial Manager,"Finance, admin and business operations",finance,mixed,direct_match,1,za-career-chartered-accountant-ca,Chartered Accountant CA(SA),Finance Banking and Insurance,19,5,za-career-archives-manager | za-career-events-manager | za-career-facilities-manager | za-career-information-services-manager | za-career-social-service-manager,Archives Manager | Events Manager | Facilities Manager | Information Services Manager | Social Service Manager,"Business, Management and Administration",0,,,,yes
financial-services-adviser,Financial Services Adviser,"Finance, admin and business operations",finance,mixed,suggestion_only,0,,,,,2,za-career-financial-investment-advisor | za-career-investment-advisor,Financial Investment Advisor | Investment Advisor,"Finance, Banking and Insurance",0,,,,yes
fraud-analyst,Fraud Analyst,"Finance, admin and business operations",finance,mixed,no_research_link,0,,,,,0,,,,0,,,,no
general-clerk,General Clerk,"Finance, admin and business operations",finance,mixed,direct_match,1,za-career-general-clerk,General Clerk,"Business, Management and Administration",69,0,,,,0,,,,yes
general-office-clerk,General Office Clerk,"Finance, admin and business operations",finance,mixed,no_research_link,0,,,,,0,,,,0,,,,no
human-resources-clerk,Human Resources Clerk,"Finance, admin and business operations",finance,mixed,direct_match,1,za-career-human-resources-clerk,Human Resources clerk,"Business, Management and Administration",,0,,,,0,,,,yes
insurance-broker,Insurance Broker,"Finance, admin and business operations",finance,mixed,direct_match,1,za-career-insurance-broker,Insurance Broker,"Finance, Banking and Insurance",,2,za-career-insurance-agent | za-career-insurance-underwriter,Insurance Agent | Insurance Underwriter,"Finance, Banking and Insurance",0,,,,yes
insurance-claims-assessor,Insurance Claims Assessor,"Finance, admin and business operations",finance,mixed,suggestion_only,0,,,,,1,za-career-insurance-claims-administrator,Insurance Claims Administrator (Insurance Claims Assessor),"Finance, Banking and Insurance",0,,,,yes
internal-auditor,Internal Auditor,"Finance, admin and business operations",finance,mixed,direct_match,1,za-career-internal-auditor,Internal Auditor,"Finance, Banking and Insurance",95,3,za-career-external-auditor | za-career-internal-audit-manager | za-career-middle-manager-internal-audit-related,External Auditor | Internal Audit Manager | Middle Manager: Internal Audit related,"Finance, Banking and Insurance",0,,,,yes
investment-operations-analyst,Investment Operations Analyst,"Finance, admin and business operations",finance,mixed,manual_curated_link,0,,,,,0,,,,4,za-career-financial-investment-advisor | za-career-investment-advisor | za-career-investment-manager | za-career-financial-advisor,Financial Investment Advisor | Investment Advisor | Investment Manager | Financial Advisor,"Finance, Banking and Insurance",yes
finance-accounting,Junior Accountant,"Finance, admin and business operations",finance,mixed,no_research_link,0,,,,,0,,,,0,,,,no
management-accountant,Management Accountant,"Finance, admin and business operations",finance,mixed,direct_match,1,za-career-management-accountant,Management Accountant,"Finance, Banking and Insurance",,3,za-career-management-accounting-officer | za-career-management-accounting-practitioner | za-career-management-accounting-specialist,Management Accounting Officer | Management Accounting Practitioner | Management Accounting Specialist,"Finance, Banking and Insurance",0,,,,yes
management-consultant,Management Consultant,"Finance, admin and business operations",finance,mixed,direct_match,1,za-career-management-consultant,Management Consultant,"Business, Management and Administration",,2,za-career-corporate-general-manager | za-career-corporate-services-manager,Corporate General Manager | Corporate Services Manager,"Business, Management and Administration",0,,,,yes
mathematician,Mathematician,"Finance, admin and business operations",finance,mixed,direct_match,1,za-career-mathematician,Mathematician,Science and Research,,0,,,,0,,,,yes
mortgage-broker,Mortgage Broker,"Finance, admin and business operations",finance,mixed,no_research_link,0,,,,,0,,,,0,,,,no
office-administrator,Office Administrator,"Finance, admin and business operations",finance,mixed,direct_match,1,za-career-office-administrator,Office Administrator,"Business, Management and Administration",88,1,za-career-business-administrator,Business Administrator,"Business, Management and Administration",0,,,,yes
office-manager,Office Manager,"Finance, admin and business operations",finance,mixed,suggestion_only,0,,,,,1,za-career-management-accounting-officer,Management Accounting Officer,"Finance, Banking and Insurance",0,,,,yes
operations-coordinator,Operations Coordinator,"Finance, admin and business operations",finance,mixed,suggestion_only,0,,,,,2,za-career-communication-coordinator | za-career-infrastructure-coordinator,Communication Coordinator | Infrastructure Coordinator,"Business, Management and Administration",0,,,,yes
payroll-administrator,Payroll Administrator,"Finance, admin and business operations",finance,mixed,no_research_link,0,,,,,0,,,,0,,,,no
payroll-clerk,Payroll Clerk,"Finance, admin and business operations",finance,mixed,direct_match,1,za-career-payroll-clerk,Payroll Clerk,"Finance, Banking and Insurance",61,0,,,,0,,,,yes
payroll-officer,Payroll Officer,"Finance, admin and business operations",finance,mixed,no_research_link,0,,,,,0,,,,0,,,,no
personal-assistant,Personal Assistant,"Finance, admin and business operations",finance,mixed,direct_match,1,za-career-personal-assistant,Personal Assistant,"Business, Management and Administration",,0,,,,0,,,,yes
procurement-officer,Procurement Officer,"Finance, admin and business operations",finance,mixed,direct_match,1,za-career-procurement-officer,Procurement Officer,TVET / Occupational and Workplace Pathways,58,0,,,,0,,,,yes
project-coordinator,Project Coordinator,"Finance, admin and business operations",finance,mixed,suggestion_only,0,,,,,2,za-career-communication-coordinator | za-career-infrastructure-coordinator,Communication Coordinator | Infrastructure Coordinator,"Business, Management and Administration",0,,,,yes
purchasing-officer,Purchasing Officer,"Finance, admin and business operations",finance,mixed,direct_match,1,za-career-purchasing-officer,Purchasing Officer,"Business, Management and Administration",,0,,,,0,,,,yes
receptionist,Receptionist,"Finance, admin and business operations",finance,mixed,direct_match,1,za-career-receptionist,Receptionist (General),"Business, Management and Administration",70,0,,,,0,,,,yes
risk-analyst,Risk Analyst,"Finance, admin and business operations",finance,mixed,manual_curated_link,0,,,,,0,,,,2,za-career-risk-officer | za-career-organisational-risk-practitioner,Risk Officer | Organisational Risk Practitioner,"Business, Management and Administration | TVET / Occupational and Workplace Pathways",yes
sales-administrator,Sales Administrator,"Finance, admin and business operations",finance,mixed,no_research_link,0,,,,,0,,,,0,,,,no
secretary,Secretary,"Finance, admin and business operations",finance,mixed,direct_match,1,za-career-secretary,Secretary (General),"Business, Management and Administration",,0,,,,0,,,,yes
statistician,Statistician,"Finance, admin and business operations",finance,mixed,direct_match,1,za-career-statistician,Statistician,Science and Research,,0,,,,0,,,,yes
stock-controller,Stock Controller,"Finance, admin and business operations",finance,mixed,suggestion_only,0,,,,,1,za-career-estate-controller,Estate Controller,"Business, Management and Administration",0,,,,yes
switchboard-operator,Switchboard Operator,"Finance, admin and business operations",finance,mixed,direct_match,1,za-career-switchboard-operator,Switchboard operator,"Business, Management and Administration",,0,,,,0,,,,yes
tax-assistant,Tax Assistant,"Finance, admin and business operations",finance,mixed,suggestion_only,0,,,,,2,za-career-tax-professional | za-career-tax-technician,Tax Professional | Tax Technician,"Finance, Banking and Insurance",0,,,,yes
tax-consultant,Tax Consultant,"Finance, admin and business operations",finance,mixed,suggestion_only,0,,,,,2,za-career-tax-professional | za-career-tax-technician,Tax Professional | Tax Technician,"Finance, Banking and Insurance",0,,,,yes
tax-practitioner,Tax Practitioner,"Finance, admin and business operations",finance,mixed,suggestion_only,0,,,,,3,za-career-assessment-practitioner | za-career-tax-professional | za-career-tax-technician,Assessment Practitioner | Tax Professional | Tax Technician,"Business, Management and Administration | Finance, Banking and Insurance",0,,,,yes
tender-administrator,Tender Administrator,"Finance, admin and business operations",finance,mixed,no_research_link,0,,,,,0,,,,0,,,,no
typist,Typist,"Finance, admin and business operations",finance,mixed,no_research_link,0,,,,,0,,,,0,,,,no
underwriter,Underwriter,"Finance, admin and business operations",finance,mixed,suggestion_only,0,,,,,1,za-career-insurance-underwriter,Insurance Underwriter,"Finance, Banking and Insurance",0,,,,yes
valuer,Valuer,"Finance, admin and business operations",finance,mixed,direct_match,1,za-career-valuer,Valuer,"Business, Management and Administration",,0,,,,0,,,,yes
acupuncturist,Acupuncturist,"Health, care and social services",care,care,no_research_link,0,,,,,0,,,,0,,,,no
aged-care-worker,Aged Care Worker,"Health, care and social services",care,care,suggestion_only,0,,,,,9,za-career-aged-care-registered-nurse | za-career-aged-care-service-manager | za-career-aged-or-disabled-carer | za-career-ancillary-health-care-worker | za-career-auxillary-child-and-youth-care-worker | za-career-child-and-youth-care-worker | za-career-family-day-care-worker | za-career-geriatric-care-worker | za-career-home-based-personal-care-worker,Aged Care Registered Nurse | Aged Care Service Manager | Aged or Disabled Carer | Ancillary Health Care Worker | Auxillary Child and Youth Care Worker | Child and Youth Care Worker | Family Day Care Worker | Geriatric Care Worker | Home Based Personal Care Worker,Healthcare and Wellness,0,,,,yes
anaesthesiologist,Anaesthesiologist,"Health, care and social services",care,care,direct_match,1,za-career-anaesthesiologist,Anaesthesiologist,Healthcare and Wellness,,0,,,,0,,,,yes
audiologist,Audiologist,"Health, care and social services",care,care,direct_match,1,za-career-audiologist,Audiologist,"Business, Management and Administration",,0,,,,0,,,,yes
ayurvedic-practitioner,Ayurvedic Practitioner,"Health, care and social services",care,care,suggestion_only,0,,,,,2,za-career-general-medical-practitioner | za-career-paramedical-practitioner,General Medical Practitioner | Paramedical Practitioner,Healthcare and Wellness,0,,,,yes
biomedical-engineer,Biomedical Engineer,"Health, care and social services",care,care,direct_match,1,za-career-biomedical-engineer,Biomedical Engineer,Engineering and Built Environment,,0,,,,0,,,,yes
care-worker,Care Worker,"Health, care and social services",care,care,suggestion_only,0,,,,,9,za-career-ancillary-health-care-worker | za-career-auxillary-child-and-youth-care-worker | za-career-child-and-youth-care-worker | za-career-family-day-care-worker | za-career-geriatric-care-worker | za-career-home-based-personal-care-worker | za-career-nursing-support-worker | za-career-palliative-care-assistant | za-career-personal-care-assistant,Ancillary Health Care Worker | Auxillary Child and Youth Care Worker | Child and Youth Care Worker | Family Day Care Worker | Geriatric Care Worker | Home Based Personal Care Worker | Nursing Support Worker | Palliative Care Assistant | Personal Care Assistant,Healthcare and Wellness,0,,,,yes
child-care-worker,Child Care Worker,"Health, care and social services",care,care,direct_match,1,za-career-child-care-worker,Child Care Worker,Healthcare and Wellness,84,7,za-career-ancillary-health-care-worker | za-career-auxillary-child-and-youth-care-worker | za-career-child-and-youth-care-service-manager | za-career-child-and-youth-care-worker | za-career-child-or-youth-residential-care-assistant | za-career-family-day-care-worker | za-career-geriatric-care-worker,Ancillary Health Care Worker | Auxillary Child and Youth Care Worker | Child and Youth Care Service Manager | Child and Youth Care Worker | Child or Youth Residential Care Assistant | Family Day Care Worker | Geriatric Care Worker,Healthcare and Wellness,0,,,,yes
chiropractor,Chiropractor,"Health, care and social services",care,care,no_research_link,0,,,,,0,,,,0,,,,no
cleaner-healthcare,Cleaner (Healthcare),"Health, care and social services",care,care,suggestion_only,0,,,,,1,za-career-healthcare-cleaner,Healthcare Cleaner,Healthcare and Wellness,0,,,,yes
clinical-psychologist,Clinical Psychologist,"Health, care and social services",care,care,direct_match,1,za-career-clinical-psychologist,Clinical Psychologist,Healthcare and Wellness,,5,za-career-clinical-pharmacologist | za-career-clinical-technologist | za-career-community-psychologist | za-career-research-psychologist | za-career-sport-psychologist,Clinical Pharmacologist | Clinical Technologist | Community Psychologist | Research Psychologist | Sport Psychologist,Healthcare and Wellness,0,,,,yes
clinical-research-coordinator,Clinical Research Coordinator,"Health, care and social services",care,care,no_research_link,0,,,,,0,,,,0,,,,no
community-development-worker,Community Development Worker,"Health, care and social services",care,care,direct_match,1,za-career-community-development-worker,Community Development Worker,TVET / Occupational and Workplace Pathways,,2,za-career-community-mental-health-worker | za-career-community-speech-and-hearing-worker,Community Mental Health Worker | Community Speech and Hearing Worker,Healthcare and Wellness,0,,,,yes
community-health-worker,Community Health Worker,"Health, care and social services",care,care,suggestion_only,0,,,,,6,za-career-community-health-manager | za-career-community-health-outreach-coordinator | za-career-community-mental-health-worker | za-career-community-speech-and-hearing-worker | za-career-mental-health-peer-support-worker | za-career-primary-healthcare-workforce-planner,Community Health Manager | Community Health Outreach Coordinator | Community Mental Health Worker | Community Speech and Hearing Worker | Mental Health Peer Support Worker | Primary Healthcare Workforce Planner,Healthcare and Wellness,0,,,,yes
counselling-psychologist,Counselling Psychologist,"Health, care and social services",care,care,direct_match,1,za-career-counselling-psychologist,Counselling Psychologist,Healthcare and Wellness,,3,za-career-community-psychologist | za-career-research-psychologist | za-career-sport-psychologist,Community Psychologist | Research Psychologist | Sport Psychologist,Healthcare and Wellness,0,,,,yes
dental-assistant,Dental Assistant,"Health, care and social services",care,care,direct_match,1,za-career-dental-assistant,Dental Assistant,Healthcare and Wellness,,4,za-career-dental-specialist | za-career-dental-technician | za-career-dental-technologist | za-career-dental-therapist,Dental Specialist | Dental Technician | Dental Technologist | Dental Therapist,"Healthcare and Wellness | Technology and Digital | Safety, Security and Emergency Services",0,,,,yes
dental-hygienist,Dental Hygienist,"Health, care and social services",care,care,suggestion_only,0,,,,,4,za-career-dental-specialist | za-career-dental-technician | za-career-dental-technologist | za-career-dental-therapist,Dental Specialist | Dental Technician | Dental Technologist | Dental Therapist,"Healthcare and Wellness | Technology and Digital | Safety, Security and Emergency Services",0,,,,yes
dentist,Dentist,"Health, care and social services",care,care,direct_match,1,za-career-dentist,Dentist,"Business, Management and Administration",,4,za-career-dental-specialist | za-career-dental-technician | za-career-dental-technologist | za-career-dental-therapist,Dental Specialist | Dental Technician | Dental Technologist | Dental Therapist,"Healthcare and Wellness | Technology and Digital | Safety, Security and Emergency Services",0,,,,yes
dietician,Dietician,"Health, care and social services",care,care,direct_match,1,za-career-dietician,Dietician,"Business, Management and Administration",,0,,,,0,,,,yes
disability-support-worker,Disability Support Worker,"Health, care and social services",care,care,suggestion_only,0,,,,,1,za-career-nursing-support-worker,Nursing Support Worker,Healthcare and Wellness,0,,,,yes
dispensing-optician,Dispensing Optician,"Health, care and social services",care,care,direct_match,1,za-career-dispensing-optician,Dispensing Optician,TVET / Occupational and Workplace Pathways,,1,za-career-optical-dispenser,Optical Dispenser,Healthcare and Wellness,0,,,,yes
embalmer,Embalmer,"Health, care and social services",care,care,direct_match,1,za-career-embalmer,Embalmer,TVET / Occupational and Workplace Pathways,,0,,,,0,,,,yes
emergency-care-technician,Emergency Care Technician,"Health, care and social services",care,care,direct_match,1,za-career-emergency-care-technician,Emergency Care Technician,Healthcare and Wellness,,0,,,,0,,,,yes
enrolled-nurse,Enrolled Nurse,"Health, care and social services",care,care,direct_match,1,za-career-enrolled-nurse,Enrolled Nurse,Healthcare and Wellness,,10,za-career-nurse-educator | za-career-nurse-manager | za-career-nurse-researcher | za-career-nursery-person | za-career-nurseryperson | za-career-nursing-support-worker | za-career-paediatrics-nurse | za-career-staff-nurse | za-career-student-nurse | za-career-veterinary-nurse,Nurse Educator | Nurse Manager | Nurse Researcher | Nursery Person (Garden Centre Supervisor) | Nurseryperson (Nursery Supervisor) | Nursing Support Worker | Paediatrics Nurse | Staff Nurse | Student Nurse | Veterinary Nurse,"Healthcare and Wellness | Safety, Security and Emergency Services | TVET / Occupational and Workplace Pathways",0,,,,yes
environmental-health-officer,Environmental Health Officer,"Health, care and social services",care,care,direct_match,1,za-career-environmental-health-officer,Environmental Health Officer,Healthcare and Wellness,,3,za-career-environmental-and-occupational-health-inspector | za-career-health-products-information-officer | za-career-safety-health-and-quality-practitioner,"Environmental and Occupational Health Inspector | Health Products Information Officer | Safety, Health and Quality Practitioner (Occupational Health and Safety Practitioner)",Healthcare and Wellness,0,,,,yes
family-therapist,Family Therapist,"Health, care and social services",care,care,suggestion_only,0,,,,,4,za-career-occupational-therapy-assistant | za-career-radiation-therapist | za-career-speech-therapy-assistant | za-career-therapeutic-radiographer,Occupational Therapy Assistant | Radiation Therapist | Speech Therapy Assistant | Therapeutic Radiographer,Healthcare and Wellness,0,,,,yes
funeral-worker,Funeral Worker,"Health, care and social services",care,care,no_research_link,0,,,,,0,,,,0,,,,no
health-promotion-officer,Health Promotion Officer,"Health, care and social services",care,care,direct_match,1,za-career-health-promotion-officer,Health Promotion Officer,Healthcare and Wellness,,2,za-career-health-products-information-officer | za-career-health-promotion-practitioner,Health Products Information Officer | Health Promotion Practitioner,Healthcare and Wellness,0,,,,yes
health-services-manager,Health Services Manager,"Health, care and social services",care,care,suggestion_only,0,,,,,9,za-career-community-health-manager | za-career-health-and-safety-manager | za-career-health-care-manager | za-career-health-information-manager | za-career-health-inspector | za-career-health-service-specialised-clinic-manager | za-career-healthcare-cleaner | za-career-middle-manager-health-sciences-related | za-career-nurse-manager,Community Health Manager | Health and Safety Manager | Health Care Manager | Health Information Manager | Health Inspector | Health Service Specialised Clinic Manager | Healthcare Cleaner | Middle Manager: Health Sciences related | Nurse Manager,Healthcare and Wellness,0,,,,yes
home-care-worker,Home Care Worker,"Health, care and social services",care,care,suggestion_only,0,,,,,3,za-career-home-based-personal-care-assistant | za-career-home-based-personal-care-worker | za-career-home-based-care-coordinator,Home Based Personal Care Assistant | Home Based Personal Care Worker | Home-Based Care Coordinator,Healthcare and Wellness,0,,,,yes
homeopathy-practitioner,Homeopathy Practitioner,"Health, care and social services",care,care,suggestion_only,0,,,,,2,za-career-general-medical-practitioner | za-career-paramedical-practitioner,General Medical Practitioner | Paramedical Practitioner,Healthcare and Wellness,0,,,,yes
hospital-administrator,Hospital Administrator,"Health, care and social services",care,care,suggestion_only,0,,,,,1,za-career-hospital-pharmacist,Hospital Pharmacist,Healthcare and Wellness,0,,,,yes
infection-control-nurse,Infection Control Nurse,"Health, care and social services",care,care,suggestion_only,0,,,,,1,za-career-infection-prevention-and-control-practitioner,Infection Prevention and Control Practitioner,Healthcare and Wellness,0,,,,yes
medical-laboratory-technician,Medical Laboratory Technician,"Health, care and social services",care,care,direct_match,1,za-career-medical-laboratory-technician,Medical Laboratory Technician,Science and Research,,4,za-career-medical-device-technician | za-career-medical-laboratory-scientist | za-career-medical-technical-officer | za-career-medical-technician,Medical Device Technician | Medical Laboratory Scientist | Medical Technical Officer | Medical Technician,Healthcare and Wellness | Science and Research,0,,,,yes
medical-practitioner,Medical Practitioner,"Health, care and social services",care,care,direct_match,1,za-career-medical-practitioner,Medical Practitioner,Healthcare and Wellness,14,8,za-career-dermatologist | za-career-general-medical-practitioner | za-career-medical-assistant | za-career-medical-geneticist | za-career-medical-orthotist | za-career-medical-secretary | za-career-medical-technician | za-career-paramedical-practitioner,Dermatologist | General Medical Practitioner | Medical Assistant | Medical Geneticist | Medical Orthotist | Medical secretary | Medical Technician | Paramedical Practitioner,"Healthcare and Wellness | Safety, Security and Emergency Services",0,,,,yes
medical-scientist,Medical Scientist,"Health, care and social services",care,care,direct_match,1,za-career-medical-scientist,Medical Scientist,Healthcare and Wellness,,7,za-career-medical-assistant | za-career-medical-biological-scientist | za-career-medical-geneticist | za-career-medical-laboratory-scientist | za-career-medical-orthotist | za-career-medical-secretary | za-career-medical-technician,Medical Assistant | Medical Biological Scientist | Medical Geneticist | Medical Laboratory Scientist | Medical Orthotist | Medical secretary | Medical Technician,"Safety, Security and Emergency Services | Healthcare and Wellness | Science and Research",0,,,,yes
medical-specialist,Medical Specialist,"Health, care and social services",care,care,suggestion_only,0,,,,,5,za-career-dermatologist | za-career-medical-assistant | za-career-medical-geneticist | za-career-medical-orthotist | za-career-medical-secretary,Dermatologist | Medical Assistant | Medical Geneticist | Medical Orthotist | Medical secretary,"Healthcare and Wellness | Safety, Security and Emergency Services",0,,,,yes
medical-superintendent,Medical Superintendent,"Health, care and social services",care,care,direct_match,1,za-career-medical-superintendent,Medical Superintendent,Healthcare and Wellness,,0,,,,0,,,,yes
medical-technologist,Medical Technologist,"Health, care and social services",care,care,suggestion_only,0,,,,,2,za-career-clinical-technologist | za-career-veterinary-technologist,Clinical Technologist | Veterinary Technologist,Healthcare and Wellness | Technology and Digital,0,,,,yes
mental-health-nurse,Mental Health Nurse,"Health, care and social services",care,care,suggestion_only,0,,,,,2,za-career-community-mental-health-worker | za-career-mental-health-peer-support-worker,Community Mental Health Worker | Mental Health Peer Support Worker,Healthcare and Wellness,0,,,,yes
midwife,Midwife,"Health, care and social services",care,care,direct_match,1,za-career-midwife,Midwife,"Business, Management and Administration",,1,za-career-assistant-midwife,Assistant Midwife,"Safety, Security and Emergency Services",0,,,,yes
mortuary-attendant,Mortuary Attendant,"Health, care and social services",care,care,suggestion_only,0,,,,,1,za-career-animal-attendant,Animal Attendant,Healthcare and Wellness,0,,,,yes
naturopath,Naturopath,"Health, care and social services",care,care,no_research_link,0,,,,,0,,,,0,,,,no
nursing-assistant,Nursing Assistant,"Health, care and social services",care,care,suggestion_only,0,,,,,9,za-career-nurse-educator | za-career-nurse-manager | za-career-nurse-researcher | za-career-nursery-person | za-career-nurseryperson | za-career-paediatrics-nurse | za-career-staff-nurse | za-career-student-nurse | za-career-veterinary-nurse,Nurse Educator | Nurse Manager | Nurse Researcher | Nursery Person (Garden Centre Supervisor) | Nurseryperson (Nursery Supervisor) | Paediatrics Nurse | Staff Nurse | Student Nurse | Veterinary Nurse,"Healthcare and Wellness | Safety, Security and Emergency Services | TVET / Occupational and Workplace Pathways",0,,,,yes
nutritionist,Nutritionist,"Health, care and social services",care,care,direct_match,1,za-career-nutritionist,Nutritionist,"Business, Management and Administration",,0,,,,0,,,,yes
occupational-health-and-safety-officer,Occupational Health and Safety Officer,"Health, care and social services",care,care,suggestion_only,0,,,,,28,za-career-ambulance-officer | za-career-career-development-information-officer | za-career-community-health-manager | za-career-emergency-service-and-rescue-official | za-career-environmental-and-occupational-health-inspector | za-career-health-and-safety-manager | za-career-health-care-benefits-advisor | za-career-health-care-manager | za-career-health-information-manager | za-career-health-inspector | za-career-health-products-information-officer | za-career-health-promotion-practitioner,Ambulance Officer | Career Development Information Officer | Community Health Manager | Emergency Service and Rescue Official (Mines Rescue Services Worker) | Environmental and Occupational Health Inspector | Health and Safety Manager | Health Care Benefits Advisor | Health Care Manager | Health Information Manager | Health Inspector | Health Products Information Officer | Health Promotion Practitioner,Healthcare and Wellness | Engineering and Built Environment,0,,,,yes
occupational-health-nurse,Occupational Health Nurse,"Health, care and social services",care,care,suggestion_only,0,,,,,14,za-career-clinical-nurse-practitioner | za-career-environmental-and-occupational-health-inspector | za-career-health-and-safety-manager | za-career-health-care-benefits-advisor | za-career-health-information-manager | za-career-health-inspector | za-career-health-service-specialised-clinic-manager | za-career-middle-manager-health-sciences-related | za-career-mine-health-and-safety-inspector | za-career-nurseryperson | za-career-public-health-medicine-specialist | za-career-public-health-occupational-medicine-specialist,Clinical Nurse Practitioner | Environmental and Occupational Health Inspector | Health and Safety Manager | Health Care Benefits Advisor | Health Information Manager | Health Inspector | Health Service Specialised Clinic Manager | Middle Manager: Health Sciences related | Mine Health and Safety Inspector | Nurseryperson (Nursery Supervisor) | Public Health Medicine Specialist | Public Health Occupational Medicine Specialist,Healthcare and Wellness,0,,,,yes
occupational-therapist,Occupational Therapist,"Health, care and social services",care,care,direct_match,1,za-career-occupational-therapist,Occupational Therapist,Healthcare and Wellness,16,6,za-career-occupational-therapy-assistant | za-career-occupational-therapy-technician | za-career-public-health-occupational-medicine-specialist | za-career-radiation-therapist | za-career-speech-therapy-assistant | za-career-therapeutic-radiographer,Occupational Therapy Assistant | Occupational Therapy Technician | Public Health Occupational Medicine Specialist | Radiation Therapist | Speech Therapy Assistant | Therapeutic Radiographer,Healthcare and Wellness | Engineering and Built Environment,0,,,,yes
optometrist,Optometrist,"Health, care and social services",care,care,direct_match,1,za-career-optometrist,Optometrist,"Business, Management and Administration",,0,,,,0,,,,yes
paediatrician,Paediatrician,"Health, care and social services",care,care,direct_match,1,za-career-paediatrician,Paediatrician,"Business, Management and Administration",,2,za-career-paediatric-surgeon | za-career-paediatrics-nurse,Paediatric Surgeon | Paediatrics Nurse,Healthcare and Wellness,0,,,,yes
paramedic,Paramedic,"Health, care and social services",care,care,direct_match,1,za-career-paramedic,Paramedic,Healthcare and Wellness,,0,,,,0,,,,yes
pathologist,Pathologist,"Health, care and social services",care,care,direct_match,1,za-career-pathologist,Pathologist,"Business, Management and Administration",,2,za-career-forensic-pathologist | za-career-speech-pathologist,Forensic Pathologist | Speech Pathologist,"Business, Management and Administration",0,,,,yes
pharmacist,Pharmacist,"Health, care and social services",care,care,direct_match,1,za-career-pharmacist,Pharmacist,Healthcare and Wellness,15,7,za-career-clinical-pharmacologist | za-career-hospital-pharmacist | za-career-industrial-pharmacist | za-career-pharmacist-assistant | za-career-pharmacist-s-assistant | za-career-pharmacy-technician | za-career-retail-pharmacist,Clinical Pharmacologist | Hospital Pharmacist | Industrial Pharmacist | Pharmacist Assistant | Pharmacist's Assistant (Basic) | Pharmacy Technician | Retail Pharmacist,Healthcare and Wellness | TVET / Occupational and Workplace Pathways,0,,,,yes
pharmacy-assistant,Pharmacy Assistant,"Health, care and social services",care,care,suggestion_only,0,,,,,6,za-career-hospital-pharmacist | za-career-industrial-pharmacist | za-career-pharmacist-assistant | za-career-pharmacist-s-assistant | za-career-pharmacy-technician | za-career-retail-pharmacist,Hospital Pharmacist | Industrial Pharmacist | Pharmacist Assistant | Pharmacist's Assistant (Basic) | Pharmacy Technician | Retail Pharmacist,Healthcare and Wellness | TVET / Occupational and Workplace Pathways,0,,,,yes
physiotherapist,Physiotherapist,"Health, care and social services",care,care,direct_match,1,za-career-physiotherapist,Physiotherapist,Healthcare and Wellness,17,1,za-career-physiotherapy-technician,Physiotherapy Technician,Engineering and Built Environment,0,,,,yes
primary-health-care-nurse,Primary Health Care Nurse,"Health, care and social services",care,care,suggestion_only,0,,,,,4,za-career-aged-care-registered-nurse | za-career-health-care-benefits-advisor | za-career-health-care-manager | za-career-primary-healthcare-workforce-planner,Aged Care Registered Nurse | Health Care Benefits Advisor | Health Care Manager | Primary Healthcare Workforce Planner,Healthcare and Wellness,0,,,,yes
psychiatrist,Psychiatrist,"Health, care and social services",care,care,direct_match,1,za-career-psychiatrist,Psychiatrist,Healthcare and Wellness,,0,,,,0,,,,yes
radiographer,Radiographer,"Health, care and social services",care,care,suggestion_only,0,,,,,2,za-career-diagnostic-radiographer | za-career-therapeutic-radiographer,Diagnostic Radiographer | Therapeutic Radiographer,Healthcare and Wellness,0,,,,yes
radiologist,Radiologist,"Health, care and social services",care,care,direct_match,1,za-career-radiologist,Radiologist,"Business, Management and Administration",,0,,,,0,,,,yes
registered-nurse,Registered Nurse,"Health, care and social services",care,care,direct_match,1,za-career-registered-nurse,Registered Nurse,Healthcare and Wellness,13,7,za-career-aged-care-registered-nurse | za-career-nurse-educator | za-career-nurse-researcher | za-career-nursery-person | za-career-staff-nurse | za-career-student-nurse | za-career-veterinary-nurse,Aged Care Registered Nurse | Nurse Educator | Nurse Researcher | Nursery Person (Garden Centre Supervisor) | Staff Nurse | Student Nurse | Veterinary Nurse,"Healthcare and Wellness | Safety, Security and Emergency Services | TVET / Occupational and Workplace Pathways",0,,,,yes
social-worker,Social Worker,"Health, care and social services",care,care,direct_match,1,za-career-social-worker,Social Worker,"Business, Management and Administration",32,1,za-career-adoption-social-worker,Adoption Social Worker,"Business, Management and Administration",0,,,,yes
speech-therapist,Speech Therapist,"Health, care and social services",care,care,direct_match,1,za-career-speech-therapist,Speech Therapist,Healthcare and Wellness,,5,za-career-occupational-therapy-assistant | za-career-radiation-therapist | za-career-speech-pathologist | za-career-speech-therapy-assistant | za-career-speech-language-therapist,Occupational Therapy Assistant | Radiation Therapist | Speech Pathologist | Speech Therapy Assistant | Speech-Language Therapist,"Healthcare and Wellness | Business, Management and Administration",0,,,,yes
substance-abuse-counsellor,Substance Abuse Counsellor,"Health, care and social services",care,care,no_research_link,0,,,,,0,,,,0,,,,no
surgeon,Surgeon,"Health, care and social services",care,care,direct_match,1,za-career-surgeon,Surgeon,Healthcare and Wellness,,2,za-career-orthopaedic-surgeon | za-career-paediatric-surgeon,Orthopaedic Surgeon | Paediatric Surgeon,Healthcare and Wellness,0,,,,yes
theatre-nurse,Theatre Nurse,"Health, care and social services",care,care,no_research_link,0,,,,,0,,,,0,,,,no
traditional-health-practitioner,Traditional Health Practitioner,"Health, care and social services",care,care,suggestion_only,0,,,,,3,za-career-health-promotion-practitioner | za-career-safety-health-and-quality-practitioner | za-career-veterinary-public-health-professional-practitioner,"Health Promotion Practitioner | Safety, Health and Quality Practitioner (Occupational Health and Safety Practitioner) | Veterinary Public Health Professional/ Practitioner",Healthcare and Wellness,0,,,,yes
veterinarian,Veterinarian,"Health, care and social services",care,care,direct_match,1,za-career-veterinarian,Veterinarian,Healthcare and Wellness,,1,za-career-veterinary-technologist,Veterinary Technologist,Technology and Digital,0,,,,yes
veterinary-assistant,Veterinary Assistant,"Health, care and social services",care,care,suggestion_only,0,,,,,1,za-career-veterinary-technologist,Veterinary Technologist,Technology and Digital,0,,,,yes
youth-worker,Youth Worker,"Health, care and social services",care,care,no_research_link,0,,,,,0,,,,0,,,,no
airline-cabin-crew,Airline Cabin Crew,"Hospitality, tourism, sport and events",hospitality,hospitality,suggestion_only,0,,,,,1,za-career-airline-ground-crew,Airline Ground Crew,"Logistics, Transport and Supply Chain",0,,,,yes
athlete,Athlete,"Hospitality, tourism, sport and events",hospitality,hospitality,no_research_link,0,,,,,0,,,,0,,,,no
barista,Barista,"Hospitality, tourism, sport and events",hospitality,hospitality,manual_curated_link,0,,,,,0,,,,1,za-career-food-trade-assistant,Food Trade Assistant,"Hospitality, Tourism and Events",yes
bartender,Bartender,"Hospitality, tourism, sport and events",hospitality,hospitality,no_research_link,0,,,,,0,,,,0,,,,no
bell-attendant,Bell Attendant,"Hospitality, tourism, sport and events",hospitality,hospitality,no_research_link,0,,,,,0,,,,0,,,,no
car-rental-agent,Car Rental Agent,"Hospitality, tourism, sport and events",hospitality,hospitality,no_research_link,0,,,,,0,,,,0,,,,no
casino-worker,Casino Worker,"Hospitality, tourism, sport and events",hospitality,hospitality,no_research_link,0,,,,,0,,,,0,,,,no
catering-assistant,Catering Assistant,"Hospitality, tourism, sport and events",hospitality,hospitality,no_research_link,0,,,,,0,,,,0,,,,no
catering-manager,Catering Manager,"Hospitality, tourism, sport and events",hospitality,hospitality,suggestion_only,0,,,,,1,za-career-hotel-service-manager,Hotel Service Manager,"Hospitality, Tourism and Events",0,,,,yes
chef,Chef,"Hospitality, tourism, sport and events",hospitality,hospitality,direct_match,1,za-career-chef,Chef,Hospitality Tourism and Events,98,0,,,,0,,,,yes
concierge,Concierge,"Hospitality, tourism, sport and events",hospitality,hospitality,no_research_link,0,,,,,0,,,,0,,,,no
conference-organiser,Conference Organiser,"Hospitality, tourism, sport and events",hospitality,hospitality,suggestion_only,0,,,,,1,za-career-conference-and-events-organiser,Conference and Events Organiser,TVET / Occupational and Workplace Pathways,0,,,,yes
cook,Cook,"Hospitality, tourism, sport and events",hospitality,hospitality,direct_match,1,za-career-cook,Cook,"Hospitality, Tourism and Events",,0,,,,0,,,,yes
cruise-ship-attendant,Cruise Ship Attendant,"Hospitality, tourism, sport and events",hospitality,hospitality,no_research_link,0,,,,,0,,,,0,,,,no
dishwasher,Dishwasher,"Hospitality, tourism, sport and events",hospitality,hospitality,no_research_link,0,,,,,0,,,,0,,,,no
event-coordinator,Event Coordinator,"Hospitality, tourism, sport and events",hospitality,hospitality,manual_curated_link,0,,,,,0,,,,2,za-career-conference-and-events-organiser | za-career-events-manager,Conference and Events Organiser | Events Manager,"TVET / Occupational and Workplace Pathways | Business, Management and Administration",yes
event-manager,Event Manager,"Hospitality, tourism, sport and events",hospitality,hospitality,suggestion_only,0,,,,,1,za-career-hotel-service-manager,Hotel Service Manager,"Hospitality, Tourism and Events",0,,,,yes
fast-food-cook,Fast Food Cook,"Hospitality, tourism, sport and events",hospitality,hospitality,no_research_link,0,,,,,0,,,,0,,,,no
fitness-instructor,Fitness Instructor,"Hospitality, tourism, sport and events",hospitality,hospitality,direct_match,1,za-career-fitness-instructor,Fitness Instructor,Education and Training,,2,za-career-group-fitness-instructor | za-career-individual-fitness-instructor,Group Fitness Instructor | Individual Fitness Instructor,Education and Training,0,,,,yes
food-service-manager,Food Service Manager,"Hospitality, tourism, sport and events",hospitality,hospitality,no_research_link,0,,,,,0,,,,0,,,,no
front-of-house-manager,Front of House Manager,"Hospitality, tourism, sport and events",hospitality,hospitality,no_research_link,0,,,,,0,,,,0,,,,no
game-ranger,Game Ranger,"Hospitality, tourism, sport and events",hospitality,hospitality,no_research_link,0,,,,,0,,,,0,,,,no
gaming-table-supervisor,Gaming Table Supervisor,"Hospitality, tourism, sport and events",hospitality,hospitality,no_research_link,0,,,,,0,,,,0,,,,no
guest-house-manager,Guest House Manager,"Hospitality, tourism, sport and events",hospitality,hospitality,manual_curated_link,0,,,,,0,,,,1,za-career-hotel-service-manager,Hotel Service Manager,"Hospitality, Tourism and Events",yes
head-waiter,Head Waiter,"Hospitality, tourism, sport and events",hospitality,hospitality,no_research_link,0,,,,,0,,,,0,,,,no
hotel-manager,Hotel Manager,"Hospitality, tourism, sport and events",hospitality,hospitality,suggestion_only,0,,,,,1,za-career-hotel-service-manager,Hotel Service Manager,"Hospitality, Tourism and Events",0,,,,yes
housekeeper-hospitality,Housekeeper (Hospitality),"Hospitality, tourism, sport and events",hospitality,hospitality,suggestion_only,0,,,,,1,za-career-commercial-housekeeper,Commercial Housekeeper,"Hospitality, Tourism and Events",0,,,,yes
kitchen-hand,Kitchen Hand,"Hospitality, tourism, sport and events",hospitality,hospitality,direct_match,1,za-career-kitchen-hand,Kitchen Hand,TVET / Occupational and Workplace Pathways,,0,,,,0,,,,yes
laundry-worker,Laundry Worker,"Hospitality, tourism, sport and events",hospitality,hospitality,direct_match,1,za-career-laundry-worker,Laundry Worker,TVET / Occupational and Workplace Pathways,,0,,,,0,,,,yes
lifeguard,Lifeguard,"Hospitality, tourism, sport and events",hospitality,hospitality,no_research_link,0,,,,,0,,,,0,,,,no
lodge-manager,Lodge Manager,"Hospitality, tourism, sport and events",hospitality,hospitality,no_research_link,0,,,,,0,,,,0,,,,no
museum-tour-guide,Museum Tour Guide,"Hospitality, tourism, sport and events",hospitality,hospitality,no_research_link,0,,,,,0,,,,0,,,,no
pastry-chef,Pastry Chef,"Hospitality, tourism, sport and events",hospitality,hospitality,no_research_link,0,,,,,0,,,,0,,,,no
personal-trainer,Personal Trainer,"Hospitality, tourism, sport and events",hospitality,hospitality,manual_curated_link,0,,,,,0,,,,3,za-career-individual-fitness-instructor | za-career-group-fitness-instructor | za-career-fitness-instructor,Individual Fitness Instructor | Group Fitness Instructor | Fitness Instructor,Education and Training,yes
porter,Porter,"Hospitality, tourism, sport and events",hospitality,hospitality,no_research_link,0,,,,,0,,,,0,,,,no
recreation-officer,Recreation Officer,"Hospitality, tourism, sport and events",hospitality,hospitality,direct_match,1,za-career-recreation-officer,Recreation Officer,"Business, Management and Administration",,2,za-career-sports-official | za-career-tourist-information-officer,Sports Official | Tourist Information Officer,"TVET / Occupational and Workplace Pathways | Hospitality, Tourism and Events",0,,,,yes
restaurant-manager,Restaurant Manager,"Hospitality, tourism, sport and events",hospitality,hospitality,suggestion_only,0,,,,,1,za-career-caf-or-restaurant-manager,Café (Licensed) or Restaurant Manager,"Hospitality, Tourism and Events",0,,,,yes
sommelier,Sommelier,"Hospitality, tourism, sport and events",hospitality,hospitality,no_research_link,0,,,,,0,,,,0,,,,no
sous-chef,Sous Chef,"Hospitality, tourism, sport and events",hospitality,hospitality,no_research_link,0,,,,,0,,,,0,,,,no
sports-administrator,Sports Administrator,"Hospitality, tourism, sport and events",hospitality,hospitality,suggestion_only,0,,,,,1,za-career-sports-official,Sports Official,TVET / Occupational and Workplace Pathways,0,,,,yes
sports-coach,Sports Coach,"Hospitality, tourism, sport and events",hospitality,hospitality,suggestion_only,0,,,,,2,za-career-sports-coach-or-instructor | za-career-sports-official,Sports Coach or Instructor | Sports Official,Education and Training | TVET / Occupational and Workplace Pathways,0,,,,yes
sports-manager,Sports Manager,"Hospitality, tourism, sport and events",hospitality,hospitality,no_research_link,0,,,,,0,,,,0,,,,no
sports-referee,Sports Referee,"Hospitality, tourism, sport and events",hospitality,hospitality,no_research_link,0,,,,,0,,,,0,,,,no
theme-park-attendant,Theme Park Attendant,"Hospitality, tourism, sport and events",hospitality,hospitality,no_research_link,0,,,,,0,,,,0,,,,no
tour-guide,Tour Guide,"Hospitality, tourism, sport and events",hospitality,hospitality,direct_match,1,za-career-tour-guide,Tour Guide,"Hospitality, Tourism and Events",,0,,,,0,,,,yes
tourism-officer,Tourism Officer,"Hospitality, tourism, sport and events",hospitality,hospitality,suggestion_only,0,,,,,1,za-career-tourist-information-officer,Tourist Information Officer,"Hospitality, Tourism and Events",0,,,,yes
travel-agency-manager,Travel Agency Manager,"Hospitality, tourism, sport and events",hospitality,hospitality,no_research_link,0,,,,,0,,,,0,,,,no
travel-consultant,Travel Consultant,"Hospitality, tourism, sport and events",hospitality,hospitality,direct_match,1,za-career-travel-consultant,Travel Consultant,"Hospitality, Tourism and Events",,2,za-career-travel-assistant | za-career-travel-professional,Travel Assistant | Travel Professional,"Safety, Security and Emergency Services | Hospitality, Tourism and Events",0,,,,yes
umpire,Umpire,"Hospitality, tourism, sport and events",hospitality,hospitality,no_research_link,0,,,,,0,,,,0,,,,no
waiter,Waiter,"Hospitality, tourism, sport and events",hospitality,hospitality,direct_match,1,za-career-waiter,Waiter,"Hospitality, Tourism and Events",,0,,,,0,,,,yes
wedding-planner,Wedding Planner,"Hospitality, tourism, sport and events",hospitality,hospitality,manual_curated_link,0,,,,,0,,,,2,za-career-conference-and-events-organiser | za-career-events-manager,Conference and Events Organiser | Events Manager,"TVET / Occupational and Workplace Pathways | Business, Management and Administration",yes
wine-steward,Wine Steward,"Hospitality, tourism, sport and events",hospitality,hospitality,no_research_link,0,,,,,0,,,,0,,,,no
appliance-repairer,Appliance Repairer,"Informal, entrepreneurship and community economy",entrepreneur,entrepreneur,no_research_link,0,,,,,0,,,,0,,,,no
auto-electrician-informal,Auto Electrician (Informal),"Informal, entrepreneurship and community economy",entrepreneur,entrepreneur,no_research_link,0,,,,,0,,,,0,,,,no
beadwork-artisan,Beadwork Artisan,"Informal, entrepreneurship and community economy",entrepreneur,entrepreneur,no_research_link,0,,,,,0,,,,0,,,,no
bicycle-repairer,Bicycle Repairer,"Informal, entrepreneurship and community economy",entrepreneur,entrepreneur,direct_match,1,za-career-bicycle-repairer,Bicycle Repairer,TVET / Occupational and Workplace Pathways,,0,,,,0,,,,yes
builder-self-employed,Builder (Self-Employed),"Informal, entrepreneurship and community economy",entrepreneur,entrepreneur,direct_match,1,za-career-builder,Builder,Trades and Artisan Careers,,0,,,,0,,,,yes
car-guard,Car Guard,"Informal, entrepreneurship and community economy",entrepreneur,entrepreneur,suggestion_only,0,,,,,1,za-career-caretaker-cleaner,Caretaker/ cleaner,Entrepreneurship and Informal Economy,0,,,,yes
car-mechanic-informal,Car Mechanic (Informal),"Informal, entrepreneurship and community economy",entrepreneur,entrepreneur,suggestion_only,0,,,,,1,za-career-caretaker-cleaner,Caretaker/ cleaner,Entrepreneurship and Informal Economy,0,,,,yes
car-washer,Car Washer,"Informal, entrepreneurship and community economy",entrepreneur,entrepreneur,suggestion_only,0,,,,,2,za-career-caretaker-cleaner | za-career-washroom-attendant,Caretaker/ cleaner | Washroom Attendant,Entrepreneurship and Informal Economy,0,,,,yes
carpenter-self-employed,Carpenter (Self-Employed),"Informal, entrepreneurship and community economy",entrepreneur,entrepreneur,no_research_link,0,,,,,0,,,,0,,,,no
caterer-home-based,Caterer (Home-Based),"Informal, entrepreneurship and community economy",entrepreneur,entrepreneur,no_research_link,0,,,,,0,,,,0,,,,no
cell-phone-repairer,Cell Phone Repairer,"Informal, entrepreneurship and community economy",entrepreneur,entrepreneur,no_research_link,0,,,,,0,,,,0,,,,no
child-minder,Child Minder,"Informal, entrepreneurship and community economy",entrepreneur,entrepreneur,no_research_link,0,,,,,0,,,,0,,,,no
cleaner,Cleaner,"Informal, entrepreneurship and community economy",entrepreneur,entrepreneur,suggestion_only,0,,,,,3,za-career-vehicle-cleaner | za-career-window-cleaner | za-career-workshop-cleaner,Vehicle Cleaner | Window Cleaner | Workshop cleaner,Entrepreneurship and Informal Economy,0,,,,yes
community-health-worker-informal,Community Health Worker (Informal),"Informal, entrepreneurship and community economy",entrepreneur,entrepreneur,direct_match,1,za-career-community-health-worker,Community Health Worker,Healthcare and Wellness,85,0,,,,0,,,,yes
computer-repairer-informal,Computer Repairer (Informal),"Informal, entrepreneurship and community economy",entrepreneur,entrepreneur,no_research_link,0,,,,,0,,,,0,,,,no
construction-labourer-informal,Construction Labourer (Informal),"Informal, entrepreneurship and community economy",entrepreneur,entrepreneur,no_research_link,0,,,,,0,,,,0,,,,no
content-creator,Content Creator,"Informal, entrepreneurship and community economy",entrepreneur,entrepreneur,manual_curated_link,0,,,,,0,,,,2,za-career-social-media-community-manager | za-career-content-moderation-specialist,Social Media Community Manager | Content Moderation Specialist,"Logistics, Transport and Customer Operations",yes
courier-self-employed,Courier (Self-Employed),"Informal, entrepreneurship and community economy",entrepreneur,entrepreneur,no_research_link,0,,,,,0,,,,0,,,,no
craft-beer-brewer-small-scale,Craft Beer Brewer (Small Scale),"Informal, entrepreneurship and community economy",entrepreneur,entrepreneur,no_research_link,0,,,,,0,,,,0,,,,no
day-mother,Day Mother,"Informal, entrepreneurship and community economy",entrepreneur,entrepreneur,no_research_link,0,,,,,0,,,,0,,,,no
dog-walker,Dog Walker,"Informal, entrepreneurship and community economy",entrepreneur,entrepreneur,no_research_link,0,,,,,0,,,,0,,,,no
domestic-worker,Domestic Worker,"Informal, entrepreneurship and community economy",entrepreneur,entrepreneur,suggestion_only,0,,,,,1,za-career-workshop-cleaner,Workshop cleaner,Entrepreneurship and Informal Economy,0,,,,yes
dressmaker-informal,Dressmaker (Informal),"Informal, entrepreneurship and community economy",entrepreneur,entrepreneur,no_research_link,0,,,,,0,,,,0,,,,no
elderly-carer-private,Elderly Carer (Private),"Informal, entrepreneurship and community economy",entrepreneur,entrepreneur,no_research_link,0,,,,,0,,,,0,,,,no
electrician-self-employed,Electrician (Self-Employed),"Informal, entrepreneurship and community economy",entrepreneur,entrepreneur,no_research_link,0,,,,,0,,,,0,,,,no
event-decorator,Event Decorator,"Informal, entrepreneurship and community economy",entrepreneur,entrepreneur,no_research_link,0,,,,,0,,,,0,,,,no
event-staff-casual,Event Staff (Casual),"Informal, entrepreneurship and community economy",entrepreneur,entrepreneur,no_research_link,0,,,,,0,,,,0,,,,no
farm-labourer-casual,Farm Labourer (Casual),"Informal, entrepreneurship and community economy",entrepreneur,entrepreneur,no_research_link,0,,,,,0,,,,0,,,,no
fashion-designer-informal,Fashion Designer (Informal),"Informal, entrepreneurship and community economy",entrepreneur,entrepreneur,direct_match,1,za-career-fashion-designer,Fashion Designer,"Media, Creative and Communication",,0,,,,0,,,,yes
fence-erector,Fence Erector,"Informal, entrepreneurship and community economy",entrepreneur,entrepreneur,no_research_link,0,,,,,0,,,,0,,,,no
food-vendor,Food Vendor,"Informal, entrepreneurship and community economy",entrepreneur,entrepreneur,no_research_link,0,,,,,0,,,,0,,,,no
freelance-writer,Freelance Writer,"Informal, entrepreneurship and community economy",entrepreneur,entrepreneur,no_research_link,0,,,,,0,,,,0,,,,no
fruit-and-vegetable-seller,Fruit and Vegetable Seller,"Informal, entrepreneurship and community economy",entrepreneur,entrepreneur,no_research_link,0,,,,,0,,,,0,,,,no
fruit-picker-seasonal,Fruit Picker (Seasonal),"Informal, entrepreneurship and community economy",entrepreneur,entrepreneur,no_research_link,0,,,,,0,,,,0,,,,no
furniture-maker-informal,Furniture Maker (Informal),"Informal, entrepreneurship and community economy",entrepreneur,entrepreneur,no_research_link,0,,,,,0,,,,0,,,,no
furniture-removals,Furniture Removals,"Informal, entrepreneurship and community economy",entrepreneur,entrepreneur,no_research_link,0,,,,,0,,,,0,,,,no
gardener-domestic,Gardener (Domestic),"Informal, entrepreneurship and community economy",entrepreneur,entrepreneur,no_research_link,0,,,,,0,,,,0,,,,no
graphic-designer-freelance,Graphic Designer (Freelance),"Informal, entrepreneurship and community economy",entrepreneur,entrepreneur,direct_match,1,za-career-graphic-designer,Graphic Designer,"Media, Creative and Communication",36,0,,,,0,,,,yes
hair-braider,Hair Braider,"Informal, entrepreneurship and community economy",entrepreneur,entrepreneur,no_research_link,0,,,,,0,,,,0,,,,no
handyman,Handyman,"Informal, entrepreneurship and community economy",entrepreneur,entrepreneur,no_research_link,0,,,,,0,,,,0,,,,no
hawker,Hawker,"Informal, entrepreneurship and community economy",entrepreneur,entrepreneur,no_research_link,0,,,,,0,,,,0,,,,no
home-baker,Home Baker,"Informal, entrepreneurship and community economy",entrepreneur,entrepreneur,no_research_link,0,,,,,0,,,,0,,,,no
home-carer,Home Carer,"Informal, entrepreneurship and community economy",entrepreneur,entrepreneur,no_research_link,0,,,,,0,,,,0,,,,no
housekeeper-private,Housekeeper (Private),"Informal, entrepreneurship and community economy",entrepreneur,entrepreneur,no_research_link,0,,,,,0,,,,0,,,,no
industrial-cleaner,Industrial Cleaner,"Informal, entrepreneurship and community economy",entrepreneur,entrepreneur,suggestion_only,0,,,,,3,za-career-vehicle-cleaner | za-career-window-cleaner | za-career-workshop-cleaner,Vehicle Cleaner | Window Cleaner | Workshop cleaner,Entrepreneurship and Informal Economy,0,,,,yes
informal-food-outlet-operator,Informal Food Outlet Operator,"Informal, entrepreneurship and community economy",entrepreneur,entrepreneur,no_research_link,0,,,,,0,,,,0,,,,no
ironing-worker,Ironing Worker,"Informal, entrepreneurship and community economy",entrepreneur,entrepreneur,no_research_link,0,,,,,0,,,,0,,,,no
knitting-worker,Knitting Worker,"Informal, entrepreneurship and community economy",entrepreneur,entrepreneur,no_research_link,0,,,,,0,,,,0,,,,no
laundry-operator-informal,Laundry Operator (Informal),"Informal, entrepreneurship and community economy",entrepreneur,entrepreneur,no_research_link,0,,,,,0,,,,0,,,,no
loading-and-unloading-worker,Loading and Unloading Worker,"Informal, entrepreneurship and community economy",entrepreneur,entrepreneur,no_research_link,0,,,,,0,,,,0,,,,no
mattress-maker,Mattress Maker,"Informal, entrepreneurship and community economy",entrepreneur,entrepreneur,no_research_link,0,,,,,0,,,,0,,,,no
mobile-barber,Mobile Barber,"Informal, entrepreneurship and community economy",entrepreneur,entrepreneur,no_research_link,0,,,,,0,,,,0,,,,no
nanny,Nanny,"Informal, entrepreneurship and community economy",entrepreneur,entrepreneur,no_research_link,0,,,,,0,,,,0,,,,no
office-cleaner,Office Cleaner,"Informal, entrepreneurship and community economy",entrepreneur,entrepreneur,direct_match,1,za-career-office-cleaner,Office cleaner,Entrepreneurship and Informal Economy,,2,za-career-vehicle-cleaner | za-career-window-cleaner,Vehicle Cleaner | Window Cleaner,Entrepreneurship and Informal Economy,0,,,,yes
online-tutor,Online Tutor,"Informal, entrepreneurship and community economy",entrepreneur,entrepreneur,direct_match,1,za-career-online-tutor,Online Tutor,"Education, Public Sector and Creative Services",,0,,,,0,,,,yes
painter-self-employed,Painter (Self-Employed),"Informal, entrepreneurship and community economy",entrepreneur,entrepreneur,direct_match,1,za-career-painter,Painter,Trades and Artisan Careers,,0,,,,0,,,,yes
panel-beater-informal,Panel Beater (Informal),"Informal, entrepreneurship and community economy",entrepreneur,entrepreneur,no_research_link,0,,,,,0,,,,0,,,,no
parking-attendant,Parking Attendant,"Informal, entrepreneurship and community economy",entrepreneur,entrepreneur,suggestion_only,0,,,,,1,za-career-washroom-attendant,Washroom Attendant,Entrepreneurship and Informal Economy,0,,,,yes
paving-contractor,Paving Contractor,"Informal, entrepreneurship and community economy",entrepreneur,entrepreneur,no_research_link,0,,,,,0,,,,0,,,,no
pet-groomer,Pet Groomer,"Informal, entrepreneurship and community economy",entrepreneur,entrepreneur,no_research_link,0,,,,,0,,,,0,,,,no
photographer-freelance,Photographer (Freelance),"Informal, entrepreneurship and community economy",entrepreneur,entrepreneur,direct_match,1,za-career-photographer,Photographer,TVET / Occupational and Workplace Pathways,,0,,,,0,,,,yes
plumber-self-employed,Plumber (Self-Employed),"Informal, entrepreneurship and community economy",entrepreneur,entrepreneur,no_research_link,0,,,,,0,,,,0,,,,no
promotional-staff,Promotional Staff,"Informal, entrepreneurship and community economy",entrepreneur,entrepreneur,no_research_link,0,,,,,0,,,,0,,,,no
recycling-collector,Recycling Collector,"Informal, entrepreneurship and community economy",entrepreneur,entrepreneur,no_research_link,0,,,,,0,,,,0,,,,no
sangoma,Sangoma,"Informal, entrepreneurship and community economy",entrepreneur,entrepreneur,no_research_link,0,,,,,0,,,,0,,,,no
scrap-metal-collector,Scrap Metal Collector,"Informal, entrepreneurship and community economy",entrepreneur,entrepreneur,no_research_link,0,,,,,0,,,,0,,,,no
second-hand-goods-seller,Second-Hand Goods Seller,"Informal, entrepreneurship and community economy",entrepreneur,entrepreneur,no_research_link,0,,,,,0,,,,0,,,,no
sewing-machine-operator-informal,Sewing Machine Operator (Informal),"Informal, entrepreneurship and community economy",entrepreneur,entrepreneur,direct_match,1,za-career-sewing-machine-operator,Sewing Machine Operator,Manufacturing and Industrial,,0,,,,0,,,,yes
shebeen-owner,Shebeen Owner,"Informal, entrepreneurship and community economy",entrepreneur,entrepreneur,no_research_link,0,,,,,0,,,,0,,,,no
shoe-repairer,Shoe Repairer,"Informal, entrepreneurship and community economy",entrepreneur,entrepreneur,no_research_link,0,,,,,0,,,,0,,,,no
social-media-influencer,Social Media Influencer,"Informal, entrepreneurship and community economy",entrepreneur,entrepreneur,no_research_link,0,,,,,0,,,,0,,,,no
street-hairdresser,Street Hairdresser,"Informal, entrepreneurship and community economy",entrepreneur,entrepreneur,no_research_link,0,,,,,0,,,,0,,,,no
taxi-owner-operator,Taxi Owner-Operator,"Informal, entrepreneurship and community economy",entrepreneur,entrepreneur,no_research_link,0,,,,,0,,,,0,,,,no
traditional-birth-attendant,Traditional Birth Attendant,"Informal, entrepreneurship and community economy",entrepreneur,entrepreneur,no_research_link,0,,,,,0,,,,0,,,,no
traditional-healer,Traditional Healer,"Informal, entrepreneurship and community economy",entrepreneur,entrepreneur,suggestion_only,0,,,,,1,za-career-energy-trader,Energy Trader,Energy and Green Economy,0,,,,yes
tuck-shop-operator,Tuck Shop Operator,"Informal, entrepreneurship and community economy",entrepreneur,entrepreneur,no_research_link,0,,,,,0,,,,0,,,,no
tutor-self-employed,Tutor (Self-Employed),"Informal, entrepreneurship and community economy",entrepreneur,entrepreneur,no_research_link,0,,,,,0,,,,0,,,,no
tv-repairer,TV Repairer,"Informal, entrepreneurship and community economy",entrepreneur,entrepreneur,no_research_link,0,,,,,0,,,,0,,,,no
tyre-fitter,Tyre Fitter,"Informal, entrepreneurship and community economy",entrepreneur,entrepreneur,no_research_link,0,,,,,0,,,,0,,,,no
waste-picker,Waste Picker,"Informal, entrepreneurship and community economy",entrepreneur,entrepreneur,direct_match,1,za-career-waste-reclaimer,Waste Reclaimer,Energy and Green Economy,,0,,,,0,,,,yes
welder-self-employed,Welder (Self-Employed),"Informal, entrepreneurship and community economy",entrepreneur,entrepreneur,no_research_link,0,,,,,0,,,,0,,,,no
advocate,Advocate,"Law, public service and public safety",public,public,direct_match,1,za-career-advocate,Advocate,"Business, Management and Administration",24,1,za-career-family-advocate,Family Advocate,"Business, Management and Administration",0,,,,yes
air-force-officer,Air Force Officer,"Law, public service and public safety",public,public,no_research_link,0,,,,,0,,,,0,,,,no
attorney,Attorney,"Law, public service and public safety",public,public,direct_match,1,za-career-attorney,Attorney,"Business, Management and Administration",23,1,za-career-state-attorney,State Attorney,"Law, Governance and Public Sector",0,,,,yes
cash-in-transit-guard,Cash-in-Transit Guard,"Law, public service and public safety",public,public,no_research_link,0,,,,,0,,,,0,,,,no
child-protection-officer,Child Protection Officer,"Law, public service and public safety",public,public,suggestion_only,0,,,,,2,za-career-asset-protection-officer | za-career-protection-security-official,Asset Protection Officer | Protection/Security Official,"Safety, Security and Emergency Services",0,,,,yes
conveyancer,Conveyancer,"Law, public service and public safety",public,public,no_research_link,0,,,,,0,,,,0,,,,no
correctional-facility-manager,Correctional Facility Manager,"Law, public service and public safety",public,public,suggestion_only,0,,,,,3,za-career-correctional-services-manager | za-career-disaster-management-manager | za-career-middle-management-correctional-official,Correctional Services Manager | Disaster Management Manager | Middle Management Correctional Official,"TVET / Occupational and Workplace Pathways | Business, Management and Administration | Safety, Security and Emergency Services",0,,,,yes
correctional-services-officer,Correctional Services Officer,"Law, public service and public safety",public,public,suggestion_only,0,,,,,11,za-career-administration-officer | za-career-auxiliary-support-officer | za-career-correctional-administration-officer | za-career-correctional-services-manager | za-career-corrections-patrol-officer | za-career-corrections-security-officer | za-career-defence-official | za-career-it-security-officer | za-career-middle-management-correctional-official | za-career-police-official | za-career-reintegration-officer,Administration Officer | Auxiliary Support Officer (Custodial) | Correctional Administration Officer | Correctional Services Manager | Corrections patrol officer | Corrections Security Officer | Defence Official | IT Security Officer | Middle Management Correctional Official | Police Official | Reintegration Officer,"Law, Governance and Public Sector | Safety, Security and Emergency Services | TVET / Occupational and Workplace Pathways | Business, Management and Administration",0,,,,yes
court-clerk,Court Clerk,"Law, public service and public safety",public,public,suggestion_only,0,,,,,4,za-career-court-manager | za-career-legal-clerk | za-career-master-of-the-court | za-career-registrar-of-the-court,Court Manager | Legal clerk | Master of the Court | Registrar of the Court,"Law, Governance and Public Sector | Business, Management and Administration",0,,,,yes
court-interpreter,Court Interpreter,"Law, public service and public safety",public,public,suggestion_only,0,,,,,3,za-career-court-manager | za-career-master-of-the-court | za-career-registrar-of-the-court,Court Manager | Master of the Court | Registrar of the Court,"Law, Governance and Public Sector | Business, Management and Administration",0,,,,yes
diplomat,Diplomat,"Law, public service and public safety",public,public,direct_match,1,za-career-diplomat,Diplomat,TVET / Occupational and Workplace Pathways,,0,,,,0,,,,yes
electoral-officer,Electoral Officer,"Law, public service and public safety",public,public,suggestion_only,0,,,,,6,za-career-administration-officer | za-career-auxiliary-support-officer | za-career-defence-official | za-career-it-security-officer | za-career-police-official | za-career-reintegration-officer,Administration Officer | Auxiliary Support Officer (Custodial) | Defence Official | IT Security Officer | Police Official | Reintegration Officer,"Law, Governance and Public Sector | Safety, Security and Emergency Services | Business, Management and Administration",0,,,,yes
emergency-management-director,Emergency Management Director,"Law, public service and public safety",public,public,suggestion_only,0,,,,,1,za-career-disaster-management-manager,Disaster Management Manager,"Business, Management and Administration",0,,,,yes
fire-chief,Fire Chief,"Law, public service and public safety",public,public,suggestion_only,0,,,,,1,za-career-fire-fighter,Fire Fighter,"Safety, Security and Emergency Services",0,,,,yes
firefighter,Firefighter,"Law, public service and public safety",public,public,direct_match,1,za-career-firefighter,Firefighter,"Safety, Security and Emergency Services",91,1,za-career-fire-fighter,Fire Fighter,"Safety, Security and Emergency Services",0,,,,yes
foreign-service-officer,Foreign Service Officer,"Law, public service and public safety",public,public,suggestion_only,0,,,,,5,za-career-administration-officer | za-career-auxiliary-support-officer | za-career-defence-official | za-career-police-official | za-career-reintegration-officer,Administration Officer | Auxiliary Support Officer (Custodial) | Defence Official | Police Official | Reintegration Officer,"Law, Governance and Public Sector | Safety, Security and Emergency Services",0,,,,yes
government-policy-analyst,Government Policy Analyst,"Law, public service and public safety",public,public,suggestion_only,0,,,,,2,za-career-administrative-and-governance-policy-manager | za-career-policy-analyst,Administrative and Governance Policy Manager | Policy Analyst,"Law, Governance and Public Sector",0,,,,yes
home-affairs-officer,Home Affairs Officer,"Law, public service and public safety",public,public,no_research_link,0,,,,,0,,,,0,,,,no
immigration-officer,Immigration Officer,"Law, public service and public safety",public,public,direct_match,1,za-career-immigration-officer,Immigration Officer,"Law, Governance and Public Sector",,0,,,,0,,,,yes
judge,Judge,"Law, public service and public safety",public,public,direct_match,1,za-career-judge,Judge,"Law, Governance and Public Sector",,0,,,,0,,,,yes
labour-inspector,Labour Inspector,"Law, public service and public safety",public,public,direct_match,1,za-career-labour-inspector,Labour Inspector,TVET / Occupational and Workplace Pathways,,0,,,,0,,,,yes
labour-relations-officer,Labour Relations Officer,"Law, public service and public safety",public,public,suggestion_only,0,,,,,2,za-career-industrial-labour-relations-officer | za-career-social-and-labour-plan-officer,Industrial/ Labour Relations Officer | Social and Labour Plan Officer,"Business, Management and Administration",0,,,,yes
legal-advisor,Legal Advisor,"Law, public service and public safety",public,public,suggestion_only,0,,,,,4,za-career-associate-legal-professional | za-career-legal-clerk | za-career-legal-manager | za-career-legal-services-manager,Associate Legal Professional | Legal clerk | Legal Manager | Legal Services Manager,"Law, Governance and Public Sector",0,,,,yes
legal-secretary,Legal Secretary,"Law, public service and public safety",public,public,suggestion_only,0,,,,,4,za-career-associate-legal-professional | za-career-legal-clerk | za-career-legal-manager | za-career-legal-services-manager,Associate Legal Professional | Legal clerk | Legal Manager | Legal Services Manager,"Law, Governance and Public Sector",0,,,,yes
licensing-officer,Licensing Officer,"Law, public service and public safety",public,public,no_research_link,0,,,,,0,,,,0,,,,no
local-authority-manager,Local Authority Manager,"Law, public service and public safety",public,public,suggestion_only,0,,,,,1,za-career-disaster-management-manager,Disaster Management Manager,"Business, Management and Administration",0,,,,yes
magistrate,Magistrate,"Law, public service and public safety",public,public,direct_match,1,za-career-magistrate,Magistrate,"Law, Governance and Public Sector",,0,,,,0,,,,yes
military-officer,Military Officer,"Law, public service and public safety",public,public,suggestion_only,0,,,,,1,za-career-military-police-official,Military Police Official,TVET / Occupational and Workplace Pathways,0,,,,yes
municipal-by-law-enforcement-officer,Municipal By-Law Enforcement Officer,"Law, public service and public safety",public,public,suggestion_only,0,,,,,2,za-career-environmental-enforcement-and-compliance-officer | za-career-municipal-digital-services-officer,Environmental Enforcement and Compliance Officer | Municipal Digital Services Officer,"Energy and Green Economy | Education, Public Sector and Creative Services",0,,,,yes
municipal-officer,Municipal Officer,"Law, public service and public safety",public,public,suggestion_only,0,,,,,1,za-career-municipal-digital-services-officer,Municipal Digital Services Officer,"Education, Public Sector and Creative Services",0,,,,yes
naval-officer,Naval Officer,"Law, public service and public safety",public,public,no_research_link,0,,,,,0,,,,0,,,,no
notary,Notary,"Law, public service and public safety",public,public,no_research_link,0,,,,,0,,,,0,,,,no
ombudsman,Ombudsman,"Law, public service and public safety",public,public,no_research_link,0,,,,,0,,,,0,,,,no
paralegal,Paralegal,"Law, public service and public safety",public,public,direct_match,1,za-career-paralegal,Paralegal,"Law, Governance and Public Sector",,0,,,,0,,,,yes
parole-officer,Parole Officer,"Law, public service and public safety",public,public,suggestion_only,0,,,,,2,za-career-parole-board-official | za-career-parole-security-officer,Parole Board Official | Parole Security officer,"Safety, Security and Emergency Services",0,,,,yes
police-detective,Police Detective,"Law, public service and public safety",public,public,no_research_link,0,,,,,0,,,,0,,,,no
probation-officer,Probation Officer,"Law, public service and public safety",public,public,no_research_link,0,,,,,0,,,,0,,,,no
public-administrator,Public Administrator,"Law, public service and public safety",public,public,suggestion_only,0,,,,,5,za-career-administrative-and-governance-policy-manager | za-career-general-manager-public-service | za-career-office-administrator-public-service-administrator | za-career-policy-administrator | za-career-public-service-administrator,Administrative and Governance Policy Manager | General Manager Public Service | Office Administrator: Public Service Administrator | Policy Administrator | Public Service Administrator,"Law, Governance and Public Sector | Safety, Security and Emergency Services",0,,,,yes
public-prosecutor,Public Prosecutor,"Law, public service and public safety",public,public,suggestion_only,0,,,,,2,za-career-general-manager-public-service | za-career-public-service-administrator,General Manager Public Service | Public Service Administrator,"Law, Governance and Public Sector",0,,,,yes
public-protector,Public Protector,"Law, public service and public safety",public,public,suggestion_only,0,,,,,2,za-career-general-manager-public-service | za-career-public-service-administrator,General Manager Public Service | Public Service Administrator,"Law, Governance and Public Sector",0,,,,yes
sandf-member,SANDF Member,"Law, public service and public safety",public,public,no_research_link,0,,,,,0,,,,0,,,,no
saps-officer,SAPS Officer,"Law, public service and public safety",public,public,no_research_link,0,,,,,0,,,,0,,,,no
sars-official,SARS Official,"Law, public service and public safety",public,public,no_research_link,0,,,,,0,,,,0,,,,no
security-guard,Security Guard,"Law, public service and public safety",public,public,no_research_link,0,,,,,0,,,,0,,,,no
security-manager,Security Manager,"Law, public service and public safety",public,public,suggestion_only,0,,,,,8,za-career-correctional-services-manager | za-career-court-manager | za-career-legal-manager | za-career-legal-services-manager | za-career-nuclear-non-proliferation-and-radiation-security-manager | za-career-security-first-line-manager | za-career-security-reintegration-manager | za-career-unit-manager,Correctional Services Manager | Court Manager | Legal Manager | Legal Services Manager | Nuclear non -Proliferation and Radiation Security Manager | Security First Line Manager | Security/Reintegration Manager | Unit Manager,"TVET / Occupational and Workplace Pathways | Law, Governance and Public Sector | Energy and Green Economy | Safety, Security and Emergency Services",0,,,,yes
security-officer,Security Officer,"Law, public service and public safety",public,public,direct_match,1,za-career-security-officer,Security Officer,"Safety, Security and Emergency Services",82,7,za-career-corrections-security-officer | za-career-it-security-officer | za-career-parole-security-officer | za-career-protection-security-official | za-career-security-first-line-manager | za-career-social-security-administrator | za-career-social-security-assessor,Corrections Security Officer | IT Security Officer | Parole Security officer | Protection/Security Official | Security First Line Manager | Social Security Administrator | Social Security Assessor,"Safety, Security and Emergency Services | Business, Management and Administration | Education and Training",0,,,,yes
soldier,Soldier,"Law, public service and public safety",public,public,no_research_link,0,,,,,0,,,,0,,,,no
state-law-advisor,State Law Advisor,"Law, public service and public safety",public,public,direct_match,1,za-career-state-law-advisor,State Law Advisor,"Law, Governance and Public Sector",,0,,,,0,,,,yes
tax-inspector,Tax Inspector,"Law, public service and public safety",public,public,no_research_link,0,,,,,0,,,,0,,,,no
traffic-officer,Traffic Officer,"Law, public service and public safety",public,public,direct_match,1,za-career-traffic-officer,Traffic Officer,TVET / Occupational and Workplace Pathways,90,0,,,,0,,,,yes
air-traffic-controller,Air Traffic Controller,"Logistics, transport and supply chain",logistics,logistics,suggestion_only,0,,,,,1,za-career-traffic-controller,Traffic Controller,"Logistics, Transport and Supply Chain",0,,,,yes
aircraft-dispatcher,Aircraft Dispatcher,"Logistics, transport and supply chain",logistics,logistics,no_research_link,0,,,,,0,,,,0,,,,no
airport-operations-officer,Airport Operations Officer,"Logistics, transport and supply chain",logistics,logistics,suggestion_only,0,,,,,1,za-career-dispatching-and-receiving-clerk-officer,Dispatching and Receiving Clerk / Officer,"Logistics, Transport and Supply Chain",0,,,,yes
aviation-ground-staff,Aviation Ground Staff,"Logistics, transport and supply chain",logistics,logistics,no_research_link,0,,,,,0,,,,0,,,,no
boat-operator,Boat Operator,"Logistics, transport and supply chain",logistics,logistics,suggestion_only,0,,,,,1,za-career-boatswain-and-coxswain,Boatswain and Coxswain,"Logistics, Transport and Supply Chain",0,,,,yes
bus-driver,Bus Driver,"Logistics, transport and supply chain",logistics,logistics,direct_match,1,za-career-bus-driver,Bus Driver,"Logistics, Transport and Supply Chain",,1,za-career-tanker-driver,Tanker Driver,"Logistics, Transport and Supply Chain",0,,,,yes
clearing-and-forwarding-agent,Clearing and Forwarding Agent,"Logistics, transport and supply chain",logistics,logistics,direct_match,1,za-career-clearing-and-forwarding-agent,Clearing and Forwarding Agent,"Business, Management and Administration",,0,,,,0,,,,yes
cold-chain-logistics-specialist,Cold Chain Logistics Specialist,"Logistics, transport and supply chain",logistics,logistics,suggestion_only,0,,,,,1,za-career-cold-chain-logistics-coordinator,Cold Chain Logistics Coordinator,"Logistics, Transport and Customer Operations",0,,,,yes
courier,Courier,"Logistics, transport and supply chain",logistics,logistics,direct_match,1,za-career-courier,Courier,"Logistics, Transport and Supply Chain",,0,,,,0,,,,yes
customs-officer,Customs Officer,"Logistics, transport and supply chain",logistics,logistics,direct_match,1,za-career-customs-officer,Customs Officer,"Law, Governance and Public Sector",,1,za-career-dispatching-and-receiving-clerk-officer,Dispatching and Receiving Clerk / Officer,"Logistics, Transport and Supply Chain",0,,,,yes
delivery-driver,Delivery Driver,"Logistics, transport and supply chain",logistics,logistics,suggestion_only,0,,,,,2,za-career-delivery-platform-driver-partner | za-career-tanker-driver,Delivery Platform Driver-Partner | Tanker Driver,"Logistics, Transport and Customer Operations | Logistics, Transport and Supply Chain",0,,,,yes
disaster-management-officer,Disaster Management Officer,"Logistics, transport and supply chain",logistics,logistics,direct_match,1,za-career-disaster-management-officer,Disaster Management Officer,"Education, Public Sector and Creative Services",,0,,,,0,,,,yes
distribution-manager,Distribution Manager,"Logistics, transport and supply chain",logistics,logistics,suggestion_only,0,,,,,2,za-career-port-manager | za-career-supply-and-distribution-manager,Port Manager | Supply and Distribution Manager,"TVET / Occupational and Workplace Pathways | Logistics, Transport and Supply Chain",0,,,,yes
fleet-manager,Fleet Manager,"Logistics, transport and supply chain",logistics,logistics,direct_match,1,za-career-fleet-manager,Fleet Manager,"Logistics, Transport and Supply Chain",,1,za-career-port-manager,Port Manager,TVET / Occupational and Workplace Pathways,0,,,,yes
flight-attendant,Flight Attendant,"Logistics, transport and supply chain",logistics,logistics,direct_match,1,za-career-flight-attendant,Flight Attendant,TVET / Occupational and Workplace Pathways,,0,,,,0,,,,yes
forklift-driver,Forklift Driver,"Logistics, transport and supply chain",logistics,logistics,direct_match,1,za-career-forklift-driver,Forklift Driver,Trades and Artisan Careers,,1,za-career-tanker-driver,Tanker Driver,"Logistics, Transport and Supply Chain",0,,,,yes
freight-forwarder,Freight Forwarder,"Logistics, transport and supply chain",logistics,logistics,suggestion_only,0,,,,,1,za-career-freight-handler,Freight Handler,"Logistics, Transport and Supply Chain",0,,,,yes
heavy-truck-driver,Heavy Truck Driver,"Logistics, transport and supply chain",logistics,logistics,no_research_link,0,,,,,0,,,,0,,,,no
inventory-controller,Inventory Controller,"Logistics, transport and supply chain",logistics,logistics,suggestion_only,0,,,,,1,za-career-traffic-controller,Traffic Controller,"Logistics, Transport and Supply Chain",0,,,,yes
logistics-clerk,Logistics Clerk,"Logistics, transport and supply chain",logistics,logistics,suggestion_only,0,,,,,1,za-career-transport-clerk,Transport Clerk,"Logistics, Transport and Supply Chain",0,,,,yes
logistics-coordinator,Logistics Coordinator,"Logistics, transport and supply chain",logistics,logistics,suggestion_only,0,,,,,2,za-career-cold-chain-logistics-coordinator | za-career-returns-logistics-coordinator,Cold Chain Logistics Coordinator | Returns Logistics Coordinator,"Logistics, Transport and Customer Operations",0,,,,yes
logistics-manager,Logistics Manager,"Logistics, transport and supply chain",logistics,logistics,direct_match,1,za-career-logistics-manager,Logistics Manager,"Logistics, Transport and Supply Chain",37,1,za-career-port-manager,Port Manager,TVET / Occupational and Workplace Pathways,0,,,,yes
mail-sorter,Mail Sorter,"Logistics, transport and supply chain",logistics,logistics,no_research_link,0,,,,,0,,,,0,,,,no
pilot,Pilot,"Logistics, transport and supply chain",logistics,logistics,suggestion_only,0,,,,,1,za-career-aeroplane-pilot,Aeroplane Pilot,"Logistics, Transport and Supply Chain",0,,,,yes
port-worker,Port Worker,"Logistics, transport and supply chain",logistics,logistics,no_research_link,0,,,,,0,,,,0,,,,no
post-office-manager,Post Office Manager,"Logistics, transport and supply chain",logistics,logistics,no_research_link,0,,,,,0,,,,0,,,,no
postal-worker,Postal Worker,"Logistics, transport and supply chain",logistics,logistics,no_research_link,0,,,,,0,,,,0,,,,no
procurement-manager,Procurement Manager,"Logistics, transport and supply chain",logistics,logistics,no_research_link,0,,,,,0,,,,0,,,,no
route-planner,Route Planner,"Logistics, transport and supply chain",logistics,logistics,suggestion_only,0,,,,,2,za-career-demand-planner | za-career-supply-planner,Demand Planner | Supply Planner,"Logistics, Transport and Customer Operations",0,,,,yes
ship-captain,Ship Captain,"Logistics, transport and supply chain",logistics,logistics,no_research_link,0,,,,,0,,,,0,,,,no
shipping-and-receiving-clerk,Shipping and Receiving Clerk,"Logistics, transport and supply chain",logistics,logistics,suggestion_only,0,,,,,2,za-career-dispatching-and-receiving-clerk | za-career-dispatching-and-receiving-clerk-officer,Dispatching and Receiving Clerk | Dispatching and Receiving Clerk / Officer,"Logistics, Transport and Supply Chain",0,,,,yes
shipping-clerk,Shipping Clerk,"Logistics, transport and supply chain",logistics,logistics,suggestion_only,0,,,,,1,za-career-transport-clerk,Transport Clerk,"Logistics, Transport and Supply Chain",0,,,,yes
ships-deck-officer,Ships Deck Officer,"Logistics, transport and supply chain",logistics,logistics,suggestion_only,0,,,,,1,za-career-deck-hand,Deck Hand (Able Seaman),"Logistics, Transport and Supply Chain",0,,,,yes
stevedore,Stevedore,"Logistics, transport and supply chain",logistics,logistics,no_research_link,0,,,,,0,,,,0,,,,no
stock-clerk,Stock Clerk,"Logistics, transport and supply chain",logistics,logistics,suggestion_only,0,,,,,1,za-career-transport-clerk,Transport Clerk,"Logistics, Transport and Supply Chain",0,,,,yes
supply-chain-analyst,Supply Chain Analyst,"Logistics, transport and supply chain",logistics,logistics,suggestion_only,0,,,,,4,za-career-spaza-supply-chain-coordinator | za-career-supply-chain-clerk | za-career-supply-chain-executive | za-career-supply-chain-practitioner,Spaza Supply Chain Coordinator | Supply chain clerk | Supply Chain Executive | Supply Chain Practitioner,"Logistics, Transport and Customer Operations | Logistics, Transport and Supply Chain",0,,,,yes
supply-chain-manager,Supply Chain Manager,"Logistics, transport and supply chain",logistics,logistics,direct_match,2,za-career-logistics-and-supply-chain-manager | za-career-supply-chain-manager,Logistics and Supply Chain Manager | Supply Chain Manager,"Logistics Transport and Supply Chain | Logistics, Transport and Supply Chain",38,5,za-career-spaza-supply-chain-coordinator | za-career-supply-and-distribution-manager | za-career-supply-chain-clerk | za-career-supply-chain-executive | za-career-supply-chain-practitioner,Spaza Supply Chain Coordinator | Supply and Distribution Manager | Supply chain clerk | Supply Chain Executive | Supply Chain Practitioner,"Logistics, Transport and Customer Operations | Logistics, Transport and Supply Chain",0,,,,yes
supply-chain-planner,Supply Chain Planner,"Logistics, transport and supply chain",logistics,logistics,suggestion_only,0,,,,,5,za-career-spaza-supply-chain-coordinator | za-career-supply-chain-clerk | za-career-supply-chain-executive | za-career-supply-chain-practitioner | za-career-supply-planner,Spaza Supply Chain Coordinator | Supply chain clerk | Supply Chain Executive | Supply Chain Practitioner | Supply Planner,"Logistics, Transport and Customer Operations | Logistics, Transport and Supply Chain",0,,,,yes
taxi-driver,Taxi Driver,"Logistics, transport and supply chain",logistics,logistics,direct_match,1,za-career-taxi-driver,Taxi Driver,"Finance, Banking and Insurance",,0,,,,0,,,,yes
train-driver,Train Driver,"Logistics, transport and supply chain",logistics,logistics,direct_match,1,za-career-train-driver,Train Driver,"Logistics, Transport and Supply Chain",,0,,,,0,,,,yes
transport-planner,Transport Planner,"Logistics, transport and supply chain",logistics,logistics,suggestion_only,0,,,,,3,za-career-demand-planner | za-career-supply-planner | za-career-transport-analyst,Demand Planner | Supply Planner | Transport Analyst,"Logistics, Transport and Customer Operations | Logistics, Transport and Supply Chain",0,,,,yes
truck-driver,Truck Driver,"Logistics, transport and supply chain",logistics,logistics,direct_match,1,za-career-truck-driver,Truck Driver,"Logistics, Transport and Supply Chain",81,0,,,,0,,,,yes
warehouse-manager,Warehouse Manager,"Logistics, transport and supply chain",logistics,logistics,direct_match,1,za-career-warehouse-manager,Warehouse Manager,"Logistics, Transport and Supply Chain",73,0,,,,0,,,,yes
warehouse-supervisor,Warehouse Supervisor,"Logistics, transport and supply chain",logistics,logistics,no_research_link,0,,,,,0,,,,0,,,,no
academic-dean,Academic Dean,"Management, strategy and leadership",people,mixed,no_research_link,0,,,,,0,,,,0,,,,no
administration-manager,Administration Manager,"Management, strategy and leadership",people,mixed,no_research_link,0,,,,,0,,,,0,,,,no
area-manager,Area Manager,"Management, strategy and leadership",people,mixed,no_research_link,0,,,,,0,,,,0,,,,no
arts-and-culture-manager,Arts and Culture Manager,"Management, strategy and leadership",people,mixed,no_research_link,0,,,,,0,,,,0,,,,no
board-member,Board Member,"Management, strategy and leadership",people,mixed,no_research_link,0,,,,,0,,,,0,,,,no
business-analyst-senior,Business Analyst (Senior),"Management, strategy and leadership",people,mixed,no_research_link,0,,,,,0,,,,0,,,,no
business-consultant,Business Consultant,"Management, strategy and leadership",people,mixed,no_research_link,0,,,,,0,,,,0,,,,no
change-manager,Change Manager,"Management, strategy and leadership",people,mixed,no_research_link,0,,,,,0,,,,0,,,,no
chief-executive-officer,Chief Executive Officer,"Management, strategy and leadership",people,mixed,no_research_link,0,,,,,0,,,,0,,,,no
chief-financial-officer,Chief Financial Officer,"Management, strategy and leadership",people,mixed,direct_match,1,za-career-chief-financial-officer,Chief Financial Officer,"Business, Management and Administration",,0,,,,0,,,,yes
chief-operations-officer,Chief Operations Officer,"Management, strategy and leadership",people,mixed,no_research_link,0,,,,,0,,,,0,,,,no
chief-technology-officer,Chief Technology Officer,"Management, strategy and leadership",people,mixed,no_research_link,0,,,,,0,,,,0,,,,no
clinical-director,Clinical Director,"Management, strategy and leadership",people,mixed,no_research_link,0,,,,,0,,,,0,,,,no
club-manager,Club Manager,"Management, strategy and leadership",people,mixed,no_research_link,0,,,,,0,,,,0,,,,no
communications-director,Communications Director,"Management, strategy and leadership",people,mixed,no_research_link,0,,,,,0,,,,0,,,,no
company-secretary,Company Secretary,"Management, strategy and leadership",people,mixed,direct_match,1,za-career-company-secretary,Company Secretary,TVET / Occupational and Workplace Pathways,,0,,,,0,,,,yes
compliance-manager,Compliance Manager,"Management, strategy and leadership",people,mixed,no_research_link,0,,,,,0,,,,0,,,,no
contracts-manager,Contracts Manager,"Management, strategy and leadership",people,mixed,no_research_link,0,,,,,0,,,,0,,,,no
data-protection-officer,Data Protection Officer,"Management, strategy and leadership",people,mixed,no_research_link,0,,,,,0,,,,0,,,,no
diversity-and-inclusion-manager,Diversity and Inclusion Manager,"Management, strategy and leadership",people,mixed,no_research_link,0,,,,,0,,,,0,,,,no
engineering-manager,Engineering Manager,"Management, strategy and leadership",people,mixed,direct_match,1,za-career-engineering-manager,Engineering Manager,Engineering and Built Environment,,0,,,,0,,,,yes
entrepreneur,Entrepreneur,"Management, strategy and leadership",people,mixed,no_research_link,0,,,,,0,,,,0,,,,no
faculty-head,Faculty Head,"Management, strategy and leadership",people,mixed,direct_match,1,za-career-faculty-head,Faculty Head,Education and Training,,0,,,,0,,,,yes
finance-director,Finance Director,"Management, strategy and leadership",people,mixed,no_research_link,0,,,,,0,,,,0,,,,no
general-manager,General Manager,"Management, strategy and leadership",people,mixed,no_research_link,0,,,,,0,,,,0,,,,no
government-director,Government Director,"Management, strategy and leadership",people,mixed,no_research_link,0,,,,,0,,,,0,,,,no
hospital-ceo,Hospital CEO,"Management, strategy and leadership",people,mixed,no_research_link,0,,,,,0,,,,0,,,,no
hotel-general-manager,Hotel General Manager,"Management, strategy and leadership",people,mixed,no_research_link,0,,,,,0,,,,0,,,,no
hr-manager,HR Manager,"Management, strategy and leadership",people,mixed,no_research_link,0,,,,,0,,,,0,,,,no
human-resources-director,Human Resources Director,"Management, strategy and leadership",people,mixed,no_research_link,0,,,,,0,,,,0,,,,no
ict-director,ICT Director,"Management, strategy and leadership",people,mixed,no_research_link,0,,,,,0,,,,0,,,,no
information-security-manager,Information Security Manager,"Management, strategy and leadership",people,mixed,no_research_link,0,,,,,0,,,,0,,,,no
innovation-manager,Innovation Manager,"Management, strategy and leadership",people,mixed,no_research_link,0,,,,,0,,,,0,,,,no
investment-manager,Investment Manager,"Management, strategy and leadership",people,mixed,direct_match,1,za-career-investment-manager,Investment Manager,"Finance, Banking and Insurance",,0,,,,0,,,,yes
labour-relations-manager,Labour Relations Manager,"Management, strategy and leadership",people,mixed,no_research_link,0,,,,,0,,,,0,,,,no
managing-director,Managing Director,"Management, strategy and leadership",people,mixed,no_research_link,0,,,,,0,,,,0,,,,no
managing-partner-professional-services,Managing Partner (Professional Services),"Management, strategy and leadership",people,mixed,no_research_link,0,,,,,0,,,,0,,,,no
marketing-director,Marketing Director,"Management, strategy and leadership",people,mixed,no_research_link,0,,,,,0,,,,0,,,,no
mine-manager,Mine Manager,"Management, strategy and leadership",people,mixed,no_research_link,0,,,,,0,,,,0,,,,no
municipal-manager,Municipal Manager,"Management, strategy and leadership",people,mixed,no_research_link,0,,,,,0,,,,0,,,,no
non-executive-director,Non-Executive Director,"Management, strategy and leadership",people,mixed,no_research_link,0,,,,,0,,,,0,,,,no
nursing-manager,Nursing Manager,"Management, strategy and leadership",people,mixed,no_research_link,0,,,,,0,,,,0,,,,no
operations-manager,Operations Manager,"Management, strategy and leadership",people,mixed,no_research_link,0,,,,,0,,,,0,,,,no
organisational-development-manager,Organisational Development Manager,"Management, strategy and leadership",people,mixed,no_research_link,0,,,,,0,,,,0,,,,no
plant-manager,Plant Manager,"Management, strategy and leadership",people,mixed,no_research_link,0,,,,,0,,,,0,,,,no
policy-director,Policy Director,"Management, strategy and leadership",people,mixed,no_research_link,0,,,,,0,,,,0,,,,no
portfolio-manager,Portfolio Manager,"Management, strategy and leadership",people,mixed,no_research_link,0,,,,,0,,,,0,,,,no
programme-manager,Programme Manager,"Management, strategy and leadership",people,mixed,no_research_link,0,,,,,0,,,,0,,,,no
project-manager,Project Manager,"Management, strategy and leadership",people,mixed,direct_match,1,za-career-project-manager,Project Manager,TVET / Occupational and Workplace Pathways,96,0,,,,0,,,,yes
public-sector-manager,Public Sector Manager,"Management, strategy and leadership",people,mixed,no_research_link,0,,,,,0,,,,0,,,,no
recruitment-manager,Recruitment Manager,"Management, strategy and leadership",people,mixed,direct_match,1,za-career-recruitment-manager,Recruitment Manager,Human Resources and People,,0,,,,0,,,,yes
research-director,Research Director,"Management, strategy and leadership",people,mixed,no_research_link,0,,,,,0,,,,0,,,,no
restaurant-general-manager,Restaurant General Manager,"Management, strategy and leadership",people,mixed,no_research_link,0,,,,,0,,,,0,,,,no
retail-general-manager,Retail General Manager,"Management, strategy and leadership",people,mixed,direct_match,1,za-career-retail-general-manager,Retail General Manager,"Retail, Sales and Customer Experience",,0,,,,0,,,,yes
risk-manager,Risk Manager,"Management, strategy and leadership",people,mixed,no_research_link,0,,,,,0,,,,0,,,,no
sales-director,Sales Director,"Management, strategy and leadership",people,mixed,no_research_link,0,,,,,0,,,,0,,,,no
small-business-owner,Small Business Owner,"Management, strategy and leadership",people,mixed,no_research_link,0,,,,,0,,,,0,,,,no
sport-manager,Sport Manager,"Management, strategy and leadership",people,mixed,no_research_link,0,,,,,0,,,,0,,,,no
startup-founder,Startup Founder,"Management, strategy and leadership",people,mixed,no_research_link,0,,,,,0,,,,0,,,,no
strategy-manager,Strategy Manager,"Management, strategy and leadership",people,mixed,no_research_link,0,,,,,0,,,,0,,,,no
supply-chain-director,Supply Chain Director,"Management, strategy and leadership",people,mixed,no_research_link,0,,,,,0,,,,0,,,,no
sustainability-director,Sustainability Director,"Management, strategy and leadership",people,mixed,no_research_link,0,,,,,0,,,,0,,,,no
talent-manager,Talent Manager,"Management, strategy and leadership",people,mixed,no_research_link,0,,,,,0,,,,0,,,,no
training-and-development-manager,Training and Development Manager,"Management, strategy and leadership",people,mixed,no_research_link,0,,,,,0,,,,0,,,,no
transformation-manager,Transformation Manager,"Management, strategy and leadership",people,mixed,no_research_link,0,,,,,0,,,,0,,,,no
treasury-manager,Treasury Manager,"Management, strategy and leadership",people,mixed,no_research_link,0,,,,,0,,,,0,,,,no
agile-coach,Agile Coach,"Manufacturing, mining and energy",engineering,trade,no_research_link,0,,,,,0,,,,0,,,,no
assembly-worker,Assembly Worker,"Manufacturing, mining and energy",engineering,trade,suggestion_only,0,,,,,3,za-career-bench-worker | za-career-machinery-assembler | za-career-manufacturing-workshop-assistant,Bench Worker | Machinery Assembler | Manufacturing Workshop Assistant,Manufacturing and Industrial,0,,,,yes
blaster,Blaster,"Manufacturing, mining and energy",engineering,trade,suggestion_only,0,,,,,1,za-career-sand-blaster,Sand Blaster,Manufacturing and Industrial,0,,,,yes
bulldozer-operator,Bulldozer Operator,"Manufacturing, mining and energy",engineering,trade,direct_match,1,za-career-bulldozer-operator,Bulldozer Operator,"Logistics, Transport and Supply Chain",,20,za-career-annealing-operator | za-career-backhoe-operator | za-career-bath-operator | za-career-checkout-operator | za-career-dozer-operator | za-career-dragline-operator | za-career-guillotine-operator | za-career-intelligence-operator | za-career-jetty-operator | za-career-lift-operator | za-career-loader-operator | za-career-mining-operator,Annealing Operator | Backhoe Operator | Bath Operator | Checkout Operator | Dozer Operator | Dragline Operator | Guillotine Operator | Intelligence Operator | Jetty Operator | Lift Operator | Loader Operator | Mining Operator (Drill Rig Operator: Underground Coal),Manufacturing and Industrial | Mining and Natural Resources,0,,,,yes
carpet-fitter,Carpet Fitter,"Manufacturing, mining and energy",engineering,trade,no_research_link,0,,,,,0,,,,0,,,,no
chemical-engineer,Chemical Engineer,"Manufacturing, mining and energy",engineering,trade,direct_match,1,za-career-chemical-engineer,Chemical Engineer,Engineering and Built Environment,,0,,,,0,,,,yes
chemical-engineering-technician,Chemical Engineering Technician,"Manufacturing, mining and energy",engineering,trade,direct_match,1,za-career-chemical-engineering-technician,Chemical Engineering Technician,Engineering and Built Environment,,1,za-career-chemical-manufacturing-technician,Chemical Manufacturing Technician (Glass Manufacturing),Manufacturing and Industrial,0,,,,yes
chemical-plant-operator,Chemical Plant Operator,"Manufacturing, mining and energy",engineering,trade,direct_match,1,za-career-chemical-plant-operator,Chemical Plant Operator,Manufacturing and Industrial,,13,za-career-auxiliary-fossil-power-plant-operator | za-career-biogas-plant-operator | za-career-bulk-materials-handling-plant-operator | za-career-chemical-plant-controller | za-career-chemical-production-machine-operator | za-career-fossil-power-plant-operator | za-career-green-hydrogen-plant-operator | za-career-hydro-power-plant-operator | za-career-logging-plant-operator | za-career-metal-processing-plant-operator | za-career-mineral-processing-plant-operator | za-career-motorised-farm-and-forestry-plant-operator,Auxiliary Fossil Power Plant Operator | Biogas Plant Operator | Bulk Materials Handling Plant Operator | Chemical Plant Controller | Chemical Production Machine Operator | Fossil Power Plant Operator | Green Hydrogen Plant Operator | Hydro Power Plant Operator | Logging Plant Operator | Metal Processing Plant Operator | Mineral Processing Plant Operator | Motorised Farm and Forestry Plant Operator,Manufacturing and Industrial | Energy and Green Economy | Mining and Natural Resources,0,,,,yes
conveyor-operator,Conveyor Operator,"Manufacturing, mining and energy",engineering,trade,suggestion_only,0,,,,,20,za-career-annealing-operator | za-career-backhoe-operator | za-career-bath-operator | za-career-checkout-operator | za-career-dozer-operator | za-career-dragline-operator | za-career-guillotine-operator | za-career-intelligence-operator | za-career-jetty-operator | za-career-lift-operator | za-career-loader-operator | za-career-mining-operator,Annealing Operator | Backhoe Operator | Bath Operator | Checkout Operator | Dozer Operator | Dragline Operator | Guillotine Operator | Intelligence Operator | Jetty Operator | Lift Operator | Loader Operator | Mining Operator (Drill Rig Operator: Underground Coal),Manufacturing and Industrial | Mining and Natural Resources,0,,,,yes
dressmaker,Dressmaker,"Manufacturing, mining and energy",engineering,trade,no_research_link,0,,,,,0,,,,0,,,,no
dump-truck-operator,Dump Truck Operator,"Manufacturing, mining and energy",engineering,trade,direct_match,1,za-career-dump-truck-operator,Dump Truck Operator,Manufacturing and Industrial,,1,za-career-service-truck-operator,Service Truck Operator,Manufacturing and Industrial,0,,,,yes
electroplating-worker,Electroplating Worker,"Manufacturing, mining and energy",engineering,trade,suggestion_only,0,,,,,2,za-career-bench-worker | za-career-manufacturing-workshop-assistant,Bench Worker | Manufacturing Workshop Assistant,Manufacturing and Industrial,0,,,,yes
energy-technician,Energy Technician,"Manufacturing, mining and energy",engineering,trade,suggestion_only,0,,,,,9,za-career-3d-printing-technician | za-career-electrolyser-technician | za-career-energy-efficiency-technician | za-career-energy-officer | za-career-ev-battery-technician | za-career-geological-technician | za-career-geophysical-technician | za-career-manufacturing-technician | za-career-waste-to-energy-technician,3D Printing Technician | Electrolyser Technician | Energy Efficiency Technician | Energy Officer | EV Battery Technician | Geological Technician (Marine Mining Geological Technician) | Geophysical Technician | Manufacturing Technician | Waste-to-Energy Technician,"Mining, Manufacturing, Science and Financial Risk | Energy and Green Economy | Business, Management and Administration | Mining and Natural Resources | Manufacturing and Industrial",0,,,,yes
excavator-operator,Excavator Operator,"Manufacturing, mining and energy",engineering,trade,direct_match,1,za-career-excavator-operator,Excavator Operator,Manufacturing and Industrial,,19,za-career-annealing-operator | za-career-backhoe-operator | za-career-bath-operator | za-career-checkout-operator | za-career-dozer-operator | za-career-dragline-operator | za-career-guillotine-operator | za-career-intelligence-operator | za-career-jetty-operator | za-career-lift-operator | za-career-loader-operator | za-career-mining-operator,Annealing Operator | Backhoe Operator | Bath Operator | Checkout Operator | Dozer Operator | Dragline Operator | Guillotine Operator | Intelligence Operator | Jetty Operator | Lift Operator | Loader Operator | Mining Operator (Drill Rig Operator: Underground Coal),Manufacturing and Industrial | Mining and Natural Resources,0,,,,yes
explosives-worker,Explosives Worker,"Manufacturing, mining and energy",engineering,trade,suggestion_only,0,,,,,2,za-career-bench-worker | za-career-manufacturing-workshop-assistant,Bench Worker | Manufacturing Workshop Assistant,Manufacturing and Industrial,0,,,,yes
forklift-operator,Forklift Operator,"Manufacturing, mining and energy",engineering,trade,no_research_link,0,,,,,0,,,,0,,,,no
furnace-operator,Furnace Operator,"Manufacturing, mining and energy",engineering,trade,no_research_link,0,,,,,0,,,,0,,,,no
geologist,Geologist,"Manufacturing, mining and energy",engineering,trade,direct_match,1,za-career-geologist,Geologist,Mining and Natural Resources,29,1,za-career-geological-technician,Geological Technician (Marine Mining Geological Technician),Mining and Natural Resources,0,,,,yes
geophysicist,Geophysicist,"Manufacturing, mining and energy",engineering,trade,direct_match,1,za-career-geophysicist,Geophysicist,Mining and Natural Resources,,1,za-career-geophysical-technician,Geophysical Technician,Mining and Natural Resources,0,,,,yes
grader-operator,Grader Operator,"Manufacturing, mining and energy",engineering,trade,direct_match,1,za-career-grader-operator,Grader Operator,"Logistics, Transport and Supply Chain",,1,za-career-surface-grader-operator,Surface Grader Operator,Manufacturing and Industrial,0,,,,yes
grinding-machine-operator,Grinding Machine Operator,"Manufacturing, mining and energy",engineering,trade,suggestion_only,0,,,,,50,za-career-adhesive-binding-machine-operator | za-career-beam-house-machine-operator | za-career-beaming-and-sizing-machine-operator | za-career-braiding-machine-operator | za-career-carton-glue-machine-operator | za-career-chemical-production-machine-operator | za-career-coating-machine-operator | za-career-concrete-products-machine-operator | za-career-creeling-and-warping-machine-operator | za-career-folding-machine-operator | za-career-footwear-bottomstock-production-machine-operator | za-career-footwear-closing-production-machine-operator,Adhesive Binding Machine Operator | Beam House Machine Operator | Beaming and Sizing Machine Operator | Braiding Machine Operator | Carton Glue Machine Operator | Chemical Production Machine Operator | Coating Machine Operator | Concrete Products Machine Operator | Creeling and Warping Machine Operator | Folding Machine Operator | Footwear Bottomstock Production Machine Operator | Footwear Closing Production Machine Operator,Manufacturing and Industrial,0,,,,yes
hoist-operator,Hoist Operator,"Manufacturing, mining and energy",engineering,trade,suggestion_only,0,,,,,1,za-career-crane-or-hoist-operator,Crane or Hoist Operator (Onsetter),Manufacturing and Industrial,0,,,,yes
industrial-chemist,Industrial Chemist,"Manufacturing, mining and energy",engineering,trade,no_research_link,0,,,,,0,,,,0,,,,no
laboratory-manager,Laboratory Manager,"Manufacturing, mining and energy",engineering,trade,direct_match,1,za-career-laboratory-manager,Laboratory Manager,"Business, Management and Administration",,2,za-career-nuclear-manager | za-career-sustainability-manager,Nuclear Manager | Sustainability Manager,Energy and Green Economy,0,,,,yes
laboratory-technician-manufacturing,Laboratory Technician (Manufacturing),"Manufacturing, mining and energy",engineering,trade,suggestion_only,0,,,,,6,za-career-3d-printing-technician | za-career-electrolyser-technician | za-career-ev-battery-technician | za-career-geological-technician | za-career-geophysical-technician | za-career-manufacturing-technician,3D Printing Technician | Electrolyser Technician | EV Battery Technician | Geological Technician (Marine Mining Geological Technician) | Geophysical Technician | Manufacturing Technician,"Mining, Manufacturing, Science and Financial Risk | Energy and Green Economy | Mining and Natural Resources | Manufacturing and Industrial",0,,,,yes
lathe-operator,Lathe Operator,"Manufacturing, mining and energy",engineering,trade,direct_match,1,za-career-lathe-operator,Lathe Operator,Manufacturing and Industrial,,0,,,,0,,,,yes
leather-worker,Leather Worker,"Manufacturing, mining and energy",engineering,trade,no_research_link,0,,,,,0,,,,0,,,,no
machine-operator,Machine Operator,"Manufacturing, mining and energy",engineering,trade,suggestion_only,0,,,,,50,za-career-adhesive-binding-machine-operator | za-career-beam-house-machine-operator | za-career-beaming-and-sizing-machine-operator | za-career-braiding-machine-operator | za-career-carton-glue-machine-operator | za-career-chemical-production-machine-operator | za-career-coating-machine-operator | za-career-concrete-products-machine-operator | za-career-creeling-and-warping-machine-operator | za-career-folding-machine-operator | za-career-footwear-bottomstock-production-machine-operator | za-career-footwear-closing-production-machine-operator,Adhesive Binding Machine Operator | Beam House Machine Operator | Beaming and Sizing Machine Operator | Braiding Machine Operator | Carton Glue Machine Operator | Chemical Production Machine Operator | Coating Machine Operator | Concrete Products Machine Operator | Creeling and Warping Machine Operator | Folding Machine Operator | Footwear Bottomstock Production Machine Operator | Footwear Closing Production Machine Operator,Manufacturing and Industrial,0,,,,yes
manufacturing-manager,Manufacturing Manager,"Manufacturing, mining and energy",engineering,trade,suggestion_only,0,,,,,4,za-career-manufacturing-operations-manager | za-career-manufacturing-technician | za-career-nuclear-manager | za-career-sustainability-manager,Manufacturing Operations Manager | Manufacturing Technician | Nuclear Manager | Sustainability Manager,Manufacturing and Industrial | Energy and Green Economy,0,,,,yes
materials-handler,Materials Handler,"Manufacturing, mining and energy",engineering,trade,suggestion_only,0,,,,,2,za-career-bulk-materials-handling-plant-operator | za-career-materials-recycler,Bulk Materials Handling Plant Operator | Materials Recycler (Paper and Packaging Collector),Manufacturing and Industrial,0,,,,yes
materials-scientist,Materials Scientist,"Manufacturing, mining and energy",engineering,trade,direct_match,1,za-career-materials-scientist,Materials Scientist,Science and Research,,1,za-career-materials-recycler,Materials Recycler (Paper and Packaging Collector),Manufacturing and Industrial,0,,,,yes
metal-casting-worker,Metal Casting Worker,"Manufacturing, mining and energy",engineering,trade,suggestion_only,0,,,,,1,za-career-metal-manufacturing-casting-process-nqf-level-controller-4-102154-occupational-certificate-metal-manufacturing-electrolysis-process-controller,Metal Manufacturing Casting Process NQF Level Controller 4 102154 Occupational Certificate Metal Manufacturing Electrolysis Process Controller,Manufacturing and Industrial,0,,,,yes
metallurgical-engineer,Metallurgical Engineer,"Manufacturing, mining and energy",engineering,trade,direct_match,1,za-career-metallurgical-engineer,Metallurgical Engineer,Engineering and Built Environment,,0,,,,0,,,,yes
metallurgist,Metallurgist,"Manufacturing, mining and energy",engineering,trade,direct_match,1,za-career-metallurgist,Metallurgist,Mining and Natural Resources,,0,,,,0,,,,yes
milling-machine-operator,Milling Machine Operator,"Manufacturing, mining and energy",engineering,trade,direct_match,1,za-career-milling-machine-operator,Milling Machine Operator,Manufacturing and Industrial,,50,za-career-adhesive-binding-machine-operator | za-career-beam-house-machine-operator | za-career-beaming-and-sizing-machine-operator | za-career-braiding-machine-operator | za-career-carton-glue-machine-operator | za-career-coating-machine-operator | za-career-concrete-products-machine-operator | za-career-creeling-and-warping-machine-operator | za-career-dry-mill-operator | za-career-folding-machine-operator | za-career-footwear-bottomstock-production-machine-operator | za-career-footwear-closing-production-machine-operator,Adhesive Binding Machine Operator | Beam House Machine Operator | Beaming and Sizing Machine Operator | Braiding Machine Operator | Carton Glue Machine Operator | Coating Machine Operator | Concrete Products Machine Operator | Creeling and Warping Machine Operator | Dry Mill Operator | Folding Machine Operator | Footwear Bottomstock Production Machine Operator | Footwear Closing Production Machine Operator,Manufacturing and Industrial,0,,,,yes
mine-loader,Mine Loader,"Manufacturing, mining and energy",engineering,trade,suggestion_only,0,,,,,2,za-career-mineralogist | za-career-mining-technician-mine-ventilation-observer,Mineralogist | Mining Technician: Mine Ventilation Observer,Mining and Natural Resources,0,,,,yes
mine-overseer,Mine Overseer,"Manufacturing, mining and energy",engineering,trade,suggestion_only,0,,,,,2,za-career-mineralogist | za-career-mining-technician-mine-ventilation-observer,Mineralogist | Mining Technician: Mine Ventilation Observer,Mining and Natural Resources,0,,,,yes
mine-planner,Mine Planner,"Manufacturing, mining and energy",engineering,trade,no_research_link,0,,,,,0,,,,0,,,,no
mine-safety-officer,Mine Safety Officer,"Manufacturing, mining and energy",engineering,trade,suggestion_only,0,,,,,5,za-career-environmental-health-and-safety-officer | za-career-hydrogen-safety-officer | za-career-mineral-and-petroleum-titles-registration-office-manager | za-career-mineral-laws-administration-officer | za-career-underground-coal-continuous-miner,Environmental Health and Safety Officer | Hydrogen Safety Officer | Mineral and Petroleum Titles Registration Office Manager | Mineral Laws Administration Officer | Underground Coal Continuous Miner,Energy and Green Economy | Mining and Natural Resources,0,,,,yes
mine-surveyor,Mine Surveyor,"Manufacturing, mining and energy",engineering,trade,suggestion_only,0,,,,,2,za-career-mine-surveying-inspector | za-career-mine-surveying-manager,Mine Surveying Inspector | Mine Surveying Manager,Mining and Natural Resources,0,,,,yes
miner,Miner,"Manufacturing, mining and energy",engineering,trade,direct_match,1,za-career-miner,Miner,Mining and Natural Resources,,1,za-career-mineralogist,Mineralogist,Mining and Natural Resources,0,,,,yes
mining-engineer,Mining Engineer,"Manufacturing, mining and energy",engineering,trade,direct_match,1,za-career-mining-engineer,Mining Engineer,Mining and Natural Resources,28,1,za-career-mining-engineering-manager,Mining Engineering Manager,Engineering and Built Environment,0,,,,yes
mining-manager,Mining Manager,"Manufacturing, mining and energy",engineering,trade,direct_match,1,za-career-mining-manager,Mining Manager,Mining and Natural Resources,,8,za-career-mine-communities-and-stakeholder-engagement-manager | za-career-mine-surveying-manager | za-career-mineral-and-petroleum-titles-registration-office-manager | za-career-mineral-regulation-and-administration-manager | za-career-mineral-resources-manager | za-career-mining-engineering-manager | za-career-nuclear-manager | za-career-sustainability-manager,Mine Communities and Stakeholder Engagement Manager | Mine Surveying Manager | Mineral and Petroleum Titles Registration Office Manager | Mineral Regulation and Administration Manager | Mineral Resources Manager | Mining Engineering Manager | Nuclear Manager | Sustainability Manager,Mining and Natural Resources | Energy and Green Economy | Engineering and Built Environment,0,,,,yes
mining-technician,Mining Technician,"Manufacturing, mining and energy",engineering,trade,direct_match,1,za-career-mining-technician,Mining Technician,Mining and Natural Resources,,6,za-career-3d-printing-technician | za-career-electrolyser-technician | za-career-ev-battery-technician | za-career-mining-technician-mining-sampler | za-career-mining-technician-mine-ventilation-observer | za-career-mining-technician-strata-control-practitioner,3D Printing Technician | Electrolyser Technician | EV Battery Technician | Mining Technician (Mining Sampler: | Mining Technician: Mine Ventilation Observer | Mining Technician: Strata Control Practitioner (Coal),"Mining, Manufacturing, Science and Financial Risk | Energy and Green Economy | Mining and Natural Resources",0,,,,yes
mould-maker,Mould Maker,"Manufacturing, mining and energy",engineering,trade,suggestion_only,0,,,,,1,za-career-moulder,Moulder,Manufacturing and Industrial,0,,,,yes
packaging-operator,Packaging Operator,"Manufacturing, mining and energy",engineering,trade,no_research_link,0,,,,,0,,,,0,,,,no
paint-sprayer-industrial,Paint Sprayer (Industrial),"Manufacturing, mining and energy",engineering,trade,no_research_link,0,,,,,0,,,,0,,,,no
petroleum-engineer,Petroleum Engineer,"Manufacturing, mining and energy",engineering,trade,direct_match,1,za-career-petroleum-engineer,Petroleum Engineer,Engineering and Built Environment,,0,,,,0,,,,yes
plant-operator,Plant Operator,"Manufacturing, mining and energy",engineering,trade,suggestion_only,0,,,,,11,za-career-auxiliary-fossil-power-plant-operator | za-career-biogas-plant-operator | za-career-bulk-materials-handling-plant-operator | za-career-fossil-power-plant-operator | za-career-green-hydrogen-plant-operator | za-career-hydro-power-plant-operator | za-career-logging-plant-operator | za-career-metal-processing-plant-operator | za-career-mineral-processing-plant-operator | za-career-motorised-farm-and-forestry-plant-operator | za-career-nuclear-power-plant-operator,Auxiliary Fossil Power Plant Operator | Biogas Plant Operator | Bulk Materials Handling Plant Operator | Fossil Power Plant Operator | Green Hydrogen Plant Operator | Hydro Power Plant Operator | Logging Plant Operator | Metal Processing Plant Operator | Mineral Processing Plant Operator | Motorised Farm and Forestry Plant Operator | Nuclear Power Plant Operator,Manufacturing and Industrial | Energy and Green Economy | Mining and Natural Resources,0,,,,yes
plastics-worker,Plastics Worker,"Manufacturing, mining and energy",engineering,trade,no_research_link,0,,,,,0,,,,0,,,,no
power-plant-operator,Power Plant Operator,"Manufacturing, mining and energy",engineering,trade,suggestion_only,0,,,,,14,za-career-auxiliary-fossil-power-plant-operator | za-career-biogas-plant-operator | za-career-fossil-power-plant-operator | za-career-fossil-power-plant-process-controller | za-career-gas-turbine-power-plant-process-controller | za-career-green-hydrogen-plant-operator | za-career-hydro-power-plant-operator | za-career-hydro-power-plant-process-controller | za-career-logging-plant-operator | za-career-metal-processing-plant-operator | za-career-mineral-processing-plant-operator | za-career-motorised-farm-and-forestry-plant-operator,Auxiliary Fossil Power Plant Operator | Biogas Plant Operator | Fossil Power Plant Operator | Fossil Power Plant Process Controller | Gas Turbine Power Plant Process Controller | Green Hydrogen Plant Operator | Hydro Power Plant Operator | Hydro Power Plant Process Controller | Logging Plant Operator | Metal Processing Plant Operator | Mineral Processing Plant Operator | Motorised Farm and Forestry Plant Operator,Manufacturing and Industrial | Energy and Green Economy | Mining and Natural Resources,0,,,,yes
press-machine-operator,Press Machine Operator,"Manufacturing, mining and energy",engineering,trade,no_research_link,0,,,,,0,,,,0,,,,no
process-engineer,Process Engineer,"Manufacturing, mining and energy",engineering,trade,no_research_link,0,,,,,0,,,,0,,,,no
process-operator,Process Operator,"Manufacturing, mining and energy",engineering,trade,suggestion_only,0,,,,,3,za-career-glass-process-operator | za-career-paper-process-control-operator | za-career-pulp-process-control-operator,Glass Process Operator | Paper Process Control Operator | Pulp Process Control Operator,Manufacturing and Industrial,0,,,,yes
production-manager,Production Manager,"Manufacturing, mining and energy",engineering,trade,suggestion_only,0,,,,,1,za-career-production-coordinator,Production Coordinator,Manufacturing and Industrial,0,,,,yes
production-supervisor,Production Supervisor,"Manufacturing, mining and energy",engineering,trade,direct_match,1,za-career-production-supervisor,Production Supervisor,Manufacturing and Industrial,,5,za-career-first-line-production-supervisor | za-career-mining-production-supervisor | za-career-production-operations-supervisor | za-career-production-coordinator | za-career-production-or-operations-supervisor,First-line Production Supervisor | Mining Production Supervisor | Production / Operations Supervisor (Manufacturing) | Production Coordinator | Production or Operations Supervisor (Forestry): (Forestry Production Supervisor),"Manufacturing and Industrial | Mining and Natural Resources | Agriculture, Food and Environment",0,,,,yes
production-worker,Production Worker,"Manufacturing, mining and energy",engineering,trade,suggestion_only,0,,,,,1,za-career-production-coordinator,Production Coordinator,Manufacturing and Industrial,0,,,,yes
quality-controller,Quality Controller,"Manufacturing, mining and energy",engineering,trade,direct_match,1,za-career-quality-controller,Quality Controller,Manufacturing and Industrial,,1,za-career-quality-inspector,Quality Inspector,TVET / Occupational and Workplace Pathways,0,,,,yes
quality-manager,Quality Manager,"Manufacturing, mining and energy",engineering,trade,direct_match,1,za-career-quality-manager,Quality Manager,Manufacturing and Industrial,,2,za-career-quality-inspector | za-career-quality-systems-manager,Quality Inspector | Quality Systems Manager,TVET / Occupational and Workplace Pathways | Manufacturing and Industrial,0,,,,yes
recycling-worker,Recycling Worker,"Manufacturing, mining and energy",engineering,trade,suggestion_only,0,,,,,1,za-career-materials-recycler,Materials Recycler (Paper and Packaging Collector),Manufacturing and Industrial,0,,,,yes
refinery-operator,Refinery Operator,"Manufacturing, mining and energy",engineering,trade,no_research_link,0,,,,,0,,,,0,,,,no
renewable-energy-engineer,Renewable Energy Engineer,"Manufacturing, mining and energy",engineering,trade,direct_match,1,za-career-renewable-energy-engineer,Renewable Energy Engineer,Energy and Green Economy,30,1,za-career-energy-engineering-technologist,Energy Engineering Technologist,Engineering and Built Environment,0,,,,yes
rigger,Rigger,"Manufacturing, mining and energy",engineering,trade,direct_match,1,za-career-rigger,Rigger,Trades and Artisan Careers,,0,,,,0,,,,yes
rock-driller,Rock Driller,"Manufacturing, mining and energy",engineering,trade,suggestion_only,0,,,,,1,za-career-rock-drill-operator,Rock Drill Operator,Mining and Natural Resources,0,,,,yes
rock-engineer,Rock Engineer,"Manufacturing, mining and energy",engineering,trade,no_research_link,0,,,,,0,,,,0,,,,no
rubber-worker,Rubber Worker,"Manufacturing, mining and energy",engineering,trade,no_research_link,0,,,,,0,,,,0,,,,no
scaffolder,Scaffolder,"Manufacturing, mining and energy",engineering,trade,direct_match,1,za-career-scaffolder,Scaffolder,Trades and Artisan Careers,,0,,,,0,,,,yes
shoemaker,Shoemaker,"Manufacturing, mining and energy",engineering,trade,no_research_link,0,,,,,0,,,,0,,,,no
steam-engine-and-boiler-operator,Steam Engine and Boiler Operator,"Manufacturing, mining and energy",engineering,trade,suggestion_only,0,,,,,1,za-career-boiler-or-engine-operator,Boiler or Engine Operator,Manufacturing and Industrial,0,,,,yes
tailor,Tailor,"Manufacturing, mining and energy",engineering,trade,direct_match,1,za-career-tailor,Tailor,TVET / Occupational and Workplace Pathways,,0,,,,0,,,,yes
upholsterer,Upholsterer,"Manufacturing, mining and energy",engineering,trade,direct_match,1,za-career-upholsterer,Upholsterer,TVET / Occupational and Workplace Pathways,,0,,,,0,,,,yes
waste-treatment-plant-operator,Waste Treatment Plant Operator,"Manufacturing, mining and energy",engineering,trade,suggestion_only,0,,,,,1,za-career-e-waste-operations-controller,E-Waste Operations Controller,Energy and Green Economy,0,,,,yes
water-treatment-plant-operator,Water Treatment Plant Operator,"Manufacturing, mining and energy",engineering,trade,no_research_link,0,,,,,0,,,,0,,,,no
welding-machine-operator,Welding Machine Operator,"Manufacturing, mining and energy",engineering,trade,no_research_link,0,,,,,0,,,,0,,,,no
account-manager-sales,Account Manager (Sales),"Sales, marketing and customer work",people,mixed,no_research_link,0,,,,,0,,,,0,,,,no
advertising-sales-agent,Advertising Sales Agent,"Sales, marketing and customer work",people,mixed,suggestion_only,0,,,,,1,za-career-commercial-services-sales-agent,Commercial Services Sales Agent,"Retail, Sales and Customer Experience",0,,,,yes
auctioneer,Auctioneer,"Sales, marketing and customer work",people,mixed,no_research_link,0,,,,,0,,,,0,,,,no
automotive-sales-consultant,Automotive Sales Consultant,"Sales, marketing and customer work",people,mixed,suggestion_only,0,,,,,1,za-career-automotive-sales-advisor,Automotive Sales Advisor,Trades and Artisan Careers,0,,,,yes
booking-clerk,Booking Clerk,"Sales, marketing and customer work",people,mixed,no_research_link,0,,,,,0,,,,0,,,,no
brand-ambassador,Brand Ambassador,"Sales, marketing and customer work",people,mixed,no_research_link,0,,,,,0,,,,0,,,,no
business-development-manager,Business Development Manager,"Sales, marketing and customer work",people,mixed,suggestion_only,0,,,,,1,za-career-middle-manager-human-resource-and-organisational-development-related,Middle Manager: Human Resource and Organisational development related,"Business, Management and Administration",0,,,,yes
call-centre-agent,Call Centre Agent,"Sales, marketing and customer work",people,mixed,suggestion_only,0,,,,,3,za-career-call-centre-team-leader | za-career-call-or-contact-centre-agent | za-career-call-or-contact-centre-manager,Call Centre Team Leader | Call or Contact Centre Agent | Call or Contact Centre Manager,"Retail, Sales and Customer Experience",0,,,,yes
call-centre-manager,Call Centre Manager,"Sales, marketing and customer work",people,mixed,suggestion_only,0,,,,,4,za-career-call-centre-team-leader | za-career-call-or-contact-centre-agent | za-career-call-or-contact-centre-manager | za-career-contact-centre-manager,Call Centre Team Leader | Call or Contact Centre Agent | Call or Contact Centre Manager | Contact Centre Manager,"Retail, Sales and Customer Experience",0,,,,yes
car-salesperson,Car Salesperson,"Sales, marketing and customer work",people,mixed,no_research_link,0,,,,,0,,,,0,,,,no
cashier,Cashier,"Sales, marketing and customer work",people,mixed,direct_match,1,za-career-cashier,Cashier,"Business, Management and Administration",79,0,,,,0,,,,yes
client-liaison-officer,Client Liaison Officer,"Sales, marketing and customer work",people,mixed,suggestion_only,0,,,,,1,za-career-sales-clerk-officer,Sales Clerk / Officer,"Retail, Sales and Customer Experience",0,,,,yes
commercial-sales-representative,Commercial Sales Representative,"Sales, marketing and customer work",people,mixed,direct_match,1,za-career-commercial-sales-representative,Commercial Sales Representative,"Retail, Sales and Customer Experience",71,3,za-career-commercial-services-sales-agent | za-career-health-products-sales-representative | za-career-industrial-products-sales-representative,Commercial Services Sales Agent | Health Products Sales Representative | Industrial Products Sales Representative,"Retail, Sales and Customer Experience | Healthcare and Wellness",0,,,,yes
contact-centre-agent,Contact Centre Agent,"Sales, marketing and customer work",people,mixed,suggestion_only,0,,,,,7,za-career-call-or-contact-centre-agent | za-career-call-or-contact-centre-manager | za-career-contact-centre-forecast-analyst | za-career-contact-centre-manager | za-career-contact-centre-real-time-advisor | za-career-inbound-contact-centre-consultant | za-career-outbound-contact-centre-consultant,Call or Contact Centre Agent | Call or Contact Centre Manager | Contact Centre Forecast Analyst | Contact Centre Manager | Contact Centre Real Time Advisor | Inbound Contact Centre Consultant (Foreign-language Specialist) | Outbound Contact Centre Consultant (Foreign-language Specialist),"Retail, Sales and Customer Experience",0,,,,yes
customer-service-agent,Customer Service Agent,"Sales, marketing and customer work",people,mixed,suggestion_only,0,,,,,2,za-career-international-customer-service-agent | za-career-remote-customer-support-agent,International Customer Service Agent | Remote Customer Support Agent,"Logistics, Transport and Customer Operations",0,,,,yes
customer-service-manager,Customer Service Manager,"Sales, marketing and customer work",people,mixed,direct_match,1,za-career-customer-service-manager,Customer Service Manager,"Retail, Sales and Customer Experience",,0,,,,0,,,,yes
customer-service-representative,Customer Service Representative,"Sales, marketing and customer work",people,mixed,no_research_link,0,,,,,0,,,,0,,,,no
debt-collector,Debt Collector,"Sales, marketing and customer work",people,mixed,direct_match,1,za-career-debt-collector,Debt Collector,"Finance, Banking and Insurance",,0,,,,0,,,,yes
demonstrator,Demonstrator,"Sales, marketing and customer work",people,mixed,no_research_link,0,,,,,0,,,,0,,,,no
door-to-door-sales-worker,Door-to-Door Sales Worker,"Sales, marketing and customer work",people,mixed,no_research_link,0,,,,,0,,,,0,,,,no
enquiry-clerk,Enquiry Clerk,"Sales, marketing and customer work",people,mixed,direct_match,1,za-career-enquiry-clerk,Enquiry Clerk,"Business, Management and Administration",,0,,,,0,,,,yes
estate-agent,Estate Agent,"Sales, marketing and customer work",people,mixed,no_research_link,0,,,,,0,,,,0,,,,no
franchise-manager,Franchise Manager,"Sales, marketing and customer work",people,mixed,no_research_link,0,,,,,0,,,,0,,,,no
hotel-receptionist,Hotel Receptionist,"Sales, marketing and customer work",people,mixed,no_research_link,0,,,,,0,,,,0,,,,no
informal-trader,Informal Trader,"Sales, marketing and customer work",people,mixed,no_research_link,0,,,,,0,,,,0,,,,no
information-clerk,Information Clerk,"Sales, marketing and customer work",people,mixed,no_research_link,0,,,,,0,,,,0,,,,no
insurance-sales-agent,Insurance Sales Agent,"Sales, marketing and customer work",people,mixed,suggestion_only,0,,,,,1,za-career-commercial-services-sales-agent,Commercial Services Sales Agent,"Retail, Sales and Customer Experience",0,,,,yes
key-account-manager,Key Account Manager,"Sales, marketing and customer work",people,mixed,no_research_link,0,,,,,0,,,,0,,,,no
market-research-analyst,Market Research Analyst,"Sales, marketing and customer work",people,mixed,direct_match,1,za-career-market-research-analyst,Market Research Analyst,Science and Research,,0,,,,0,,,,yes
market-stall-holder,Market Stall Holder,"Sales, marketing and customer work",people,mixed,no_research_link,0,,,,,0,,,,0,,,,no
marketing-assistant,Marketing Assistant,"Sales, marketing and customer work",people,mixed,suggestion_only,0,,,,,2,za-career-director-of-marketing | za-career-marketing-practitioner,Director of Marketing | Marketing Practitioner,"Retail, Sales and Customer Experience",0,,,,yes
marketing-coordinator,Marketing Coordinator,"Sales, marketing and customer work",people,mixed,direct_match,1,za-career-marketing-coordinator,Marketing Coordinator,TVET / Occupational and Workplace Pathways,,2,za-career-director-of-marketing | za-career-marketing-practitioner,Director of Marketing | Marketing Practitioner,"Retail, Sales and Customer Experience",0,,,,yes
media-sales-representative,Media Sales Representative,"Sales, marketing and customer work",people,mixed,suggestion_only,0,,,,,2,za-career-health-products-sales-representative | za-career-industrial-products-sales-representative,Health Products Sales Representative | Industrial Products Sales Representative,"Healthcare and Wellness | Retail, Sales and Customer Experience",0,,,,yes
merchandiser,Merchandiser,"Sales, marketing and customer work",people,mixed,no_research_link,0,,,,,0,,,,0,,,,no
model,Model,"Sales, marketing and customer work",people,mixed,no_research_link,0,,,,,0,,,,0,,,,no
pharmaceutical-sales-representative,Pharmaceutical Sales Representative,"Sales, marketing and customer work",people,mixed,suggestion_only,0,,,,,2,za-career-health-products-sales-representative | za-career-industrial-products-sales-representative,Health Products Sales Representative | Industrial Products Sales Representative,"Healthcare and Wellness | Retail, Sales and Customer Experience",0,,,,yes
promotions-officer,Promotions Officer,"Sales, marketing and customer work",people,mixed,suggestion_only,0,,,,,2,za-career-recruitment-officer | za-career-sales-clerk-officer,Recruitment Officer | Sales Clerk / Officer,"Human Resources and People | Retail, Sales and Customer Experience",0,,,,yes
property-manager,Property Manager,"Sales, marketing and customer work",people,mixed,direct_match,1,za-career-property-manager,Property Manager,"Business, Management and Administration",,0,,,,0,,,,yes
real-estate-agent,Real Estate Agent,"Sales, marketing and customer work",people,mixed,direct_match,1,za-career-real-estate-agent,Real Estate Agent,"Retail, Sales and Customer Experience",,0,,,,0,,,,yes
retail-manager,Retail Manager,"Sales, marketing and customer work",people,mixed,suggestion_only,0,,,,,3,za-career-retail-buyer | za-career-retail-chain-store-manager | za-career-retail-manager-retail-store-manager,Retail Buyer | Retail Chain Store Manager | Retail Manager: Retail Store Manager,"Retail, Sales and Customer Experience",0,,,,yes
retail-sales-assistant,Retail Sales Assistant,"Sales, marketing and customer work",people,mixed,suggestion_only,0,,,,,1,za-career-retail-buyer,Retail Buyer,"Retail, Sales and Customer Experience",0,,,,yes
retail-supervisor,Retail Supervisor,"Sales, marketing and customer work",people,mixed,direct_match,1,za-career-retail-supervisor,Retail Supervisor,"Retail, Sales and Customer Experience",72,1,za-career-retail-buyer,Retail Buyer,"Retail, Sales and Customer Experience",0,,,,yes
sales-assistant,Sales Assistant,"Sales, marketing and customer work",people,mixed,direct_match,1,za-career-sales-assistant,Sales Assistant (General) (Retail Sales Advisor),"Retail, Sales and Customer Experience",78,0,,,,0,,,,yes
sales-clerk,Sales Clerk,"Sales, marketing and customer work",people,mixed,suggestion_only,0,,,,,1,za-career-sales-clerk-officer,Sales Clerk / Officer,"Retail, Sales and Customer Experience",0,,,,yes
sales-manager,Sales Manager,"Sales, marketing and customer work",people,mixed,suggestion_only,0,,,,,1,za-career-sales-and-marketing-manager,Sales and Marketing Manager,"Retail, Sales and Customer Experience",0,,,,yes
sales-representative,Sales Representative,"Sales, marketing and customer work",people,mixed,no_research_link,0,,,,,0,,,,0,,,,no
shop-sales-assistant,Shop Sales Assistant,"Sales, marketing and customer work",people,mixed,no_research_link,0,,,,,0,,,,0,,,,no
spaza-shop-owner,Spaza Shop Owner,"Sales, marketing and customer work",people,mixed,direct_match,1,za-career-spaza-shop-operator,Spaza Shop Operator,Entrepreneurship and Informal Economy,,0,,,,0,,,,yes
store-manager,Store Manager,"Sales, marketing and customer work",people,mixed,suggestion_only,0,,,,,2,za-career-retail-chain-store-manager | za-career-retail-manager-retail-store-manager,Retail Chain Store Manager | Retail Manager: Retail Store Manager,"Retail, Sales and Customer Experience",0,,,,yes
street-vendor,Street Vendor,"Sales, marketing and customer work",people,mixed,direct_match,1,za-career-street-vendor,Street Vendor,Entrepreneurship and Informal Economy,,0,,,,0,,,,yes
technical-sales-representative,Technical Sales Representative,"Sales, marketing and customer work",people,mixed,no_research_link,0,,,,,0,,,,0,,,,no
telesales-agent,Telesales Agent,"Sales, marketing and customer work",people,mixed,no_research_link,0,,,,,0,,,,0,,,,no
ticket-agent,Ticket Agent,"Sales, marketing and customer work",people,mixed,no_research_link,0,,,,,0,,,,0,,,,no
travel-agent,Travel Agent,"Sales, marketing and customer work",people,mixed,no_research_link,0,,,,,0,,,,0,,,,no
vendor-relationship-manager,Vendor Relationship Manager,"Sales, marketing and customer work",people,mixed,no_research_link,0,,,,,0,,,,0,,,,no
visual-merchandiser,Visual Merchandiser,"Sales, marketing and customer work",people,mixed,direct_match,1,za-career-visual-merchandiser,Visual Merchandiser,"Retail, Sales and Customer Experience",,0,,,,0,,,,yes
wholesale-manager,Wholesale Manager,"Sales, marketing and customer work",people,mixed,no_research_link,0,,,,,0,,,,0,,,,no
analytical-chemist,Analytical Chemist,"Science, research and frontier careers",science,science,suggestion_only,0,,,,,1,za-career-chemistry-technician,Chemistry Technician,Science and Research,0,,,,yes
astronomer,Astronomer,"Science, research and frontier careers",science,science,no_research_link,0,,,,,0,,,,0,,,,no
biochemist,Biochemist,"Science, research and frontier careers",science,science,direct_match,1,za-career-biochemist,Biochemist,Science and Research,,0,,,,0,,,,yes
biologist,Biologist,"Science, research and frontier careers",science,science,direct_match,1,za-career-biologist,Biologist,Science and Research,,2,za-career-general-biologist | za-career-marine-biologist,General Biologist | Marine Biologist,Science and Research | Energy and Green Economy,0,,,,yes
biostatistician,Biostatistician,"Science, research and frontier careers",science,science,no_research_link,0,,,,,0,,,,0,,,,no
biotechnologist,Biotechnologist,"Science, research and frontier careers",science,science,direct_match,1,za-career-biotechnologist,Biotechnologist,Science and Research,,0,,,,0,,,,yes
botanist,Botanist,"Science, research and frontier careers",science,science,direct_match,1,za-career-botanist,Botanist,"Business, Management and Administration",,0,,,,0,,,,yes
chemist,Chemist,"Science, research and frontier careers",science,science,direct_match,1,za-career-chemist,Chemist,Science and Research,,1,za-career-chemistry-technician,Chemistry Technician,Science and Research,0,,,,yes
climatologist,Climatologist,"Science, research and frontier careers",science,science,no_research_link,0,,,,,0,,,,0,,,,no
ecologist,Ecologist,"Science, research and frontier careers",science,science,no_research_link,0,,,,,0,,,,0,,,,no
environmental-scientist,Environmental Scientist,"Science, research and frontier careers",science,science,direct_match,1,za-career-environmental-scientist,Environmental Scientist,Energy and Green Economy,31,2,za-career-forest-scientist | za-career-sport-scientist,Forest Scientist | Sport Scientist,Science and Research,0,,,,yes
epidemiologist,Epidemiologist,"Science, research and frontier careers",science,science,no_research_link,0,,,,,0,,,,0,,,,no
forensic-analyst,Forensic Analyst,"Science, research and frontier careers",science,science,no_research_link,0,,,,,0,,,,0,,,,no
forensic-scientist,Forensic Scientist,"Science, research and frontier careers",science,science,suggestion_only,0,,,,,2,za-career-forest-scientist | za-career-sport-scientist,Forest Scientist | Sport Scientist,Science and Research,0,,,,yes
geneticist,Geneticist,"Science, research and frontier careers",science,science,no_research_link,0,,,,,0,,,,0,,,,no
geochemist,Geochemist,"Science, research and frontier careers",science,science,no_research_link,0,,,,,0,,,,0,,,,no
laboratory-technician,Laboratory Technician,"Science, research and frontier careers",science,science,suggestion_only,0,,,,,2,za-career-chemistry-technician | za-career-radiation-laboratory-technician,Chemistry Technician | Radiation Laboratory Technician,Science and Research | Healthcare and Wellness,0,,,,yes
laboratory-technologist,Laboratory Technologist,"Science, research and frontier careers",science,science,no_research_link,0,,,,,0,,,,0,,,,no
microbiologist,Microbiologist,"Science, research and frontier careers",science,science,direct_match,1,za-career-microbiologist,Microbiologist,Science and Research,,0,,,,0,,,,yes
nanotechnologist,Nanotechnologist,"Science, research and frontier careers",science,science,no_research_link,0,,,,,0,,,,0,,,,no
nuclear-scientist,Nuclear Scientist,"Science, research and frontier careers",science,science,suggestion_only,0,,,,,2,za-career-forest-scientist | za-career-sport-scientist,Forest Scientist | Sport Scientist,Science and Research,0,,,,yes
oceanographer,Oceanographer,"Science, research and frontier careers",science,science,direct_match,1,za-career-oceanographer,Oceanographer,Science and Research,,0,,,,0,,,,yes
operations-researcher,Operations Researcher,"Science, research and frontier careers",science,science,no_research_link,0,,,,,0,,,,0,,,,no
paleontologist,Paleontologist,"Science, research and frontier careers",science,science,no_research_link,0,,,,,0,,,,0,,,,no
patent-examiner,Patent Examiner,"Science, research and frontier careers",science,science,no_research_link,0,,,,,0,,,,0,,,,no
pharmacologist,Pharmacologist,"Science, research and frontier careers",science,science,no_research_link,0,,,,,0,,,,0,,,,no
physicist,Physicist,"Science, research and frontier careers",science,science,direct_match,1,za-career-physicist,Physicist,Science and Research,,0,,,,0,,,,yes
quantitative-analyst,Quantitative Analyst,"Science, research and frontier careers",science,science,no_research_link,0,,,,,0,,,,0,,,,no
radiation-protection-officer,Radiation Protection Officer,"Science, research and frontier careers",science,science,no_research_link,0,,,,,0,,,,0,,,,no
research-assistant,Research Assistant,"Science, research and frontier careers",science,science,manual_curated_link,0,,,,,0,,,,5,za-career-ux-researcher | za-career-research-psychologist | za-career-nurse-researcher | za-career-manufacturing-research-chemist | za-career-forestry-research-technician,UX Researcher | Research Psychologist | Nurse Researcher | Manufacturing Research Chemist | Forestry Research Technician,Technology and Digital | Healthcare and Wellness | Manufacturing and Industrial | Engineering and Built Environment,yes
research-scientist,Research Scientist,"Science, research and frontier careers",science,science,no_research_link,0,,,,,0,,,,0,,,,no
science-communicator,Science Communicator,"Science, research and frontier careers",science,science,no_research_link,0,,,,,0,,,,0,,,,no
science-laboratory-manager,Science Laboratory Manager,"Science, research and frontier careers",science,science,no_research_link,0,,,,,0,,,,0,,,,no
seismologist,Seismologist,"Science, research and frontier careers",science,science,no_research_link,0,,,,,0,,,,0,,,,no
sensory-scientist,Sensory Scientist,"Science, research and frontier careers",science,science,no_research_link,0,,,,,0,,,,0,,,,no
toxicologist,Toxicologist,"Science, research and frontier careers",science,science,direct_match,1,za-career-toxicologist,Toxicologist,Energy and Green Economy,,0,,,,0,,,,yes
water-scientist,Water Scientist,"Science, research and frontier careers",science,science,no_research_link,0,,,,,0,,,,0,,,,no
zoologist,Zoologist,"Science, research and frontier careers",science,science,direct_match,1,za-career-zoologist,Zoologist,Science and Research,,0,,,,0,,,,yes
aircraft-maintenance-engineer,Aircraft Maintenance Engineer,"Skilled trades, construction and engineering",practical,trade,suggestion_only,0,,,,,3,za-career-aircraft-component-maintenance-mechanic | za-career-aircraft-maintenance-mechanic | za-career-engine-management-and-fuel-injection-nqf-level-systems-mechanic-4-104461-occupational-certificate-engine-workshop-maintenance-mechanic,Aircraft Component Maintenance Mechanic | Aircraft Maintenance Mechanic | Engine Management and Fuel Injection NQF Level Systems Mechanic 4 104461 Occupational Certificate Engine Workshop Maintenance Mechanic,Trades and Artisan Careers | Technology and Digital,0,,,,yes
aircraft-mechanic,Aircraft Mechanic,"Skilled trades, construction and engineering",practical,trade,suggestion_only,0,,,,,14,za-career-air-conditioning-and-refrigeration-mechanic | za-career-aircraft-component-maintenance-mechanic | za-career-aircraft-maintenance-mechanic | za-career-avionics-mechanic | za-career-bicycle-mechanic | za-career-forklift-mechanic | za-career-instrument-mechanician | za-career-lift-mechanic | za-career-mechanic-trade-assistant | za-career-mechanical-fitter | za-career-optical-mechanic | za-career-refrigeration-mechanic,Air Conditioning and Refrigeration Mechanic | Aircraft Component Maintenance Mechanic | Aircraft Maintenance Mechanic | Avionics Mechanic | Bicycle Mechanic | Forklift Mechanic | Instrument Mechanician | Lift Mechanic | Mechanic Trade Assistant | Mechanical Fitter | Optical Mechanic | Refrigeration Mechanic,Trades and Artisan Careers | TVET / Occupational and Workplace Pathways,0,,,,yes
architect,Architect,"Skilled trades, construction and engineering",practical,trade,direct_match,1,za-career-architect,Architect,Engineering and Built Environment,33,2,za-career-it-architect | za-career-naval-architect,IT Architect | Naval Architect,Engineering and Built Environment,0,,,,yes
architectural-draughtsperson,Architectural Draughtsperson,"Skilled trades, construction and engineering",practical,trade,suggestion_only,0,,,,,2,za-career-it-architect | za-career-naval-architect,IT Architect | Naval Architect,Engineering and Built Environment,0,,,,yes
architectural-technologist,Architectural Technologist,"Skilled trades, construction and engineering",practical,trade,suggestion_only,0,,,,,2,za-career-it-architect | za-career-naval-architect,IT Architect | Naval Architect,Engineering and Built Environment,0,,,,yes
auto-electrician,Auto Electrician,"Skilled trades, construction and engineering",practical,trade,suggestion_only,0,,,,,2,za-career-automotive-workshop-assistant | za-career-transportation-electrician,Automotive Workshop Assistant | Transportation Electrician (Automotive Electrician),Trades and Artisan Careers,0,,,,yes
automotive-mechanic,Automotive Mechanic,"Skilled trades, construction and engineering",practical,trade,suggestion_only,0,,,,,14,za-career-automotive-engine-mechanic | za-career-automotive-motor-mechanic | za-career-automotive-workshop-assistant | za-career-avionics-mechanic | za-career-bicycle-mechanic | za-career-forklift-mechanic | za-career-instrument-mechanician | za-career-lift-mechanic | za-career-mechanic-trade-assistant | za-career-mechanical-fitter | za-career-optical-mechanic | za-career-refrigeration-mechanic,Automotive Engine Mechanic | Automotive Motor Mechanic | Automotive Workshop Assistant | Avionics Mechanic | Bicycle Mechanic | Forklift Mechanic | Instrument Mechanician | Lift Mechanic | Mechanic Trade Assistant | Mechanical Fitter | Optical Mechanic | Refrigeration Mechanic,Trades and Artisan Careers | TVET / Occupational and Workplace Pathways,0,,,,yes
boilermaker,Boilermaker,"Skilled trades, construction and engineering",practical,trade,direct_match,1,za-career-boilermaker,Boilermaker,Trades and Artisan Careers,48,1,za-career-boiler-maker,Boiler Maker,Trades and Artisan Careers,0,,,,yes
bricklayer,Bricklayer,"Skilled trades, construction and engineering",practical,trade,direct_match,1,za-career-bricklayer,Bricklayer,Trades and Artisan Careers,,0,,,,0,,,,yes
building-and-construction-labourer,Building and Construction Labourer,"Skilled trades, construction and engineering",practical,trade,no_research_link,0,,,,,0,,,,0,,,,no
building-inspector,Building Inspector,"Skilled trades, construction and engineering",practical,trade,suggestion_only,0,,,,,2,za-career-builder-s-worker | za-career-regulatory-inspector,Builder's Worker | Regulatory Inspector,Engineering and Built Environment | TVET / Occupational and Workplace Pathways,0,,,,yes
building-services-technician,Building Services Technician,"Skilled trades, construction and engineering",practical,trade,suggestion_only,0,,,,,11,za-career-accounting-technician | za-career-anaesthetic-technician | za-career-builder-s-worker | za-career-cardiac-technician | za-career-electroencephalographic-technician | za-career-library-technician | za-career-neurophysiological-technician | za-career-ophthalmology-technician | za-career-orthopaedic-technician | za-career-radiographic-technician | za-career-renal-technician,Accounting Technician | Anaesthetic Technician | Builder's Worker | Cardiac Technician | Electroencephalographic Technician | Library Technician | Neurophysiological Technician | Ophthalmology Technician | Orthopaedic Technician | Radiographic Technician | Renal Technician,Engineering and Built Environment,0,,,,yes
building-surveyor,Building Surveyor,"Skilled trades, construction and engineering",practical,trade,suggestion_only,0,,,,,5,za-career-builder-s-worker | za-career-ship-s-surveyor | za-career-survey-interviewer | za-career-surveyor | za-career-surveyor-s-assistant,Builder's Worker | Ship’s Surveyor | Survey Interviewer | Surveyor | Surveyor's Assistant,Engineering and Built Environment | TVET / Occupational and Workplace Pathways,0,,,,yes
cabinet-maker,Cabinet Maker,"Skilled trades, construction and engineering",practical,trade,suggestion_only,0,,,,,1,za-career-boiler-maker,Boiler Maker,Trades and Artisan Careers,0,,,,yes
carpenter,Carpenter,"Skilled trades, construction and engineering",practical,trade,direct_match,1,za-career-carpenter,Carpenter,Trades and Artisan Careers,,1,za-career-carpenter-and-joiner,Carpenter and Joiner,Trades and Artisan Careers,0,,,,yes
carpet-and-upholstery-cleaner,Carpet and Upholstery Cleaner,"Skilled trades, construction and engineering",practical,trade,no_research_link,0,,,,,0,,,,0,,,,no
civil-engineer,Civil Engineer,"Skilled trades, construction and engineering",practical,trade,direct_match,1,za-career-civil-engineer,Civil Engineer,Engineering and Built Environment,1,14,za-career-aeronautical-engineer | za-career-agricultural-engineer | za-career-analytics-engineer | za-career-civil-engineering-aggregates-tester | za-career-civil-engineering-constructor | za-career-civil-engineering-materials-tester | za-career-devsecops-engineer | za-career-energy-engineer | za-career-engineering-supervisor | za-career-environmental-engineer | za-career-fintech-engineer | za-career-it-engineer,Aeronautical Engineer | Agricultural Engineer | Analytics Engineer | Civil Engineering Aggregates Tester | Civil Engineering Constructor | Civil Engineering Materials Tester | DevSecOps Engineer | Energy Engineer | Engineering Supervisor | Environmental Engineer | Fintech Engineer | IT Engineer,Engineering and Built Environment | Technology and Digital | Trades and Artisan Careers,0,,,,yes
civil-engineering-draughtsperson,Civil Engineering Draughtsperson,"Skilled trades, construction and engineering",practical,trade,suggestion_only,0,,,,,3,za-career-civil-engineering-aggregates-tester | za-career-civil-engineering-constructor | za-career-civil-engineering-materials-tester,Civil Engineering Aggregates Tester | Civil Engineering Constructor | Civil Engineering Materials Tester,Engineering and Built Environment | Trades and Artisan Careers,0,,,,yes
civil-engineering-labourer,Civil Engineering Labourer,"Skilled trades, construction and engineering",practical,trade,suggestion_only,0,,,,,3,za-career-civil-engineering-aggregates-tester | za-career-civil-engineering-constructor | za-career-civil-engineering-materials-tester,Civil Engineering Aggregates Tester | Civil Engineering Constructor | Civil Engineering Materials Tester,Engineering and Built Environment | Trades and Artisan Careers,0,,,,yes
civil-engineering-technician,Civil Engineering Technician,"Skilled trades, construction and engineering",practical,trade,direct_match,1,za-career-civil-engineering-technician,Civil Engineering Technician,Engineering and Built Environment,52,3,za-career-aeronautical-engineering-technician | za-career-electronic-engineering-technician | za-career-environmental-engineering-technician,Aeronautical Engineering Technician | Electronic Engineering Technician | Environmental Engineering Technician,Engineering and Built Environment,0,,,,yes
civil-engineering-technologist,Civil Engineering Technologist,"Skilled trades, construction and engineering",practical,trade,direct_match,1,za-career-civil-engineering-technologist,Civil Engineering Technologist,Engineering and Built Environment,,6,za-career-aeronautical-engineering-technologist | za-career-agricultural-engineering-technologist | za-career-chemical-engineering-technologist | za-career-electrical-engineering-technologist | za-career-industrial-engineering-technologist | za-career-mechanical-engineering-technologist,Aeronautical Engineering Technologist | Agricultural Engineering Technologist | Chemical Engineering Technologist | Electrical Engineering Technologist | Industrial Engineering Technologist | Mechanical Engineering Technologist,Engineering and Built Environment,0,,,,yes
cnc-machinist,CNC Machinist,"Skilled trades, construction and engineering",practical,trade,suggestion_only,0,,,,,5,za-career-cnc-milling-machinist | za-career-cnc-turning-machinist | za-career-metal-machinist | za-career-printing-machinist | za-career-tooling-machinist,CNC Milling Machinist | CNC Turning Machinist | Metal Machinist | Printing Machinist | Tooling Machinist,Trades and Artisan Careers | Manufacturing and Industrial,0,,,,yes
construction-manager,Construction Manager,"Skilled trades, construction and engineering",practical,trade,suggestion_only,0,,,,,1,za-career-management-assistant,Management Assistant,TVET / Occupational and Workplace Pathways,0,,,,yes
construction-project-manager,Construction Project Manager,"Skilled trades, construction and engineering",practical,trade,direct_match,1,za-career-construction-project-manager,Construction Project Manager,Engineering and Built Environment,55,0,,,,0,,,,yes
construction-safety-officer,Construction Safety Officer,"Skilled trades, construction and engineering",practical,trade,suggestion_only,0,,,,,3,za-career-road-construction-plant-operator | za-career-road-traffic-safety-officer | za-career-stock-clerk-officer,Road Construction Plant Operator | Road Traffic Safety Officer | Stock Clerk / Officer,Engineering and Built Environment | TVET / Occupational and Workplace Pathways,0,,,,yes
construction-site-supervisor,Construction Site Supervisor,"Skilled trades, construction and engineering",practical,trade,manual_curated_link,0,,,,,0,,,,2,za-career-construction-project-manager | za-career-engineering-supervisor,Construction Project Manager | Engineering Supervisor,Engineering and Built Environment,yes
crane-operator,Crane Operator,"Skilled trades, construction and engineering",practical,trade,suggestion_only,0,,,,,1,za-career-crane-chaser,Crane Chaser,TVET / Occupational and Workplace Pathways,0,,,,yes
diesel-mechanic,Diesel Mechanic,"Skilled trades, construction and engineering",practical,trade,direct_match,1,za-career-diesel-mechanic,Diesel Mechanic,Trades and Artisan Careers,50,12,za-career-avionics-mechanic | za-career-bicycle-mechanic | za-career-diesel-fitter | za-career-forklift-mechanic | za-career-instrument-mechanician | za-career-lift-mechanic | za-career-mechanic-trade-assistant | za-career-mechanical-fitter | za-career-optical-mechanic | za-career-refrigeration-mechanic | za-career-tractor-mechanic | za-career-tractor-mechanic-assistant,Avionics Mechanic | Bicycle Mechanic | Diesel Fitter | Forklift Mechanic | Instrument Mechanician | Lift Mechanic | Mechanic Trade Assistant | Mechanical Fitter | Optical Mechanic | Refrigeration Mechanic | Tractor Mechanic | Tractor Mechanic Assistant,Trades and Artisan Careers | TVET / Occupational and Workplace Pathways,0,,,,yes
draughtsperson,Draughtsperson,"Skilled trades, construction and engineering",practical,trade,direct_match,1,za-career-draughtsperson,Draughtsperson,Engineering and Built Environment,54,0,,,,0,,,,yes
earthmoving-plant-operator,Earthmoving Plant Operator,"Skilled trades, construction and engineering",practical,trade,direct_match,1,za-career-earthmoving-plant-operator,Earthmoving Plant Operator (General),Manufacturing and Industrial,,4,za-career-construction-plant-operator | za-career-industrial-refrigeration-mechanic-plant-room-operator | za-career-road-construction-plant-operator | za-career-waste-materials-plant-operator,Construction Plant Operator | Industrial Refrigeration Mechanic Plant Room Operator | Road Construction Plant Operator | Waste Materials Plant Operator,Engineering and Built Environment | Trades and Artisan Careers | TVET / Occupational and Workplace Pathways,0,,,,yes
electrical-engineer,Electrical Engineer,"Skilled trades, construction and engineering",practical,trade,direct_match,1,za-career-electrical-engineer,Electrical Engineer,Engineering and Built Environment,2,13,za-career-aeronautical-engineer | za-career-agricultural-engineer | za-career-analytics-engineer | za-career-devsecops-engineer | za-career-electrical-engineering-technologist | za-career-energy-engineer | za-career-engineering-supervisor | za-career-environmental-engineer | za-career-fintech-engineer | za-career-it-engineer | za-career-mlops-engineer | za-career-platform-engineer,Aeronautical Engineer | Agricultural Engineer | Analytics Engineer | DevSecOps Engineer | Electrical Engineering Technologist | Energy Engineer | Engineering Supervisor | Environmental Engineer | Fintech Engineer | IT Engineer | MLOps Engineer | Platform Engineer,Engineering and Built Environment | Technology and Digital | Trades and Artisan Careers,0,,,,yes
electrical-engineering-draughtsperson,Electrical Engineering Draughtsperson,"Skilled trades, construction and engineering",practical,trade,suggestion_only,0,,,,,1,za-career-electrical-engineering-technologist,Electrical Engineering Technologist,Engineering and Built Environment,0,,,,yes
electrical-engineering-technician,Electrical Engineering Technician,"Skilled trades, construction and engineering",practical,trade,direct_match,1,za-career-electrical-engineering-technician,Electrical Engineering Technician,Engineering and Built Environment,53,4,za-career-aeronautical-engineering-technician | za-career-electrical-substation-operations-technician | za-career-electronic-engineering-technician | za-career-environmental-engineering-technician,Aeronautical Engineering Technician | Electrical Substation Operations Technician (Power System Controller) | Electronic Engineering Technician | Environmental Engineering Technician,Engineering and Built Environment | Trades and Artisan Careers,0,,,,yes
technical-artisan,Electrician,"Skilled trades, construction and engineering",practical,trade,direct_match,1,za-career-electrician,Electrician,Trades and Artisan,3,1,za-career-transportation-electrician,Transportation Electrician (Automotive Electrician),Trades and Artisan Careers,0,,,,yes
engineering-patternmaker,Engineering Patternmaker,"Skilled trades, construction and engineering",practical,trade,direct_match,1,za-career-engineering-patternmaker,Engineering Patternmaker,Engineering and Built Environment,,12,za-career-aeronautical-engineer | za-career-agricultural-engineer | za-career-analytics-engineer | za-career-devsecops-engineer | za-career-energy-engineer | za-career-engineering-pattern-patch-and-repairer | za-career-engineering-supervisor | za-career-environmental-engineer | za-career-fintech-engineer | za-career-it-engineer | za-career-mlops-engineer | za-career-platform-engineer,Aeronautical Engineer | Agricultural Engineer | Analytics Engineer | DevSecOps Engineer | Energy Engineer | Engineering Pattern Patch and Repairer | Engineering Supervisor | Environmental Engineer | Fintech Engineer | IT Engineer | MLOps Engineer | Platform Engineer,Engineering and Built Environment | Technology and Digital,0,,,,yes
engineering-technologist,Engineering Technologist,"Skilled trades, construction and engineering",practical,trade,suggestion_only,0,,,,,5,za-career-aeronautical-engineering-technologist | za-career-agricultural-engineering-technologist | za-career-chemical-engineering-technologist | za-career-industrial-engineering-technologist | za-career-mechanical-engineering-technologist,Aeronautical Engineering Technologist | Agricultural Engineering Technologist | Chemical Engineering Technologist | Industrial Engineering Technologist | Mechanical Engineering Technologist,Engineering and Built Environment,0,,,,yes
fire-protection-technician,Fire Protection Technician,"Skilled trades, construction and engineering",practical,trade,no_research_link,0,,,,,0,,,,0,,,,no
fitter-and-turner,Fitter and Turner,"Skilled trades, construction and engineering",practical,trade,direct_match,1,za-career-fitter-and-turner,Fitter and Turner,Trades and Artisan Careers,47,3,za-career-diesel-fitter | za-career-fitter-welder | za-career-refrigeration-fitter,Diesel Fitter | Fitter Welder | Refrigeration Fitter,Trades and Artisan Careers,0,,,,yes
floor-finisher,Floor Finisher,"Skilled trades, construction and engineering",practical,trade,suggestion_only,0,,,,,12,za-career-bamboo-floor-finisher | za-career-carpet-floor-finisher | za-career-laminate-floor-finisher | za-career-laundry-finisher | za-career-linoleum-floor-finisher | za-career-raised-access-floor-finisher | za-career-real-wood-floor-finisher | za-career-resin-floor-finisher | za-career-rubber-floor-finisher | za-career-seamless-floor-finisher | za-career-vinyl-floor-finisher | za-career-wet-pour-rubber-floor-finisher,Bamboo Floor Finisher | Carpet Floor Finisher | Laminate Floor Finisher | Laundry Finisher | Linoleum Floor Finisher | Raised Access Floor Finisher | Real Wood Floor Finisher | Resin Floor Finisher | Rubber Floor Finisher | Seamless Floor Finisher | Vinyl Floor Finisher | Wet Pour Rubber Floor Finisher,TVET / Occupational and Workplace Pathways | Engineering and Built Environment,0,,,,yes
gas-fitter,Gas Fitter,"Skilled trades, construction and engineering",practical,trade,suggestion_only,0,,,,,5,za-career-diesel-fitter | za-career-fitter-welder | za-career-gas-cutter | za-career-gas-practitioner | za-career-refrigeration-fitter,Diesel Fitter | Fitter Welder | Gas Cutter | Gas Practitioner | Refrigeration Fitter,Trades and Artisan Careers | TVET / Occupational and Workplace Pathways,0,,,,yes
geotechnical-engineer,Geotechnical Engineer,"Skilled trades, construction and engineering",practical,trade,suggestion_only,0,,,,,1,za-career-geotechnical-practitioner,Geotechnical Practitioner,TVET / Occupational and Workplace Pathways,0,,,,yes
glazier,Glazier,"Skilled trades, construction and engineering",practical,trade,direct_match,1,za-career-glazier,Glazier,Trades and Artisan Careers,,1,za-career-general-glazing-installer,General Glazing Installer,Trades and Artisan Careers,0,,,,yes
health-and-safety-officer,Health and Safety Officer,"Skilled trades, construction and engineering",practical,trade,suggestion_only,0,,,,,2,za-career-road-traffic-safety-officer | za-career-stock-clerk-officer,Road Traffic Safety Officer | Stock Clerk / Officer,Engineering and Built Environment | TVET / Occupational and Workplace Pathways,0,,,,yes
heavy-vehicle-mechanic,Heavy Vehicle Mechanic,"Skilled trades, construction and engineering",practical,trade,suggestion_only,0,,,,,2,za-career-heavy-equipment-mechanic | za-career-new-energy-vehicle-mechanic,Heavy Equipment Mechanic | New Energy Vehicle Mechanic,Trades and Artisan Careers | Energy and Green Economy,0,,,,yes
industrial-engineer,Industrial Engineer,"Skilled trades, construction and engineering",practical,trade,direct_match,1,za-career-industrial-engineer,Industrial Engineer,Engineering and Built Environment,,1,za-career-industrial-engineering-technologist,Industrial Engineering Technologist,Engineering and Built Environment,0,,,,yes
interior-designer,Interior Designer,"Skilled trades, construction and engineering",practical,trade,direct_match,1,za-career-interior-designer,Interior Designer,"Media, Creative and Communication",,0,,,,0,,,,yes
land-surveyor,Land Surveyor,"Skilled trades, construction and engineering",practical,trade,suggestion_only,0,,,,,4,za-career-ship-s-surveyor | za-career-survey-interviewer | za-career-surveyor | za-career-surveyor-s-assistant,Ship’s Surveyor | Survey Interviewer | Surveyor | Surveyor's Assistant,TVET / Occupational and Workplace Pathways | Engineering and Built Environment,0,,,,yes
landscape-architect,Landscape Architect,"Skilled trades, construction and engineering",practical,trade,direct_match,1,za-career-landscape-architect,Landscape Architect,Engineering and Built Environment,,0,,,,0,,,,yes
lift-technician,Lift Technician,"Skilled trades, construction and engineering",practical,trade,suggestion_only,0,,,,,10,za-career-accounting-technician | za-career-anaesthetic-technician | za-career-cardiac-technician | za-career-electroencephalographic-technician | za-career-library-technician | za-career-neurophysiological-technician | za-career-ophthalmology-technician | za-career-orthopaedic-technician | za-career-radiographic-technician | za-career-renal-technician,Accounting Technician | Anaesthetic Technician | Cardiac Technician | Electroencephalographic Technician | Library Technician | Neurophysiological Technician | Ophthalmology Technician | Orthopaedic Technician | Radiographic Technician | Renal Technician,Engineering and Built Environment,0,,,,yes
locksmith,Locksmith,"Skilled trades, construction and engineering",practical,trade,direct_match,1,za-career-locksmith,Locksmith,Trades and Artisan Careers,,0,,,,0,,,,yes
mechanical-engineer,Mechanical Engineer,"Skilled trades, construction and engineering",practical,trade,direct_match,1,za-career-mechanical-engineer,Mechanical Engineer,Engineering and Built Environment,4,4,za-career-automotive-engine-mechanic | za-career-computer-engineering-mechanic-service-worker | za-career-engine-management-and-fuel-injection-nqf-level-systems-mechanic-4-104461-occupational-certificate-engine-workshop-maintenance-mechanic | za-career-mechanical-engineering-technologist,Automotive Engine Mechanic | Computer Engineering Mechanic/ Service Worker | Engine Management and Fuel Injection NQF Level Systems Mechanic 4 104461 Occupational Certificate Engine Workshop Maintenance Mechanic | Mechanical Engineering Technologist,Trades and Artisan Careers | Technology and Digital | Engineering and Built Environment,0,,,,yes
mechanical-engineering-draughtsperson,Mechanical Engineering Draughtsperson,"Skilled trades, construction and engineering",practical,trade,suggestion_only,0,,,,,3,za-career-automotive-engine-mechanic | za-career-computer-engineering-mechanic-service-worker | za-career-engine-management-and-fuel-injection-nqf-level-systems-mechanic-4-104461-occupational-certificate-engine-workshop-maintenance-mechanic,Automotive Engine Mechanic | Computer Engineering Mechanic/ Service Worker | Engine Management and Fuel Injection NQF Level Systems Mechanic 4 104461 Occupational Certificate Engine Workshop Maintenance Mechanic,Trades and Artisan Careers | Technology and Digital,0,,,,yes
mechanical-engineering-technician,Mechanical Engineering Technician,"Skilled trades, construction and engineering",practical,trade,direct_match,1,za-career-mechanical-engineering-technician,Mechanical Engineering Technician,Engineering and Built Environment,,4,za-career-aeronautical-engineering-technician | za-career-computer-engineering-mechanic-service-worker | za-career-electronic-engineering-technician | za-career-environmental-engineering-technician,Aeronautical Engineering Technician | Computer Engineering Mechanic/ Service Worker | Electronic Engineering Technician | Environmental Engineering Technician,Engineering and Built Environment | Trades and Artisan Careers,0,,,,yes
mechatronics-technician,Mechatronics Technician,"Skilled trades, construction and engineering",practical,trade,direct_match,1,za-career-mechatronics-technician,Mechatronics Technician,Trades and Artisan Careers,51,10,za-career-accounting-technician | za-career-anaesthetic-technician | za-career-cardiac-technician | za-career-electroencephalographic-technician | za-career-library-technician | za-career-neurophysiological-technician | za-career-ophthalmology-technician | za-career-orthopaedic-technician | za-career-radiographic-technician | za-career-renal-technician,Accounting Technician | Anaesthetic Technician | Cardiac Technician | Electroencephalographic Technician | Library Technician | Neurophysiological Technician | Ophthalmology Technician | Orthopaedic Technician | Radiographic Technician | Renal Technician,Engineering and Built Environment,0,,,,yes
metal-fabricator,Metal Fabricator,"Skilled trades, construction and engineering",practical,trade,suggestion_only,0,,,,,1,za-career-metal-machinist,Metal Machinist,Trades and Artisan Careers,0,,,,yes
millwright,Millwright,"Skilled trades, construction and engineering",practical,trade,direct_match,1,za-career-millwright,Millwright,Trades and Artisan Careers,5,0,,,,0,,,,yes
motorcycle-mechanic,Motorcycle Mechanic,"Skilled trades, construction and engineering",practical,trade,direct_match,1,za-career-motorcycle-mechanic,Motorcycle Mechanic,Trades and Artisan Careers,,1,za-career-automotive-motor-mechanic,Automotive Motor Mechanic,Trades and Artisan Careers,0,,,,yes
painter-and-decorator,Painter and Decorator,"Skilled trades, construction and engineering",practical,trade,suggestion_only,0,,,,,2,za-career-assistant-painter | za-career-vehicle-painter,Assistant Painter | Vehicle Painter (Automobile and Marine Painter),Trades and Artisan Careers,0,,,,yes
painting-trades-worker,Painting Trades Worker,"Skilled trades, construction and engineering",practical,trade,no_research_link,0,,,,,0,,,,0,,,,no
panel-beater,Panel Beater,"Skilled trades, construction and engineering",practical,trade,direct_match,1,za-career-panel-beater,Panel Beater,TVET / Occupational and Workplace Pathways,,0,,,,0,,,,yes
pest-control-technician,Pest Control Technician,"Skilled trades, construction and engineering",practical,trade,no_research_link,0,,,,,0,,,,0,,,,no
pipe-fitter,Pipe Fitter,"Skilled trades, construction and engineering",practical,trade,direct_match,1,za-career-pipe-fitter,Pipe fitter,Trades and Artisan Careers,,3,za-career-fitter-welder | za-career-refrigerant-pipe-work-fitter | za-career-refrigeration-fitter,Fitter Welder | Refrigerant Pipe Work Fitter | Refrigeration Fitter,Trades and Artisan Careers,0,,,,yes
plasterer,Plasterer,"Skilled trades, construction and engineering",practical,trade,direct_match,1,za-career-plasterer,Plasterer,Trades and Artisan Careers,,1,za-career-fibrous-plasterer,Fibrous Plasterer,Trades and Artisan Careers,0,,,,yes
plumber,Plumber,"Skilled trades, construction and engineering",practical,trade,direct_match,1,za-career-plumber,Plumber,Trades and Artisan Careers,7,1,za-career-roof-plumber,Roof Plumber,Trades and Artisan Careers,0,,,,yes
quantity-surveying-technician,Quantity Surveying Technician,"Skilled trades, construction and engineering",practical,trade,no_research_link,0,,,,,0,,,,0,,,,no
quantity-surveyor,Quantity Surveyor,"Skilled trades, construction and engineering",practical,trade,direct_match,1,za-career-quantity-surveyor,Quantity Surveyor,Engineering and Built Environment,6,4,za-career-ship-s-surveyor | za-career-survey-interviewer | za-career-surveyor | za-career-surveyor-s-assistant,Ship’s Surveyor | Survey Interviewer | Surveyor | Surveyor's Assistant,TVET / Occupational and Workplace Pathways | Engineering and Built Environment,0,,,,yes
refrigeration-technician,Refrigeration Technician,"Skilled trades, construction and engineering",practical,trade,no_research_link,0,,,,,0,,,,0,,,,no
roofer,Roofer,"Skilled trades, construction and engineering",practical,trade,suggestion_only,0,,,,,3,za-career-roof-plumber | za-career-roof-thatcher | za-career-roof-tiler,Roof Plumber | Roof Thatcher | Roof Tiler,Trades and Artisan Careers,0,,,,yes
sheet-metal-worker,Sheet Metal Worker,"Skilled trades, construction and engineering",practical,trade,no_research_link,0,,,,,0,,,,0,,,,no
site-manager,Site Manager,"Skilled trades, construction and engineering",practical,trade,suggestion_only,0,,,,,1,za-career-management-assistant,Management Assistant,TVET / Occupational and Workplace Pathways,0,,,,yes
small-engine-mechanic,Small Engine Mechanic,"Skilled trades, construction and engineering",practical,trade,direct_match,1,za-career-small-engine-mechanic,Small Engine Mechanic,Trades and Artisan Careers,,0,,,,0,,,,yes
solar-pv-installer,Solar PV Installer,"Skilled trades, construction and engineering",practical,trade,direct_match,1,za-career-solar-pv-installer,Solar PV Installer,Energy and Green Economy,99,3,za-career-general-glazing-installer | za-career-insulation-installer | za-career-solar-installer,General Glazing Installer | Insulation Installer | Solar Installer,Trades and Artisan Careers,0,,,,yes
stonemason,Stonemason,"Skilled trades, construction and engineering",practical,trade,direct_match,1,za-career-stonemason,Stonemason,Trades and Artisan Careers,,3,za-career-stone-engraver | za-career-stone-erector | za-career-stone-polisher,Stone Engraver | Stone Erector | Stone Polisher,TVET / Occupational and Workplace Pathways,0,,,,yes
structural-engineer,Structural Engineer,"Skilled trades, construction and engineering",practical,trade,no_research_link,0,,,,,0,,,,0,,,,no
surveying-technician,Surveying Technician,"Skilled trades, construction and engineering",practical,trade,no_research_link,0,,,,,0,,,,0,,,,no
tiler,Tiler,"Skilled trades, construction and engineering",practical,trade,suggestion_only,0,,,,,1,za-career-roof-tiler,Roof Tiler,Trades and Artisan Careers,0,,,,yes
toolmaker,Toolmaker,"Skilled trades, construction and engineering",practical,trade,direct_match,1,za-career-toolmaker,Toolmaker,Trades and Artisan Careers,,2,za-career-master-toolmaker | za-career-tooling-machinist,Master Toolmaker (Casting and Die-Casting Mouldmaker Master Toolmaker) | Tooling Machinist,Trades and Artisan Careers,0,,,,yes
town-planning-technician,Town Planning Technician,"Skilled trades, construction and engineering",practical,trade,direct_match,1,za-career-town-planning-technician,Town Planning Technician,Engineering and Built Environment,,0,,,,0,,,,yes
urban-and-regional-planner,Urban and Regional Planner,"Skilled trades, construction and engineering",practical,trade,direct_match,1,za-career-urban-and-regional-planner,Urban and Regional Planner,Engineering and Built Environment,34,0,,,,0,,,,yes
waste-treatment-operator,Waste Treatment Operator,"Skilled trades, construction and engineering",practical,trade,suggestion_only,0,,,,,1,za-career-waste-materials-plant-operator,Waste Materials Plant Operator,TVET / Occupational and Workplace Pathways,0,,,,yes
water-treatment-operator,Water Treatment Operator,"Skilled trades, construction and engineering",practical,trade,no_research_link,0,,,,,0,,,,0,,,,no
welder,Welder,"Skilled trades, construction and engineering",practical,trade,direct_match,1,za-career-welder,Welder,Trades and Artisan,46,0,,,,0,,,,yes
wood-machinist,Wood Machinist,"Skilled trades, construction and engineering",practical,trade,direct_match,1,za-career-wood-machinist,Wood Machinist,Trades and Artisan Careers,,3,za-career-metal-machinist | za-career-printing-machinist | za-career-tooling-machinist,Metal Machinist | Printing Machinist | Tooling Machinist,Trades and Artisan Careers | Manufacturing and Industrial,0,,,,yes
ai-engineer,AI Engineer,"Technology, data and AI",tech,mixed,suggestion_only,0,,,,,2,za-career-network-and-systems-engineer | za-career-software-engineer,Network and Systems Engineer | Software Engineer,Technology and Digital,0,,,,yes
ai-product-specialist,AI Product Specialist,"Technology, data and AI",tech,mixed,suggestion_only,0,,,,,4,za-career-ai-governance-specialist | za-career-ai-integration-specialist | za-career-ai-product-manager | za-career-multimedia-specialist,AI Governance Specialist | AI Integration Specialist | AI Product Manager | Multimedia Specialist,Technology and Digital,0,,,,yes
ai-workflow-builder,AI Workflow Builder,"Technology, data and AI",tech,mixed,manual_curated_link,0,,,,,0,,,,1,za-career-ai-workflow-designer,AI Workflow Designer,Technology and Digital,yes
application-support-analyst,Application Support Analyst,"Technology, data and AI",tech,mixed,suggestion_only,0,,,,,8,za-career-ai-safety-analyst | za-career-applications-developer | za-career-applications-programmer | za-career-cybersecurity-analyst | za-career-network-analyst | za-career-network-and-systems-engineer | za-career-programmer-analyst | za-career-soc-analyst,AI Safety Analyst | Applications Developer | Applications Programmer | Cybersecurity Analyst | Network Analyst | Network and Systems Engineer | Programmer Analyst | SOC Analyst,"Technology and Digital | Business, Management and Administration",0,,,,yes
audio-visual-technician,Audio-Visual Technician,"Technology, data and AI",tech,mixed,no_research_link,0,,,,,0,,,,0,,,,no
automation-tester,Automation Tester,"Technology, data and AI",tech,mixed,suggestion_only,0,,,,,1,za-career-automation-technician,Automation Technician,Technology and Digital,0,,,,yes
back-end-developer,Back-End Developer,"Technology, data and AI",tech,mixed,manual_curated_link,0,,,,,0,,,,2,za-career-software-developer | za-career-applications-developer,Software Developer | Applications Developer,"Technology and Digital | Business, Management and Administration",yes
blockchain-developer,Blockchain Developer,"Technology, data and AI",tech,mixed,direct_match,1,za-career-blockchain-developer,Blockchain Developer,Technology and Digital,,7,za-career-applications-developer | za-career-bi-developer | za-career-developer-programmer | za-career-internet-of-things-developer | za-career-microgrid-developer | za-career-rpa-developer | za-career-systems-developer,Applications Developer | BI Developer | Developer Programmer | Internet-of-Things Developer | Microgrid Developer | RPA Developer | Systems Developer,"Business, Management and Administration | Technology and Digital | TVET / Occupational and Workplace Pathways | Energy and Green Economy",0,,,,yes
business-analyst,Business Analyst,"Technology, data and AI",tech,mixed,suggestion_only,0,,,,,5,za-career-ai-safety-analyst | za-career-cybersecurity-analyst | za-career-network-analyst | za-career-programmer-analyst | za-career-soc-analyst,AI Safety Analyst | Cybersecurity Analyst | Network Analyst | Programmer Analyst | SOC Analyst,Technology and Digital,0,,,,yes
business-intelligence-analyst,Business Intelligence Analyst,"Technology, data and AI",tech,mixed,suggestion_only,0,,,,,1,za-career-business-intelligence-specialist,Business Intelligence Specialist,Technology and Digital,0,,,,yes
cable-technician,Cable Technician,"Technology, data and AI",tech,mixed,suggestion_only,0,,,,,3,za-career-automation-technician | za-career-computer-technician | za-career-technical-support-services-manager,Automation Technician | Computer Technician | Technical (ICT) Support Services Manager,Technology and Digital,0,,,,yes
chief-information-officer,Chief Information Officer,"Technology, data and AI",tech,mixed,direct_match,1,za-career-chief-information-officer,Chief Information Officer,"Business, Management and Administration",,0,,,,0,,,,yes
cloud-administrator,Cloud Administrator,"Technology, data and AI",tech,mixed,direct_match,1,za-career-cloud-administrator,Cloud Administrator,TVET / Occupational and Workplace Pathways,64,1,za-career-web-administrator,Web Administrator,Technology and Digital,0,,,,yes
cloud-architect,Cloud Architect,"Technology, data and AI",tech,mixed,direct_match,1,za-career-cloud-architect,Cloud Architect,Technology and Digital,,0,,,,0,,,,yes
cloud-engineer,Cloud Engineer,"Technology, data and AI",tech,mixed,direct_match,1,za-career-cloud-engineer,Cloud Engineer,Technology and Digital,,2,za-career-cloud-security-engineer | za-career-software-engineer,Cloud Security Engineer | Software Engineer,Technology and Digital,0,,,,yes
computer-network-architect,Computer Network Architect,"Technology, data and AI",tech,mixed,suggestion_only,0,,,,,3,za-career-computer-network-and-systems-engineer | za-career-computer-network-technician | za-career-network-and-systems-engineer,Computer Network and Systems Engineer | Computer Network Technician | Network and Systems Engineer,Technology and Digital,0,,,,yes
computer-scientist,Computer Scientist,"Technology, data and AI",tech,mixed,suggestion_only,0,,,,,1,za-career-computer-technician,Computer Technician,Technology and Digital,0,,,,yes
computing-professional-other,Computing Professional (Other),"Technology, data and AI",tech,mixed,suggestion_only,0,,,,,1,za-career-computer-technician,Computer Technician,Technology and Digital,0,,,,yes
content-management-specialist,Content Management Specialist,"Technology, data and AI",tech,mixed,suggestion_only,0,,,,,2,za-career-data-management-manager | za-career-identity-and-access-management-specialist,Data Management Manager | Identity and Access Management Specialist,Technology and Digital,0,,,,yes
crm-administrator,CRM Administrator,"Technology, data and AI",tech,mixed,direct_match,1,za-career-crm-administrator,CRM Administrator,Technology and Digital,,1,za-career-web-administrator,Web Administrator,Technology and Digital,0,,,,yes
cyber-security-analyst,Cyber Security Analyst,"Technology, data and AI",tech,mixed,direct_match,1,za-career-ict-security-specialist,ICT Security Specialist,Technology and Digital,9,1,za-career-cybersecurity-analyst,Cybersecurity Analyst,Technology and Digital,0,,,,yes
cyber-security-specialist,Cyber Security Specialist,"Technology, data and AI",tech,mixed,no_research_link,0,,,,,0,,,,0,,,,no
data-analyst,Data Analyst,"Technology, data and AI",tech,mixed,direct_match,1,za-career-data-analyst,Data Analyst,Technology and Digital,10,13,za-career-ai-safety-analyst | za-career-anti-corruption-data-analyst | za-career-esg-data-analyst | za-career-farm-data-analyst | za-career-grid-data-analyst | za-career-inventory-data-analyst | za-career-mineral-processing-data-analyst | za-career-municipal-service-delivery-data-analyst | za-career-network-analyst | za-career-procurement-data-analyst | za-career-programmer-analyst | za-career-public-service-data-analyst,AI Safety Analyst | Anti-Corruption Data Analyst | ESG Data Analyst | Farm Data Analyst | Grid Data Analyst | Inventory Data Analyst | Mineral Processing Data Analyst | Municipal Service Delivery Data Analyst | Network Analyst | Procurement Data Analyst | Programmer Analyst | Public Service Data Analyst,"Technology and Digital | Education, Public Sector and Creative Services | Energy and Green Economy | Agriculture, Food and Environment | Logistics, Transport and Customer Operations | Mining, Manufacturing, Science and Financial Risk",0,,,,yes
data-centre-operator,Data Centre Operator,"Technology, data and AI",tech,mixed,suggestion_only,0,,,,,1,za-career-data-entry-operator,Data Entry Operator,Technology and Digital,0,,,,yes
data-engineer,Data Engineer,"Technology, data and AI",tech,mixed,direct_match,1,za-career-data-engineer,Data Engineer,Technology and Digital,,2,za-career-database-reliability-engineer | za-career-software-engineer,Database Reliability Engineer | Software Engineer,Technology and Digital,0,,,,yes
data-entry-supervisor,Data Entry Supervisor,"Technology, data and AI",tech,mixed,suggestion_only,0,,,,,1,za-career-data-entry-operator,Data Entry Operator,Technology and Digital,0,,,,yes
data-scientist,Data Scientist,"Technology, data and AI",tech,mixed,direct_match,1,za-career-data-scientist,Data Scientist,Technology and Digital,11,0,,,,0,,,,yes
database-administrator,Database Administrator,"Technology, data and AI",tech,mixed,suggestion_only,0,,,,,1,za-career-web-administrator,Web Administrator,Technology and Digital,0,,,,yes
devops-engineer,DevOps Engineer,"Technology, data and AI",tech,mixed,direct_match,1,za-career-devops-engineer,DevOps Engineer,Technology and Digital,,0,,,,0,,,,yes
digital-accessibility-tester,Digital Accessibility Tester,"Technology, data and AI",tech,mixed,suggestion_only,0,,,,,1,za-career-digital-accessibility-specialist,Digital Accessibility Specialist,Technology and Digital,0,,,,yes
digital-forensics-analyst,Digital Forensics Analyst,"Technology, data and AI",tech,mixed,direct_match,1,za-career-digital-forensics-analyst,Digital Forensics Analyst,Technology and Digital,,0,,,,0,,,,yes
digital-marketing-technologist,Digital Marketing Technologist,"Technology, data and AI",tech,mixed,no_research_link,0,,,,,0,,,,0,,,,no
drone-operator,Drone Operator,"Technology, data and AI",tech,mixed,manual_curated_link,0,,,,,0,,,,4,za-career-drone-crop-scout | za-career-drone-delivery-coordinator | za-career-drone-spraying-operator | za-career-mine-drone-survey-operator,Drone Crop Scout | Drone Delivery Coordinator | Drone Spraying Operator | Mine Drone Survey Operator,"Agriculture, Food and Environment | Logistics, Transport and Customer Operations | Mining, Manufacturing, Science and Financial Risk",yes
e-learning-specialist,E-Learning Specialist,"Technology, data and AI",tech,mixed,suggestion_only,0,,,,,3,za-career-ai-governance-specialist | za-career-ai-integration-specialist | za-career-multimedia-specialist,AI Governance Specialist | AI Integration Specialist | Multimedia Specialist,Technology and Digital,0,,,,yes
electronics-engineer,Electronics Engineer,"Technology, data and AI",tech,mixed,direct_match,1,za-career-electronics-engineer,Electronics Engineer,Engineering and Built Environment,,0,,,,0,,,,yes
erp-support-consultant,ERP Support Consultant,"Technology, data and AI",tech,mixed,suggestion_only,0,,,,,1,za-career-erp-functional-consultant,ERP Functional Consultant,Technology and Digital,0,,,,yes
front-end-developer,Front-End Developer,"Technology, data and AI",tech,mixed,manual_curated_link,0,,,,,0,,,,2,za-career-software-developer | za-career-applications-developer,Software Developer | Applications Developer,"Technology and Digital | Business, Management and Administration",yes
full-stack-developer,Full-Stack Developer,"Technology, data and AI",tech,mixed,manual_curated_link,0,,,,,0,,,,2,za-career-software-developer | za-career-applications-developer,Software Developer | Applications Developer,"Technology and Digital | Business, Management and Administration",yes
game-developer,Game Developer,"Technology, data and AI",tech,mixed,suggestion_only,0,,,,,6,za-career-bi-developer | za-career-developer-programmer | za-career-internet-of-things-developer | za-career-microgrid-developer | za-career-rpa-developer | za-career-systems-developer,BI Developer | Developer Programmer | Internet-of-Things Developer | Microgrid Developer | RPA Developer | Systems Developer,Technology and Digital | TVET / Occupational and Workplace Pathways | Energy and Green Economy,0,,,,yes
geographic-information-systems-analyst,Geographic Information Systems Analyst,"Technology, data and AI",tech,mixed,suggestion_only,0,,,,,3,za-career-ict-systems-analyst | za-career-information-systems-director | za-career-information-technology-and-systems-manager,ICT Systems Analyst | Information Systems Director | Information Technology and Systems Manager,Technology and Digital,0,,,,yes
gis-technician,GIS Technician,"Technology, data and AI",tech,mixed,suggestion_only,0,,,,,3,za-career-automation-technician | za-career-marine-gis-technician | za-career-technical-support-services-manager,Automation Technician | Marine GIS Technician | Technical (ICT) Support Services Manager,Technology and Digital,0,,,,yes
help-desk-support,Help Desk Support,"Technology, data and AI",tech,mixed,no_research_link,0,,,,,0,,,,0,,,,no
ict-sales-professional,ICT Sales Professional,"Technology, data and AI",tech,mixed,no_research_link,0,,,,,0,,,,0,,,,no
information-officer,Information Officer,"Technology, data and AI",tech,mixed,suggestion_only,0,,,,,1,za-career-responsible-ai-officer,Responsible AI Officer,Technology and Digital,0,,,,yes
information-systems-manager,Information Systems Manager,"Technology, data and AI",tech,mixed,suggestion_only,0,,,,,7,za-career-data-management-manager | za-career-engine-management-and-fuel-injection-systems-assistant | za-career-information-systems-director | za-career-information-technology-and-systems-manager | za-career-information-technology-manager | za-career-middle-manager-communication-and-information-related | za-career-middle-manager-information-technology-related,Data Management Manager | Engine Management and Fuel Injection Systems Assistant | Information Systems Director | Information Technology and Systems Manager | Information Technology Manager | Middle Manager: Communication and Information related | Middle Manager: Information Technology related,Technology and Digital,0,,,,yes
iot-specialist,IoT Specialist,"Technology, data and AI",tech,mixed,suggestion_only,0,,,,,2,za-career-ai-integration-specialist | za-career-multimedia-specialist,AI Integration Specialist | Multimedia Specialist,Technology and Digital,0,,,,yes
it-auditor,IT Auditor,"Technology, data and AI",tech,mixed,no_research_link,0,,,,,0,,,,0,,,,no
it-coordinator,IT Coordinator,"Technology, data and AI",tech,mixed,no_research_link,0,,,,,0,,,,0,,,,no
it-governance-specialist,IT Governance Specialist,"Technology, data and AI",tech,mixed,suggestion_only,0,,,,,2,za-career-ai-governance-specialist | za-career-data-governance-specialist,AI Governance Specialist | Data Governance Specialist,Technology and Digital,0,,,,yes
it-manager,IT Manager,"Technology, data and AI",tech,mixed,suggestion_only,0,,,,,3,za-career-ai-product-manager | za-career-data-management-manager | za-career-technical-support-services-manager,AI Product Manager | Data Management Manager | Technical (ICT) Support Services Manager,Technology and Digital,0,,,,yes
it-procurement-specialist,IT Procurement Specialist,"Technology, data and AI",tech,mixed,no_research_link,0,,,,,0,,,,0,,,,no
it-project-manager,IT Project Manager,"Technology, data and AI",tech,mixed,suggestion_only,0,,,,,1,za-career-ict-project-manager,ICT Project Manager,Technology and Digital,0,,,,yes
it-security-architect,IT Security Architect,"Technology, data and AI",tech,mixed,no_research_link,0,,,,,0,,,,0,,,,no
it-service-desk-manager,IT Service Desk Manager,"Technology, data and AI",tech,mixed,no_research_link,0,,,,,0,,,,0,,,,no
it-support-manager,IT Support Manager,"Technology, data and AI",tech,mixed,no_research_link,0,,,,,0,,,,0,,,,no
it-support-technician,IT Support Technician,"Technology, data and AI",tech,mixed,no_research_link,0,,,,,0,,,,0,,,,no
it-trainer,IT Trainer,"Technology, data and AI",tech,mixed,no_research_link,0,,,,,0,,,,0,,,,no
knowledge-management-specialist,Knowledge Management Specialist,"Technology, data and AI",tech,mixed,suggestion_only,0,,,,,1,za-career-identity-and-access-management-specialist,Identity and Access Management Specialist,Technology and Digital,0,,,,yes
machine-learning-engineer,Machine Learning Engineer,"Technology, data and AI",tech,mixed,direct_match,1,za-career-machine-learning-engineer,Machine Learning Engineer,Technology and Digital,,0,,,,0,,,,yes
mobile-app-developer,Mobile App Developer,"Technology, data and AI",tech,mixed,suggestion_only,0,,,,,3,za-career-application-development-manager | za-career-applications-developer | za-career-generative-ai-application-developer,Application Development Manager | Applications Developer | Generative AI Application Developer,"Technology and Digital | Business, Management and Administration",0,,,,yes
network-administrator,Network Administrator,"Technology, data and AI",tech,mixed,no_research_link,0,,,,,0,,,,0,,,,no
network-security-specialist,Network Security Specialist,"Technology, data and AI",tech,mixed,no_research_link,0,,,,,0,,,,0,,,,no
network-technician,Network Technician,"Technology, data and AI",tech,mixed,suggestion_only,0,,,,,1,za-career-computer-network-technician,Computer Network Technician,Technology and Digital,0,,,,yes
no-code-automation-builder,No-Code Automation Builder,"Technology, data and AI",tech,mixed,manual_curated_link,0,,,,,0,,,,1,za-career-low-code-developer,Low-Code Developer,Technology and Digital,yes
penetration-tester,Penetration Tester,"Technology, data and AI",tech,mixed,direct_match,1,za-career-penetration-tester,Penetration Tester,Technology and Digital,,0,,,,0,,,,yes
product-manager,Product Manager,"Technology, data and AI",tech,mixed,suggestion_only,0,,,,,2,za-career-ai-product-manager | za-career-digital-product-manager,AI Product Manager | Digital Product Manager,Technology and Digital,0,,,,yes
prompt-engineer,Prompt Engineer,"Technology, data and AI",tech,mixed,manual_curated_link,0,,,,,0,,,,2,za-career-generative-ai-application-developer | za-career-ai-workflow-designer,Generative AI Application Developer | AI Workflow Designer,Technology and Digital,yes
qa-tester,QA Tester,"Technology, data and AI",tech,mixed,no_research_link,0,,,,,0,,,,0,,,,no
quantum-computing-specialist,Quantum Computing Specialist,"Technology, data and AI",tech,mixed,no_research_link,0,,,,,0,,,,0,,,,no
radio-communications-technician,Radio Communications Technician,"Technology, data and AI",tech,mixed,no_research_link,0,,,,,0,,,,0,,,,no
records-manager,Records Manager,"Technology, data and AI",tech,mixed,no_research_link,0,,,,,0,,,,0,,,,no
robotics-technician,Robotics Technician,"Technology, data and AI",tech,mixed,direct_match,1,za-career-robotics-technician,Robotics Technician,Technology and Digital,,1,za-career-collaborative-robot-technician,Collaborative Robot Technician,"Mining, Manufacturing, Science and Financial Risk",0,,,,yes
satellite-communications-technician,Satellite Communications Technician,"Technology, data and AI",tech,mixed,no_research_link,0,,,,,0,,,,0,,,,no
scrum-master,Scrum Master,"Technology, data and AI",tech,mixed,manual_curated_link,0,,,,,0,,,,4,za-career-ict-project-manager | za-career-programme-or-project-manager | za-career-project-manager | za-career-digital-product-manager,ICT Project Manager | Programme or Project Manager | Project Manager | Digital Product Manager,"Technology and Digital | Business, Management and Administration | TVET / Occupational and Workplace Pathways",yes
search-engine-evaluator,Search Engine Evaluator,"Technology, data and AI",tech,mixed,no_research_link,0,,,,,0,,,,0,,,,no
security-operations-centre-analyst,Security Operations Centre Analyst,"Technology, data and AI",tech,mixed,manual_curated_link,0,,,,,0,,,,1,za-career-ict-security-specialist,ICT Security Specialist,Technology and Digital,yes
seo-specialist,SEO Specialist,"Technology, data and AI",tech,mixed,no_research_link,0,,,,,0,,,,0,,,,no
site-reliability-engineer,Site Reliability Engineer,"Technology, data and AI",tech,mixed,direct_match,1,za-career-site-reliability-engineer,Site Reliability Engineer,Technology and Digital,,1,za-career-database-reliability-engineer,Database Reliability Engineer,Technology and Digital,0,,,,yes
software-developer,Software Developer,"Technology, data and AI",tech,mixed,direct_match,1,za-career-software-developer,Software Developer,Technology and Digital,8,7,za-career-artificial-intelligence-software-developer | za-career-bi-developer | za-career-developer-programmer | za-career-internet-of-things-developer | za-career-microgrid-developer | za-career-rpa-developer | za-career-systems-developer,Artificial Intelligence Software Developer | BI Developer | Developer Programmer | Internet-of-Things Developer | Microgrid Developer | RPA Developer | Systems Developer,Technology and Digital | TVET / Occupational and Workplace Pathways | Energy and Green Economy,0,,,,yes
software-tester,Software Tester,"Technology, data and AI",tech,mixed,direct_match,1,za-career-software-tester,Software Tester,Technology and Digital,,0,,,,0,,,,yes
solutions-architect,Solutions Architect,"Technology, data and AI",tech,mixed,no_research_link,0,,,,,0,,,,0,,,,no
systems-administrator,Systems Administrator,"Technology, data and AI",tech,mixed,direct_match,1,za-career-systems-administrator,Systems Administrator,"Business, Management and Administration",,0,,,,0,,,,yes
systems-analyst,Systems Analyst,"Technology, data and AI",tech,mixed,suggestion_only,0,,,,,1,za-career-ict-systems-analyst,ICT Systems Analyst,Technology and Digital,0,,,,yes
technical-writer,Technical Writer,"Technology, data and AI",tech,mixed,direct_match,1,za-career-technical-writer,Technical Writer,"Media, Creative and Communication",,0,,,,0,,,,yes
telecommunications-engineer,Telecommunications Engineer,"Technology, data and AI",tech,mixed,suggestion_only,0,,,,,1,za-career-telecommunications-network-engineer,Telecommunications Network Engineer,Technology and Digital,0,,,,yes
telecommunications-technician,Telecommunications Technician,"Technology, data and AI",tech,mixed,direct_match,1,za-career-telecommunications-technician,Telecommunications Technician,TVET / Occupational and Workplace Pathways,,1,za-career-telecommunications-technical-officer-or-technologist,Telecommunications Technical Officer or Technologist,Technology and Digital,0,,,,yes
ui-designer,UI Designer,"Technology, data and AI",tech,mixed,manual_curated_link,0,,,,,0,,,,2,za-career-ux-designer | za-career-service-designer,UX Designer | Service Designer,Technology and Digital,yes
ux-designer,UX Designer,"Technology, data and AI",tech,mixed,direct_match,1,za-career-ux-designer,UX Designer,Technology and Digital,67,0,,,,0,,,,yes
web-developer,Web Developer,"Technology, data and AI",tech,mixed,direct_match,1,za-career-web-developer,Web Developer,Technology and Digital,,0,,,,0,,,,yes
