queue_rank,career_id,career_title,stream,research_priority,current_profile_status,current_qualification_status,current_demand_status,earning_policy,required_sources,fields_blocked_until_verified,next_editorial_action
"1","agricultural-drone-operator","Agricultural Drone Operator","Agriculture, food and environment","medium","starter-editorial","family-only","not-source-verified","qualitative-only","DHET OIHD/OFO occupation mapping | SAQA/QCTO/CHE qualification record | SETA or industry body route source | provider programme page","demand strength | salary figures | APS/marks | provider-specific entry requirements | professional registration claims","Map role to official occupation source, verify qualification route, add provider/accreditation evidence, then review learner-facing copy."
"2","agricultural-extension-officer","Agricultural Extension Officer","Agriculture, food and environment","medium","starter-editorial","family-only","not-source-verified","qualitative-only","DHET OIHD/OFO occupation mapping | SAQA/QCTO/CHE qualification record | SETA or industry body route source | provider programme page","demand strength | salary figures | APS/marks | provider-specific entry requirements | professional registration claims","Map role to official occupation source, verify qualification route, add provider/accreditation evidence, then review learner-facing copy."
"3","agronomist","Agronomist","Agriculture, food and environment","medium","starter-editorial","family-only","not-source-verified","qualitative-only","DHET OIHD/OFO occupation mapping | SAQA/QCTO/CHE qualification record | SETA or industry body route source | provider programme page","demand strength | salary figures | APS/marks | provider-specific entry requirements | professional registration claims","Map role to official occupation source, verify qualification route, add provider/accreditation evidence, then review learner-facing copy."
"4","aquaculture-technician","Aquaculture Technician","Agriculture, food and environment","medium","starter-editorial","family-only","not-source-verified","qualitative-only","DHET OIHD/OFO occupation mapping | SAQA/QCTO/CHE qualification record | SETA or industry body route source | provider programme page","demand strength | salary figures | APS/marks | provider-specific entry requirements | professional registration claims","Map role to official occupation source, verify qualification route, add provider/accreditation evidence, then review learner-facing copy."
"5","baker","Baker","Agriculture, food and environment","medium","starter-editorial","family-only","not-source-verified","qualitative-only","DHET OIHD/OFO occupation mapping | SAQA/QCTO/CHE qualification record | SETA or industry body route source | provider programme page","demand strength | salary figures | APS/marks | provider-specific entry requirements | professional registration claims","Map role to official occupation source, verify qualification route, add provider/accreditation evidence, then review learner-facing copy."
"6","bee-farmer","Bee Farmer","Agriculture, food and environment","medium","starter-editorial","family-only","not-source-verified","qualitative-only","DHET OIHD/OFO occupation mapping | SAQA/QCTO/CHE qualification record | SETA or industry body route source | provider programme page","demand strength | salary figures | APS/marks | provider-specific entry requirements | professional registration claims","Map role to official occupation source, verify qualification route, add provider/accreditation evidence, then review learner-facing copy."
"7","butcher","Butcher","Agriculture, food and environment","medium","starter-editorial","family-only","not-source-verified","qualitative-only","DHET OIHD/OFO occupation mapping | SAQA/QCTO/CHE qualification record | SETA or industry body route source | provider programme page","demand strength | salary figures | APS/marks | provider-specific entry requirements | professional registration claims","Map role to official occupation source, verify qualification route, add provider/accreditation evidence, then review learner-facing copy."
"8","chef","Chef","Agriculture, food and environment","medium","starter-editorial","family-only","not-source-verified","qualitative-only","DHET OIHD/OFO occupation mapping | SAQA/QCTO/CHE qualification record | SETA or industry body route source | provider programme page","demand strength | salary figures | APS/marks | provider-specific entry requirements | professional registration claims","Map role to official occupation source, verify qualification route, add provider/accreditation evidence, then review learner-facing copy."
"9","climate-adaptation-officer","Climate Adaptation Officer","Agriculture, food and environment","medium","starter-editorial","family-only","not-source-verified","qualitative-only","DHET OIHD/OFO occupation mapping | SAQA/QCTO/CHE qualification record | SETA or industry body route source | provider programme page","demand strength | salary figures | APS/marks | provider-specific entry requirements | professional registration claims","Map role to official occupation source, verify qualification route, add provider/accreditation evidence, then review learner-facing copy."
"10","conservation-ranger","Conservation Ranger","Agriculture, food and environment","medium","starter-editorial","family-only","not-source-verified","qualitative-only","DHET OIHD/OFO occupation mapping | SAQA/QCTO/CHE qualification record | SETA or industry body route source | provider programme page","demand strength | salary figures | APS/marks | provider-specific entry requirements | professional registration claims","Map role to official occupation source, verify qualification route, add provider/accreditation evidence, then review learner-facing copy."
"11","crop-farmer","Crop Farmer","Agriculture, food and environment","medium","starter-editorial","family-only","not-source-verified","qualitative-only","DHET OIHD/OFO occupation mapping | SAQA/QCTO/CHE qualification record | SETA or industry body route source | provider programme page","demand strength | salary figures | APS/marks | provider-specific entry requirements | professional registration claims","Map role to official occupation source, verify qualification route, add provider/accreditation evidence, then review learner-facing copy."
"12","environmental-officer","Environmental Officer","Agriculture, food and environment","medium","starter-editorial","family-only","not-source-verified","qualitative-only","DHET OIHD/OFO occupation mapping | SAQA/QCTO/CHE qualification record | SETA or industry body route source | provider programme page","demand strength | salary figures | APS/marks | provider-specific entry requirements | professional registration claims","Map role to official occupation source, verify qualification route, add provider/accreditation evidence, then review learner-facing copy."
"13","farm-manager","Farm Manager","Agriculture, food and environment","medium","starter-editorial","family-only","not-source-verified","qualitative-only","DHET OIHD/OFO occupation mapping | SAQA/QCTO/CHE qualification record | SETA or industry body route source | provider programme page","demand strength | salary figures | APS/marks | provider-specific entry requirements | professional registration claims","Map role to official occupation source, verify qualification route, add provider/accreditation evidence, then review learner-facing copy."
"14","food-safety-auditor","Food Safety Auditor","Agriculture, food and environment","medium","starter-editorial","family-only","not-source-verified","qualitative-only","DHET OIHD/OFO occupation mapping | SAQA/QCTO/CHE qualification record | SETA or industry body route source | provider programme page","demand strength | salary figures | APS/marks | provider-specific entry requirements | professional registration claims","Map role to official occupation source, verify qualification route, add provider/accreditation evidence, then review learner-facing copy."
"15","food-technologist","Food Technologist","Agriculture, food and environment","medium","starter-editorial","family-only","not-source-verified","qualitative-only","DHET OIHD/OFO occupation mapping | SAQA/QCTO/CHE qualification record | SETA or industry body route source | provider programme page","demand strength | salary figures | APS/marks | provider-specific entry requirements | professional registration claims","Map role to official occupation source, verify qualification route, add provider/accreditation evidence, then review learner-facing copy."
"16","horticulturist","Horticulturist","Agriculture, food and environment","medium","starter-editorial","family-only","not-source-verified","qualitative-only","DHET OIHD/OFO occupation mapping | SAQA/QCTO/CHE qualification record | SETA or industry body route source | provider programme page","demand strength | salary figures | APS/marks | provider-specific entry requirements | professional registration claims","Map role to official occupation source, verify qualification route, add provider/accreditation evidence, then review learner-facing copy."
"17","invasive-species-controller","Invasive Species Controller","Agriculture, food and environment","medium","starter-editorial","family-only","not-source-verified","qualitative-only","DHET OIHD/OFO occupation mapping | SAQA/QCTO/CHE qualification record | SETA or industry body route source | provider programme page","demand strength | salary figures | APS/marks | provider-specific entry requirements | professional registration claims","Map role to official occupation source, verify qualification route, add provider/accreditation evidence, then review learner-facing copy."
"18","irrigation-technician","Irrigation Technician","Agriculture, food and environment","medium","starter-editorial","family-only","not-source-verified","qualitative-only","DHET OIHD/OFO occupation mapping | SAQA/QCTO/CHE qualification record | SETA or industry body route source | provider programme page","demand strength | salary figures | APS/marks | provider-specific entry requirements | professional registration claims","Map role to official occupation source, verify qualification route, add provider/accreditation evidence, then review learner-facing copy."
"19","landscape-gardener","Landscape Gardener","Agriculture, food and environment","medium","starter-editorial","family-only","not-source-verified","qualitative-only","DHET OIHD/OFO occupation mapping | SAQA/QCTO/CHE qualification record | SETA or industry body route source | provider programme page","demand strength | salary figures | APS/marks | provider-specific entry requirements | professional registration claims","Map role to official occupation source, verify qualification route, add provider/accreditation evidence, then review learner-facing copy."
"20","livestock-farmer","Livestock Farmer","Agriculture, food and environment","medium","starter-editorial","family-only","not-source-verified","qualitative-only","DHET OIHD/OFO occupation mapping | SAQA/QCTO/CHE qualification record | SETA or industry body route source | provider programme page","demand strength | salary figures | APS/marks | provider-specific entry requirements | professional registration claims","Map role to official occupation source, verify qualification route, add provider/accreditation evidence, then review learner-facing copy."
"21","meat-inspector","Meat Inspector","Agriculture, food and environment","medium","starter-editorial","family-only","not-source-verified","qualitative-only","DHET OIHD/OFO occupation mapping | SAQA/QCTO/CHE qualification record | SETA or industry body route source | provider programme page","demand strength | salary figures | APS/marks | provider-specific entry requirements | professional registration claims","Map role to official occupation source, verify qualification route, add provider/accreditation evidence, then review learner-facing copy."
"22","pest-control-operator","Pest Control Operator","Agriculture, food and environment","medium","starter-editorial","family-only","not-source-verified","qualitative-only","DHET OIHD/OFO occupation mapping | SAQA/QCTO/CHE qualification record | SETA or industry body route source | provider programme page","demand strength | salary figures | APS/marks | provider-specific entry requirements | professional registration claims","Map role to official occupation source, verify qualification route, add provider/accreditation evidence, then review learner-facing copy."
"23","poultry-farmer","Poultry Farmer","Agriculture, food and environment","medium","starter-editorial","family-only","not-source-verified","qualitative-only","DHET OIHD/OFO occupation mapping | SAQA/QCTO/CHE qualification record | SETA or industry body route source | provider programme page","demand strength | salary figures | APS/marks | provider-specific entry requirements | professional registration claims","Map role to official occupation source, verify qualification route, add provider/accreditation evidence, then review learner-facing copy."
"24","quality-controller-food-production","Quality Controller Food Production","Agriculture, food and environment","medium","starter-editorial","family-only","not-source-verified","qualitative-only","DHET OIHD/OFO occupation mapping | SAQA/QCTO/CHE qualification record | SETA or industry body route source | provider programme page","demand strength | salary figures | APS/marks | provider-specific entry requirements | professional registration claims","Map role to official occupation source, verify qualification route, add provider/accreditation evidence, then review learner-facing copy."
"25","recycling-entrepreneur","Recycling Entrepreneur","Agriculture, food and environment","medium","starter-editorial","family-only","not-source-verified","qualitative-only","DHET OIHD/OFO occupation mapping | SAQA/QCTO/CHE qualification record | SETA or industry body route source | provider programme page","demand strength | salary figures | APS/marks | provider-specific entry requirements | professional registration claims","Map role to official occupation source, verify qualification route, add provider/accreditation evidence, then review learner-facing copy."
"26","seed-production-technician","Seed Production Technician","Agriculture, food and environment","medium","starter-editorial","family-only","not-source-verified","qualitative-only","DHET OIHD/OFO occupation mapping | SAQA/QCTO/CHE qualification record | SETA or industry body route source | provider programme page","demand strength | salary figures | APS/marks | provider-specific entry requirements | professional registration claims","Map role to official occupation source, verify qualification route, add provider/accreditation evidence, then review learner-facing copy."
"27","soil-testing-technician","Soil Testing Technician","Agriculture, food and environment","medium","starter-editorial","family-only","not-source-verified","qualitative-only","DHET OIHD/OFO occupation mapping | SAQA/QCTO/CHE qualification record | SETA or industry body route source | provider programme page","demand strength | salary figures | APS/marks | provider-specific entry requirements | professional registration claims","Map role to official occupation source, verify qualification route, add provider/accreditation evidence, then review learner-facing copy."
"28","urban-farmer","Urban Farmer","Agriculture, food and environment","medium","starter-editorial","family-only","not-source-verified","qualitative-only","DHET OIHD/OFO occupation mapping | SAQA/QCTO/CHE qualification record | SETA or industry body route source | provider programme page","demand strength | salary figures | APS/marks | provider-specific entry requirements | professional registration claims","Map role to official occupation source, verify qualification route, add provider/accreditation evidence, then review learner-facing copy."
"29","viticulture-worker","Viticulture Worker","Agriculture, food and environment","medium","starter-editorial","family-only","not-source-verified","qualitative-only","DHET OIHD/OFO occupation mapping | SAQA/QCTO/CHE qualification record | SETA or industry body route source | provider programme page","demand strength | salary figures | APS/marks | provider-specific entry requirements | professional registration claims","Map role to official occupation source, verify qualification route, add provider/accreditation evidence, then review learner-facing copy."
"30","waste-management-coordinator","Waste Management Coordinator","Agriculture, food and environment","medium","starter-editorial","family-only","not-source-verified","qualitative-only","DHET OIHD/OFO occupation mapping | SAQA/QCTO/CHE qualification record | SETA or industry body route source | provider programme page","demand strength | salary figures | APS/marks | provider-specific entry requirements | professional registration claims","Map role to official occupation source, verify qualification route, add provider/accreditation evidence, then review learner-facing copy."
"31","water-resource-technician","Water Resource Technician","Agriculture, food and environment","medium","starter-editorial","family-only","not-source-verified","qualitative-only","DHET OIHD/OFO occupation mapping | SAQA/QCTO/CHE qualification record | SETA or industry body route source | provider programme page","demand strength | salary figures | APS/marks | provider-specific entry requirements | professional registration claims","Map role to official occupation source, verify qualification route, add provider/accreditation evidence, then review learner-facing copy."
"32","wildlife-guide","Wildlife Guide","Agriculture, food and environment","medium","starter-editorial","family-only","not-source-verified","qualitative-only","DHET OIHD/OFO occupation mapping | SAQA/QCTO/CHE qualification record | SETA or industry body route source | provider programme page","demand strength | salary figures | APS/marks | provider-specific entry requirements | professional registration claims","Map role to official occupation source, verify qualification route, add provider/accreditation evidence, then review learner-facing copy."
"33","actor","Actor","Arts, culture, heritage and society","medium","starter-editorial","family-only","not-source-verified","qualitative-only","DHET OIHD/OFO occupation mapping | SAQA/CHE/QCTO qualification record where formal route applies | arts/culture/heritage body source where relevant | provider or portfolio route source","demand strength | salary figures | APS/marks | provider-specific entry requirements | professional registration claims","Map role to official occupation source, verify qualification route, add provider/accreditation evidence, then review learner-facing copy."
"34","archivist","Archivist","Arts, culture, heritage and society","medium","starter-editorial","family-only","not-source-verified","qualitative-only","DHET OIHD/OFO occupation mapping | SAQA/CHE/QCTO qualification record where formal route applies | arts/culture/heritage body source where relevant | provider or portfolio route source","demand strength | salary figures | APS/marks | provider-specific entry requirements | professional registration claims","Map role to official occupation source, verify qualification route, add provider/accreditation evidence, then review learner-facing copy."
"35","arts-administrator","Arts Administrator","Arts, culture, heritage and society","medium","starter-editorial","family-only","not-source-verified","qualitative-only","DHET OIHD/OFO occupation mapping | SAQA/CHE/QCTO qualification record where formal route applies | arts/culture/heritage body source where relevant | provider or portfolio route source","demand strength | salary figures | APS/marks | provider-specific entry requirements | professional registration claims","Map role to official occupation source, verify qualification route, add provider/accreditation evidence, then review learner-facing copy."
"36","author","Author","Arts, culture, heritage and society","medium","starter-editorial","family-only","not-source-verified","qualitative-only","DHET OIHD/OFO occupation mapping | SAQA/CHE/QCTO qualification record where formal route applies | arts/culture/heritage body source where relevant | provider or portfolio route source","demand strength | salary figures | APS/marks | provider-specific entry requirements | professional registration claims","Map role to official occupation source, verify qualification route, add provider/accreditation evidence, then review learner-facing copy."
"37","choreographer","Choreographer","Arts, culture, heritage and society","medium","starter-editorial","family-only","not-source-verified","qualitative-only","DHET OIHD/OFO occupation mapping | SAQA/CHE/QCTO qualification record where formal route applies | arts/culture/heritage body source where relevant | provider or portfolio route source","demand strength | salary figures | APS/marks | provider-specific entry requirements | professional registration claims","Map role to official occupation source, verify qualification route, add provider/accreditation evidence, then review learner-facing copy."
"38","community-arts-facilitator","Community Arts Facilitator","Arts, culture, heritage and society","medium","starter-editorial","family-only","not-source-verified","qualitative-only","DHET OIHD/OFO occupation mapping | SAQA/CHE/QCTO qualification record where formal route applies | arts/culture/heritage body source where relevant | provider or portfolio route source","demand strength | salary figures | APS/marks | provider-specific entry requirements | professional registration claims","Map role to official occupation source, verify qualification route, add provider/accreditation evidence, then review learner-facing copy."
"39","community-historian","Community Historian","Arts, culture, heritage and society","medium","starter-editorial","family-only","not-source-verified","qualitative-only","DHET OIHD/OFO occupation mapping | SAQA/CHE/QCTO qualification record where formal route applies | arts/culture/heritage body source where relevant | provider or portfolio route source","demand strength | salary figures | APS/marks | provider-specific entry requirements | professional registration claims","Map role to official occupation source, verify qualification route, add provider/accreditation evidence, then review learner-facing copy."
"40","cultural-programme-coordinator","Cultural Programme Coordinator","Arts, culture, heritage and society","medium","starter-editorial","family-only","not-source-verified","qualitative-only","DHET OIHD/OFO occupation mapping | SAQA/CHE/QCTO qualification record where formal route applies | arts/culture/heritage body source where relevant | provider or portfolio route source","demand strength | salary figures | APS/marks | provider-specific entry requirements | professional registration claims","Map role to official occupation source, verify qualification route, add provider/accreditation evidence, then review learner-facing copy."
"41","cultural-tourism-guide","Cultural Tourism Guide","Arts, culture, heritage and society","medium","starter-editorial","family-only","not-source-verified","qualitative-only","DHET OIHD/OFO occupation mapping | SAQA/CHE/QCTO qualification record where formal route applies | arts/culture/heritage body source where relevant | provider or portfolio route source","demand strength | salary figures | APS/marks | provider-specific entry requirements | professional registration claims","Map role to official occupation source, verify qualification route, add provider/accreditation evidence, then review learner-facing copy."
"42","dancer","Dancer","Arts, culture, heritage and society","medium","starter-editorial","family-only","not-source-verified","qualitative-only","DHET OIHD/OFO occupation mapping | SAQA/CHE/QCTO qualification record where formal route applies | arts/culture/heritage body source where relevant | provider or portfolio route source","demand strength | salary figures | APS/marks | provider-specific entry requirements | professional registration claims","Map role to official occupation source, verify qualification route, add provider/accreditation evidence, then review learner-facing copy."
"43","editor","Editor","Arts, culture, heritage and society","medium","starter-editorial","family-only","not-source-verified","qualitative-only","DHET OIHD/OFO occupation mapping | SAQA/CHE/QCTO qualification record where formal route applies | arts/culture/heritage body source where relevant | provider or portfolio route source","demand strength | salary figures | APS/marks | provider-specific entry requirements | professional registration claims","Map role to official occupation source, verify qualification route, add provider/accreditation evidence, then review learner-facing copy."
"44","heritage-officer","Heritage Officer","Arts, culture, heritage and society","medium","starter-editorial","family-only","not-source-verified","qualitative-only","DHET OIHD/OFO occupation mapping | SAQA/CHE/QCTO qualification record where formal route applies | arts/culture/heritage body source where relevant | provider or portfolio route source","demand strength | salary figures | APS/marks | provider-specific entry requirements | professional registration claims","Map role to official occupation source, verify qualification route, add provider/accreditation evidence, then review learner-facing copy."
"45","interpreter","Interpreter","Arts, culture, heritage and society","medium","starter-editorial","family-only","not-source-verified","qualitative-only","DHET OIHD/OFO occupation mapping | SAQA/CHE/QCTO qualification record where formal route applies | arts/culture/heritage body source where relevant | provider or portfolio route source","demand strength | salary figures | APS/marks | provider-specific entry requirements | professional registration claims","Map role to official occupation source, verify qualification route, add provider/accreditation evidence, then review learner-facing copy."
"46","language-practitioner","Language Practitioner","Arts, culture, heritage and society","medium","starter-editorial","family-only","not-source-verified","qualitative-only","DHET OIHD/OFO occupation mapping | SAQA/CHE/QCTO qualification record where formal route applies | arts/culture/heritage body source where relevant | provider or portfolio route source","demand strength | salary figures | APS/marks | provider-specific entry requirements | professional registration claims","Map role to official occupation source, verify qualification route, add provider/accreditation evidence, then review learner-facing copy."
"47","museum-curator","Museum Curator","Arts, culture, heritage and society","medium","starter-editorial","family-only","not-source-verified","qualitative-only","DHET OIHD/OFO occupation mapping | SAQA/CHE/QCTO qualification record where formal route applies | arts/culture/heritage body source where relevant | provider or portfolio route source","demand strength | salary figures | APS/marks | provider-specific entry requirements | professional registration claims","Map role to official occupation source, verify qualification route, add provider/accreditation evidence, then review learner-facing copy."
"48","museum-education-officer","Museum Education Officer","Arts, culture, heritage and society","medium","starter-editorial","family-only","not-source-verified","qualitative-only","DHET OIHD/OFO occupation mapping | SAQA/CHE/QCTO qualification record where formal route applies | arts/culture/heritage body source where relevant | provider or portfolio route source","demand strength | salary figures | APS/marks | provider-specific entry requirements | professional registration claims","Map role to official occupation source, verify qualification route, add provider/accreditation evidence, then review learner-facing copy."
"49","publishing-assistant","Publishing Assistant","Arts, culture, heritage and society","medium","starter-editorial","family-only","not-source-verified","qualitative-only","DHET OIHD/OFO occupation mapping | SAQA/CHE/QCTO qualification record where formal route applies | arts/culture/heritage body source where relevant | provider or portfolio route source","demand strength | salary figures | APS/marks | provider-specific entry requirements | professional registration claims","Map role to official occupation source, verify qualification route, add provider/accreditation evidence, then review learner-facing copy."
"50","subtitler","Subtitler","Arts, culture, heritage and society","medium","starter-editorial","family-only","not-source-verified","qualitative-only","DHET OIHD/OFO occupation mapping | SAQA/CHE/QCTO qualification record where formal route applies | arts/culture/heritage body source where relevant | provider or portfolio route source","demand strength | salary figures | APS/marks | provider-specific entry requirements | professional registration claims","Map role to official occupation source, verify qualification route, add provider/accreditation evidence, then review learner-facing copy."
"51","theatre-technician","Theatre Technician","Arts, culture, heritage and society","medium","starter-editorial","family-only","not-source-verified","qualitative-only","DHET OIHD/OFO occupation mapping | SAQA/CHE/QCTO qualification record where formal route applies | arts/culture/heritage body source where relevant | provider or portfolio route source","demand strength | salary figures | APS/marks | provider-specific entry requirements | professional registration claims","Map role to official occupation source, verify qualification route, add provider/accreditation evidence, then review learner-facing copy."
"52","translator","Translator","Arts, culture, heritage and society","medium","starter-editorial","family-only","not-source-verified","qualitative-only","DHET OIHD/OFO occupation mapping | SAQA/CHE/QCTO qualification record where formal route applies | arts/culture/heritage body source where relevant | provider or portfolio route source","demand strength | salary figures | APS/marks | provider-specific entry requirements | professional registration claims","Map role to official occupation source, verify qualification route, add provider/accreditation evidence, then review learner-facing copy."
"53","3d-artist","3D Artist","Creative, media and design","medium","starter-editorial","family-only","not-source-verified","qualitative-only","DHET OIHD/OFO occupation mapping | SAQA/CHE/QCTO qualification record where formal route applies | portfolio or industry-body source | provider programme page","demand strength | salary figures | APS/marks | provider-specific entry requirements | professional registration claims","Map role to official occupation source, verify qualification route, add provider/accreditation evidence, then review learner-facing copy."
"54","animator","Animator","Creative, media and design","medium","starter-editorial","family-only","not-source-verified","qualitative-only","DHET OIHD/OFO occupation mapping | SAQA/CHE/QCTO qualification record where formal route applies | portfolio or industry-body source | provider programme page","demand strength | salary figures | APS/marks | provider-specific entry requirements | professional registration claims","Map role to official occupation source, verify qualification route, add provider/accreditation evidence, then review learner-facing copy."
"55","book-designer","Book Designer","Creative, media and design","medium","starter-editorial","family-only","not-source-verified","qualitative-only","DHET OIHD/OFO occupation mapping | SAQA/CHE/QCTO qualification record where formal route applies | portfolio or industry-body source | provider programme page","demand strength | salary figures | APS/marks | provider-specific entry requirements | professional registration claims","Map role to official occupation source, verify qualification route, add provider/accreditation evidence, then review learner-facing copy."
"56","brand-strategist","Brand Strategist","Creative, media and design","medium","starter-editorial","family-only","not-source-verified","qualitative-only","DHET OIHD/OFO occupation mapping | SAQA/CHE/QCTO qualification record where formal route applies | portfolio or industry-body source | provider programme page","demand strength | salary figures | APS/marks | provider-specific entry requirements | professional registration claims","Map role to official occupation source, verify qualification route, add provider/accreditation evidence, then review learner-facing copy."
"57","community-manager","Community Manager","Creative, media and design","medium","starter-editorial","family-only","not-source-verified","qualitative-only","DHET OIHD/OFO occupation mapping | SAQA/CHE/QCTO qualification record where formal route applies | portfolio or industry-body source | provider programme page","demand strength | salary figures | APS/marks | provider-specific entry requirements | professional registration claims","Map role to official occupation source, verify qualification route, add provider/accreditation evidence, then review learner-facing copy."
"58","content-creator","Content Creator","Creative, media and design","medium","starter-editorial","family-only","not-source-verified","qualitative-only","DHET OIHD/OFO occupation mapping | SAQA/CHE/QCTO qualification record where formal route applies | portfolio or industry-body source | provider programme page","demand strength | salary figures | APS/marks | provider-specific entry requirements | professional registration claims","Map role to official occupation source, verify qualification route, add provider/accreditation evidence, then review learner-facing copy."
"59","content-strategist","Content Strategist","Creative, media and design","medium","starter-editorial","family-only","not-source-verified","qualitative-only","DHET OIHD/OFO occupation mapping | SAQA/CHE/QCTO qualification record where formal route applies | portfolio or industry-body source | provider programme page","demand strength | salary figures | APS/marks | provider-specific entry requirements | professional registration claims","Map role to official occupation source, verify qualification route, add provider/accreditation evidence, then review learner-facing copy."
"60","copywriter","Copywriter","Creative, media and design","medium","starter-editorial","family-only","not-source-verified","qualitative-only","DHET OIHD/OFO occupation mapping | SAQA/CHE/QCTO qualification record where formal route applies | portfolio or industry-body source | provider programme page","demand strength | salary figures | APS/marks | provider-specific entry requirements | professional registration claims","Map role to official occupation source, verify qualification route, add provider/accreditation evidence, then review learner-facing copy."
"61","digital-designer","Digital Designer","Creative, media and design","medium","starter-editorial","family-only","not-source-verified","qualitative-only","DHET OIHD/OFO occupation mapping | SAQA/CHE/QCTO qualification record where formal route applies | portfolio or industry-body source | provider programme page","demand strength | salary figures | APS/marks | provider-specific entry requirements | professional registration claims","Map role to official occupation source, verify qualification route, add provider/accreditation evidence, then review learner-facing copy."
"62","digital-illustrator","Digital Illustrator","Creative, media and design","medium","starter-editorial","family-only","not-source-verified","qualitative-only","DHET OIHD/OFO occupation mapping | SAQA/CHE/QCTO qualification record where formal route applies | portfolio or industry-body source | provider programme page","demand strength | salary figures | APS/marks | provider-specific entry requirements | professional registration claims","Map role to official occupation source, verify qualification route, add provider/accreditation evidence, then review learner-facing copy."
"63","event-creative-producer","Event Creative Producer","Creative, media and design","medium","starter-editorial","family-only","not-source-verified","qualitative-only","DHET OIHD/OFO occupation mapping | SAQA/CHE/QCTO qualification record where formal route applies | portfolio or industry-body source | provider programme page","demand strength | salary figures | APS/marks | provider-specific entry requirements | professional registration claims","Map role to official occupation source, verify qualification route, add provider/accreditation evidence, then review learner-facing copy."
"64","exhibition-designer","Exhibition Designer","Creative, media and design","medium","starter-editorial","family-only","not-source-verified","qualitative-only","DHET OIHD/OFO occupation mapping | SAQA/CHE/QCTO qualification record where formal route applies | portfolio or industry-body source | provider programme page","demand strength | salary figures | APS/marks | provider-specific entry requirements | professional registration claims","Map role to official occupation source, verify qualification route, add provider/accreditation evidence, then review learner-facing copy."
"65","fashion-designer","Fashion Designer","Creative, media and design","medium","starter-editorial","family-only","not-source-verified","qualitative-only","DHET OIHD/OFO occupation mapping | SAQA/CHE/QCTO qualification record where formal route applies | portfolio or industry-body source | provider programme page","demand strength | salary figures | APS/marks | provider-specific entry requirements | professional registration claims","Map role to official occupation source, verify qualification route, add provider/accreditation evidence, then review learner-facing copy."
"66","game-artist","Game Artist","Creative, media and design","medium","starter-editorial","family-only","not-source-verified","qualitative-only","DHET OIHD/OFO occupation mapping | SAQA/CHE/QCTO qualification record where formal route applies | portfolio or industry-body source | provider programme page","demand strength | salary figures | APS/marks | provider-specific entry requirements | professional registration claims","Map role to official occupation source, verify qualification route, add provider/accreditation evidence, then review learner-facing copy."
"67","graphic-designer","Graphic Designer","Creative, media and design","medium","starter-editorial","family-only","not-source-verified","qualitative-only","DHET OIHD/OFO occupation mapping | SAQA/CHE/QCTO qualification record where formal route applies | portfolio or industry-body source | provider programme page","demand strength | salary figures | APS/marks | provider-specific entry requirements | professional registration claims","Map role to official occupation source, verify qualification route, add provider/accreditation evidence, then review learner-facing copy."
"68","hair-stylist","Hair Stylist","Creative, media and design","medium","starter-editorial","family-only","not-source-verified","qualitative-only","DHET OIHD/OFO occupation mapping | SAQA/CHE/QCTO qualification record where formal route applies | portfolio or industry-body source | provider programme page","demand strength | salary figures | APS/marks | provider-specific entry requirements | professional registration claims","Map role to official occupation source, verify qualification route, add provider/accreditation evidence, then review learner-facing copy."
"69","illustrator","Illustrator","Creative, media and design","medium","starter-editorial","family-only","not-source-verified","qualitative-only","DHET OIHD/OFO occupation mapping | SAQA/CHE/QCTO qualification record where formal route applies | portfolio or industry-body source | provider programme page","demand strength | salary figures | APS/marks | provider-specific entry requirements | professional registration claims","Map role to official occupation source, verify qualification route, add provider/accreditation evidence, then review learner-facing copy."
"70","interior-designer","Interior Designer","Creative, media and design","medium","starter-editorial","family-only","not-source-verified","qualitative-only","DHET OIHD/OFO occupation mapping | SAQA/CHE/QCTO qualification record where formal route applies | portfolio or industry-body source | provider programme page","demand strength | salary figures | APS/marks | provider-specific entry requirements | professional registration claims","Map role to official occupation source, verify qualification route, add provider/accreditation evidence, then review learner-facing copy."
"71","journalist","Journalist","Creative, media and design","medium","starter-editorial","family-only","not-source-verified","qualitative-only","DHET OIHD/OFO occupation mapping | SAQA/CHE/QCTO qualification record where formal route applies | portfolio or industry-body source | provider programme page","demand strength | salary figures | APS/marks | provider-specific entry requirements | professional registration claims","Map role to official occupation source, verify qualification route, add provider/accreditation evidence, then review learner-facing copy."
"72","makeup-artist","Makeup Artist","Creative, media and design","medium","starter-editorial","family-only","not-source-verified","qualitative-only","DHET OIHD/OFO occupation mapping | SAQA/CHE/QCTO qualification record where formal route applies | portfolio or industry-body source | provider programme page","demand strength | salary figures | APS/marks | provider-specific entry requirements | professional registration claims","Map role to official occupation source, verify qualification route, add provider/accreditation evidence, then review learner-facing copy."
"73","motion-graphics-designer","Motion Graphics Designer","Creative, media and design","medium","starter-editorial","family-only","not-source-verified","qualitative-only","DHET OIHD/OFO occupation mapping | SAQA/CHE/QCTO qualification record where formal route applies | portfolio or industry-body source | provider programme page","demand strength | salary figures | APS/marks | provider-specific entry requirements | professional registration claims","Map role to official occupation source, verify qualification route, add provider/accreditation evidence, then review learner-facing copy."
"74","music-producer","Music Producer","Creative, media and design","medium","starter-editorial","family-only","not-source-verified","qualitative-only","DHET OIHD/OFO occupation mapping | SAQA/CHE/QCTO qualification record where formal route applies | portfolio or industry-body source | provider programme page","demand strength | salary figures | APS/marks | provider-specific entry requirements | professional registration claims","Map role to official occupation source, verify qualification route, add provider/accreditation evidence, then review learner-facing copy."
"75","photographer","Photographer","Creative, media and design","medium","starter-editorial","family-only","not-source-verified","qualitative-only","DHET OIHD/OFO occupation mapping | SAQA/CHE/QCTO qualification record where formal route applies | portfolio or industry-body source | provider programme page","demand strength | salary figures | APS/marks | provider-specific entry requirements | professional registration claims","Map role to official occupation source, verify qualification route, add provider/accreditation evidence, then review learner-facing copy."
"76","podcast-producer","Podcast Producer","Creative, media and design","medium","starter-editorial","family-only","not-source-verified","qualitative-only","DHET OIHD/OFO occupation mapping | SAQA/CHE/QCTO qualification record where formal route applies | portfolio or industry-body source | provider programme page","demand strength | salary figures | APS/marks | provider-specific entry requirements | professional registration claims","Map role to official occupation source, verify qualification route, add provider/accreditation evidence, then review learner-facing copy."
"77","public-relations-officer","Public Relations Officer","Creative, media and design","medium","starter-editorial","family-only","not-source-verified","qualitative-only","DHET OIHD/OFO occupation mapping | SAQA/CHE/QCTO qualification record where formal route applies | portfolio or industry-body source | provider programme page","demand strength | salary figures | APS/marks | provider-specific entry requirements | professional registration claims","Map role to official occupation source, verify qualification route, add provider/accreditation evidence, then review learner-facing copy."
"78","radio-presenter","Radio Presenter","Creative, media and design","medium","starter-editorial","family-only","not-source-verified","qualitative-only","DHET OIHD/OFO occupation mapping | SAQA/CHE/QCTO qualification record where formal route applies | portfolio or industry-body source | provider programme page","demand strength | salary figures | APS/marks | provider-specific entry requirements | professional registration claims","Map role to official occupation source, verify qualification route, add provider/accreditation evidence, then review learner-facing copy."
"79","set-designer","Set Designer","Creative, media and design","medium","starter-editorial","family-only","not-source-verified","qualitative-only","DHET OIHD/OFO occupation mapping | SAQA/CHE/QCTO qualification record where formal route applies | portfolio or industry-body source | provider programme page","demand strength | salary figures | APS/marks | provider-specific entry requirements | professional registration claims","Map role to official occupation source, verify qualification route, add provider/accreditation evidence, then review learner-facing copy."
"80","signage-designer","Signage Designer","Creative, media and design","medium","starter-editorial","family-only","not-source-verified","qualitative-only","DHET OIHD/OFO occupation mapping | SAQA/CHE/QCTO qualification record where formal route applies | portfolio or industry-body source | provider programme page","demand strength | salary figures | APS/marks | provider-specific entry requirements | professional registration claims","Map role to official occupation source, verify qualification route, add provider/accreditation evidence, then review learner-facing copy."
"81","social-media-manager","Social Media Manager","Creative, media and design","medium","starter-editorial","family-only","not-source-verified","qualitative-only","DHET OIHD/OFO occupation mapping | SAQA/CHE/QCTO qualification record where formal route applies | portfolio or industry-body source | provider programme page","demand strength | salary figures | APS/marks | provider-specific entry requirements | professional registration claims","Map role to official occupation source, verify qualification route, add provider/accreditation evidence, then review learner-facing copy."
"82","sound-engineer","Sound Engineer","Creative, media and design","medium","starter-editorial","family-only","not-source-verified","qualitative-only","DHET OIHD/OFO occupation mapping | SAQA/CHE/QCTO qualification record where formal route applies | portfolio or industry-body source | provider programme page","demand strength | salary figures | APS/marks | provider-specific entry requirements | professional registration claims","Map role to official occupation source, verify qualification route, add provider/accreditation evidence, then review learner-facing copy."
"83","user-researcher","User Researcher","Creative, media and design","medium","starter-editorial","family-only","not-source-verified","qualitative-only","DHET OIHD/OFO occupation mapping | SAQA/CHE/QCTO qualification record where formal route applies | portfolio or industry-body source | provider programme page","demand strength | salary figures | APS/marks | provider-specific entry requirements | professional registration claims","Map role to official occupation source, verify qualification route, add provider/accreditation evidence, then review learner-facing copy."
"84","video-editor","Video Editor","Creative, media and design","medium","starter-editorial","family-only","not-source-verified","qualitative-only","DHET OIHD/OFO occupation mapping | SAQA/CHE/QCTO qualification record where formal route applies | portfolio or industry-body source | provider programme page","demand strength | salary figures | APS/marks | provider-specific entry requirements | professional registration claims","Map role to official occupation source, verify qualification route, add provider/accreditation evidence, then review learner-facing copy."
"85","videographer","Videographer","Creative, media and design","medium","starter-editorial","family-only","not-source-verified","qualitative-only","DHET OIHD/OFO occupation mapping | SAQA/CHE/QCTO qualification record where formal route applies | portfolio or industry-body source | provider programme page","demand strength | salary figures | APS/marks | provider-specific entry requirements | professional registration claims","Map role to official occupation source, verify qualification route, add provider/accreditation evidence, then review learner-facing copy."
"86","virtual-production-artist","Virtual Production Artist","Creative, media and design","medium","starter-editorial","family-only","not-source-verified","qualitative-only","DHET OIHD/OFO occupation mapping | SAQA/CHE/QCTO qualification record where formal route applies | portfolio or industry-body source | provider programme page","demand strength | salary figures | APS/marks | provider-specific entry requirements | professional registration claims","Map role to official occupation source, verify qualification route, add provider/accreditation evidence, then review learner-facing copy."
"87","academic-administrator","Academic Administrator","Education, training and youth development","medium","starter-editorial","family-only","not-source-verified","qualitative-only","DHET OIHD/OFO occupation mapping | SAQA/CHE qualification record | SACE or education authority source where relevant | provider programme page","demand strength | salary figures | APS/marks | provider-specific entry requirements | professional registration claims","Map role to official occupation source, verify qualification route, add provider/accreditation evidence, then review learner-facing copy."
"88","adult-education-facilitator","Adult Education Facilitator","Education, training and youth development","medium","starter-editorial","family-only","not-source-verified","qualitative-only","DHET OIHD/OFO occupation mapping | SAQA/CHE qualification record | SACE or education authority source where relevant | provider programme page","demand strength | salary figures | APS/marks | provider-specific entry requirements | professional registration claims","Map role to official occupation source, verify qualification route, add provider/accreditation evidence, then review learner-facing copy."
"89","after-school-programme-manager","After-School Programme Manager","Education, training and youth development","medium","starter-editorial","family-only","not-source-verified","qualitative-only","DHET OIHD/OFO occupation mapping | SAQA/CHE qualification record | SACE or education authority source where relevant | provider programme page","demand strength | salary figures | APS/marks | provider-specific entry requirements | professional registration claims","Map role to official occupation source, verify qualification route, add provider/accreditation evidence, then review learner-facing copy."
"90","assessment-moderator","Assessment Moderator","Education, training and youth development","medium","starter-editorial","family-only","not-source-verified","qualitative-only","DHET OIHD/OFO occupation mapping | SAQA/CHE qualification record | SACE or education authority source where relevant | provider programme page","demand strength | salary figures | APS/marks | provider-specific entry requirements | professional registration claims","Map role to official occupation source, verify qualification route, add provider/accreditation evidence, then review learner-facing copy."
"91","career-advisor","Career Advisor","Education, training and youth development","medium","starter-editorial","family-only","not-source-verified","qualitative-only","DHET OIHD/OFO occupation mapping | SAQA/CHE qualification record | SACE or education authority source where relevant | provider programme page","demand strength | salary figures | APS/marks | provider-specific entry requirements | professional registration claims","Map role to official occupation source, verify qualification route, add provider/accreditation evidence, then review learner-facing copy."
"92","curriculum-developer","Curriculum Developer","Education, training and youth development","medium","starter-editorial","family-only","not-source-verified","qualitative-only","DHET OIHD/OFO occupation mapping | SAQA/CHE qualification record | SACE or education authority source where relevant | provider programme page","demand strength | salary figures | APS/marks | provider-specific entry requirements | professional registration claims","Map role to official occupation source, verify qualification route, add provider/accreditation evidence, then review learner-facing copy."
"93","early-childhood-development-practitioner","Early Childhood Development Practitioner","Education, training and youth development","medium","starter-editorial","family-only","not-source-verified","qualitative-only","DHET OIHD/OFO occupation mapping | SAQA/CHE qualification record | SACE or education authority source where relevant | provider programme page","demand strength | salary figures | APS/marks | provider-specific entry requirements | professional registration claims","Map role to official occupation source, verify qualification route, add provider/accreditation evidence, then review learner-facing copy."
"94","education-data-capturer","Education Data Capturer","Education, training and youth development","medium","starter-editorial","family-only","not-source-verified","qualitative-only","DHET OIHD/OFO occupation mapping | SAQA/CHE qualification record | SACE or education authority source where relevant | provider programme page","demand strength | salary figures | APS/marks | provider-specific entry requirements | professional registration claims","Map role to official occupation source, verify qualification route, add provider/accreditation evidence, then review learner-facing copy."
"95","foundation-phase-teacher","Foundation Phase Teacher","Education, training and youth development","medium","starter-editorial","family-only","not-source-verified","qualitative-only","DHET OIHD/OFO occupation mapping | SAQA/CHE qualification record | SACE or education authority source where relevant | provider programme page","demand strength | salary figures | APS/marks | provider-specific entry requirements | professional registration claims","Map role to official occupation source, verify qualification route, add provider/accreditation evidence, then review learner-facing copy."
"96","high-school-teacher","High School Teacher","Education, training and youth development","medium","starter-editorial","family-only","not-source-verified","qualitative-only","DHET OIHD/OFO occupation mapping | SAQA/CHE qualification record | SACE or education authority source where relevant | provider programme page","demand strength | salary figures | APS/marks | provider-specific entry requirements | professional registration claims","Map role to official occupation source, verify qualification route, add provider/accreditation evidence, then review learner-facing copy."
"97","instructional-designer","Instructional Designer","Education, training and youth development","medium","starter-editorial","family-only","not-source-verified","qualitative-only","DHET OIHD/OFO occupation mapping | SAQA/CHE qualification record | SACE or education authority source where relevant | provider programme page","demand strength | salary figures | APS/marks | provider-specific entry requirements | professional registration claims","Map role to official occupation source, verify qualification route, add provider/accreditation evidence, then review learner-facing copy."
"98","learning-technologist","Learning Technologist","Education, training and youth development","medium","starter-editorial","family-only","not-source-verified","qualitative-only","DHET OIHD/OFO occupation mapping | SAQA/CHE qualification record | SACE or education authority source where relevant | provider programme page","demand strength | salary figures | APS/marks | provider-specific entry requirements | professional registration claims","Map role to official occupation source, verify qualification route, add provider/accreditation evidence, then review learner-facing copy."
"99","library-assistant","Library Assistant","Education, training and youth development","medium","starter-editorial","family-only","not-source-verified","qualitative-only","DHET OIHD/OFO occupation mapping | SAQA/CHE qualification record | SACE or education authority source where relevant | provider programme page","demand strength | salary figures | APS/marks | provider-specific entry requirements | professional registration claims","Map role to official occupation source, verify qualification route, add provider/accreditation evidence, then review learner-facing copy."
"100","online-tutor","Online Tutor","Education, training and youth development","medium","starter-editorial","family-only","not-source-verified","qualitative-only","DHET OIHD/OFO occupation mapping | SAQA/CHE qualification record | SACE or education authority source where relevant | provider programme page","demand strength | salary figures | APS/marks | provider-specific entry requirements | professional registration claims","Map role to official occupation source, verify qualification route, add provider/accreditation evidence, then review learner-facing copy."
"101","school-counsellor","School Counsellor","Education, training and youth development","medium","starter-editorial","family-only","not-source-verified","qualitative-only","DHET OIHD/OFO occupation mapping | SAQA/CHE qualification record | SACE or education authority source where relevant | provider programme page","demand strength | salary figures | APS/marks | provider-specific entry requirements | professional registration claims","Map role to official occupation source, verify qualification route, add provider/accreditation evidence, then review learner-facing copy."
"102","skills-development-facilitator","Skills Development Facilitator","Education, training and youth development","medium","starter-editorial","family-only","not-source-verified","qualitative-only","DHET OIHD/OFO occupation mapping | SAQA/CHE qualification record | SACE or education authority source where relevant | provider programme page","demand strength | salary figures | APS/marks | provider-specific entry requirements | professional registration claims","Map role to official occupation source, verify qualification route, add provider/accreditation evidence, then review learner-facing copy."
"103","special-needs-support-assistant","Special Needs Support Assistant","Education, training and youth development","medium","starter-editorial","family-only","not-source-verified","qualitative-only","DHET OIHD/OFO occupation mapping | SAQA/CHE qualification record | SACE or education authority source where relevant | provider programme page","demand strength | salary figures | APS/marks | provider-specific entry requirements | professional registration claims","Map role to official occupation source, verify qualification route, add provider/accreditation evidence, then review learner-facing copy."
"104","sports-coach","Sports Coach","Education, training and youth development","medium","starter-editorial","family-only","not-source-verified","qualitative-only","DHET OIHD/OFO occupation mapping | SAQA/CHE qualification record | SACE or education authority source where relevant | provider programme page","demand strength | salary figures | APS/marks | provider-specific entry requirements | professional registration claims","Map role to official occupation source, verify qualification route, add provider/accreditation evidence, then review learner-facing copy."
"105","training-facilitator","Training Facilitator","Education, training and youth development","medium","starter-editorial","family-only","not-source-verified","qualitative-only","DHET OIHD/OFO occupation mapping | SAQA/CHE qualification record | SACE or education authority source where relevant | provider programme page","demand strength | salary figures | APS/marks | provider-specific entry requirements | professional registration claims","Map role to official occupation source, verify qualification route, add provider/accreditation evidence, then review learner-facing copy."
"106","tutor","Tutor","Education, training and youth development","medium","starter-editorial","family-only","not-source-verified","qualitative-only","DHET OIHD/OFO occupation mapping | SAQA/CHE qualification record | SACE or education authority source where relevant | provider programme page","demand strength | salary figures | APS/marks | provider-specific entry requirements | professional registration claims","Map role to official occupation source, verify qualification route, add provider/accreditation evidence, then review learner-facing copy."
"107","tvet-lecturer","TVET Lecturer","Education, training and youth development","medium","starter-editorial","family-only","not-source-verified","qualitative-only","DHET OIHD/OFO occupation mapping | SAQA/CHE qualification record | SACE or education authority source where relevant | provider programme page","demand strength | salary figures | APS/marks | provider-specific entry requirements | professional registration claims","Map role to official occupation source, verify qualification route, add provider/accreditation evidence, then review learner-facing copy."
"108","workplace-mentor","Workplace Mentor","Education, training and youth development","medium","starter-editorial","family-only","not-source-verified","qualitative-only","DHET OIHD/OFO occupation mapping | SAQA/CHE qualification record | SACE or education authority source where relevant | provider programme page","demand strength | salary figures | APS/marks | provider-specific entry requirements | professional registration claims","Map role to official occupation source, verify qualification route, add provider/accreditation evidence, then review learner-facing copy."
"109","youth-programme-coordinator","Youth Programme Coordinator","Education, training and youth development","medium","starter-editorial","family-only","not-source-verified","qualitative-only","DHET OIHD/OFO occupation mapping | SAQA/CHE qualification record | SACE or education authority source where relevant | provider programme page","demand strength | salary figures | APS/marks | provider-specific entry requirements | professional registration claims","Map role to official occupation source, verify qualification route, add provider/accreditation evidence, then review learner-facing copy."
"110","accounts-clerk","Accounts Clerk","Finance, admin and business operations","high","starter-editorial","family-only","not-source-verified","qualitative-only","DHET OIHD/OFO occupation mapping | SAQA or CHE qualification record | professional body source where regulated | provider programme page","demand strength | salary figures | APS/marks | provider-specific entry requirements | professional registration claims","Map role to official occupation source, verify qualification route, add provider/accreditation evidence, then review learner-facing copy."
"111","actuarial-assistant","Actuarial Assistant","Finance, admin and business operations","high","starter-editorial","family-only","not-source-verified","qualitative-only","DHET OIHD/OFO occupation mapping | SAQA or CHE qualification record | professional body source where regulated | provider programme page","demand strength | salary figures | APS/marks | provider-specific entry requirements | professional registration claims","Map role to official occupation source, verify qualification route, add provider/accreditation evidence, then review learner-facing copy."
"112","banking-consultant","Banking Consultant","Finance, admin and business operations","high","starter-editorial","family-only","not-source-verified","qualitative-only","DHET OIHD/OFO occupation mapping | SAQA or CHE qualification record | professional body source where regulated | provider programme page","demand strength | salary figures | APS/marks | provider-specific entry requirements | professional registration claims","Map role to official occupation source, verify qualification route, add provider/accreditation evidence, then review learner-facing copy."
"113","bookkeeper","Bookkeeper","Finance, admin and business operations","high","starter-editorial","family-only","not-source-verified","qualitative-only","DHET OIHD/OFO occupation mapping | SAQA or CHE qualification record | professional body source where regulated | provider programme page","demand strength | salary figures | APS/marks | provider-specific entry requirements | professional registration claims","Map role to official occupation source, verify qualification route, add provider/accreditation evidence, then review learner-facing copy."
"114","business-intelligence-developer","Business Intelligence Developer","Finance, admin and business operations","high","starter-editorial","family-only","not-source-verified","qualitative-only","DHET OIHD/OFO occupation mapping | SAQA or CHE qualification record | professional body source where regulated | provider programme page","demand strength | salary figures | APS/marks | provider-specific entry requirements | professional registration claims","Map role to official occupation source, verify qualification route, add provider/accreditation evidence, then review learner-facing copy."
"115","business-process-analyst","Business Process Analyst","Finance, admin and business operations","high","starter-editorial","family-only","not-source-verified","qualitative-only","DHET OIHD/OFO occupation mapping | SAQA or CHE qualification record | professional body source where regulated | provider programme page","demand strength | salary figures | APS/marks | provider-specific entry requirements | professional registration claims","Map role to official occupation source, verify qualification route, add provider/accreditation evidence, then review learner-facing copy."
"116","business-rescue-assistant","Business Rescue Assistant","Finance, admin and business operations","high","starter-editorial","family-only","not-source-verified","qualitative-only","DHET OIHD/OFO occupation mapping | SAQA or CHE qualification record | professional body source where regulated | provider programme page","demand strength | salary figures | APS/marks | provider-specific entry requirements | professional registration claims","Map role to official occupation source, verify qualification route, add provider/accreditation evidence, then review learner-facing copy."
"117","collections-specialist","Collections Specialist","Finance, admin and business operations","high","starter-editorial","family-only","not-source-verified","qualitative-only","DHET OIHD/OFO occupation mapping | SAQA or CHE qualification record | professional body source where regulated | provider programme page","demand strength | salary figures | APS/marks | provider-specific entry requirements | professional registration claims","Map role to official occupation source, verify qualification route, add provider/accreditation evidence, then review learner-facing copy."
"118","compliance-officer","Compliance Officer","Finance, admin and business operations","high","starter-editorial","family-only","not-source-verified","qualitative-only","DHET OIHD/OFO occupation mapping | SAQA or CHE qualification record | professional body source where regulated | provider programme page","demand strength | salary figures | APS/marks | provider-specific entry requirements | professional registration claims","Map role to official occupation source, verify qualification route, add provider/accreditation evidence, then review learner-facing copy."
"119","cooperative-development-officer","Cooperative Development Officer","Finance, admin and business operations","high","starter-editorial","family-only","not-source-verified","qualitative-only","DHET OIHD/OFO occupation mapping | SAQA or CHE qualification record | professional body source where regulated | provider programme page","demand strength | salary figures | APS/marks | provider-specific entry requirements | professional registration claims","Map role to official occupation source, verify qualification route, add provider/accreditation evidence, then review learner-facing copy."
"120","credit-analyst","Credit Analyst","Finance, admin and business operations","high","starter-editorial","family-only","not-source-verified","qualitative-only","DHET OIHD/OFO occupation mapping | SAQA or CHE qualification record | professional body source where regulated | provider programme page","demand strength | salary figures | APS/marks | provider-specific entry requirements | professional registration claims","Map role to official occupation source, verify qualification route, add provider/accreditation evidence, then review learner-facing copy."
"121","creditors-clerk","Creditors Clerk","Finance, admin and business operations","high","starter-editorial","family-only","not-source-verified","qualitative-only","DHET OIHD/OFO occupation mapping | SAQA or CHE qualification record | professional body source where regulated | provider programme page","demand strength | salary figures | APS/marks | provider-specific entry requirements | professional registration claims","Map role to official occupation source, verify qualification route, add provider/accreditation evidence, then review learner-facing copy."
"122","data-protection-officer","Data Protection Officer","Finance, admin and business operations","high","starter-editorial","family-only","not-source-verified","qualitative-only","DHET OIHD/OFO occupation mapping | SAQA or CHE qualification record | professional body source where regulated | provider programme page","demand strength | salary figures | APS/marks | provider-specific entry requirements | professional registration claims","Map role to official occupation source, verify qualification route, add provider/accreditation evidence, then review learner-facing copy."
"123","debtors-clerk","Debtors Clerk","Finance, admin and business operations","high","starter-editorial","family-only","not-source-verified","qualitative-only","DHET OIHD/OFO occupation mapping | SAQA or CHE qualification record | professional body source where regulated | provider programme page","demand strength | salary figures | APS/marks | provider-specific entry requirements | professional registration claims","Map role to official occupation source, verify qualification route, add provider/accreditation evidence, then review learner-facing copy."
"124","entrepreneurship-programme-coordinator","Entrepreneurship Programme Coordinator","Finance, admin and business operations","high","starter-editorial","family-only","not-source-verified","qualitative-only","DHET OIHD/OFO occupation mapping | SAQA or CHE qualification record | professional body source where regulated | provider programme page","demand strength | salary figures | APS/marks | provider-specific entry requirements | professional registration claims","Map role to official occupation source, verify qualification route, add provider/accreditation evidence, then review learner-facing copy."
"125","executive-assistant","Executive Assistant","Finance, admin and business operations","high","starter-editorial","family-only","not-source-verified","qualitative-only","DHET OIHD/OFO occupation mapping | SAQA or CHE qualification record | professional body source where regulated | provider programme page","demand strength | salary figures | APS/marks | provider-specific entry requirements | professional registration claims","Map role to official occupation source, verify qualification route, add provider/accreditation evidence, then review learner-facing copy."
"126","financial-analyst","Financial Analyst","Finance, admin and business operations","high","starter-editorial","family-only","not-source-verified","qualitative-only","DHET OIHD/OFO occupation mapping | SAQA or CHE qualification record | professional body source where regulated | provider programme page","demand strength | salary figures | APS/marks | provider-specific entry requirements | professional registration claims","Map role to official occupation source, verify qualification route, add provider/accreditation evidence, then review learner-facing copy."
"127","forensic-accounting-assistant","Forensic Accounting Assistant","Finance, admin and business operations","high","starter-editorial","family-only","not-source-verified","qualitative-only","DHET OIHD/OFO occupation mapping | SAQA or CHE qualification record | professional body source where regulated | provider programme page","demand strength | salary figures | APS/marks | provider-specific entry requirements | professional registration claims","Map role to official occupation source, verify qualification route, add provider/accreditation evidence, then review learner-facing copy."
"128","fraud-analyst","Fraud Analyst","Finance, admin and business operations","high","starter-editorial","family-only","not-source-verified","qualitative-only","DHET OIHD/OFO occupation mapping | SAQA or CHE qualification record | professional body source where regulated | provider programme page","demand strength | salary figures | APS/marks | provider-specific entry requirements | professional registration claims","Map role to official occupation source, verify qualification route, add provider/accreditation evidence, then review learner-facing copy."
"129","grant-administrator","Grant Administrator","Finance, admin and business operations","high","starter-editorial","family-only","not-source-verified","qualitative-only","DHET OIHD/OFO occupation mapping | SAQA or CHE qualification record | professional body source where regulated | provider programme page","demand strength | salary figures | APS/marks | provider-specific entry requirements | professional registration claims","Map role to official occupation source, verify qualification route, add provider/accreditation evidence, then review learner-facing copy."
"130","insurance-claims-assessor","Insurance Claims Assessor","Finance, admin and business operations","high","starter-editorial","family-only","not-source-verified","qualitative-only","DHET OIHD/OFO occupation mapping | SAQA or CHE qualification record | professional body source where regulated | provider programme page","demand strength | salary figures | APS/marks | provider-specific entry requirements | professional registration claims","Map role to official occupation source, verify qualification route, add provider/accreditation evidence, then review learner-facing copy."
"131","internal-auditor","Internal Auditor","Finance, admin and business operations","high","starter-editorial","family-only","not-source-verified","qualitative-only","DHET OIHD/OFO occupation mapping | SAQA or CHE qualification record | professional body source where regulated | provider programme page","demand strength | salary figures | APS/marks | provider-specific entry requirements | professional registration claims","Map role to official occupation source, verify qualification route, add provider/accreditation evidence, then review learner-facing copy."
"132","investment-operations-analyst","Investment Operations Analyst","Finance, admin and business operations","high","starter-editorial","family-only","not-source-verified","qualitative-only","DHET OIHD/OFO occupation mapping | SAQA or CHE qualification record | professional body source where regulated | provider programme page","demand strength | salary figures | APS/marks | provider-specific entry requirements | professional registration claims","Map role to official occupation source, verify qualification route, add provider/accreditation evidence, then review learner-facing copy."
"133","finance-accounting","Junior Accountant","Finance, admin and business operations","high","starter-editorial","family-only","not-source-verified","qualitative-only","DHET OIHD/OFO occupation mapping | SAQA or CHE qualification record | professional body source where regulated | provider programme page","demand strength | salary figures | APS/marks | provider-specific entry requirements | professional registration claims","Map role to official occupation source, verify qualification route, add provider/accreditation evidence, then review learner-facing copy."
"134","management-accountant","Management Accountant","Finance, admin and business operations","high","starter-editorial","family-only","not-source-verified","qualitative-only","DHET OIHD/OFO occupation mapping | SAQA or CHE qualification record | professional body source where regulated | provider programme page","demand strength | salary figures | APS/marks | provider-specific entry requirements | professional registration claims","Map role to official occupation source, verify qualification route, add provider/accreditation evidence, then review learner-facing copy."
"135","management-consultant","Management Consultant","Finance, admin and business operations","high","starter-editorial","family-only","not-source-verified","qualitative-only","DHET OIHD/OFO occupation mapping | SAQA or CHE qualification record | professional body source where regulated | provider programme page","demand strength | salary figures | APS/marks | provider-specific entry requirements | professional registration claims","Map role to official occupation source, verify qualification route, add provider/accreditation evidence, then review learner-facing copy."
"136","office-administrator","Office Administrator","Finance, admin and business operations","high","starter-editorial","family-only","not-source-verified","qualitative-only","DHET OIHD/OFO occupation mapping | SAQA or CHE qualification record | professional body source where regulated | provider programme page","demand strength | salary figures | APS/marks | provider-specific entry requirements | professional registration claims","Map role to official occupation source, verify qualification route, add provider/accreditation evidence, then review learner-facing copy."
"137","operations-coordinator","Operations Coordinator","Finance, admin and business operations","high","starter-editorial","family-only","not-source-verified","qualitative-only","DHET OIHD/OFO occupation mapping | SAQA or CHE qualification record | professional body source where regulated | provider programme page","demand strength | salary figures | APS/marks | provider-specific entry requirements | professional registration claims","Map role to official occupation source, verify qualification route, add provider/accreditation evidence, then review learner-facing copy."
"138","payroll-administrator","Payroll Administrator","Finance, admin and business operations","high","starter-editorial","family-only","not-source-verified","qualitative-only","DHET OIHD/OFO occupation mapping | SAQA or CHE qualification record | professional body source where regulated | provider programme page","demand strength | salary figures | APS/marks | provider-specific entry requirements | professional registration claims","Map role to official occupation source, verify qualification route, add provider/accreditation evidence, then review learner-facing copy."
"139","procurement-officer","Procurement Officer","Finance, admin and business operations","high","starter-editorial","family-only","not-source-verified","qualitative-only","DHET OIHD/OFO occupation mapping | SAQA or CHE qualification record | professional body source where regulated | provider programme page","demand strength | salary figures | APS/marks | provider-specific entry requirements | professional registration claims","Map role to official occupation source, verify qualification route, add provider/accreditation evidence, then review learner-facing copy."
"140","project-coordinator","Project Coordinator","Finance, admin and business operations","high","starter-editorial","family-only","not-source-verified","qualitative-only","DHET OIHD/OFO occupation mapping | SAQA or CHE qualification record | professional body source where regulated | provider programme page","demand strength | salary figures | APS/marks | provider-specific entry requirements | professional registration claims","Map role to official occupation source, verify qualification route, add provider/accreditation evidence, then review learner-facing copy."
"141","risk-analyst","Risk Analyst","Finance, admin and business operations","high","starter-editorial","family-only","not-source-verified","qualitative-only","DHET OIHD/OFO occupation mapping | SAQA or CHE qualification record | professional body source where regulated | provider programme page","demand strength | salary figures | APS/marks | provider-specific entry requirements | professional registration claims","Map role to official occupation source, verify qualification route, add provider/accreditation evidence, then review learner-facing copy."
"142","sustainability-reporting-analyst","Sustainability Reporting Analyst","Finance, admin and business operations","high","starter-editorial","family-only","not-source-verified","qualitative-only","DHET OIHD/OFO occupation mapping | SAQA or CHE qualification record | professional body source where regulated | provider programme page","demand strength | salary figures | APS/marks | provider-specific entry requirements | professional registration claims","Map role to official occupation source, verify qualification route, add provider/accreditation evidence, then review learner-facing copy."
"143","tax-assistant","Tax Assistant","Finance, admin and business operations","high","starter-editorial","family-only","not-source-verified","qualitative-only","DHET OIHD/OFO occupation mapping | SAQA or CHE qualification record | professional body source where regulated | provider programme page","demand strength | salary figures | APS/marks | provider-specific entry requirements | professional registration claims","Map role to official occupation source, verify qualification route, add provider/accreditation evidence, then review learner-facing copy."
"144","tender-administrator","Tender Administrator","Finance, admin and business operations","high","starter-editorial","family-only","not-source-verified","qualitative-only","DHET OIHD/OFO occupation mapping | SAQA or CHE qualification record | professional body source where regulated | provider programme page","demand strength | salary figures | APS/marks | provider-specific entry requirements | professional registration claims","Map role to official occupation source, verify qualification route, add provider/accreditation evidence, then review learner-facing copy."
"145","treasury-assistant","Treasury Assistant","Finance, admin and business operations","high","starter-editorial","family-only","not-source-verified","qualitative-only","DHET OIHD/OFO occupation mapping | SAQA or CHE qualification record | professional body source where regulated | provider programme page","demand strength | salary figures | APS/marks | provider-specific entry requirements | professional registration claims","Map role to official occupation source, verify qualification route, add provider/accreditation evidence, then review learner-facing copy."
"146","animal-health-technician","Animal Health Technician","Health, care and social services","high","starter-editorial","family-only","not-source-verified","qualitative-only","DHET OIHD/OFO occupation mapping | SAQA/CHE/QCTO qualification record | professional council or registration body source | provider programme page","demand strength | salary figures | APS/marks | provider-specific entry requirements | professional registration claims","Map role to official occupation source, verify qualification route, add provider/accreditation evidence, then review learner-facing copy."
"147","auxiliary-social-worker","Auxiliary Social Worker","Health, care and social services","high","starter-editorial","family-only","not-source-verified","qualitative-only","DHET OIHD/OFO occupation mapping | SAQA/CHE/QCTO qualification record | professional council or registration body source | provider programme page","demand strength | salary figures | APS/marks | provider-specific entry requirements | professional registration claims","Map role to official occupation source, verify qualification route, add provider/accreditation evidence, then review learner-facing copy."
"148","caregiver","Caregiver","Health, care and social services","high","starter-editorial","family-only","not-source-verified","qualitative-only","DHET OIHD/OFO occupation mapping | SAQA/CHE/QCTO qualification record | professional council or registration body source | provider programme page","demand strength | salary figures | APS/marks | provider-specific entry requirements | professional registration claims","Map role to official occupation source, verify qualification route, add provider/accreditation evidence, then review learner-facing copy."
"149","child-and-youth-care-worker","Child and Youth Care Worker","Health, care and social services","high","starter-editorial","family-only","not-source-verified","qualitative-only","DHET OIHD/OFO occupation mapping | SAQA/CHE/QCTO qualification record | professional council or registration body source | provider programme page","demand strength | salary figures | APS/marks | provider-specific entry requirements | professional registration claims","Map role to official occupation source, verify qualification route, add provider/accreditation evidence, then review learner-facing copy."
"150","clinic-operations-manager","Clinic Operations Manager","Health, care and social services","high","starter-editorial","family-only","not-source-verified","qualitative-only","DHET OIHD/OFO occupation mapping | SAQA/CHE/QCTO qualification record | professional council or registration body source | provider programme page","demand strength | salary figures | APS/marks | provider-specific entry requirements | professional registration claims","Map role to official occupation source, verify qualification route, add provider/accreditation evidence, then review learner-facing copy."
"151","clinical-data-capturer","Clinical Data Capturer","Health, care and social services","high","starter-editorial","family-only","not-source-verified","qualitative-only","DHET OIHD/OFO occupation mapping | SAQA/CHE/QCTO qualification record | professional council or registration body source | provider programme page","demand strength | salary figures | APS/marks | provider-specific entry requirements | professional registration claims","Map role to official occupation source, verify qualification route, add provider/accreditation evidence, then review learner-facing copy."
"152","community-health-worker","Community Health Worker","Health, care and social services","high","starter-editorial","family-only","not-source-verified","qualitative-only","DHET OIHD/OFO occupation mapping | SAQA/CHE/QCTO qualification record | professional council or registration body source | provider programme page","demand strength | salary figures | APS/marks | provider-specific entry requirements | professional registration claims","Map role to official occupation source, verify qualification route, add provider/accreditation evidence, then review learner-facing copy."
"153","counsellor","Counsellor","Health, care and social services","high","starter-editorial","family-only","not-source-verified","qualitative-only","DHET OIHD/OFO occupation mapping | SAQA/CHE/QCTO qualification record | professional council or registration body source | provider programme page","demand strength | salary figures | APS/marks | provider-specific entry requirements | professional registration claims","Map role to official occupation source, verify qualification route, add provider/accreditation evidence, then review learner-facing copy."
"154","dental-assistant","Dental Assistant","Health, care and social services","high","starter-editorial","family-only","not-source-verified","qualitative-only","DHET OIHD/OFO occupation mapping | SAQA/CHE/QCTO qualification record | professional council or registration body source | provider programme page","demand strength | salary figures | APS/marks | provider-specific entry requirements | professional registration claims","Map role to official occupation source, verify qualification route, add provider/accreditation evidence, then review learner-facing copy."
"155","dental-hygienist","Dental Hygienist","Health, care and social services","high","starter-editorial","family-only","not-source-verified","qualitative-only","DHET OIHD/OFO occupation mapping | SAQA/CHE/QCTO qualification record | professional council or registration body source | provider programme page","demand strength | salary figures | APS/marks | provider-specific entry requirements | professional registration claims","Map role to official occupation source, verify qualification route, add provider/accreditation evidence, then review learner-facing copy."
"156","dietitian-assistant","Dietitian Assistant","Health, care and social services","high","starter-editorial","family-only","not-source-verified","qualitative-only","DHET OIHD/OFO occupation mapping | SAQA/CHE/QCTO qualification record | professional council or registration body source | provider programme page","demand strength | salary figures | APS/marks | provider-specific entry requirements | professional registration claims","Map role to official occupation source, verify qualification route, add provider/accreditation evidence, then review learner-facing copy."
"157","emergency-care-assistant","Emergency Care Assistant","Health, care and social services","high","starter-editorial","family-only","not-source-verified","qualitative-only","DHET OIHD/OFO occupation mapping | SAQA/CHE/QCTO qualification record | professional council or registration body source | provider programme page","demand strength | salary figures | APS/marks | provider-specific entry requirements | professional registration claims","Map role to official occupation source, verify qualification route, add provider/accreditation evidence, then review learner-facing copy."
"158","health-and-safety-practitioner","Health and Safety Practitioner","Health, care and social services","high","starter-editorial","family-only","not-source-verified","qualitative-only","DHET OIHD/OFO occupation mapping | SAQA/CHE/QCTO qualification record | professional council or registration body source | provider programme page","demand strength | salary figures | APS/marks | provider-specific entry requirements | professional registration claims","Map role to official occupation source, verify qualification route, add provider/accreditation evidence, then review learner-facing copy."
"159","healthcare-administrator","Healthcare Administrator","Health, care and social services","high","starter-editorial","family-only","not-source-verified","qualitative-only","DHET OIHD/OFO occupation mapping | SAQA/CHE/QCTO qualification record | professional council or registration body source | provider programme page","demand strength | salary figures | APS/marks | provider-specific entry requirements | professional registration claims","Map role to official occupation source, verify qualification route, add provider/accreditation evidence, then review learner-facing copy."
"160","hearing-aid-acoustician","Hearing Aid Acoustician","Health, care and social services","high","starter-editorial","family-only","not-source-verified","qualitative-only","DHET OIHD/OFO occupation mapping | SAQA/CHE/QCTO qualification record | professional council or registration body source | provider programme page","demand strength | salary figures | APS/marks | provider-specific entry requirements | professional registration claims","Map role to official occupation source, verify qualification route, add provider/accreditation evidence, then review learner-facing copy."
"161","home-based-care-coordinator","Home-Based Care Coordinator","Health, care and social services","high","starter-editorial","family-only","not-source-verified","qualitative-only","DHET OIHD/OFO occupation mapping | SAQA/CHE/QCTO qualification record | professional council or registration body source | provider programme page","demand strength | salary figures | APS/marks | provider-specific entry requirements | professional registration claims","Map role to official occupation source, verify qualification route, add provider/accreditation evidence, then review learner-facing copy."
"162","medical-laboratory-assistant","Medical Laboratory Assistant","Health, care and social services","high","starter-editorial","family-only","not-source-verified","qualitative-only","DHET OIHD/OFO occupation mapping | SAQA/CHE/QCTO qualification record | professional council or registration body source | provider programme page","demand strength | salary figures | APS/marks | provider-specific entry requirements | professional registration claims","Map role to official occupation source, verify qualification route, add provider/accreditation evidence, then review learner-facing copy."
"163","medical-receptionist","Medical Receptionist","Health, care and social services","high","starter-editorial","family-only","not-source-verified","qualitative-only","DHET OIHD/OFO occupation mapping | SAQA/CHE/QCTO qualification record | professional council or registration body source | provider programme page","demand strength | salary figures | APS/marks | provider-specific entry requirements | professional registration claims","Map role to official occupation source, verify qualification route, add provider/accreditation evidence, then review learner-facing copy."
"164","mental-health-support-worker","Mental Health Support Worker","Health, care and social services","high","starter-editorial","family-only","not-source-verified","qualitative-only","DHET OIHD/OFO occupation mapping | SAQA/CHE/QCTO qualification record | professional council or registration body source | provider programme page","demand strength | salary figures | APS/marks | provider-specific entry requirements | professional registration claims","Map role to official occupation source, verify qualification route, add provider/accreditation evidence, then review learner-facing copy."
"165","healthcare-professional","Nurse","Health, care and social services","high","starter-editorial","family-only","not-source-verified","qualitative-only","DHET OIHD/OFO occupation mapping | SAQA/CHE/QCTO qualification record | professional council or registration body source | provider programme page","demand strength | salary figures | APS/marks | provider-specific entry requirements | professional registration claims","Map role to official occupation source, verify qualification route, add provider/accreditation evidence, then review learner-facing copy."
"166","occupational-health-assistant","Occupational Health Assistant","Health, care and social services","high","starter-editorial","family-only","not-source-verified","qualitative-only","DHET OIHD/OFO occupation mapping | SAQA/CHE/QCTO qualification record | professional council or registration body source | provider programme page","demand strength | salary figures | APS/marks | provider-specific entry requirements | professional registration claims","Map role to official occupation source, verify qualification route, add provider/accreditation evidence, then review learner-facing copy."
"167","occupational-therapy-assistant","Occupational Therapy Assistant","Health, care and social services","high","starter-editorial","family-only","not-source-verified","qualitative-only","DHET OIHD/OFO occupation mapping | SAQA/CHE/QCTO qualification record | professional council or registration body source | provider programme page","demand strength | salary figures | APS/marks | provider-specific entry requirements | professional registration claims","Map role to official occupation source, verify qualification route, add provider/accreditation evidence, then review learner-facing copy."
"168","optical-assistant","Optical Assistant","Health, care and social services","high","starter-editorial","family-only","not-source-verified","qualitative-only","DHET OIHD/OFO occupation mapping | SAQA/CHE/QCTO qualification record | professional council or registration body source | provider programme page","demand strength | salary figures | APS/marks | provider-specific entry requirements | professional registration claims","Map role to official occupation source, verify qualification route, add provider/accreditation evidence, then review learner-facing copy."
"169","paramedic","Paramedic","Health, care and social services","high","starter-editorial","family-only","not-source-verified","qualitative-only","DHET OIHD/OFO occupation mapping | SAQA/CHE/QCTO qualification record | professional council or registration body source | provider programme page","demand strength | salary figures | APS/marks | provider-specific entry requirements | professional registration claims","Map role to official occupation source, verify qualification route, add provider/accreditation evidence, then review learner-facing copy."
"170","patient-transport-officer","Patient Transport Officer","Health, care and social services","high","starter-editorial","family-only","not-source-verified","qualitative-only","DHET OIHD/OFO occupation mapping | SAQA/CHE/QCTO qualification record | professional council or registration body source | provider programme page","demand strength | salary figures | APS/marks | provider-specific entry requirements | professional registration claims","Map role to official occupation source, verify qualification route, add provider/accreditation evidence, then review learner-facing copy."
"171","pharmacist-assistant","Pharmacist Assistant","Health, care and social services","high","starter-editorial","family-only","not-source-verified","qualitative-only","DHET OIHD/OFO occupation mapping | SAQA/CHE/QCTO qualification record | professional council or registration body source | provider programme page","demand strength | salary figures | APS/marks | provider-specific entry requirements | professional registration claims","Map role to official occupation source, verify qualification route, add provider/accreditation evidence, then review learner-facing copy."
"172","pharmacy-technician","Pharmacy Technician","Health, care and social services","high","starter-editorial","family-only","not-source-verified","qualitative-only","DHET OIHD/OFO occupation mapping | SAQA/CHE/QCTO qualification record | professional council or registration body source | provider programme page","demand strength | salary figures | APS/marks | provider-specific entry requirements | professional registration claims","Map role to official occupation source, verify qualification route, add provider/accreditation evidence, then review learner-facing copy."
"173","physiotherapy-assistant","Physiotherapy Assistant","Health, care and social services","high","starter-editorial","family-only","not-source-verified","qualitative-only","DHET OIHD/OFO occupation mapping | SAQA/CHE/QCTO qualification record | professional council or registration body source | provider programme page","demand strength | salary figures | APS/marks | provider-specific entry requirements | professional registration claims","Map role to official occupation source, verify qualification route, add provider/accreditation evidence, then review learner-facing copy."
"174","psychology-assistant","Psychology Assistant","Health, care and social services","high","starter-editorial","family-only","not-source-verified","qualitative-only","DHET OIHD/OFO occupation mapping | SAQA/CHE/QCTO qualification record | professional council or registration body source | provider programme page","demand strength | salary figures | APS/marks | provider-specific entry requirements | professional registration claims","Map role to official occupation source, verify qualification route, add provider/accreditation evidence, then review learner-facing copy."
"175","public-health-practitioner","Public Health Practitioner","Health, care and social services","high","starter-editorial","family-only","not-source-verified","qualitative-only","DHET OIHD/OFO occupation mapping | SAQA/CHE/QCTO qualification record | professional council or registration body source | provider programme page","demand strength | salary figures | APS/marks | provider-specific entry requirements | professional registration claims","Map role to official occupation source, verify qualification route, add provider/accreditation evidence, then review learner-facing copy."
"176","radiography-assistant","Radiography Assistant","Health, care and social services","high","starter-editorial","family-only","not-source-verified","qualitative-only","DHET OIHD/OFO occupation mapping | SAQA/CHE/QCTO qualification record | professional council or registration body source | provider programme page","demand strength | salary figures | APS/marks | provider-specific entry requirements | professional registration claims","Map role to official occupation source, verify qualification route, add provider/accreditation evidence, then review learner-facing copy."
"177","social-worker","Social Worker","Health, care and social services","high","starter-editorial","family-only","not-source-verified","qualitative-only","DHET OIHD/OFO occupation mapping | SAQA/CHE/QCTO qualification record | professional council or registration body source | provider programme page","demand strength | salary figures | APS/marks | provider-specific entry requirements | professional registration claims","Map role to official occupation source, verify qualification route, add provider/accreditation evidence, then review learner-facing copy."
"178","substance-abuse-counsellor","Substance Abuse Counsellor","Health, care and social services","high","starter-editorial","family-only","not-source-verified","qualitative-only","DHET OIHD/OFO occupation mapping | SAQA/CHE/QCTO qualification record | professional council or registration body source | provider programme page","demand strength | salary figures | APS/marks | provider-specific entry requirements | professional registration claims","Map role to official occupation source, verify qualification route, add provider/accreditation evidence, then review learner-facing copy."
"179","veterinary-nurse","Veterinary Nurse","Health, care and social services","high","starter-editorial","family-only","not-source-verified","qualitative-only","DHET OIHD/OFO occupation mapping | SAQA/CHE/QCTO qualification record | professional council or registration body source | provider programme page","demand strength | salary figures | APS/marks | provider-specific entry requirements | professional registration claims","Map role to official occupation source, verify qualification route, add provider/accreditation evidence, then review learner-facing copy."
"180","adventure-tourism-guide","Adventure Tourism Guide","Hospitality, tourism, sport and events","medium","starter-editorial","family-only","not-source-verified","qualitative-only","DHET OIHD/OFO occupation mapping | SAQA/QCTO/CATHSSETA route source | licence or registration source where relevant | provider programme page","demand strength | salary figures | APS/marks | provider-specific entry requirements | professional registration claims","Map role to official occupation source, verify qualification route, add provider/accreditation evidence, then review learner-facing copy."
"181","barista","Barista","Hospitality, tourism, sport and events","medium","starter-editorial","family-only","not-source-verified","qualitative-only","DHET OIHD/OFO occupation mapping | SAQA/QCTO/CATHSSETA route source | licence or registration source where relevant | provider programme page","demand strength | salary figures | APS/marks | provider-specific entry requirements | professional registration claims","Map role to official occupation source, verify qualification route, add provider/accreditation evidence, then review learner-facing copy."
"182","casino-dealer","Casino Dealer","Hospitality, tourism, sport and events","medium","starter-editorial","family-only","not-source-verified","qualitative-only","DHET OIHD/OFO occupation mapping | SAQA/QCTO/CATHSSETA route source | licence or registration source where relevant | provider programme page","demand strength | salary figures | APS/marks | provider-specific entry requirements | professional registration claims","Map role to official occupation source, verify qualification route, add provider/accreditation evidence, then review learner-facing copy."
"183","catering-manager","Catering Manager","Hospitality, tourism, sport and events","medium","starter-editorial","family-only","not-source-verified","qualitative-only","DHET OIHD/OFO occupation mapping | SAQA/QCTO/CATHSSETA route source | licence or registration source where relevant | provider programme page","demand strength | salary figures | APS/marks | provider-specific entry requirements | professional registration claims","Map role to official occupation source, verify qualification route, add provider/accreditation evidence, then review learner-facing copy."
"184","conference-coordinator","Conference Coordinator","Hospitality, tourism, sport and events","medium","starter-editorial","family-only","not-source-verified","qualitative-only","DHET OIHD/OFO occupation mapping | SAQA/QCTO/CATHSSETA route source | licence or registration source where relevant | provider programme page","demand strength | salary figures | APS/marks | provider-specific entry requirements | professional registration claims","Map role to official occupation source, verify qualification route, add provider/accreditation evidence, then review learner-facing copy."
"185","cruise-ship-worker","Cruise Ship Worker","Hospitality, tourism, sport and events","medium","starter-editorial","family-only","not-source-verified","qualitative-only","DHET OIHD/OFO occupation mapping | SAQA/QCTO/CATHSSETA route source | licence or registration source where relevant | provider programme page","demand strength | salary figures | APS/marks | provider-specific entry requirements | professional registration claims","Map role to official occupation source, verify qualification route, add provider/accreditation evidence, then review learner-facing copy."
"186","event-coordinator","Event Coordinator","Hospitality, tourism, sport and events","medium","starter-editorial","family-only","not-source-verified","qualitative-only","DHET OIHD/OFO occupation mapping | SAQA/QCTO/CATHSSETA route source | licence or registration source where relevant | provider programme page","demand strength | salary figures | APS/marks | provider-specific entry requirements | professional registration claims","Map role to official occupation source, verify qualification route, add provider/accreditation evidence, then review learner-facing copy."
"187","fitness-instructor","Fitness Instructor","Hospitality, tourism, sport and events","medium","starter-editorial","family-only","not-source-verified","qualitative-only","DHET OIHD/OFO occupation mapping | SAQA/QCTO/CATHSSETA route source | licence or registration source where relevant | provider programme page","demand strength | salary figures | APS/marks | provider-specific entry requirements | professional registration claims","Map role to official occupation source, verify qualification route, add provider/accreditation evidence, then review learner-facing copy."
"188","flight-attendant","Flight Attendant","Hospitality, tourism, sport and events","medium","starter-editorial","family-only","not-source-verified","qualitative-only","DHET OIHD/OFO occupation mapping | SAQA/QCTO/CATHSSETA route source | licence or registration source where relevant | provider programme page","demand strength | salary figures | APS/marks | provider-specific entry requirements | professional registration claims","Map role to official occupation source, verify qualification route, add provider/accreditation evidence, then review learner-facing copy."
"189","food-and-beverage-controller","Food and Beverage Controller","Hospitality, tourism, sport and events","medium","starter-editorial","family-only","not-source-verified","qualitative-only","DHET OIHD/OFO occupation mapping | SAQA/QCTO/CATHSSETA route source | licence or registration source where relevant | provider programme page","demand strength | salary figures | APS/marks | provider-specific entry requirements | professional registration claims","Map role to official occupation source, verify qualification route, add provider/accreditation evidence, then review learner-facing copy."
"190","ground-crew-agent","Ground Crew Agent","Hospitality, tourism, sport and events","medium","starter-editorial","family-only","not-source-verified","qualitative-only","DHET OIHD/OFO occupation mapping | SAQA/QCTO/CATHSSETA route source | licence or registration source where relevant | provider programme page","demand strength | salary figures | APS/marks | provider-specific entry requirements | professional registration claims","Map role to official occupation source, verify qualification route, add provider/accreditation evidence, then review learner-facing copy."
"191","guest-house-manager","Guest House Manager","Hospitality, tourism, sport and events","medium","starter-editorial","family-only","not-source-verified","qualitative-only","DHET OIHD/OFO occupation mapping | SAQA/QCTO/CATHSSETA route source | licence or registration source where relevant | provider programme page","demand strength | salary figures | APS/marks | provider-specific entry requirements | professional registration claims","Map role to official occupation source, verify qualification route, add provider/accreditation evidence, then review learner-facing copy."
"192","hotel-receptionist","Hotel Receptionist","Hospitality, tourism, sport and events","medium","starter-editorial","family-only","not-source-verified","qualitative-only","DHET OIHD/OFO occupation mapping | SAQA/QCTO/CATHSSETA route source | licence or registration source where relevant | provider programme page","demand strength | salary figures | APS/marks | provider-specific entry requirements | professional registration claims","Map role to official occupation source, verify qualification route, add provider/accreditation evidence, then review learner-facing copy."
"193","housekeeping-supervisor","Housekeeping Supervisor","Hospitality, tourism, sport and events","medium","starter-editorial","family-only","not-source-verified","qualitative-only","DHET OIHD/OFO occupation mapping | SAQA/QCTO/CATHSSETA route source | licence or registration source where relevant | provider programme page","demand strength | salary figures | APS/marks | provider-specific entry requirements | professional registration claims","Map role to official occupation source, verify qualification route, add provider/accreditation evidence, then review learner-facing copy."
"194","personal-trainer","Personal Trainer","Hospitality, tourism, sport and events","medium","starter-editorial","family-only","not-source-verified","qualitative-only","DHET OIHD/OFO occupation mapping | SAQA/QCTO/CATHSSETA route source | licence or registration source where relevant | provider programme page","demand strength | salary figures | APS/marks | provider-specific entry requirements | professional registration claims","Map role to official occupation source, verify qualification route, add provider/accreditation evidence, then review learner-facing copy."
"195","resort-activities-coordinator","Resort Activities Coordinator","Hospitality, tourism, sport and events","medium","starter-editorial","family-only","not-source-verified","qualitative-only","DHET OIHD/OFO occupation mapping | SAQA/QCTO/CATHSSETA route source | licence or registration source where relevant | provider programme page","demand strength | salary figures | APS/marks | provider-specific entry requirements | professional registration claims","Map role to official occupation source, verify qualification route, add provider/accreditation evidence, then review learner-facing copy."
"196","restaurant-manager","Restaurant Manager","Hospitality, tourism, sport and events","medium","starter-editorial","family-only","not-source-verified","qualitative-only","DHET OIHD/OFO occupation mapping | SAQA/QCTO/CATHSSETA route source | licence or registration source where relevant | provider programme page","demand strength | salary figures | APS/marks | provider-specific entry requirements | professional registration claims","Map role to official occupation source, verify qualification route, add provider/accreditation evidence, then review learner-facing copy."
"197","spa-therapist","Spa Therapist","Hospitality, tourism, sport and events","medium","starter-editorial","family-only","not-source-verified","qualitative-only","DHET OIHD/OFO occupation mapping | SAQA/QCTO/CATHSSETA route source | licence or registration source where relevant | provider programme page","demand strength | salary figures | APS/marks | provider-specific entry requirements | professional registration claims","Map role to official occupation source, verify qualification route, add provider/accreditation evidence, then review learner-facing copy."
"198","sports-administrator","Sports Administrator","Hospitality, tourism, sport and events","medium","starter-editorial","family-only","not-source-verified","qualitative-only","DHET OIHD/OFO occupation mapping | SAQA/QCTO/CATHSSETA route source | licence or registration source where relevant | provider programme page","demand strength | salary figures | APS/marks | provider-specific entry requirements | professional registration claims","Map role to official occupation source, verify qualification route, add provider/accreditation evidence, then review learner-facing copy."
"199","sports-event-operations-assistant","Sports Event Operations Assistant","Hospitality, tourism, sport and events","medium","starter-editorial","family-only","not-source-verified","qualitative-only","DHET OIHD/OFO occupation mapping | SAQA/QCTO/CATHSSETA route source | licence or registration source where relevant | provider programme page","demand strength | salary figures | APS/marks | provider-specific entry requirements | professional registration claims","Map role to official occupation source, verify qualification route, add provider/accreditation evidence, then review learner-facing copy."
"200","tour-guide","Tour Guide","Hospitality, tourism, sport and events","medium","starter-editorial","family-only","not-source-verified","qualitative-only","DHET OIHD/OFO occupation mapping | SAQA/QCTO/CATHSSETA route source | licence or registration source where relevant | provider programme page","demand strength | salary figures | APS/marks | provider-specific entry requirements | professional registration claims","Map role to official occupation source, verify qualification route, add provider/accreditation evidence, then review learner-facing copy."
"201","travel-agent","Travel Agent","Hospitality, tourism, sport and events","medium","starter-editorial","family-only","not-source-verified","qualitative-only","DHET OIHD/OFO occupation mapping | SAQA/QCTO/CATHSSETA route source | licence or registration source where relevant | provider programme page","demand strength | salary figures | APS/marks | provider-specific entry requirements | professional registration claims","Map role to official occupation source, verify qualification route, add provider/accreditation evidence, then review learner-facing copy."
"202","waiter","Waiter","Hospitality, tourism, sport and events","medium","starter-editorial","family-only","not-source-verified","qualitative-only","DHET OIHD/OFO occupation mapping | SAQA/QCTO/CATHSSETA route source | licence or registration source where relevant | provider programme page","demand strength | salary figures | APS/marks | provider-specific entry requirements | professional registration claims","Map role to official occupation source, verify qualification route, add provider/accreditation evidence, then review learner-facing copy."
"203","wedding-planner","Wedding Planner","Hospitality, tourism, sport and events","medium","starter-editorial","family-only","not-source-verified","qualitative-only","DHET OIHD/OFO occupation mapping | SAQA/QCTO/CATHSSETA route source | licence or registration source where relevant | provider programme page","demand strength | salary figures | APS/marks | provider-specific entry requirements | professional registration claims","Map role to official occupation source, verify qualification route, add provider/accreditation evidence, then review learner-facing copy."
"204","appliance-repairer","Appliance Repairer","Informal, entrepreneurship and community economy","standard","starter-editorial","family-only","not-source-verified","qualitative-only","DHET OIHD/OFO or informal-economy mapping where available | municipal by-law or compliance source where relevant | small-business support source | local market validation evidence","demand strength | salary figures | APS/marks | provider-specific entry requirements | professional registration claims","Map role to official occupation source, verify qualification route, add provider/accreditation evidence, then review learner-facing copy."
"205","cleaning-services-owner","Cleaning Services Owner","Informal, entrepreneurship and community economy","standard","starter-editorial","family-only","not-source-verified","qualitative-only","DHET OIHD/OFO or informal-economy mapping where available | municipal by-law or compliance source where relevant | small-business support source | local market validation evidence","demand strength | salary figures | APS/marks | provider-specific entry requirements | professional registration claims","Map role to official occupation source, verify qualification route, add provider/accreditation evidence, then review learner-facing copy."
"206","community-health-product-distributor","Community Health Product Distributor","Informal, entrepreneurship and community economy","standard","starter-editorial","family-only","not-source-verified","qualitative-only","DHET OIHD/OFO or informal-economy mapping where available | municipal by-law or compliance source where relevant | small-business support source | local market validation evidence","demand strength | salary figures | APS/marks | provider-specific entry requirements | professional registration claims","Map role to official occupation source, verify qualification route, add provider/accreditation evidence, then review learner-facing copy."
"207","community-tutor","Community Tutor","Informal, entrepreneurship and community economy","standard","starter-editorial","family-only","not-source-verified","qualitative-only","DHET OIHD/OFO or informal-economy mapping where available | municipal by-law or compliance source where relevant | small-business support source | local market validation evidence","demand strength | salary figures | APS/marks | provider-specific entry requirements | professional registration claims","Map role to official occupation source, verify qualification route, add provider/accreditation evidence, then review learner-facing copy."
"208","community-wi-fi-operator","Community Wi-Fi Operator","Informal, entrepreneurship and community economy","standard","starter-editorial","family-only","not-source-verified","qualitative-only","DHET OIHD/OFO or informal-economy mapping where available | municipal by-law or compliance source where relevant | small-business support source | local market validation evidence","demand strength | salary figures | APS/marks | provider-specific entry requirements | professional registration claims","Map role to official occupation source, verify qualification route, add provider/accreditation evidence, then review learner-facing copy."
"209","craft-seller","Craft Seller","Informal, entrepreneurship and community economy","standard","starter-editorial","family-only","not-source-verified","qualitative-only","DHET OIHD/OFO or informal-economy mapping where available | municipal by-law or compliance source where relevant | small-business support source | local market validation evidence","demand strength | salary figures | APS/marks | provider-specific entry requirements | professional registration claims","Map role to official occupation source, verify qualification route, add provider/accreditation evidence, then review learner-facing copy."
"210","food-delivery-kitchen-operator","Food Delivery Kitchen Operator","Informal, entrepreneurship and community economy","standard","starter-editorial","family-only","not-source-verified","qualitative-only","DHET OIHD/OFO or informal-economy mapping where available | municipal by-law or compliance source where relevant | small-business support source | local market validation evidence","demand strength | salary figures | APS/marks | provider-specific entry requirements | professional registration claims","Map role to official occupation source, verify qualification route, add provider/accreditation evidence, then review learner-facing copy."
"211","freelance-digital-assistant","Freelance Digital Assistant","Informal, entrepreneurship and community economy","standard","starter-editorial","family-only","not-source-verified","qualitative-only","DHET OIHD/OFO or informal-economy mapping where available | municipal by-law or compliance source where relevant | small-business support source | local market validation evidence","demand strength | salary figures | APS/marks | provider-specific entry requirements | professional registration claims","Map role to official occupation source, verify qualification route, add provider/accreditation evidence, then review learner-facing copy."
"212","garden-services-owner","Garden Services Owner","Informal, entrepreneurship and community economy","standard","starter-editorial","family-only","not-source-verified","qualitative-only","DHET OIHD/OFO or informal-economy mapping where available | municipal by-law or compliance source where relevant | small-business support source | local market validation evidence","demand strength | salary figures | APS/marks | provider-specific entry requirements | professional registration claims","Map role to official occupation source, verify qualification route, add provider/accreditation evidence, then review learner-facing copy."
"213","home-bakery-operator","Home Bakery Operator","Informal, entrepreneurship and community economy","standard","starter-editorial","family-only","not-source-verified","qualitative-only","DHET OIHD/OFO or informal-economy mapping where available | municipal by-law or compliance source where relevant | small-business support source | local market validation evidence","demand strength | salary figures | APS/marks | provider-specific entry requirements | professional registration claims","Map role to official occupation source, verify qualification route, add provider/accreditation evidence, then review learner-facing copy."
"214","home-based-childcare-provider","Home-Based Childcare Provider","Informal, entrepreneurship and community economy","standard","starter-editorial","family-only","not-source-verified","qualitative-only","DHET OIHD/OFO or informal-economy mapping where available | municipal by-law or compliance source where relevant | small-business support source | local market validation evidence","demand strength | salary figures | APS/marks | provider-specific entry requirements | professional registration claims","Map role to official occupation source, verify qualification route, add provider/accreditation evidence, then review learner-facing copy."
"215","informal-recycling-collector","Informal Recycling Collector","Informal, entrepreneurship and community economy","standard","starter-editorial","family-only","not-source-verified","qualitative-only","DHET OIHD/OFO or informal-economy mapping where available | municipal by-law or compliance source where relevant | small-business support source | local market validation evidence","demand strength | salary figures | APS/marks | provider-specific entry requirements | professional registration claims","Map role to official occupation source, verify qualification route, add provider/accreditation evidence, then review learner-facing copy."
"216","laundry-service-owner","Laundry Service Owner","Informal, entrepreneurship and community economy","standard","starter-editorial","family-only","not-source-verified","qualitative-only","DHET OIHD/OFO or informal-economy mapping where available | municipal by-law or compliance source where relevant | small-business support source | local market validation evidence","demand strength | salary figures | APS/marks | provider-specific entry requirements | professional registration claims","Map role to official occupation source, verify qualification route, add provider/accreditation evidence, then review learner-facing copy."
"217","local-events-supplier","Local Events Supplier","Informal, entrepreneurship and community economy","standard","starter-editorial","family-only","not-source-verified","qualitative-only","DHET OIHD/OFO or informal-economy mapping where available | municipal by-law or compliance source where relevant | small-business support source | local market validation evidence","demand strength | salary figures | APS/marks | provider-specific entry requirements | professional registration claims","Map role to official occupation source, verify qualification route, add provider/accreditation evidence, then review learner-facing copy."
"218","local-tour-experience-host","Local Tour Experience Host","Informal, entrepreneurship and community economy","standard","starter-editorial","family-only","not-source-verified","qualitative-only","DHET OIHD/OFO or informal-economy mapping where available | municipal by-law or compliance source where relevant | small-business support source | local market validation evidence","demand strength | salary figures | APS/marks | provider-specific entry requirements | professional registration claims","Map role to official occupation source, verify qualification route, add provider/accreditation evidence, then review learner-facing copy."
"219","market-stall-trader","Market Stall Trader","Informal, entrepreneurship and community economy","standard","starter-editorial","family-only","not-source-verified","qualitative-only","DHET OIHD/OFO or informal-economy mapping where available | municipal by-law or compliance source where relevant | small-business support source | local market validation evidence","demand strength | salary figures | APS/marks | provider-specific entry requirements | professional registration claims","Map role to official occupation source, verify qualification route, add provider/accreditation evidence, then review learner-facing copy."
"220","mobile-beauty-service-provider","Mobile Beauty Service Provider","Informal, entrepreneurship and community economy","standard","starter-editorial","family-only","not-source-verified","qualitative-only","DHET OIHD/OFO or informal-economy mapping where available | municipal by-law or compliance source where relevant | small-business support source | local market validation evidence","demand strength | salary figures | APS/marks | provider-specific entry requirements | professional registration claims","Map role to official occupation source, verify qualification route, add provider/accreditation evidence, then review learner-facing copy."
"221","mobile-car-wash-owner","Mobile Car Wash Owner","Informal, entrepreneurship and community economy","standard","starter-editorial","family-only","not-source-verified","qualitative-only","DHET OIHD/OFO or informal-economy mapping where available | municipal by-law or compliance source where relevant | small-business support source | local market validation evidence","demand strength | salary figures | APS/marks | provider-specific entry requirements | professional registration claims","Map role to official occupation source, verify qualification route, add provider/accreditation evidence, then review learner-facing copy."
"222","mobile-phone-repairer","Mobile Phone Repairer","Informal, entrepreneurship and community economy","standard","starter-editorial","family-only","not-source-verified","qualitative-only","DHET OIHD/OFO or informal-economy mapping where available | municipal by-law or compliance source where relevant | small-business support source | local market validation evidence","demand strength | salary figures | APS/marks | provider-specific entry requirements | professional registration claims","Map role to official occupation source, verify qualification route, add provider/accreditation evidence, then review learner-facing copy."
"223","repair-shop-owner","Repair Shop Owner","Informal, entrepreneurship and community economy","standard","starter-editorial","family-only","not-source-verified","qualitative-only","DHET OIHD/OFO or informal-economy mapping where available | municipal by-law or compliance source where relevant | small-business support source | local market validation evidence","demand strength | salary figures | APS/marks | provider-specific entry requirements | professional registration claims","Map role to official occupation source, verify qualification route, add provider/accreditation evidence, then review learner-facing copy."
"224","second-hand-clothing-trader","Second-Hand Clothing Trader","Informal, entrepreneurship and community economy","standard","starter-editorial","family-only","not-source-verified","qualitative-only","DHET OIHD/OFO or informal-economy mapping where available | municipal by-law or compliance source where relevant | small-business support source | local market validation evidence","demand strength | salary figures | APS/marks | provider-specific entry requirements | professional registration claims","Map role to official occupation source, verify qualification route, add provider/accreditation evidence, then review learner-facing copy."
"225","small-scale-poultry-entrepreneur","Small-Scale Poultry Entrepreneur","Informal, entrepreneurship and community economy","standard","starter-editorial","family-only","not-source-verified","qualitative-only","DHET OIHD/OFO or informal-economy mapping where available | municipal by-law or compliance source where relevant | small-business support source | local market validation evidence","demand strength | salary figures | APS/marks | provider-specific entry requirements | professional registration claims","Map role to official occupation source, verify qualification route, add provider/accreditation evidence, then review learner-facing copy."
"226","social-enterprise-founder","Social Enterprise Founder","Informal, entrepreneurship and community economy","standard","starter-editorial","family-only","not-source-verified","qualitative-only","DHET OIHD/OFO or informal-economy mapping where available | municipal by-law or compliance source where relevant | small-business support source | local market validation evidence","demand strength | salary figures | APS/marks | provider-specific entry requirements | professional registration claims","Map role to official occupation source, verify qualification route, add provider/accreditation evidence, then review learner-facing copy."
"227","spaza-shop-owner","Spaza Shop Owner","Informal, entrepreneurship and community economy","standard","starter-editorial","family-only","not-source-verified","qualitative-only","DHET OIHD/OFO or informal-economy mapping where available | municipal by-law or compliance source where relevant | small-business support source | local market validation evidence","demand strength | salary figures | APS/marks | provider-specific entry requirements | professional registration claims","Map role to official occupation source, verify qualification route, add provider/accreditation evidence, then review learner-facing copy."
"228","street-food-trader","Street Food Trader","Informal, entrepreneurship and community economy","standard","starter-editorial","family-only","not-source-verified","qualitative-only","DHET OIHD/OFO or informal-economy mapping where available | municipal by-law or compliance source where relevant | small-business support source | local market validation evidence","demand strength | salary figures | APS/marks | provider-specific entry requirements | professional registration claims","Map role to official occupation source, verify qualification route, add provider/accreditation evidence, then review learner-facing copy."
"229","township-delivery-operator","Township Delivery Operator","Informal, entrepreneurship and community economy","standard","starter-editorial","family-only","not-source-verified","qualitative-only","DHET OIHD/OFO or informal-economy mapping where available | municipal by-law or compliance source where relevant | small-business support source | local market validation evidence","demand strength | salary figures | APS/marks | provider-specific entry requirements | professional registration claims","Map role to official occupation source, verify qualification route, add provider/accreditation evidence, then review learner-facing copy."
"230","township-logistics-broker","Township Logistics Broker","Informal, entrepreneurship and community economy","standard","starter-editorial","family-only","not-source-verified","qualitative-only","DHET OIHD/OFO or informal-economy mapping where available | municipal by-law or compliance source where relevant | small-business support source | local market validation evidence","demand strength | salary figures | APS/marks | provider-specific entry requirements | professional registration claims","Map role to official occupation source, verify qualification route, add provider/accreditation evidence, then review learner-facing copy."
"231","virtual-assistant","Virtual Assistant","Informal, entrepreneurship and community economy","standard","starter-editorial","family-only","not-source-verified","qualitative-only","DHET OIHD/OFO or informal-economy mapping where available | municipal by-law or compliance source where relevant | small-business support source | local market validation evidence","demand strength | salary figures | APS/marks | provider-specific entry requirements | professional registration claims","Map role to official occupation source, verify qualification route, add provider/accreditation evidence, then review learner-facing copy."
"232","anti-corruption-investigator","Anti-Corruption Investigator","Law, public service and public safety","medium","starter-editorial","family-only","not-source-verified","qualitative-only","DHET OIHD/OFO occupation mapping | SAQA/CHE/QCTO qualification record | professional or public-service entry source | provider programme page","demand strength | salary figures | APS/marks | provider-specific entry requirements | professional registration claims","Map role to official occupation source, verify qualification route, add provider/accreditation evidence, then review learner-facing copy."
"233","border-management-officer","Border Management Officer","Law, public service and public safety","medium","starter-editorial","family-only","not-source-verified","qualitative-only","DHET OIHD/OFO occupation mapping | SAQA/CHE/QCTO qualification record | professional or public-service entry source | provider programme page","demand strength | salary figures | APS/marks | provider-specific entry requirements | professional registration claims","Map role to official occupation source, verify qualification route, add provider/accreditation evidence, then review learner-facing copy."
"234","candidate-attorney","Candidate Attorney","Law, public service and public safety","medium","starter-editorial","family-only","not-source-verified","qualitative-only","DHET OIHD/OFO occupation mapping | SAQA/CHE/QCTO qualification record | professional or public-service entry source | provider programme page","demand strength | salary figures | APS/marks | provider-specific entry requirements | professional registration claims","Map role to official occupation source, verify qualification route, add provider/accreditation evidence, then review learner-facing copy."
"235","community-development-worker","Community Development Worker","Law, public service and public safety","medium","starter-editorial","family-only","not-source-verified","qualitative-only","DHET OIHD/OFO occupation mapping | SAQA/CHE/QCTO qualification record | professional or public-service entry source | provider programme page","demand strength | salary figures | APS/marks | provider-specific entry requirements | professional registration claims","Map role to official occupation source, verify qualification route, add provider/accreditation evidence, then review learner-facing copy."
"236","correctional-services-officer","Correctional Services Officer","Law, public service and public safety","medium","starter-editorial","family-only","not-source-verified","qualitative-only","DHET OIHD/OFO occupation mapping | SAQA/CHE/QCTO qualification record | professional or public-service entry source | provider programme page","demand strength | salary figures | APS/marks | provider-specific entry requirements | professional registration claims","Map role to official occupation source, verify qualification route, add provider/accreditation evidence, then review learner-facing copy."
"237","court-clerk","Court Clerk","Law, public service and public safety","medium","starter-editorial","family-only","not-source-verified","qualitative-only","DHET OIHD/OFO occupation mapping | SAQA/CHE/QCTO qualification record | professional or public-service entry source | provider programme page","demand strength | salary figures | APS/marks | provider-specific entry requirements | professional registration claims","Map role to official occupation source, verify qualification route, add provider/accreditation evidence, then review learner-facing copy."
"238","customs-officer","Customs Officer","Law, public service and public safety","medium","starter-editorial","family-only","not-source-verified","qualitative-only","DHET OIHD/OFO occupation mapping | SAQA/CHE/QCTO qualification record | professional or public-service entry source | provider programme page","demand strength | salary figures | APS/marks | provider-specific entry requirements | professional registration claims","Map role to official occupation source, verify qualification route, add provider/accreditation evidence, then review learner-facing copy."
"239","disaster-management-officer","Disaster Management Officer","Law, public service and public safety","medium","starter-editorial","family-only","not-source-verified","qualitative-only","DHET OIHD/OFO occupation mapping | SAQA/CHE/QCTO qualification record | professional or public-service entry source | provider programme page","demand strength | salary figures | APS/marks | provider-specific entry requirements | professional registration claims","Map role to official occupation source, verify qualification route, add provider/accreditation evidence, then review learner-facing copy."
"240","electoral-officer","Electoral Officer","Law, public service and public safety","medium","starter-editorial","family-only","not-source-verified","qualitative-only","DHET OIHD/OFO occupation mapping | SAQA/CHE/QCTO qualification record | professional or public-service entry source | provider programme page","demand strength | salary figures | APS/marks | provider-specific entry requirements | professional registration claims","Map role to official occupation source, verify qualification route, add provider/accreditation evidence, then review learner-facing copy."
"241","emergency-call-centre-operator","Emergency Call Centre Operator","Law, public service and public safety","medium","starter-editorial","family-only","not-source-verified","qualitative-only","DHET OIHD/OFO occupation mapping | SAQA/CHE/QCTO qualification record | professional or public-service entry source | provider programme page","demand strength | salary figures | APS/marks | provider-specific entry requirements | professional registration claims","Map role to official occupation source, verify qualification route, add provider/accreditation evidence, then review learner-facing copy."
"242","environmental-health-practitioner","Environmental Health Practitioner","Law, public service and public safety","medium","starter-editorial","family-only","not-source-verified","qualitative-only","DHET OIHD/OFO occupation mapping | SAQA/CHE/QCTO qualification record | professional or public-service entry source | provider programme page","demand strength | salary figures | APS/marks | provider-specific entry requirements | professional registration claims","Map role to official occupation source, verify qualification route, add provider/accreditation evidence, then review learner-facing copy."
"243","firefighter","Firefighter","Law, public service and public safety","medium","starter-editorial","family-only","not-source-verified","qualitative-only","DHET OIHD/OFO occupation mapping | SAQA/CHE/QCTO qualification record | professional or public-service entry source | provider programme page","demand strength | salary figures | APS/marks | provider-specific entry requirements | professional registration claims","Map role to official occupation source, verify qualification route, add provider/accreditation evidence, then review learner-facing copy."
"244","forensic-technician","Forensic Technician","Law, public service and public safety","medium","starter-editorial","family-only","not-source-verified","qualitative-only","DHET OIHD/OFO occupation mapping | SAQA/CHE/QCTO qualification record | professional or public-service entry source | provider programme page","demand strength | salary figures | APS/marks | provider-specific entry requirements | professional registration claims","Map role to official occupation source, verify qualification route, add provider/accreditation evidence, then review learner-facing copy."
"245","immigration-support-officer","Immigration Support Officer","Law, public service and public safety","medium","starter-editorial","family-only","not-source-verified","qualitative-only","DHET OIHD/OFO occupation mapping | SAQA/CHE/QCTO qualification record | professional or public-service entry source | provider programme page","demand strength | salary figures | APS/marks | provider-specific entry requirements | professional registration claims","Map role to official occupation source, verify qualification route, add provider/accreditation evidence, then review learner-facing copy."
"246","labour-relations-officer","Labour Relations Officer","Law, public service and public safety","medium","starter-editorial","family-only","not-source-verified","qualitative-only","DHET OIHD/OFO occupation mapping | SAQA/CHE/QCTO qualification record | professional or public-service entry source | provider programme page","demand strength | salary figures | APS/marks | provider-specific entry requirements | professional registration claims","Map role to official occupation source, verify qualification route, add provider/accreditation evidence, then review learner-facing copy."
"247","legal-secretary","Legal Secretary","Law, public service and public safety","medium","starter-editorial","family-only","not-source-verified","qualitative-only","DHET OIHD/OFO occupation mapping | SAQA/CHE/QCTO qualification record | professional or public-service entry source | provider programme page","demand strength | salary figures | APS/marks | provider-specific entry requirements | professional registration claims","Map role to official occupation source, verify qualification route, add provider/accreditation evidence, then review learner-facing copy."
"248","mediator","Mediator","Law, public service and public safety","medium","starter-editorial","family-only","not-source-verified","qualitative-only","DHET OIHD/OFO occupation mapping | SAQA/CHE/QCTO qualification record | professional or public-service entry source | provider programme page","demand strength | salary figures | APS/marks | provider-specific entry requirements | professional registration claims","Map role to official occupation source, verify qualification route, add provider/accreditation evidence, then review learner-facing copy."
"249","municipal-administrator","Municipal Administrator","Law, public service and public safety","medium","starter-editorial","family-only","not-source-verified","qualitative-only","DHET OIHD/OFO occupation mapping | SAQA/CHE/QCTO qualification record | professional or public-service entry source | provider programme page","demand strength | salary figures | APS/marks | provider-specific entry requirements | professional registration claims","Map role to official occupation source, verify qualification route, add provider/accreditation evidence, then review learner-facing copy."
"250","paralegal","Paralegal","Law, public service and public safety","medium","starter-editorial","family-only","not-source-verified","qualitative-only","DHET OIHD/OFO occupation mapping | SAQA/CHE/QCTO qualification record | professional or public-service entry source | provider programme page","demand strength | salary figures | APS/marks | provider-specific entry requirements | professional registration claims","Map role to official occupation source, verify qualification route, add provider/accreditation evidence, then review learner-facing copy."
"251","police-officer","Police Officer","Law, public service and public safety","medium","starter-editorial","family-only","not-source-verified","qualitative-only","DHET OIHD/OFO occupation mapping | SAQA/CHE/QCTO qualification record | professional or public-service entry source | provider programme page","demand strength | salary figures | APS/marks | provider-specific entry requirements | professional registration claims","Map role to official occupation source, verify qualification route, add provider/accreditation evidence, then review learner-facing copy."
"252","policy-analyst","Policy Analyst","Law, public service and public safety","medium","starter-editorial","family-only","not-source-verified","qualitative-only","DHET OIHD/OFO occupation mapping | SAQA/CHE/QCTO qualification record | professional or public-service entry source | provider programme page","demand strength | salary figures | APS/marks | provider-specific entry requirements | professional registration claims","Map role to official occupation source, verify qualification route, add provider/accreditation evidence, then review learner-facing copy."
"253","private-investigator","Private Investigator","Law, public service and public safety","medium","starter-editorial","family-only","not-source-verified","qualitative-only","DHET OIHD/OFO occupation mapping | SAQA/CHE/QCTO qualification record | professional or public-service entry source | provider programme page","demand strength | salary figures | APS/marks | provider-specific entry requirements | professional registration claims","Map role to official occupation source, verify qualification route, add provider/accreditation evidence, then review learner-facing copy."
"254","probation-officer","Probation Officer","Law, public service and public safety","medium","starter-editorial","family-only","not-source-verified","qualitative-only","DHET OIHD/OFO occupation mapping | SAQA/CHE/QCTO qualification record | professional or public-service entry source | provider programme page","demand strength | salary figures | APS/marks | provider-specific entry requirements | professional registration claims","Map role to official occupation source, verify qualification route, add provider/accreditation evidence, then review learner-facing copy."
"255","public-administration-officer","Public Administration Officer","Law, public service and public safety","medium","starter-editorial","family-only","not-source-verified","qualitative-only","DHET OIHD/OFO occupation mapping | SAQA/CHE/QCTO qualification record | professional or public-service entry source | provider programme page","demand strength | salary figures | APS/marks | provider-specific entry requirements | professional registration claims","Map role to official occupation source, verify qualification route, add provider/accreditation evidence, then review learner-facing copy."
"256","records-management-officer","Records Management Officer","Law, public service and public safety","medium","starter-editorial","family-only","not-source-verified","qualitative-only","DHET OIHD/OFO occupation mapping | SAQA/CHE/QCTO qualification record | professional or public-service entry source | provider programme page","demand strength | salary figures | APS/marks | provider-specific entry requirements | professional registration claims","Map role to official occupation source, verify qualification route, add provider/accreditation evidence, then review learner-facing copy."
"257","security-supervisor","Security Supervisor","Law, public service and public safety","medium","starter-editorial","family-only","not-source-verified","qualitative-only","DHET OIHD/OFO occupation mapping | SAQA/CHE/QCTO qualification record | professional or public-service entry source | provider programme page","demand strength | salary figures | APS/marks | provider-specific entry requirements | professional registration claims","Map role to official occupation source, verify qualification route, add provider/accreditation evidence, then review learner-facing copy."
"258","traffic-officer","Traffic Officer","Law, public service and public safety","medium","starter-editorial","family-only","not-source-verified","qualitative-only","DHET OIHD/OFO occupation mapping | SAQA/CHE/QCTO qualification record | professional or public-service entry source | provider programme page","demand strength | salary figures | APS/marks | provider-specific entry requirements | professional registration claims","Map role to official occupation source, verify qualification route, add provider/accreditation evidence, then review learner-facing copy."
"259","ward-committee-coordinator","Ward Committee Coordinator","Law, public service and public safety","medium","starter-editorial","family-only","not-source-verified","qualitative-only","DHET OIHD/OFO occupation mapping | SAQA/CHE/QCTO qualification record | professional or public-service entry source | provider programme page","demand strength | salary figures | APS/marks | provider-specific entry requirements | professional registration claims","Map role to official occupation source, verify qualification route, add provider/accreditation evidence, then review learner-facing copy."
"260","air-cargo-agent","Air Cargo Agent","Logistics, transport and supply chain","medium","starter-editorial","family-only","not-source-verified","qualitative-only","DHET OIHD/OFO occupation mapping | SAQA/QCTO qualification record | licence or regulatory source where relevant | provider or SETA route source","demand strength | salary figures | APS/marks | provider-specific entry requirements | professional registration claims","Map role to official occupation source, verify qualification route, add provider/accreditation evidence, then review learner-facing copy."
"261","bus-driver","Bus Driver","Logistics, transport and supply chain","medium","starter-editorial","family-only","not-source-verified","qualitative-only","DHET OIHD/OFO occupation mapping | SAQA/QCTO qualification record | licence or regulatory source where relevant | provider or SETA route source","demand strength | salary figures | APS/marks | provider-specific entry requirements | professional registration claims","Map role to official occupation source, verify qualification route, add provider/accreditation evidence, then review learner-facing copy."
"262","cold-chain-coordinator","Cold Chain Coordinator","Logistics, transport and supply chain","medium","starter-editorial","family-only","not-source-verified","qualitative-only","DHET OIHD/OFO occupation mapping | SAQA/QCTO qualification record | licence or regulatory source where relevant | provider or SETA route source","demand strength | salary figures | APS/marks | provider-specific entry requirements | professional registration claims","Map role to official occupation source, verify qualification route, add provider/accreditation evidence, then review learner-facing copy."
"263","courier-operations-supervisor","Courier Operations Supervisor","Logistics, transport and supply chain","medium","starter-editorial","family-only","not-source-verified","qualitative-only","DHET OIHD/OFO occupation mapping | SAQA/QCTO qualification record | licence or regulatory source where relevant | provider or SETA route source","demand strength | salary figures | APS/marks | provider-specific entry requirements | professional registration claims","Map role to official occupation source, verify qualification route, add provider/accreditation evidence, then review learner-facing copy."
"264","customs-clearing-agent","Customs Clearing Agent","Logistics, transport and supply chain","medium","starter-editorial","family-only","not-source-verified","qualitative-only","DHET OIHD/OFO occupation mapping | SAQA/QCTO qualification record | licence or regulatory source where relevant | provider or SETA route source","demand strength | salary figures | APS/marks | provider-specific entry requirements | professional registration claims","Map role to official occupation source, verify qualification route, add provider/accreditation evidence, then review learner-facing copy."
"265","delivery-driver","Delivery Driver","Logistics, transport and supply chain","medium","starter-editorial","family-only","not-source-verified","qualitative-only","DHET OIHD/OFO occupation mapping | SAQA/QCTO qualification record | licence or regulatory source where relevant | provider or SETA route source","demand strength | salary figures | APS/marks | provider-specific entry requirements | professional registration claims","Map role to official occupation source, verify qualification route, add provider/accreditation evidence, then review learner-facing copy."
"266","distribution-centre-supervisor","Distribution Centre Supervisor","Logistics, transport and supply chain","medium","starter-editorial","family-only","not-source-verified","qualitative-only","DHET OIHD/OFO occupation mapping | SAQA/QCTO qualification record | licence or regulatory source where relevant | provider or SETA route source","demand strength | salary figures | APS/marks | provider-specific entry requirements | professional registration claims","Map role to official occupation source, verify qualification route, add provider/accreditation evidence, then review learner-facing copy."
"267","fleet-controller","Fleet Controller","Logistics, transport and supply chain","medium","starter-editorial","family-only","not-source-verified","qualitative-only","DHET OIHD/OFO occupation mapping | SAQA/QCTO qualification record | licence or regulatory source where relevant | provider or SETA route source","demand strength | salary figures | APS/marks | provider-specific entry requirements | professional registration claims","Map role to official occupation source, verify qualification route, add provider/accreditation evidence, then review learner-facing copy."
"268","forklift-operator","Forklift Operator","Logistics, transport and supply chain","medium","starter-editorial","family-only","not-source-verified","qualitative-only","DHET OIHD/OFO occupation mapping | SAQA/QCTO qualification record | licence or regulatory source where relevant | provider or SETA route source","demand strength | salary figures | APS/marks | provider-specific entry requirements | professional registration claims","Map role to official occupation source, verify qualification route, add provider/accreditation evidence, then review learner-facing copy."
"269","freight-forwarding-coordinator","Freight Forwarding Coordinator","Logistics, transport and supply chain","medium","starter-editorial","family-only","not-source-verified","qualitative-only","DHET OIHD/OFO occupation mapping | SAQA/QCTO qualification record | licence or regulatory source where relevant | provider or SETA route source","demand strength | salary figures | APS/marks | provider-specific entry requirements | professional registration claims","Map role to official occupation source, verify qualification route, add provider/accreditation evidence, then review learner-facing copy."
"270","hazardous-goods-compliance-clerk","Hazardous Goods Compliance Clerk","Logistics, transport and supply chain","medium","starter-editorial","family-only","not-source-verified","qualitative-only","DHET OIHD/OFO occupation mapping | SAQA/QCTO qualification record | licence or regulatory source where relevant | provider or SETA route source","demand strength | salary figures | APS/marks | provider-specific entry requirements | professional registration claims","Map role to official occupation source, verify qualification route, add provider/accreditation evidence, then review learner-facing copy."
"271","import-export-clerk","Import Export Clerk","Logistics, transport and supply chain","medium","starter-editorial","family-only","not-source-verified","qualitative-only","DHET OIHD/OFO occupation mapping | SAQA/QCTO qualification record | licence or regulatory source where relevant | provider or SETA route source","demand strength | salary figures | APS/marks | provider-specific entry requirements | professional registration claims","Map role to official occupation source, verify qualification route, add provider/accreditation evidence, then review learner-facing copy."
"272","inventory-controller","Inventory Controller","Logistics, transport and supply chain","medium","starter-editorial","family-only","not-source-verified","qualitative-only","DHET OIHD/OFO occupation mapping | SAQA/QCTO qualification record | licence or regulatory source where relevant | provider or SETA route source","demand strength | salary figures | APS/marks | provider-specific entry requirements | professional registration claims","Map role to official occupation source, verify qualification route, add provider/accreditation evidence, then review learner-facing copy."
"273","last-mile-delivery-coordinator","Last-Mile Delivery Coordinator","Logistics, transport and supply chain","medium","starter-editorial","family-only","not-source-verified","qualitative-only","DHET OIHD/OFO occupation mapping | SAQA/QCTO qualification record | licence or regulatory source where relevant | provider or SETA route source","demand strength | salary figures | APS/marks | provider-specific entry requirements | professional registration claims","Map role to official occupation source, verify qualification route, add provider/accreditation evidence, then review learner-facing copy."
"274","logistics-planner","Logistics Planner","Logistics, transport and supply chain","medium","starter-editorial","family-only","not-source-verified","qualitative-only","DHET OIHD/OFO occupation mapping | SAQA/QCTO qualification record | licence or regulatory source where relevant | provider or SETA route source","demand strength | salary figures | APS/marks | provider-specific entry requirements | professional registration claims","Map role to official occupation source, verify qualification route, add provider/accreditation evidence, then review learner-facing copy."
"275","marine-deckhand","Marine Deckhand","Logistics, transport and supply chain","medium","starter-editorial","family-only","not-source-verified","qualitative-only","DHET OIHD/OFO occupation mapping | SAQA/QCTO qualification record | licence or regulatory source where relevant | provider or SETA route source","demand strength | salary figures | APS/marks | provider-specific entry requirements | professional registration claims","Map role to official occupation source, verify qualification route, add provider/accreditation evidence, then review learner-facing copy."
"276","port-operations-clerk","Port Operations Clerk","Logistics, transport and supply chain","medium","starter-editorial","family-only","not-source-verified","qualitative-only","DHET OIHD/OFO occupation mapping | SAQA/QCTO qualification record | licence or regulatory source where relevant | provider or SETA route source","demand strength | salary figures | APS/marks | provider-specific entry requirements | professional registration claims","Map role to official occupation source, verify qualification route, add provider/accreditation evidence, then review learner-facing copy."
"277","procurement-logistics-analyst","Procurement Logistics Analyst","Logistics, transport and supply chain","medium","starter-editorial","family-only","not-source-verified","qualitative-only","DHET OIHD/OFO occupation mapping | SAQA/QCTO qualification record | licence or regulatory source where relevant | provider or SETA route source","demand strength | salary figures | APS/marks | provider-specific entry requirements | professional registration claims","Map role to official occupation source, verify qualification route, add provider/accreditation evidence, then review learner-facing copy."
"278","rail-operations-assistant","Rail Operations Assistant","Logistics, transport and supply chain","medium","starter-editorial","family-only","not-source-verified","qualitative-only","DHET OIHD/OFO occupation mapping | SAQA/QCTO qualification record | licence or regulatory source where relevant | provider or SETA route source","demand strength | salary figures | APS/marks | provider-specific entry requirements | professional registration claims","Map role to official occupation source, verify qualification route, add provider/accreditation evidence, then review learner-facing copy."
"279","route-planner","Route Planner","Logistics, transport and supply chain","medium","starter-editorial","family-only","not-source-verified","qualitative-only","DHET OIHD/OFO occupation mapping | SAQA/QCTO qualification record | licence or regulatory source where relevant | provider or SETA route source","demand strength | salary figures | APS/marks | provider-specific entry requirements | professional registration claims","Map role to official occupation source, verify qualification route, add provider/accreditation evidence, then review learner-facing copy."
"280","supply-chain-coordinator","Supply Chain Coordinator","Logistics, transport and supply chain","medium","starter-editorial","family-only","not-source-verified","qualitative-only","DHET OIHD/OFO occupation mapping | SAQA/QCTO qualification record | licence or regulatory source where relevant | provider or SETA route source","demand strength | salary figures | APS/marks | provider-specific entry requirements | professional registration claims","Map role to official occupation source, verify qualification route, add provider/accreditation evidence, then review learner-facing copy."
"281","taxi-fleet-administrator","Taxi Fleet Administrator","Logistics, transport and supply chain","medium","starter-editorial","family-only","not-source-verified","qualitative-only","DHET OIHD/OFO occupation mapping | SAQA/QCTO qualification record | licence or regulatory source where relevant | provider or SETA route source","demand strength | salary figures | APS/marks | provider-specific entry requirements | professional registration claims","Map role to official occupation source, verify qualification route, add provider/accreditation evidence, then review learner-facing copy."
"282","transport-scheduler","Transport Scheduler","Logistics, transport and supply chain","medium","starter-editorial","family-only","not-source-verified","qualitative-only","DHET OIHD/OFO occupation mapping | SAQA/QCTO qualification record | licence or regulatory source where relevant | provider or SETA route source","demand strength | salary figures | APS/marks | provider-specific entry requirements | professional registration claims","Map role to official occupation source, verify qualification route, add provider/accreditation evidence, then review learner-facing copy."
"283","truck-driver","Truck Driver","Logistics, transport and supply chain","medium","starter-editorial","family-only","not-source-verified","qualitative-only","DHET OIHD/OFO occupation mapping | SAQA/QCTO qualification record | licence or regulatory source where relevant | provider or SETA route source","demand strength | salary figures | APS/marks | provider-specific entry requirements | professional registration claims","Map role to official occupation source, verify qualification route, add provider/accreditation evidence, then review learner-facing copy."
"284","warehouse-clerk","Warehouse Clerk","Logistics, transport and supply chain","medium","starter-editorial","family-only","not-source-verified","qualitative-only","DHET OIHD/OFO occupation mapping | SAQA/QCTO qualification record | licence or regulatory source where relevant | provider or SETA route source","demand strength | salary figures | APS/marks | provider-specific entry requirements | professional registration claims","Map role to official occupation source, verify qualification route, add provider/accreditation evidence, then review learner-facing copy."
"285","battery-technician","Battery Technician","Manufacturing, mining and energy","high","starter-editorial","family-only","not-source-verified","qualitative-only","DHET OIHD/OFO occupation mapping | QCTO occupational qualification or trade route | Mine Health and Safety or energy regulator source where relevant | provider or SETA route source","demand strength | salary figures | APS/marks | provider-specific entry requirements | professional registration claims","Map role to official occupation source, verify qualification route, add provider/accreditation evidence, then review learner-facing copy."
"286","boiler-operator","Boiler Operator","Manufacturing, mining and energy","high","starter-editorial","family-only","not-source-verified","qualitative-only","DHET OIHD/OFO occupation mapping | QCTO occupational qualification or trade route | Mine Health and Safety or energy regulator source where relevant | provider or SETA route source","demand strength | salary figures | APS/marks | provider-specific entry requirements | professional registration claims","Map role to official occupation source, verify qualification route, add provider/accreditation evidence, then review learner-facing copy."
"287","chemical-process-operator","Chemical Process Operator","Manufacturing, mining and energy","high","starter-editorial","family-only","not-source-verified","qualitative-only","DHET OIHD/OFO occupation mapping | QCTO occupational qualification or trade route | Mine Health and Safety or energy regulator source where relevant | provider or SETA route source","demand strength | salary figures | APS/marks | provider-specific entry requirements | professional registration claims","Map role to official occupation source, verify qualification route, add provider/accreditation evidence, then review learner-facing copy."
"288","energy-auditor","Energy Auditor","Manufacturing, mining and energy","high","starter-editorial","family-only","not-source-verified","qualitative-only","DHET OIHD/OFO occupation mapping | QCTO occupational qualification or trade route | Mine Health and Safety or energy regulator source where relevant | provider or SETA route source","demand strength | salary figures | APS/marks | provider-specific entry requirements | professional registration claims","Map role to official occupation source, verify qualification route, add provider/accreditation evidence, then review learner-facing copy."
"289","explosives-safety-assistant","Explosives Safety Assistant","Manufacturing, mining and energy","high","starter-editorial","family-only","not-source-verified","qualitative-only","DHET OIHD/OFO occupation mapping | QCTO occupational qualification or trade route | Mine Health and Safety or energy regulator source where relevant | provider or SETA route source","demand strength | salary figures | APS/marks | provider-specific entry requirements | professional registration claims","Map role to official occupation source, verify qualification route, add provider/accreditation evidence, then review learner-facing copy."
"290","foundry-patternmaker","Foundry Patternmaker","Manufacturing, mining and energy","high","starter-editorial","family-only","not-source-verified","qualitative-only","DHET OIHD/OFO occupation mapping | QCTO occupational qualification or trade route | Mine Health and Safety or energy regulator source where relevant | provider or SETA route source","demand strength | salary figures | APS/marks | provider-specific entry requirements | professional registration claims","Map role to official occupation source, verify qualification route, add provider/accreditation evidence, then review learner-facing copy."
"291","furnace-operator","Furnace Operator","Manufacturing, mining and energy","high","starter-editorial","family-only","not-source-verified","qualitative-only","DHET OIHD/OFO occupation mapping | QCTO occupational qualification or trade route | Mine Health and Safety or energy regulator source where relevant | provider or SETA route source","demand strength | salary figures | APS/marks | provider-specific entry requirements | professional registration claims","Map role to official occupation source, verify qualification route, add provider/accreditation evidence, then review learner-facing copy."
"292","furniture-maker","Furniture Maker","Manufacturing, mining and energy","high","starter-editorial","family-only","not-source-verified","qualitative-only","DHET OIHD/OFO occupation mapping | QCTO occupational qualification or trade route | Mine Health and Safety or energy regulator source where relevant | provider or SETA route source","demand strength | salary figures | APS/marks | provider-specific entry requirements | professional registration claims","Map role to official occupation source, verify qualification route, add provider/accreditation evidence, then review learner-facing copy."
"293","geology-technician","Geology Technician","Manufacturing, mining and energy","high","starter-editorial","family-only","not-source-verified","qualitative-only","DHET OIHD/OFO occupation mapping | QCTO occupational qualification or trade route | Mine Health and Safety or energy regulator source where relevant | provider or SETA route source","demand strength | salary figures | APS/marks | provider-specific entry requirements | professional registration claims","Map role to official occupation source, verify qualification route, add provider/accreditation evidence, then review learner-facing copy."
"294","hydrogen-economy-technician","Hydrogen Economy Technician","Manufacturing, mining and energy","high","starter-editorial","family-only","not-source-verified","qualitative-only","DHET OIHD/OFO occupation mapping | QCTO occupational qualification or trade route | Mine Health and Safety or energy regulator source where relevant | provider or SETA route source","demand strength | salary figures | APS/marks | provider-specific entry requirements | professional registration claims","Map role to official occupation source, verify qualification route, add provider/accreditation evidence, then review learner-facing copy."
"295","industrial-automation-technician","Industrial Automation Technician","Manufacturing, mining and energy","high","starter-editorial","family-only","not-source-verified","qualitative-only","DHET OIHD/OFO occupation mapping | QCTO occupational qualification or trade route | Mine Health and Safety or energy regulator source where relevant | provider or SETA route source","demand strength | salary figures | APS/marks | provider-specific entry requirements | professional registration claims","Map role to official occupation source, verify qualification route, add provider/accreditation evidence, then review learner-facing copy."
"296","industrial-engineer","Industrial Engineer","Manufacturing, mining and energy","high","starter-editorial","family-only","not-source-verified","qualitative-only","DHET OIHD/OFO occupation mapping | QCTO occupational qualification or trade route | Mine Health and Safety or energy regulator source where relevant | provider or SETA route source","demand strength | salary figures | APS/marks | provider-specific entry requirements | professional registration claims","Map role to official occupation source, verify qualification route, add provider/accreditation evidence, then review learner-facing copy."
"297","instrumentation-technician","Instrumentation Technician","Manufacturing, mining and energy","high","starter-editorial","family-only","not-source-verified","qualitative-only","DHET OIHD/OFO occupation mapping | QCTO occupational qualification or trade route | Mine Health and Safety or energy regulator source where relevant | provider or SETA route source","demand strength | salary figures | APS/marks | provider-specific entry requirements | professional registration claims","Map role to official occupation source, verify qualification route, add provider/accreditation evidence, then review learner-facing copy."
"298","maintenance-planner","Maintenance Planner","Manufacturing, mining and energy","high","starter-editorial","family-only","not-source-verified","qualitative-only","DHET OIHD/OFO occupation mapping | QCTO occupational qualification or trade route | Mine Health and Safety or energy regulator source where relevant | provider or SETA route source","demand strength | salary figures | APS/marks | provider-specific entry requirements | professional registration claims","Map role to official occupation source, verify qualification route, add provider/accreditation evidence, then review learner-facing copy."
"299","materials-controller","Materials Controller","Manufacturing, mining and energy","high","starter-editorial","family-only","not-source-verified","qualitative-only","DHET OIHD/OFO occupation mapping | QCTO occupational qualification or trade route | Mine Health and Safety or energy regulator source where relevant | provider or SETA route source","demand strength | salary figures | APS/marks | provider-specific entry requirements | professional registration claims","Map role to official occupation source, verify qualification route, add provider/accreditation evidence, then review learner-facing copy."
"300","metallurgical-technician","Metallurgical Technician","Manufacturing, mining and energy","high","starter-editorial","family-only","not-source-verified","qualitative-only","DHET OIHD/OFO occupation mapping | QCTO occupational qualification or trade route | Mine Health and Safety or energy regulator source where relevant | provider or SETA route source","demand strength | salary figures | APS/marks | provider-specific entry requirements | professional registration claims","Map role to official occupation source, verify qualification route, add provider/accreditation evidence, then review learner-facing copy."
"301","mine-overseer-assistant","Mine Overseer Assistant","Manufacturing, mining and energy","high","starter-editorial","family-only","not-source-verified","qualitative-only","DHET OIHD/OFO occupation mapping | QCTO occupational qualification or trade route | Mine Health and Safety or energy regulator source where relevant | provider or SETA route source","demand strength | salary figures | APS/marks | provider-specific entry requirements | professional registration claims","Map role to official occupation source, verify qualification route, add provider/accreditation evidence, then review learner-facing copy."
"302","mine-ventilation-assistant","Mine Ventilation Assistant","Manufacturing, mining and energy","high","starter-editorial","family-only","not-source-verified","qualitative-only","DHET OIHD/OFO occupation mapping | QCTO occupational qualification or trade route | Mine Health and Safety or energy regulator source where relevant | provider or SETA route source","demand strength | salary figures | APS/marks | provider-specific entry requirements | professional registration claims","Map role to official occupation source, verify qualification route, add provider/accreditation evidence, then review learner-facing copy."
"303","mining-technician","Mining Technician","Manufacturing, mining and energy","high","starter-editorial","family-only","not-source-verified","qualitative-only","DHET OIHD/OFO occupation mapping | QCTO occupational qualification or trade route | Mine Health and Safety or energy regulator source where relevant | provider or SETA route source","demand strength | salary figures | APS/marks | provider-specific entry requirements | professional registration claims","Map role to official occupation source, verify qualification route, add provider/accreditation evidence, then review learner-facing copy."
"304","packaging-technologist","Packaging Technologist","Manufacturing, mining and energy","high","starter-editorial","family-only","not-source-verified","qualitative-only","DHET OIHD/OFO occupation mapping | QCTO occupational qualification or trade route | Mine Health and Safety or energy regulator source where relevant | provider or SETA route source","demand strength | salary figures | APS/marks | provider-specific entry requirements | professional registration claims","Map role to official occupation source, verify qualification route, add provider/accreditation evidence, then review learner-facing copy."
"305","plastic-moulding-technician","Plastic Moulding Technician","Manufacturing, mining and energy","high","starter-editorial","family-only","not-source-verified","qualitative-only","DHET OIHD/OFO occupation mapping | QCTO occupational qualification or trade route | Mine Health and Safety or energy regulator source where relevant | provider or SETA route source","demand strength | salary figures | APS/marks | provider-specific entry requirements | professional registration claims","Map role to official occupation source, verify qualification route, add provider/accreditation evidence, then review learner-facing copy."
"306","process-controller","Process Controller","Manufacturing, mining and energy","high","starter-editorial","family-only","not-source-verified","qualitative-only","DHET OIHD/OFO occupation mapping | QCTO occupational qualification or trade route | Mine Health and Safety or energy regulator source where relevant | provider or SETA route source","demand strength | salary figures | APS/marks | provider-specific entry requirements | professional registration claims","Map role to official occupation source, verify qualification route, add provider/accreditation evidence, then review learner-facing copy."
"307","production-operator","Production Operator","Manufacturing, mining and energy","high","starter-editorial","family-only","not-source-verified","qualitative-only","DHET OIHD/OFO occupation mapping | QCTO occupational qualification or trade route | Mine Health and Safety or energy regulator source where relevant | provider or SETA route source","demand strength | salary figures | APS/marks | provider-specific entry requirements | professional registration claims","Map role to official occupation source, verify qualification route, add provider/accreditation evidence, then review learner-facing copy."
"308","production-supervisor","Production Supervisor","Manufacturing, mining and energy","high","starter-editorial","family-only","not-source-verified","qualitative-only","DHET OIHD/OFO occupation mapping | QCTO occupational qualification or trade route | Mine Health and Safety or energy regulator source where relevant | provider or SETA route source","demand strength | salary figures | APS/marks | provider-specific entry requirements | professional registration claims","Map role to official occupation source, verify qualification route, add provider/accreditation evidence, then review learner-facing copy."
"309","quality-inspector","Quality Inspector","Manufacturing, mining and energy","high","starter-editorial","family-only","not-source-verified","qualitative-only","DHET OIHD/OFO occupation mapping | QCTO occupational qualification or trade route | Mine Health and Safety or energy regulator source where relevant | provider or SETA route source","demand strength | salary figures | APS/marks | provider-specific entry requirements | professional registration claims","Map role to official occupation source, verify qualification route, add provider/accreditation evidence, then review learner-facing copy."
"310","recycling-plant-operator","Recycling Plant Operator","Manufacturing, mining and energy","high","starter-editorial","family-only","not-source-verified","qualitative-only","DHET OIHD/OFO occupation mapping | QCTO occupational qualification or trade route | Mine Health and Safety or energy regulator source where relevant | provider or SETA route source","demand strength | salary figures | APS/marks | provider-specific entry requirements | professional registration claims","Map role to official occupation source, verify qualification route, add provider/accreditation evidence, then review learner-facing copy."
"311","solar-farm-operations-technician","Solar Farm Operations Technician","Manufacturing, mining and energy","high","starter-editorial","family-only","not-source-verified","qualitative-only","DHET OIHD/OFO occupation mapping | QCTO occupational qualification or trade route | Mine Health and Safety or energy regulator source where relevant | provider or SETA route source","demand strength | salary figures | APS/marks | provider-specific entry requirements | professional registration claims","Map role to official occupation source, verify qualification route, add provider/accreditation evidence, then review learner-facing copy."
"312","textile-production-technician","Textile Production Technician","Manufacturing, mining and energy","high","starter-editorial","family-only","not-source-verified","qualitative-only","DHET OIHD/OFO occupation mapping | QCTO occupational qualification or trade route | Mine Health and Safety or energy regulator source where relevant | provider or SETA route source","demand strength | salary figures | APS/marks | provider-specific entry requirements | professional registration claims","Map role to official occupation source, verify qualification route, add provider/accreditation evidence, then review learner-facing copy."
"313","water-desalination-plant-operator","Water Desalination Plant Operator","Manufacturing, mining and energy","high","starter-editorial","family-only","not-source-verified","qualitative-only","DHET OIHD/OFO occupation mapping | QCTO occupational qualification or trade route | Mine Health and Safety or energy regulator source where relevant | provider or SETA route source","demand strength | salary figures | APS/marks | provider-specific entry requirements | professional registration claims","Map role to official occupation source, verify qualification route, add provider/accreditation evidence, then review learner-facing copy."
"314","wind-turbine-technician","Wind Turbine Technician","Manufacturing, mining and energy","high","starter-editorial","family-only","not-source-verified","qualitative-only","DHET OIHD/OFO occupation mapping | QCTO occupational qualification or trade route | Mine Health and Safety or energy regulator source where relevant | provider or SETA route source","demand strength | salary figures | APS/marks | provider-specific entry requirements | professional registration claims","Map role to official occupation source, verify qualification route, add provider/accreditation evidence, then review learner-facing copy."
"315","account-manager","Account Manager","Sales, marketing and customer work","medium","starter-editorial","family-only","not-source-verified","qualitative-only","DHET OIHD/OFO occupation mapping | SAQA/CHE/QCTO qualification record where formal route applies | professional body or licensing source where regulated | provider or workplace route source","demand strength | salary figures | APS/marks | provider-specific entry requirements | professional registration claims","Map role to official occupation source, verify qualification route, add provider/accreditation evidence, then review learner-facing copy."
"316","call-centre-agent","Call Centre Agent","Sales, marketing and customer work","medium","starter-editorial","family-only","not-source-verified","qualitative-only","DHET OIHD/OFO occupation mapping | SAQA/CHE/QCTO qualification record where formal route applies | professional body or licensing source where regulated | provider or workplace route source","demand strength | salary figures | APS/marks | provider-specific entry requirements | professional registration claims","Map role to official occupation source, verify qualification route, add provider/accreditation evidence, then review learner-facing copy."
"317","category-assistant","Category Assistant","Sales, marketing and customer work","medium","starter-editorial","family-only","not-source-verified","qualitative-only","DHET OIHD/OFO occupation mapping | SAQA/CHE/QCTO qualification record where formal route applies | professional body or licensing source where regulated | provider or workplace route source","demand strength | salary figures | APS/marks | provider-specific entry requirements | professional registration claims","Map role to official occupation source, verify qualification route, add provider/accreditation evidence, then review learner-facing copy."
"318","client-services-consultant","Client Services Consultant","Sales, marketing and customer work","medium","starter-editorial","family-only","not-source-verified","qualitative-only","DHET OIHD/OFO occupation mapping | SAQA/CHE/QCTO qualification record where formal route applies | professional body or licensing source where regulated | provider or workplace route source","demand strength | salary figures | APS/marks | provider-specific entry requirements | professional registration claims","Map role to official occupation source, verify qualification route, add provider/accreditation evidence, then review learner-facing copy."
"319","community-outreach-officer","Community Outreach Officer","Sales, marketing and customer work","medium","starter-editorial","family-only","not-source-verified","qualitative-only","DHET OIHD/OFO occupation mapping | SAQA/CHE/QCTO qualification record where formal route applies | professional body or licensing source where regulated | provider or workplace route source","demand strength | salary figures | APS/marks | provider-specific entry requirements | professional registration claims","Map role to official occupation source, verify qualification route, add provider/accreditation evidence, then review learner-facing copy."
"320","community-sales-agent","Community Sales Agent","Sales, marketing and customer work","medium","starter-editorial","family-only","not-source-verified","qualitative-only","DHET OIHD/OFO occupation mapping | SAQA/CHE/QCTO qualification record where formal route applies | professional body or licensing source where regulated | provider or workplace route source","demand strength | salary figures | APS/marks | provider-specific entry requirements | professional registration claims","Map role to official occupation source, verify qualification route, add provider/accreditation evidence, then review learner-facing copy."
"321","crm-campaign-specialist","CRM Campaign Specialist","Sales, marketing and customer work","medium","starter-editorial","family-only","not-source-verified","qualitative-only","DHET OIHD/OFO occupation mapping | SAQA/CHE/QCTO qualification record where formal route applies | professional body or licensing source where regulated | provider or workplace route source","demand strength | salary figures | APS/marks | provider-specific entry requirements | professional registration claims","Map role to official occupation source, verify qualification route, add provider/accreditation evidence, then review learner-facing copy."
"322","customer-experience-analyst","Customer Experience Analyst","Sales, marketing and customer work","medium","starter-editorial","family-only","not-source-verified","qualitative-only","DHET OIHD/OFO occupation mapping | SAQA/CHE/QCTO qualification record where formal route applies | professional body or licensing source where regulated | provider or workplace route source","demand strength | salary figures | APS/marks | provider-specific entry requirements | professional registration claims","Map role to official occupation source, verify qualification route, add provider/accreditation evidence, then review learner-facing copy."
"323","customer-success-consultant","Customer Success Consultant","Sales, marketing and customer work","medium","starter-editorial","family-only","not-source-verified","qualitative-only","DHET OIHD/OFO occupation mapping | SAQA/CHE/QCTO qualification record where formal route applies | professional body or licensing source where regulated | provider or workplace route source","demand strength | salary figures | APS/marks | provider-specific entry requirements | professional registration claims","Map role to official occupation source, verify qualification route, add provider/accreditation evidence, then review learner-facing copy."
"324","digital-marketer","Digital Marketer","Sales, marketing and customer work","medium","starter-editorial","family-only","not-source-verified","qualitative-only","DHET OIHD/OFO occupation mapping | SAQA/CHE/QCTO qualification record where formal route applies | professional body or licensing source where regulated | provider or workplace route source","demand strength | salary figures | APS/marks | provider-specific entry requirements | professional registration claims","Map role to official occupation source, verify qualification route, add provider/accreditation evidence, then review learner-facing copy."
"325","e-commerce-coordinator","E-Commerce Coordinator","Sales, marketing and customer work","medium","starter-editorial","family-only","not-source-verified","qualitative-only","DHET OIHD/OFO occupation mapping | SAQA/CHE/QCTO qualification record where formal route applies | professional body or licensing source where regulated | provider or workplace route source","demand strength | salary figures | APS/marks | provider-specific entry requirements | professional registration claims","Map role to official occupation source, verify qualification route, add provider/accreditation evidence, then review learner-facing copy."
"326","email-marketing-coordinator","Email Marketing Coordinator","Sales, marketing and customer work","medium","starter-editorial","family-only","not-source-verified","qualitative-only","DHET OIHD/OFO occupation mapping | SAQA/CHE/QCTO qualification record where formal route applies | professional body or licensing source where regulated | provider or workplace route source","demand strength | salary figures | APS/marks | provider-specific entry requirements | professional registration claims","Map role to official occupation source, verify qualification route, add provider/accreditation evidence, then review learner-facing copy."
"327","fundraising-coordinator","Fundraising Coordinator","Sales, marketing and customer work","medium","starter-editorial","family-only","not-source-verified","qualitative-only","DHET OIHD/OFO occupation mapping | SAQA/CHE/QCTO qualification record where formal route applies | professional body or licensing source where regulated | provider or workplace route source","demand strength | salary figures | APS/marks | provider-specific entry requirements | professional registration claims","Map role to official occupation source, verify qualification route, add provider/accreditation evidence, then review learner-facing copy."
"328","insurance-broker","Insurance Broker","Sales, marketing and customer work","medium","starter-editorial","family-only","not-source-verified","qualitative-only","DHET OIHD/OFO occupation mapping | SAQA/CHE/QCTO qualification record where formal route applies | professional body or licensing source where regulated | provider or workplace route source","demand strength | salary figures | APS/marks | provider-specific entry requirements | professional registration claims","Map role to official occupation source, verify qualification route, add provider/accreditation evidence, then review learner-facing copy."
"329","loyalty-programme-coordinator","Loyalty Programme Coordinator","Sales, marketing and customer work","medium","starter-editorial","family-only","not-source-verified","qualitative-only","DHET OIHD/OFO occupation mapping | SAQA/CHE/QCTO qualification record where formal route applies | professional body or licensing source where regulated | provider or workplace route source","demand strength | salary figures | APS/marks | provider-specific entry requirements | professional registration claims","Map role to official occupation source, verify qualification route, add provider/accreditation evidence, then review learner-facing copy."
"330","market-research-assistant","Market Research Assistant","Sales, marketing and customer work","medium","starter-editorial","family-only","not-source-verified","qualitative-only","DHET OIHD/OFO occupation mapping | SAQA/CHE/QCTO qualification record where formal route applies | professional body or licensing source where regulated | provider or workplace route source","demand strength | salary figures | APS/marks | provider-specific entry requirements | professional registration claims","Map role to official occupation source, verify qualification route, add provider/accreditation evidence, then review learner-facing copy."
"331","merchandiser","Merchandiser","Sales, marketing and customer work","medium","starter-editorial","family-only","not-source-verified","qualitative-only","DHET OIHD/OFO occupation mapping | SAQA/CHE/QCTO qualification record where formal route applies | professional body or licensing source where regulated | provider or workplace route source","demand strength | salary figures | APS/marks | provider-specific entry requirements | professional registration claims","Map role to official occupation source, verify qualification route, add provider/accreditation evidence, then review learner-facing copy."
"332","motor-vehicle-salesperson","Motor Vehicle Salesperson","Sales, marketing and customer work","medium","starter-editorial","family-only","not-source-verified","qualitative-only","DHET OIHD/OFO occupation mapping | SAQA/CHE/QCTO qualification record where formal route applies | professional body or licensing source where regulated | provider or workplace route source","demand strength | salary figures | APS/marks | provider-specific entry requirements | professional registration claims","Map role to official occupation source, verify qualification route, add provider/accreditation evidence, then review learner-facing copy."
"333","paid-media-specialist","Paid Media Specialist","Sales, marketing and customer work","medium","starter-editorial","family-only","not-source-verified","qualitative-only","DHET OIHD/OFO occupation mapping | SAQA/CHE/QCTO qualification record where formal route applies | professional body or licensing source where regulated | provider or workplace route source","demand strength | salary figures | APS/marks | provider-specific entry requirements | professional registration claims","Map role to official occupation source, verify qualification route, add provider/accreditation evidence, then review learner-facing copy."
"334","parts-salesperson","Parts Salesperson","Sales, marketing and customer work","medium","starter-editorial","family-only","not-source-verified","qualitative-only","DHET OIHD/OFO occupation mapping | SAQA/CHE/QCTO qualification record where formal route applies | professional body or licensing source where regulated | provider or workplace route source","demand strength | salary figures | APS/marks | provider-specific entry requirements | professional registration claims","Map role to official occupation source, verify qualification route, add provider/accreditation evidence, then review learner-facing copy."
"335","real-estate-agent","Real Estate Agent","Sales, marketing and customer work","medium","starter-editorial","family-only","not-source-verified","qualitative-only","DHET OIHD/OFO occupation mapping | SAQA/CHE/QCTO qualification record where formal route applies | professional body or licensing source where regulated | provider or workplace route source","demand strength | salary figures | APS/marks | provider-specific entry requirements | professional registration claims","Map role to official occupation source, verify qualification route, add provider/accreditation evidence, then review learner-facing copy."
"336","recruitment-consultant","Recruitment Consultant","Sales, marketing and customer work","medium","starter-editorial","family-only","not-source-verified","qualitative-only","DHET OIHD/OFO occupation mapping | SAQA/CHE/QCTO qualification record where formal route applies | professional body or licensing source where regulated | provider or workplace route source","demand strength | salary figures | APS/marks | provider-specific entry requirements | professional registration claims","Map role to official occupation source, verify qualification route, add provider/accreditation evidence, then review learner-facing copy."
"337","retail-sales-assistant","Retail Sales Assistant","Sales, marketing and customer work","medium","starter-editorial","family-only","not-source-verified","qualitative-only","DHET OIHD/OFO occupation mapping | SAQA/CHE/QCTO qualification record where formal route applies | professional body or licensing source where regulated | provider or workplace route source","demand strength | salary figures | APS/marks | provider-specific entry requirements | professional registration claims","Map role to official occupation source, verify qualification route, add provider/accreditation evidence, then review learner-facing copy."
"338","sales-representative","Sales Representative","Sales, marketing and customer work","medium","starter-editorial","family-only","not-source-verified","qualitative-only","DHET OIHD/OFO occupation mapping | SAQA/CHE/QCTO qualification record where formal route applies | professional body or licensing source where regulated | provider or workplace route source","demand strength | salary figures | APS/marks | provider-specific entry requirements | professional registration claims","Map role to official occupation source, verify qualification route, add provider/accreditation evidence, then review learner-facing copy."
"339","seo-assistant","SEO Assistant","Sales, marketing and customer work","medium","starter-editorial","family-only","not-source-verified","qualitative-only","DHET OIHD/OFO occupation mapping | SAQA/CHE/QCTO qualification record where formal route applies | professional body or licensing source where regulated | provider or workplace route source","demand strength | salary figures | APS/marks | provider-specific entry requirements | professional registration claims","Map role to official occupation source, verify qualification route, add provider/accreditation evidence, then review learner-facing copy."
"340","tender-sales-coordinator","Tender Sales Coordinator","Sales, marketing and customer work","medium","starter-editorial","family-only","not-source-verified","qualitative-only","DHET OIHD/OFO occupation mapping | SAQA/CHE/QCTO qualification record where formal route applies | professional body or licensing source where regulated | provider or workplace route source","demand strength | salary figures | APS/marks | provider-specific entry requirements | professional registration claims","Map role to official occupation source, verify qualification route, add provider/accreditation evidence, then review learner-facing copy."
"341","travel-consultant","Travel Consultant","Sales, marketing and customer work","medium","starter-editorial","family-only","not-source-verified","qualitative-only","DHET OIHD/OFO occupation mapping | SAQA/CHE/QCTO qualification record where formal route applies | professional body or licensing source where regulated | provider or workplace route source","demand strength | salary figures | APS/marks | provider-specific entry requirements | professional registration claims","Map role to official occupation source, verify qualification route, add provider/accreditation evidence, then review learner-facing copy."
"342","ai-ethics-research-assistant","AI Ethics Research Assistant","Science, research and frontier careers","medium","starter-editorial","family-only","not-source-verified","qualitative-only","DHET OIHD/OFO occupation mapping | SAQA/CHE qualification record | professional or research-body source where relevant | provider programme page","demand strength | salary figures | APS/marks | provider-specific entry requirements | professional registration claims","Map role to official occupation source, verify qualification route, add provider/accreditation evidence, then review learner-facing copy."
"343","astronomy-outreach-officer","Astronomy Outreach Officer","Science, research and frontier careers","medium","starter-editorial","family-only","not-source-verified","qualitative-only","DHET OIHD/OFO occupation mapping | SAQA/CHE qualification record | professional or research-body source where relevant | provider programme page","demand strength | salary figures | APS/marks | provider-specific entry requirements | professional registration claims","Map role to official occupation source, verify qualification route, add provider/accreditation evidence, then review learner-facing copy."
"344","behavioural-insights-analyst","Behavioural Insights Analyst","Science, research and frontier careers","medium","starter-editorial","family-only","not-source-verified","qualitative-only","DHET OIHD/OFO occupation mapping | SAQA/CHE qualification record | professional or research-body source where relevant | provider programme page","demand strength | salary figures | APS/marks | provider-specific entry requirements | professional registration claims","Map role to official occupation source, verify qualification route, add provider/accreditation evidence, then review learner-facing copy."
"345","bioinformatics-analyst","Bioinformatics Analyst","Science, research and frontier careers","medium","starter-editorial","family-only","not-source-verified","qualitative-only","DHET OIHD/OFO occupation mapping | SAQA/CHE qualification record | professional or research-body source where relevant | provider programme page","demand strength | salary figures | APS/marks | provider-specific entry requirements | professional registration claims","Map role to official occupation source, verify qualification route, add provider/accreditation evidence, then review learner-facing copy."
"346","biotechnologist","Biotechnologist","Science, research and frontier careers","medium","starter-editorial","family-only","not-source-verified","qualitative-only","DHET OIHD/OFO occupation mapping | SAQA/CHE qualification record | professional or research-body source where relevant | provider programme page","demand strength | salary figures | APS/marks | provider-specific entry requirements | professional registration claims","Map role to official occupation source, verify qualification route, add provider/accreditation evidence, then review learner-facing copy."
"347","carbon-accounting-analyst","Carbon Accounting Analyst","Science, research and frontier careers","medium","starter-editorial","family-only","not-source-verified","qualitative-only","DHET OIHD/OFO occupation mapping | SAQA/CHE qualification record | professional or research-body source where relevant | provider programme page","demand strength | salary figures | APS/marks | provider-specific entry requirements | professional registration claims","Map role to official occupation source, verify qualification route, add provider/accreditation evidence, then review learner-facing copy."
"348","chemist","Chemist","Science, research and frontier careers","medium","starter-editorial","family-only","not-source-verified","qualitative-only","DHET OIHD/OFO occupation mapping | SAQA/CHE qualification record | professional or research-body source where relevant | provider programme page","demand strength | salary figures | APS/marks | provider-specific entry requirements | professional registration claims","Map role to official occupation source, verify qualification route, add provider/accreditation evidence, then review learner-facing copy."
"349","circular-economy-analyst","Circular Economy Analyst","Science, research and frontier careers","medium","starter-editorial","family-only","not-source-verified","qualitative-only","DHET OIHD/OFO occupation mapping | SAQA/CHE qualification record | professional or research-body source where relevant | provider programme page","demand strength | salary figures | APS/marks | provider-specific entry requirements | professional registration claims","Map role to official occupation source, verify qualification route, add provider/accreditation evidence, then review learner-facing copy."
"350","clinical-research-data-manager","Clinical Research Data Manager","Science, research and frontier careers","medium","starter-editorial","family-only","not-source-verified","qualitative-only","DHET OIHD/OFO occupation mapping | SAQA/CHE qualification record | professional or research-body source where relevant | provider programme page","demand strength | salary figures | APS/marks | provider-specific entry requirements | professional registration claims","Map role to official occupation source, verify qualification route, add provider/accreditation evidence, then review learner-facing copy."
"351","clinical-trial-coordinator","Clinical Trial Coordinator","Science, research and frontier careers","medium","starter-editorial","family-only","not-source-verified","qualitative-only","DHET OIHD/OFO occupation mapping | SAQA/CHE qualification record | professional or research-body source where relevant | provider programme page","demand strength | salary figures | APS/marks | provider-specific entry requirements | professional registration claims","Map role to official occupation source, verify qualification route, add provider/accreditation evidence, then review learner-facing copy."
"352","data-research-analyst","Data Research Analyst","Science, research and frontier careers","medium","starter-editorial","family-only","not-source-verified","qualitative-only","DHET OIHD/OFO occupation mapping | SAQA/CHE qualification record | professional or research-body source where relevant | provider programme page","demand strength | salary figures | APS/marks | provider-specific entry requirements | professional registration claims","Map role to official occupation source, verify qualification route, add provider/accreditation evidence, then review learner-facing copy."
"353","digital-twin-specialist","Digital Twin Specialist","Science, research and frontier careers","medium","starter-editorial","family-only","not-source-verified","qualitative-only","DHET OIHD/OFO occupation mapping | SAQA/CHE qualification record | professional or research-body source where relevant | provider programme page","demand strength | salary figures | APS/marks | provider-specific entry requirements | professional registration claims","Map role to official occupation source, verify qualification route, add provider/accreditation evidence, then review learner-facing copy."
"354","environmental-scientist","Environmental Scientist","Science, research and frontier careers","medium","starter-editorial","family-only","not-source-verified","qualitative-only","DHET OIHD/OFO occupation mapping | SAQA/CHE qualification record | professional or research-body source where relevant | provider programme page","demand strength | salary figures | APS/marks | provider-specific entry requirements | professional registration claims","Map role to official occupation source, verify qualification route, add provider/accreditation evidence, then review learner-facing copy."
"355","epidemiology-assistant","Epidemiology Assistant","Science, research and frontier careers","medium","starter-editorial","family-only","not-source-verified","qualitative-only","DHET OIHD/OFO occupation mapping | SAQA/CHE qualification record | professional or research-body source where relevant | provider programme page","demand strength | salary figures | APS/marks | provider-specific entry requirements | professional registration claims","Map role to official occupation source, verify qualification route, add provider/accreditation evidence, then review learner-facing copy."
"356","food-safety-scientist","Food Safety Scientist","Science, research and frontier careers","medium","starter-editorial","family-only","not-source-verified","qualitative-only","DHET OIHD/OFO occupation mapping | SAQA/CHE qualification record | professional or research-body source where relevant | provider programme page","demand strength | salary figures | APS/marks | provider-specific entry requirements | professional registration claims","Map role to official occupation source, verify qualification route, add provider/accreditation evidence, then review learner-facing copy."
"357","forensic-scientist","Forensic Scientist","Science, research and frontier careers","medium","starter-editorial","family-only","not-source-verified","qualitative-only","DHET OIHD/OFO occupation mapping | SAQA/CHE qualification record | professional or research-body source where relevant | provider programme page","demand strength | salary figures | APS/marks | provider-specific entry requirements | professional registration claims","Map role to official occupation source, verify qualification route, add provider/accreditation evidence, then review learner-facing copy."
"358","geologist","Geologist","Science, research and frontier careers","medium","starter-editorial","family-only","not-source-verified","qualitative-only","DHET OIHD/OFO occupation mapping | SAQA/CHE qualification record | professional or research-body source where relevant | provider programme page","demand strength | salary figures | APS/marks | provider-specific entry requirements | professional registration claims","Map role to official occupation source, verify qualification route, add provider/accreditation evidence, then review learner-facing copy."
"359","gis-scientist","GIS Scientist","Science, research and frontier careers","medium","starter-editorial","family-only","not-source-verified","qualitative-only","DHET OIHD/OFO occupation mapping | SAQA/CHE qualification record | professional or research-body source where relevant | provider programme page","demand strength | salary figures | APS/marks | provider-specific entry requirements | professional registration claims","Map role to official occupation source, verify qualification route, add provider/accreditation evidence, then review learner-facing copy."
"360","human-factors-researcher","Human Factors Researcher","Science, research and frontier careers","medium","starter-editorial","family-only","not-source-verified","qualitative-only","DHET OIHD/OFO occupation mapping | SAQA/CHE qualification record | professional or research-body source where relevant | provider programme page","demand strength | salary figures | APS/marks | provider-specific entry requirements | professional registration claims","Map role to official occupation source, verify qualification route, add provider/accreditation evidence, then review learner-facing copy."
"361","hydrologist","Hydrologist","Science, research and frontier careers","medium","starter-editorial","family-only","not-source-verified","qualitative-only","DHET OIHD/OFO occupation mapping | SAQA/CHE qualification record | professional or research-body source where relevant | provider programme page","demand strength | salary figures | APS/marks | provider-specific entry requirements | professional registration claims","Map role to official occupation source, verify qualification route, add provider/accreditation evidence, then review learner-facing copy."
"362","laboratory-technician","Laboratory Technician","Science, research and frontier careers","medium","starter-editorial","family-only","not-source-verified","qualitative-only","DHET OIHD/OFO occupation mapping | SAQA/CHE qualification record | professional or research-body source where relevant | provider programme page","demand strength | salary figures | APS/marks | provider-specific entry requirements | professional registration claims","Map role to official occupation source, verify qualification route, add provider/accreditation evidence, then review learner-facing copy."
"363","marine-scientist","Marine Scientist","Science, research and frontier careers","medium","starter-editorial","family-only","not-source-verified","qualitative-only","DHET OIHD/OFO occupation mapping | SAQA/CHE qualification record | professional or research-body source where relevant | provider programme page","demand strength | salary figures | APS/marks | provider-specific entry requirements | professional registration claims","Map role to official occupation source, verify qualification route, add provider/accreditation evidence, then review learner-facing copy."
"364","materials-scientist","Materials Scientist","Science, research and frontier careers","medium","starter-editorial","family-only","not-source-verified","qualitative-only","DHET OIHD/OFO occupation mapping | SAQA/CHE qualification record | professional or research-body source where relevant | provider programme page","demand strength | salary figures | APS/marks | provider-specific entry requirements | professional registration claims","Map role to official occupation source, verify qualification route, add provider/accreditation evidence, then review learner-facing copy."
"365","medical-physicist-assistant","Medical Physicist Assistant","Science, research and frontier careers","medium","starter-editorial","family-only","not-source-verified","qualitative-only","DHET OIHD/OFO occupation mapping | SAQA/CHE qualification record | professional or research-body source where relevant | provider programme page","demand strength | salary figures | APS/marks | provider-specific entry requirements | professional registration claims","Map role to official occupation source, verify qualification route, add provider/accreditation evidence, then review learner-facing copy."
"366","meteorological-technician","Meteorological Technician","Science, research and frontier careers","medium","starter-editorial","family-only","not-source-verified","qualitative-only","DHET OIHD/OFO occupation mapping | SAQA/CHE qualification record | professional or research-body source where relevant | provider programme page","demand strength | salary figures | APS/marks | provider-specific entry requirements | professional registration claims","Map role to official occupation source, verify qualification route, add provider/accreditation evidence, then review learner-facing copy."
"367","microbiologist","Microbiologist","Science, research and frontier careers","medium","starter-editorial","family-only","not-source-verified","qualitative-only","DHET OIHD/OFO occupation mapping | SAQA/CHE qualification record | professional or research-body source where relevant | provider programme page","demand strength | salary figures | APS/marks | provider-specific entry requirements | professional registration claims","Map role to official occupation source, verify qualification route, add provider/accreditation evidence, then review learner-facing copy."
"368","nanotechnology-technician","Nanotechnology Technician","Science, research and frontier careers","medium","starter-editorial","family-only","not-source-verified","qualitative-only","DHET OIHD/OFO occupation mapping | SAQA/CHE qualification record | professional or research-body source where relevant | provider programme page","demand strength | salary figures | APS/marks | provider-specific entry requirements | professional registration claims","Map role to official occupation source, verify qualification route, add provider/accreditation evidence, then review learner-facing copy."
"369","renewable-energy-researcher","Renewable Energy Researcher","Science, research and frontier careers","medium","starter-editorial","family-only","not-source-verified","qualitative-only","DHET OIHD/OFO occupation mapping | SAQA/CHE qualification record | professional or research-body source where relevant | provider programme page","demand strength | salary figures | APS/marks | provider-specific entry requirements | professional registration claims","Map role to official occupation source, verify qualification route, add provider/accreditation evidence, then review learner-facing copy."
"370","research-assistant","Research Assistant","Science, research and frontier careers","medium","starter-editorial","family-only","not-source-verified","qualitative-only","DHET OIHD/OFO occupation mapping | SAQA/CHE qualification record | professional or research-body source where relevant | provider programme page","demand strength | salary figures | APS/marks | provider-specific entry requirements | professional registration claims","Map role to official occupation source, verify qualification route, add provider/accreditation evidence, then review learner-facing copy."
"371","smart-city-analyst","Smart City Analyst","Science, research and frontier careers","medium","starter-editorial","family-only","not-source-verified","qualitative-only","DHET OIHD/OFO occupation mapping | SAQA/CHE qualification record | professional or research-body source where relevant | provider programme page","demand strength | salary figures | APS/marks | provider-specific entry requirements | professional registration claims","Map role to official occupation source, verify qualification route, add provider/accreditation evidence, then review learner-facing copy."
"372","space-systems-technician","Space Systems Technician","Science, research and frontier careers","medium","starter-editorial","family-only","not-source-verified","qualitative-only","DHET OIHD/OFO occupation mapping | SAQA/CHE qualification record | professional or research-body source where relevant | provider programme page","demand strength | salary figures | APS/marks | provider-specific entry requirements | professional registration claims","Map role to official occupation source, verify qualification route, add provider/accreditation evidence, then review learner-facing copy."
"373","water-quality-analyst","Water Quality Analyst","Science, research and frontier careers","medium","starter-editorial","family-only","not-source-verified","qualitative-only","DHET OIHD/OFO occupation mapping | SAQA/CHE qualification record | professional or research-body source where relevant | provider programme page","demand strength | salary figures | APS/marks | provider-specific entry requirements | professional registration claims","Map role to official occupation source, verify qualification route, add provider/accreditation evidence, then review learner-facing copy."
"374","architectural-technologist","Architectural Technologist","Skilled trades, construction and engineering","high","starter-editorial","family-only","not-source-verified","qualitative-only","DHET OIHD/OFO occupation mapping | QCTO occupational qualification or trade route | NAMB or trade-test source where relevant | provider or SETA route source","demand strength | salary figures | APS/marks | provider-specific entry requirements | professional registration claims","Map role to official occupation source, verify qualification route, add provider/accreditation evidence, then review learner-facing copy."
"375","automotive-mechanic","Automotive Mechanic","Skilled trades, construction and engineering","high","starter-editorial","family-only","not-source-verified","qualitative-only","DHET OIHD/OFO occupation mapping | QCTO occupational qualification or trade route | NAMB or trade-test source where relevant | provider or SETA route source","demand strength | salary figures | APS/marks | provider-specific entry requirements | professional registration claims","Map role to official occupation source, verify qualification route, add provider/accreditation evidence, then review learner-facing copy."
"376","boilermaker","Boilermaker","Skilled trades, construction and engineering","high","starter-editorial","family-only","not-source-verified","qualitative-only","DHET OIHD/OFO occupation mapping | QCTO occupational qualification or trade route | NAMB or trade-test source where relevant | provider or SETA route source","demand strength | salary figures | APS/marks | provider-specific entry requirements | professional registration claims","Map role to official occupation source, verify qualification route, add provider/accreditation evidence, then review learner-facing copy."
"377","bricklayer","Bricklayer","Skilled trades, construction and engineering","high","starter-editorial","family-only","not-source-verified","qualitative-only","DHET OIHD/OFO occupation mapping | QCTO occupational qualification or trade route | NAMB or trade-test source where relevant | provider or SETA route source","demand strength | salary figures | APS/marks | provider-specific entry requirements | professional registration claims","Map role to official occupation source, verify qualification route, add provider/accreditation evidence, then review learner-facing copy."
"378","building-inspector","Building Inspector","Skilled trades, construction and engineering","high","starter-editorial","family-only","not-source-verified","qualitative-only","DHET OIHD/OFO occupation mapping | QCTO occupational qualification or trade route | NAMB or trade-test source where relevant | provider or SETA route source","demand strength | salary figures | APS/marks | provider-specific entry requirements | professional registration claims","Map role to official occupation source, verify qualification route, add provider/accreditation evidence, then review learner-facing copy."
"379","carpenter","Carpenter","Skilled trades, construction and engineering","high","starter-editorial","family-only","not-source-verified","qualitative-only","DHET OIHD/OFO occupation mapping | QCTO occupational qualification or trade route | NAMB or trade-test source where relevant | provider or SETA route source","demand strength | salary figures | APS/marks | provider-specific entry requirements | professional registration claims","Map role to official occupation source, verify qualification route, add provider/accreditation evidence, then review learner-facing copy."
"380","civil-engineering-technician","Civil Engineering Technician","Skilled trades, construction and engineering","high","starter-editorial","family-only","not-source-verified","qualitative-only","DHET OIHD/OFO occupation mapping | QCTO occupational qualification or trade route | NAMB or trade-test source where relevant | provider or SETA route source","demand strength | salary figures | APS/marks | provider-specific entry requirements | professional registration claims","Map role to official occupation source, verify qualification route, add provider/accreditation evidence, then review learner-facing copy."
"381","cnc-machinist","CNC Machinist","Skilled trades, construction and engineering","high","starter-editorial","family-only","not-source-verified","qualitative-only","DHET OIHD/OFO occupation mapping | QCTO occupational qualification or trade route | NAMB or trade-test source where relevant | provider or SETA route source","demand strength | salary figures | APS/marks | provider-specific entry requirements | professional registration claims","Map role to official occupation source, verify qualification route, add provider/accreditation evidence, then review learner-facing copy."
"382","construction-site-supervisor","Construction Site Supervisor","Skilled trades, construction and engineering","high","starter-editorial","family-only","not-source-verified","qualitative-only","DHET OIHD/OFO occupation mapping | QCTO occupational qualification or trade route | NAMB or trade-test source where relevant | provider or SETA route source","demand strength | salary figures | APS/marks | provider-specific entry requirements | professional registration claims","Map role to official occupation source, verify qualification route, add provider/accreditation evidence, then review learner-facing copy."
"383","diesel-mechanic","Diesel Mechanic","Skilled trades, construction and engineering","high","starter-editorial","family-only","not-source-verified","qualitative-only","DHET OIHD/OFO occupation mapping | QCTO occupational qualification or trade route | NAMB or trade-test source where relevant | provider or SETA route source","demand strength | salary figures | APS/marks | provider-specific entry requirements | professional registration claims","Map role to official occupation source, verify qualification route, add provider/accreditation evidence, then review learner-facing copy."
"384","draughtsperson","Draughtsperson","Skilled trades, construction and engineering","high","starter-editorial","family-only","not-source-verified","qualitative-only","DHET OIHD/OFO occupation mapping | QCTO occupational qualification or trade route | NAMB or trade-test source where relevant | provider or SETA route source","demand strength | salary figures | APS/marks | provider-specific entry requirements | professional registration claims","Map role to official occupation source, verify qualification route, add provider/accreditation evidence, then review learner-facing copy."
"385","electrical-engineering-technician","Electrical Engineering Technician","Skilled trades, construction and engineering","high","starter-editorial","family-only","not-source-verified","qualitative-only","DHET OIHD/OFO occupation mapping | QCTO occupational qualification or trade route | NAMB or trade-test source where relevant | provider or SETA route source","demand strength | salary figures | APS/marks | provider-specific entry requirements | professional registration claims","Map role to official occupation source, verify qualification route, add provider/accreditation evidence, then review learner-facing copy."
"386","technical-artisan","Electrician","Skilled trades, construction and engineering","high","starter-editorial","family-only","not-source-verified","qualitative-only","DHET OIHD/OFO occupation mapping | QCTO occupational qualification or trade route | NAMB or trade-test source where relevant | provider or SETA route source","demand strength | salary figures | APS/marks | provider-specific entry requirements | professional registration claims","Map role to official occupation source, verify qualification route, add provider/accreditation evidence, then review learner-facing copy."
"387","facilities-maintenance-technician","Facilities Maintenance Technician","Skilled trades, construction and engineering","high","starter-editorial","family-only","not-source-verified","qualitative-only","DHET OIHD/OFO occupation mapping | QCTO occupational qualification or trade route | NAMB or trade-test source where relevant | provider or SETA route source","demand strength | salary figures | APS/marks | provider-specific entry requirements | professional registration claims","Map role to official occupation source, verify qualification route, add provider/accreditation evidence, then review learner-facing copy."
"388","fire-systems-technician","Fire Systems Technician","Skilled trades, construction and engineering","high","starter-editorial","family-only","not-source-verified","qualitative-only","DHET OIHD/OFO occupation mapping | QCTO occupational qualification or trade route | NAMB or trade-test source where relevant | provider or SETA route source","demand strength | salary figures | APS/marks | provider-specific entry requirements | professional registration claims","Map role to official occupation source, verify qualification route, add provider/accreditation evidence, then review learner-facing copy."
"389","fitter-and-turner","Fitter and Turner","Skilled trades, construction and engineering","high","starter-editorial","family-only","not-source-verified","qualitative-only","DHET OIHD/OFO occupation mapping | QCTO occupational qualification or trade route | NAMB or trade-test source where relevant | provider or SETA route source","demand strength | salary figures | APS/marks | provider-specific entry requirements | professional registration claims","Map role to official occupation source, verify qualification route, add provider/accreditation evidence, then review learner-facing copy."
"390","generator-technician","Generator Technician","Skilled trades, construction and engineering","high","starter-editorial","family-only","not-source-verified","qualitative-only","DHET OIHD/OFO occupation mapping | QCTO occupational qualification or trade route | NAMB or trade-test source where relevant | provider or SETA route source","demand strength | salary figures | APS/marks | provider-specific entry requirements | professional registration claims","Map role to official occupation source, verify qualification route, add provider/accreditation evidence, then review learner-facing copy."
"391","glazier","Glazier","Skilled trades, construction and engineering","high","starter-editorial","family-only","not-source-verified","qualitative-only","DHET OIHD/OFO occupation mapping | QCTO occupational qualification or trade route | NAMB or trade-test source where relevant | provider or SETA route source","demand strength | salary figures | APS/marks | provider-specific entry requirements | professional registration claims","Map role to official occupation source, verify qualification route, add provider/accreditation evidence, then review learner-facing copy."
"392","land-survey-technician","Land Survey Technician","Skilled trades, construction and engineering","high","starter-editorial","family-only","not-source-verified","qualitative-only","DHET OIHD/OFO occupation mapping | QCTO occupational qualification or trade route | NAMB or trade-test source where relevant | provider or SETA route source","demand strength | salary figures | APS/marks | provider-specific entry requirements | professional registration claims","Map role to official occupation source, verify qualification route, add provider/accreditation evidence, then review learner-facing copy."
"393","lift-technician","Lift Technician","Skilled trades, construction and engineering","high","starter-editorial","family-only","not-source-verified","qualitative-only","DHET OIHD/OFO occupation mapping | QCTO occupational qualification or trade route | NAMB or trade-test source where relevant | provider or SETA route source","demand strength | salary figures | APS/marks | provider-specific entry requirements | professional registration claims","Map role to official occupation source, verify qualification route, add provider/accreditation evidence, then review learner-facing copy."
"394","mechanical-engineering-technician","Mechanical Engineering Technician","Skilled trades, construction and engineering","high","starter-editorial","family-only","not-source-verified","qualitative-only","DHET OIHD/OFO occupation mapping | QCTO occupational qualification or trade route | NAMB or trade-test source where relevant | provider or SETA route source","demand strength | salary figures | APS/marks | provider-specific entry requirements | professional registration claims","Map role to official occupation source, verify qualification route, add provider/accreditation evidence, then review learner-facing copy."
"395","millwright","Millwright","Skilled trades, construction and engineering","high","starter-editorial","family-only","not-source-verified","qualitative-only","DHET OIHD/OFO occupation mapping | QCTO occupational qualification or trade route | NAMB or trade-test source where relevant | provider or SETA route source","demand strength | salary figures | APS/marks | provider-specific entry requirements | professional registration claims","Map role to official occupation source, verify qualification route, add provider/accreditation evidence, then review learner-facing copy."
"396","painter-and-decorator","Painter and Decorator","Skilled trades, construction and engineering","high","starter-editorial","family-only","not-source-verified","qualitative-only","DHET OIHD/OFO occupation mapping | QCTO occupational qualification or trade route | NAMB or trade-test source where relevant | provider or SETA route source","demand strength | salary figures | APS/marks | provider-specific entry requirements | professional registration claims","Map role to official occupation source, verify qualification route, add provider/accreditation evidence, then review learner-facing copy."
"397","panel-beater","Panel Beater","Skilled trades, construction and engineering","high","starter-editorial","family-only","not-source-verified","qualitative-only","DHET OIHD/OFO occupation mapping | QCTO occupational qualification or trade route | NAMB or trade-test source where relevant | provider or SETA route source","demand strength | salary figures | APS/marks | provider-specific entry requirements | professional registration claims","Map role to official occupation source, verify qualification route, add provider/accreditation evidence, then review learner-facing copy."
"398","paving-and-surfacing-worker","Paving and Surfacing Worker","Skilled trades, construction and engineering","high","starter-editorial","family-only","not-source-verified","qualitative-only","DHET OIHD/OFO occupation mapping | QCTO occupational qualification or trade route | NAMB or trade-test source where relevant | provider or SETA route source","demand strength | salary figures | APS/marks | provider-specific entry requirements | professional registration claims","Map role to official occupation source, verify qualification route, add provider/accreditation evidence, then review learner-facing copy."
"399","plumber","Plumber","Skilled trades, construction and engineering","high","starter-editorial","family-only","not-source-verified","qualitative-only","DHET OIHD/OFO occupation mapping | QCTO occupational qualification or trade route | NAMB or trade-test source where relevant | provider or SETA route source","demand strength | salary figures | APS/marks | provider-specific entry requirements | professional registration claims","Map role to official occupation source, verify qualification route, add provider/accreditation evidence, then review learner-facing copy."
"400","pool-and-spa-technician","Pool and Spa Technician","Skilled trades, construction and engineering","high","starter-editorial","family-only","not-source-verified","qualitative-only","DHET OIHD/OFO occupation mapping | QCTO occupational qualification or trade route | NAMB or trade-test source where relevant | provider or SETA route source","demand strength | salary figures | APS/marks | provider-specific entry requirements | professional registration claims","Map role to official occupation source, verify qualification route, add provider/accreditation evidence, then review learner-facing copy."
"401","quantity-surveying-technician","Quantity Surveying Technician","Skilled trades, construction and engineering","high","starter-editorial","family-only","not-source-verified","qualitative-only","DHET OIHD/OFO occupation mapping | QCTO occupational qualification or trade route | NAMB or trade-test source where relevant | provider or SETA route source","demand strength | salary figures | APS/marks | provider-specific entry requirements | professional registration claims","Map role to official occupation source, verify qualification route, add provider/accreditation evidence, then review learner-facing copy."
"402","refrigeration-technician","Refrigeration Technician","Skilled trades, construction and engineering","high","starter-editorial","family-only","not-source-verified","qualitative-only","DHET OIHD/OFO occupation mapping | QCTO occupational qualification or trade route | NAMB or trade-test source where relevant | provider or SETA route source","demand strength | salary figures | APS/marks | provider-specific entry requirements | professional registration claims","Map role to official occupation source, verify qualification route, add provider/accreditation evidence, then review learner-facing copy."
"403","rigging-assistant","Rigging Assistant","Skilled trades, construction and engineering","high","starter-editorial","family-only","not-source-verified","qualitative-only","DHET OIHD/OFO occupation mapping | QCTO occupational qualification or trade route | NAMB or trade-test source where relevant | provider or SETA route source","demand strength | salary figures | APS/marks | provider-specific entry requirements | professional registration claims","Map role to official occupation source, verify qualification route, add provider/accreditation evidence, then review learner-facing copy."
"404","roadworks-technician","Roadworks Technician","Skilled trades, construction and engineering","high","starter-editorial","family-only","not-source-verified","qualitative-only","DHET OIHD/OFO occupation mapping | QCTO occupational qualification or trade route | NAMB or trade-test source where relevant | provider or SETA route source","demand strength | salary figures | APS/marks | provider-specific entry requirements | professional registration claims","Map role to official occupation source, verify qualification route, add provider/accreditation evidence, then review learner-facing copy."
"405","safety-officer","Safety Officer","Skilled trades, construction and engineering","high","starter-editorial","family-only","not-source-verified","qualitative-only","DHET OIHD/OFO occupation mapping | QCTO occupational qualification or trade route | NAMB or trade-test source where relevant | provider or SETA route source","demand strength | salary figures | APS/marks | provider-specific entry requirements | professional registration claims","Map role to official occupation source, verify qualification route, add provider/accreditation evidence, then review learner-facing copy."
"406","scaffolding-supervisor","Scaffolding Supervisor","Skilled trades, construction and engineering","high","starter-editorial","family-only","not-source-verified","qualitative-only","DHET OIHD/OFO occupation mapping | QCTO occupational qualification or trade route | NAMB or trade-test source where relevant | provider or SETA route source","demand strength | salary figures | APS/marks | provider-specific entry requirements | professional registration claims","Map role to official occupation source, verify qualification route, add provider/accreditation evidence, then review learner-facing copy."
"407","smart-meter-installer","Smart Meter Installer","Skilled trades, construction and engineering","high","starter-editorial","family-only","not-source-verified","qualitative-only","DHET OIHD/OFO occupation mapping | QCTO occupational qualification or trade route | NAMB or trade-test source where relevant | provider or SETA route source","demand strength | salary figures | APS/marks | provider-specific entry requirements | professional registration claims","Map role to official occupation source, verify qualification route, add provider/accreditation evidence, then review learner-facing copy."
"408","solar-pv-installer","Solar PV Installer","Skilled trades, construction and engineering","high","starter-editorial","family-only","not-source-verified","qualitative-only","DHET OIHD/OFO occupation mapping | QCTO occupational qualification or trade route | NAMB or trade-test source where relevant | provider or SETA route source","demand strength | salary figures | APS/marks | provider-specific entry requirements | professional registration claims","Map role to official occupation source, verify qualification route, add provider/accreditation evidence, then review learner-facing copy."
"409","tiler","Tiler","Skilled trades, construction and engineering","high","starter-editorial","family-only","not-source-verified","qualitative-only","DHET OIHD/OFO occupation mapping | QCTO occupational qualification or trade route | NAMB or trade-test source where relevant | provider or SETA route source","demand strength | salary figures | APS/marks | provider-specific entry requirements | professional registration claims","Map role to official occupation source, verify qualification route, add provider/accreditation evidence, then review learner-facing copy."
"410","toolmaker","Toolmaker","Skilled trades, construction and engineering","high","starter-editorial","family-only","not-source-verified","qualitative-only","DHET OIHD/OFO occupation mapping | QCTO occupational qualification or trade route | NAMB or trade-test source where relevant | provider or SETA route source","demand strength | salary figures | APS/marks | provider-specific entry requirements | professional registration claims","Map role to official occupation source, verify qualification route, add provider/accreditation evidence, then review learner-facing copy."
"411","water-treatment-technician","Water Treatment Technician","Skilled trades, construction and engineering","high","starter-editorial","family-only","not-source-verified","qualitative-only","DHET OIHD/OFO occupation mapping | QCTO occupational qualification or trade route | NAMB or trade-test source where relevant | provider or SETA route source","demand strength | salary figures | APS/marks | provider-specific entry requirements | professional registration claims","Map role to official occupation source, verify qualification route, add provider/accreditation evidence, then review learner-facing copy."
"412","waterproofing-applicator","Waterproofing Applicator","Skilled trades, construction and engineering","high","starter-editorial","family-only","not-source-verified","qualitative-only","DHET OIHD/OFO occupation mapping | QCTO occupational qualification or trade route | NAMB or trade-test source where relevant | provider or SETA route source","demand strength | salary figures | APS/marks | provider-specific entry requirements | professional registration claims","Map role to official occupation source, verify qualification route, add provider/accreditation evidence, then review learner-facing copy."
"413","welder","Welder","Skilled trades, construction and engineering","high","starter-editorial","family-only","not-source-verified","qualitative-only","DHET OIHD/OFO occupation mapping | QCTO occupational qualification or trade route | NAMB or trade-test source where relevant | provider or SETA route source","demand strength | salary figures | APS/marks | provider-specific entry requirements | professional registration claims","Map role to official occupation source, verify qualification route, add provider/accreditation evidence, then review learner-facing copy."
"414","agritech-systems-technician","Agritech Systems Technician","Technology, data and AI","high","starter-editorial","family-only","not-source-verified","qualitative-only","DHET OIHD/OFO occupation mapping | SAQA or CHE qualification record | provider programme page | vendor certification source where relevant","demand strength | salary figures | APS/marks | provider-specific entry requirements | professional registration claims","Map role to official occupation source, verify qualification route, add provider/accreditation evidence, then review learner-facing copy."
"415","ai-governance-analyst","AI Governance Analyst","Technology, data and AI","high","starter-editorial","family-only","not-source-verified","qualitative-only","DHET OIHD/OFO occupation mapping | SAQA or CHE qualification record | provider programme page | vendor certification source where relevant","demand strength | salary figures | APS/marks | provider-specific entry requirements | professional registration claims","Map role to official occupation source, verify qualification route, add provider/accreditation evidence, then review learner-facing copy."
"416","ai-product-specialist","AI Product Specialist","Technology, data and AI","high","starter-editorial","family-only","not-source-verified","qualitative-only","DHET OIHD/OFO occupation mapping | SAQA or CHE qualification record | provider programme page | vendor certification source where relevant","demand strength | salary figures | APS/marks | provider-specific entry requirements | professional registration claims","Map role to official occupation source, verify qualification route, add provider/accreditation evidence, then review learner-facing copy."
"417","ai-workflow-builder","AI Workflow Builder","Technology, data and AI","high","starter-editorial","family-only","not-source-verified","qualitative-only","DHET OIHD/OFO occupation mapping | SAQA or CHE qualification record | provider programme page | vendor certification source where relevant","demand strength | salary figures | APS/marks | provider-specific entry requirements | professional registration claims","Map role to official occupation source, verify qualification route, add provider/accreditation evidence, then review learner-facing copy."
"418","automation-tester","Automation Tester","Technology, data and AI","high","starter-editorial","family-only","not-source-verified","qualitative-only","DHET OIHD/OFO occupation mapping | SAQA or CHE qualification record | provider programme page | vendor certification source where relevant","demand strength | salary figures | APS/marks | provider-specific entry requirements | professional registration claims","Map role to official occupation source, verify qualification route, add provider/accreditation evidence, then review learner-facing copy."
"419","back-end-developer","Back-End Developer","Technology, data and AI","high","starter-editorial","family-only","not-source-verified","qualitative-only","DHET OIHD/OFO occupation mapping | SAQA or CHE qualification record | provider programme page | vendor certification source where relevant","demand strength | salary figures | APS/marks | provider-specific entry requirements | professional registration claims","Map role to official occupation source, verify qualification route, add provider/accreditation evidence, then review learner-facing copy."
"420","business-analyst","Business Analyst","Technology, data and AI","high","starter-editorial","family-only","not-source-verified","qualitative-only","DHET OIHD/OFO occupation mapping | SAQA or CHE qualification record | provider programme page | vendor certification source where relevant","demand strength | salary figures | APS/marks | provider-specific entry requirements | professional registration claims","Map role to official occupation source, verify qualification route, add provider/accreditation evidence, then review learner-facing copy."
"421","business-intelligence-analyst","Business Intelligence Analyst","Technology, data and AI","high","starter-editorial","family-only","not-source-verified","qualitative-only","DHET OIHD/OFO occupation mapping | SAQA or CHE qualification record | provider programme page | vendor certification source where relevant","demand strength | salary figures | APS/marks | provider-specific entry requirements | professional registration claims","Map role to official occupation source, verify qualification route, add provider/accreditation evidence, then review learner-facing copy."
"422","cloud-engineer","Cloud Engineer","Technology, data and AI","high","starter-editorial","family-only","not-source-verified","qualitative-only","DHET OIHD/OFO occupation mapping | SAQA or CHE qualification record | provider programme page | vendor certification source where relevant","demand strength | salary figures | APS/marks | provider-specific entry requirements | professional registration claims","Map role to official occupation source, verify qualification route, add provider/accreditation evidence, then review learner-facing copy."
"423","cloud-support-associate","Cloud Support Associate","Technology, data and AI","high","starter-editorial","family-only","not-source-verified","qualitative-only","DHET OIHD/OFO occupation mapping | SAQA or CHE qualification record | provider programme page | vendor certification source where relevant","demand strength | salary figures | APS/marks | provider-specific entry requirements | professional registration claims","Map role to official occupation source, verify qualification route, add provider/accreditation evidence, then review learner-facing copy."
"424","crm-administrator","CRM Administrator","Technology, data and AI","high","starter-editorial","family-only","not-source-verified","qualitative-only","DHET OIHD/OFO occupation mapping | SAQA or CHE qualification record | provider programme page | vendor certification source where relevant","demand strength | salary figures | APS/marks | provider-specific entry requirements | professional registration claims","Map role to official occupation source, verify qualification route, add provider/accreditation evidence, then review learner-facing copy."
"425","cyber-security-analyst","Cyber Security Analyst","Technology, data and AI","high","starter-editorial","family-only","not-source-verified","qualitative-only","DHET OIHD/OFO occupation mapping | SAQA or CHE qualification record | provider programme page | vendor certification source where relevant","demand strength | salary figures | APS/marks | provider-specific entry requirements | professional registration claims","Map role to official occupation source, verify qualification route, add provider/accreditation evidence, then review learner-facing copy."
"426","cybersecurity-incident-responder","Cybersecurity Incident Responder","Technology, data and AI","high","starter-editorial","family-only","not-source-verified","qualitative-only","DHET OIHD/OFO occupation mapping | SAQA or CHE qualification record | provider programme page | vendor certification source where relevant","demand strength | salary figures | APS/marks | provider-specific entry requirements | professional registration claims","Map role to official occupation source, verify qualification route, add provider/accreditation evidence, then review learner-facing copy."
"427","data-analyst","Data Analyst","Technology, data and AI","high","starter-editorial","family-only","not-source-verified","qualitative-only","DHET OIHD/OFO occupation mapping | SAQA or CHE qualification record | provider programme page | vendor certification source where relevant","demand strength | salary figures | APS/marks | provider-specific entry requirements | professional registration claims","Map role to official occupation source, verify qualification route, add provider/accreditation evidence, then review learner-facing copy."
"428","data-engineer","Data Engineer","Technology, data and AI","high","starter-editorial","family-only","not-source-verified","qualitative-only","DHET OIHD/OFO occupation mapping | SAQA or CHE qualification record | provider programme page | vendor certification source where relevant","demand strength | salary figures | APS/marks | provider-specific entry requirements | professional registration claims","Map role to official occupation source, verify qualification route, add provider/accreditation evidence, then review learner-facing copy."
"429","data-privacy-analyst","Data Privacy Analyst","Technology, data and AI","high","starter-editorial","family-only","not-source-verified","qualitative-only","DHET OIHD/OFO occupation mapping | SAQA or CHE qualification record | provider programme page | vendor certification source where relevant","demand strength | salary figures | APS/marks | provider-specific entry requirements | professional registration claims","Map role to official occupation source, verify qualification route, add provider/accreditation evidence, then review learner-facing copy."
"430","database-administrator","Database Administrator","Technology, data and AI","high","starter-editorial","family-only","not-source-verified","qualitative-only","DHET OIHD/OFO occupation mapping | SAQA or CHE qualification record | provider programme page | vendor certification source where relevant","demand strength | salary figures | APS/marks | provider-specific entry requirements | professional registration claims","Map role to official occupation source, verify qualification route, add provider/accreditation evidence, then review learner-facing copy."
"431","devops-engineer","DevOps Engineer","Technology, data and AI","high","starter-editorial","family-only","not-source-verified","qualitative-only","DHET OIHD/OFO occupation mapping | SAQA or CHE qualification record | provider programme page | vendor certification source where relevant","demand strength | salary figures | APS/marks | provider-specific entry requirements | professional registration claims","Map role to official occupation source, verify qualification route, add provider/accreditation evidence, then review learner-facing copy."
"432","digital-accessibility-tester","Digital Accessibility Tester","Technology, data and AI","high","starter-editorial","family-only","not-source-verified","qualitative-only","DHET OIHD/OFO occupation mapping | SAQA or CHE qualification record | provider programme page | vendor certification source where relevant","demand strength | salary figures | APS/marks | provider-specific entry requirements | professional registration claims","Map role to official occupation source, verify qualification route, add provider/accreditation evidence, then review learner-facing copy."
"433","digital-product-analyst","Digital Product Analyst","Technology, data and AI","high","starter-editorial","family-only","not-source-verified","qualitative-only","DHET OIHD/OFO occupation mapping | SAQA or CHE qualification record | provider programme page | vendor certification source where relevant","demand strength | salary figures | APS/marks | provider-specific entry requirements | professional registration claims","Map role to official occupation source, verify qualification route, add provider/accreditation evidence, then review learner-facing copy."
"434","drone-operator","Drone Operator","Technology, data and AI","high","starter-editorial","family-only","not-source-verified","qualitative-only","DHET OIHD/OFO occupation mapping | SAQA or CHE qualification record | provider programme page | vendor certification source where relevant","demand strength | salary figures | APS/marks | provider-specific entry requirements | professional registration claims","Map role to official occupation source, verify qualification route, add provider/accreditation evidence, then review learner-facing copy."
"435","edtech-support-specialist","EdTech Support Specialist","Technology, data and AI","high","starter-editorial","family-only","not-source-verified","qualitative-only","DHET OIHD/OFO occupation mapping | SAQA or CHE qualification record | provider programme page | vendor certification source where relevant","demand strength | salary figures | APS/marks | provider-specific entry requirements | professional registration claims","Map role to official occupation source, verify qualification route, add provider/accreditation evidence, then review learner-facing copy."
"436","erp-support-consultant","ERP Support Consultant","Technology, data and AI","high","starter-editorial","family-only","not-source-verified","qualitative-only","DHET OIHD/OFO occupation mapping | SAQA or CHE qualification record | provider programme page | vendor certification source where relevant","demand strength | salary figures | APS/marks | provider-specific entry requirements | professional registration claims","Map role to official occupation source, verify qualification route, add provider/accreditation evidence, then review learner-facing copy."
"437","fintech-operations-analyst","Fintech Operations Analyst","Technology, data and AI","high","starter-editorial","family-only","not-source-verified","qualitative-only","DHET OIHD/OFO occupation mapping | SAQA or CHE qualification record | provider programme page | vendor certification source where relevant","demand strength | salary figures | APS/marks | provider-specific entry requirements | professional registration claims","Map role to official occupation source, verify qualification route, add provider/accreditation evidence, then review learner-facing copy."
"438","front-end-developer","Front-End Developer","Technology, data and AI","high","starter-editorial","family-only","not-source-verified","qualitative-only","DHET OIHD/OFO occupation mapping | SAQA or CHE qualification record | provider programme page | vendor certification source where relevant","demand strength | salary figures | APS/marks | provider-specific entry requirements | professional registration claims","Map role to official occupation source, verify qualification route, add provider/accreditation evidence, then review learner-facing copy."
"439","full-stack-developer","Full-Stack Developer","Technology, data and AI","high","starter-editorial","family-only","not-source-verified","qualitative-only","DHET OIHD/OFO occupation mapping | SAQA or CHE qualification record | provider programme page | vendor certification source where relevant","demand strength | salary figures | APS/marks | provider-specific entry requirements | professional registration claims","Map role to official occupation source, verify qualification route, add provider/accreditation evidence, then review learner-facing copy."
"440","game-developer","Game Developer","Technology, data and AI","high","starter-editorial","family-only","not-source-verified","qualitative-only","DHET OIHD/OFO occupation mapping | SAQA or CHE qualification record | provider programme page | vendor certification source where relevant","demand strength | salary figures | APS/marks | provider-specific entry requirements | professional registration claims","Map role to official occupation source, verify qualification route, add provider/accreditation evidence, then review learner-facing copy."
"441","geospatial-data-analyst","Geospatial Data Analyst","Technology, data and AI","high","starter-editorial","family-only","not-source-verified","qualitative-only","DHET OIHD/OFO occupation mapping | SAQA or CHE qualification record | provider programme page | vendor certification source where relevant","demand strength | salary figures | APS/marks | provider-specific entry requirements | professional registration claims","Map role to official occupation source, verify qualification route, add provider/accreditation evidence, then review learner-facing copy."
"442","gis-technician","GIS Technician","Technology, data and AI","high","starter-editorial","family-only","not-source-verified","qualitative-only","DHET OIHD/OFO occupation mapping | SAQA or CHE qualification record | provider programme page | vendor certification source where relevant","demand strength | salary figures | APS/marks | provider-specific entry requirements | professional registration claims","Map role to official occupation source, verify qualification route, add provider/accreditation evidence, then review learner-facing copy."
"443","health-informatics-analyst","Health Informatics Analyst","Technology, data and AI","high","starter-editorial","family-only","not-source-verified","qualitative-only","DHET OIHD/OFO occupation mapping | SAQA or CHE qualification record | provider programme page | vendor certification source where relevant","demand strength | salary figures | APS/marks | provider-specific entry requirements | professional registration claims","Map role to official occupation source, verify qualification route, add provider/accreditation evidence, then review learner-facing copy."
"444","it-support-technician","IT Support Technician","Technology, data and AI","high","starter-editorial","family-only","not-source-verified","qualitative-only","DHET OIHD/OFO occupation mapping | SAQA or CHE qualification record | provider programme page | vendor certification source where relevant","demand strength | salary figures | APS/marks | provider-specific entry requirements | professional registration claims","Map role to official occupation source, verify qualification route, add provider/accreditation evidence, then review learner-facing copy."
"445","machine-learning-engineer","Machine Learning Engineer","Technology, data and AI","high","starter-editorial","family-only","not-source-verified","qualitative-only","DHET OIHD/OFO occupation mapping | SAQA or CHE qualification record | provider programme page | vendor certification source where relevant","demand strength | salary figures | APS/marks | provider-specific entry requirements | professional registration claims","Map role to official occupation source, verify qualification route, add provider/accreditation evidence, then review learner-facing copy."
"446","mobile-app-developer","Mobile App Developer","Technology, data and AI","high","starter-editorial","family-only","not-source-verified","qualitative-only","DHET OIHD/OFO occupation mapping | SAQA or CHE qualification record | provider programme page | vendor certification source where relevant","demand strength | salary figures | APS/marks | provider-specific entry requirements | professional registration claims","Map role to official occupation source, verify qualification route, add provider/accreditation evidence, then review learner-facing copy."
"447","network-technician","Network Technician","Technology, data and AI","high","starter-editorial","family-only","not-source-verified","qualitative-only","DHET OIHD/OFO occupation mapping | SAQA or CHE qualification record | provider programme page | vendor certification source where relevant","demand strength | salary figures | APS/marks | provider-specific entry requirements | professional registration claims","Map role to official occupation source, verify qualification route, add provider/accreditation evidence, then review learner-facing copy."
"448","no-code-automation-builder","No-Code Automation Builder","Technology, data and AI","high","starter-editorial","family-only","not-source-verified","qualitative-only","DHET OIHD/OFO occupation mapping | SAQA or CHE qualification record | provider programme page | vendor certification source where relevant","demand strength | salary figures | APS/marks | provider-specific entry requirements | professional registration claims","Map role to official occupation source, verify qualification route, add provider/accreditation evidence, then review learner-facing copy."
"449","platform-engineer","Platform Engineer","Technology, data and AI","high","starter-editorial","family-only","not-source-verified","qualitative-only","DHET OIHD/OFO occupation mapping | SAQA or CHE qualification record | provider programme page | vendor certification source where relevant","demand strength | salary figures | APS/marks | provider-specific entry requirements | professional registration claims","Map role to official occupation source, verify qualification route, add provider/accreditation evidence, then review learner-facing copy."
"450","product-manager","Product Manager","Technology, data and AI","high","starter-editorial","family-only","not-source-verified","qualitative-only","DHET OIHD/OFO occupation mapping | SAQA or CHE qualification record | provider programme page | vendor certification source where relevant","demand strength | salary figures | APS/marks | provider-specific entry requirements | professional registration claims","Map role to official occupation source, verify qualification route, add provider/accreditation evidence, then review learner-facing copy."
"451","prompt-engineer","Prompt Engineer","Technology, data and AI","high","starter-editorial","family-only","not-source-verified","qualitative-only","DHET OIHD/OFO occupation mapping | SAQA or CHE qualification record | provider programme page | vendor certification source where relevant","demand strength | salary figures | APS/marks | provider-specific entry requirements | professional registration claims","Map role to official occupation source, verify qualification route, add provider/accreditation evidence, then review learner-facing copy."
"452","qa-tester","QA Tester","Technology, data and AI","high","starter-editorial","family-only","not-source-verified","qualitative-only","DHET OIHD/OFO occupation mapping | SAQA or CHE qualification record | provider programme page | vendor certification source where relevant","demand strength | salary figures | APS/marks | provider-specific entry requirements | professional registration claims","Map role to official occupation source, verify qualification route, add provider/accreditation evidence, then review learner-facing copy."
"453","robotics-technician","Robotics Technician","Technology, data and AI","high","starter-editorial","family-only","not-source-verified","qualitative-only","DHET OIHD/OFO occupation mapping | SAQA or CHE qualification record | provider programme page | vendor certification source where relevant","demand strength | salary figures | APS/marks | provider-specific entry requirements | professional registration claims","Map role to official occupation source, verify qualification route, add provider/accreditation evidence, then review learner-facing copy."
"454","scrum-master","Scrum Master","Technology, data and AI","high","starter-editorial","family-only","not-source-verified","qualitative-only","DHET OIHD/OFO occupation mapping | SAQA or CHE qualification record | provider programme page | vendor certification source where relevant","demand strength | salary figures | APS/marks | provider-specific entry requirements | professional registration claims","Map role to official occupation source, verify qualification route, add provider/accreditation evidence, then review learner-facing copy."
"455","security-operations-centre-analyst","Security Operations Centre Analyst","Technology, data and AI","high","starter-editorial","family-only","not-source-verified","qualitative-only","DHET OIHD/OFO occupation mapping | SAQA or CHE qualification record | provider programme page | vendor certification source where relevant","demand strength | salary figures | APS/marks | provider-specific entry requirements | professional registration claims","Map role to official occupation source, verify qualification route, add provider/accreditation evidence, then review learner-facing copy."
"456","site-reliability-engineer","Site Reliability Engineer","Technology, data and AI","high","starter-editorial","family-only","not-source-verified","qualitative-only","DHET OIHD/OFO occupation mapping | SAQA or CHE qualification record | provider programme page | vendor certification source where relevant","demand strength | salary figures | APS/marks | provider-specific entry requirements | professional registration claims","Map role to official occupation source, verify qualification route, add provider/accreditation evidence, then review learner-facing copy."
"457","software-developer","Software Developer","Technology, data and AI","high","starter-editorial","family-only","not-source-verified","qualitative-only","DHET OIHD/OFO occupation mapping | SAQA or CHE qualification record | provider programme page | vendor certification source where relevant","demand strength | salary figures | APS/marks | provider-specific entry requirements | professional registration claims","Map role to official occupation source, verify qualification route, add provider/accreditation evidence, then review learner-facing copy."
"458","systems-administrator","Systems Administrator","Technology, data and AI","high","starter-editorial","family-only","not-source-verified","qualitative-only","DHET OIHD/OFO occupation mapping | SAQA or CHE qualification record | provider programme page | vendor certification source where relevant","demand strength | salary figures | APS/marks | provider-specific entry requirements | professional registration claims","Map role to official occupation source, verify qualification route, add provider/accreditation evidence, then review learner-facing copy."
"459","ui-designer","UI Designer","Technology, data and AI","high","starter-editorial","family-only","not-source-verified","qualitative-only","DHET OIHD/OFO occupation mapping | SAQA or CHE qualification record | provider programme page | vendor certification source where relevant","demand strength | salary figures | APS/marks | provider-specific entry requirements | professional registration claims","Map role to official occupation source, verify qualification route, add provider/accreditation evidence, then review learner-facing copy."
"460","ux-designer","UX Designer","Technology, data and AI","high","starter-editorial","family-only","not-source-verified","qualitative-only","DHET OIHD/OFO occupation mapping | SAQA or CHE qualification record | provider programme page | vendor certification source where relevant","demand strength | salary figures | APS/marks | provider-specific entry requirements | professional registration claims","Map role to official occupation source, verify qualification route, add provider/accreditation evidence, then review learner-facing copy."
"461","web-developer","Web Developer","Technology, data and AI","high","starter-editorial","family-only","not-source-verified","qualitative-only","DHET OIHD/OFO occupation mapping | SAQA or CHE qualification record | provider programme page | vendor certification source where relevant","demand strength | salary figures | APS/marks | provider-specific entry requirements | professional registration claims","Map role to official occupation source, verify qualification route, add provider/accreditation evidence, then review learner-facing copy."
