"node_id","node_type","label","stream","metadata"
"backlog:top100_priority_queue","backlog","Top 100 priority queue","",""
"career:za-career-3d-printing-technician","canonical_career","3D Printing Technician","",""
"career:za-career-aalim","canonical_career","Aalim","",""
"career:za-career-abattoir-foreman","canonical_career","Abattoir Foreman","",""
"career:za-career-abattoir-supervisor","canonical_career","Abattoir Supervisor","",""
"career:za-career-above-surface-cleaner","canonical_career","Above Surface Cleaner","",""
"career:za-career-access-control-officer","canonical_career","Access Control Officer","",""
"career:za-career-access-the-bars-practitioner","canonical_career","Access the Bars Practitioner","",""
"career:za-career-account-clerk","canonical_career","Account clerk (Public relations/ communication)","",""
"career:za-career-accounting-technician","canonical_career","Accounting Technician","",""
"career:za-career-accounts-clerk","canonical_career","Accounts Clerk","",""
"career:za-career-actuary","canonical_career","Actuary","",""
"career:za-career-addictions-counsellor","canonical_career","Addictions Counsellor","",""
"career:za-career-additive-manufacturing-technician","canonical_career","Additive Manufacturing Technician","",""
"career:za-career-adhesive-binding-machine-operator","canonical_career","Adhesive Binding Machine Operator","",""
"career:za-career-adjudicator","canonical_career","Adjudicator","",""
"career:za-career-administration-clerk","canonical_career","Administration Clerk","",""
"career:za-career-administration-officer","canonical_career","Administration Officer","",""
"career:za-career-administrative-and-governance-policy-manager","canonical_career","Administrative and Governance Policy Manager","",""
"career:za-career-admission-clerk","canonical_career","Admission clerk","",""
"career:za-career-adoption-social-worker","canonical_career","Adoption Social Worker","",""
"career:za-career-adult-literacy-teacher","canonical_career","Adult Literacy Teacher","",""
"career:za-career-advertising-and-public-relations-manager","canonical_career","Advertising and Public Relations Manager","",""
"career:za-career-advocate","canonical_career","Advocate","",""
"career:za-career-aeronautical-engineer","canonical_career","Aeronautical Engineer","",""
"career:za-career-aeronautical-engineering-technician","canonical_career","Aeronautical Engineering Technician","",""
"career:za-career-aeronautical-engineering-technologist","canonical_career","Aeronautical Engineering Technologist","",""
"career:za-career-aeroplane-pilot","canonical_career","Aeroplane Pilot","",""
"career:za-career-aged-care-registered-nurse","canonical_career","Aged Care Registered Nurse","",""
"career:za-career-aged-care-service-manager","canonical_career","Aged Care Service Manager","",""
"career:za-career-aged-or-disabled-carer","canonical_career","Aged or Disabled Carer","",""
"career:za-career-agribusiness-incubator-manager","canonical_career","Agribusiness Incubator Manager","",""
"career:za-career-agricultural-and-forestry-manager","canonical_career","Agricultural and Forestry Manager","",""
"career:za-career-agricultural-carbon-project-coordinator","canonical_career","Agricultural Carbon Project Coordinator","",""
"career:za-career-agricultural-drone-maintenance-technician","canonical_career","Agricultural Drone Maintenance Technician","",""
"career:za-career-agricultural-engineer","canonical_career","Agricultural Engineer","",""
"career:za-career-agricultural-engineering-technologist","canonical_career","Agricultural Engineering Technologist","",""
"career:za-career-agricultural-extension-officer","canonical_career","Agricultural Extension Officer","",""
"career:za-career-agricultural-farm-manager","canonical_career","Agricultural Farm Manager","",""
"career:za-career-agricultural-horticultural-produce-inspector","canonical_career","Agricultural / Horticultural Produce Inspector","",""
"career:za-career-agricultural-mobile-plant-operator","canonical_career","Agricultural Mobile Plant (Equipment) Operator","",""
"career:za-career-agricultural-scientist","canonical_career","Agricultural Scientist","",""
"career:za-career-agricultural-technician","canonical_career","Agricultural Technician","",""
"career:za-career-agriculture-consultant","canonical_career","Agriculture Consultant","",""
"career:za-career-agritech-support-technician","canonical_career","AgriTech Support Technician","",""
"career:za-career-agro-processing-entrepreneur","canonical_career","Agro-processing Entrepreneur","",""
"career:za-career-ai-and-machine-learning-specialist","canonical_career","AI and Machine Learning Specialist","",""
"career:za-career-ai-governance-specialist","canonical_career","AI Governance Specialist","",""
"career:za-career-ai-integration-specialist","canonical_career","AI Integration Specialist","",""
"career:za-career-ai-learning-support-designer","canonical_career","AI Learning Support Designer","",""
"career:za-career-ai-product-manager","canonical_career","AI Product Manager","",""
"career:za-career-ai-safety-analyst","canonical_career","AI Safety Analyst","",""
"career:za-career-ai-trainer","canonical_career","AI Trainer","",""
"career:za-career-ai-workflow-designer","canonical_career","AI Workflow Designer","",""
"career:za-career-aids-to-navigation-technician","canonical_career","Aids to Navigation Technician","",""
"career:za-career-air-conditioning-and-refrigeration-certificate-of-conformity-verifier","canonical_career","Air Conditioning and Refrigeration Certificate of Conformity Verifier","",""
"career:za-career-air-conditioning-and-refrigeration-compliance-verifier","canonical_career","Air Conditioning and Refrigeration Compliance Verifier","",""
"career:za-career-air-conditioning-and-refrigeration-mechanic","canonical_career","Air Conditioning and Refrigeration Mechanic","",""
"career:za-career-air-conditioning-and-refrigeration-systems-pipework-installer","canonical_career","Air Conditioning and Refrigeration Systems Pipework Installer","",""
"career:za-career-air-conditioning-filtration-equipment-worker","canonical_career","Air Conditioning Filtration Equipment Worker","",""
"career:za-career-air-quality-analyst","canonical_career","Air Quality Analyst","",""
"career:za-career-aircraft-component-maintenance-mechanic","canonical_career","Aircraft Component Maintenance Mechanic","",""
"career:za-career-aircraft-maintenance-mechanic","canonical_career","Aircraft Maintenance Mechanic","",""
"career:za-career-aircraft-structures-technician","canonical_career","Aircraft Structures Technician","",""
"career:za-career-airline-ground-crew","canonical_career","Airline Ground Crew","",""
"career:za-career-airport-or-harbour-manager","canonical_career","Airport or Harbour Manager","",""
"career:za-career-alarm-security-or-surveillance-monitor","canonical_career","Alarm, Security or Surveillance Monitor","",""
"career:za-career-ambulance-officer","canonical_career","Ambulance Officer","",""
"career:za-career-anaesthesiologist","canonical_career","Anaesthesiologist","",""
"career:za-career-anaesthetic-technician","canonical_career","Anaesthetic Technician","",""
"career:za-career-anaesthetist","canonical_career","Anaesthetist","",""
"career:za-career-analytics-engineer","canonical_career","Analytics Engineer","",""
"career:za-career-ancillary-health-care-worker","canonical_career","Ancillary Health Care Worker","",""
"career:za-career-ancillary-machine-maintenance-assistant","canonical_career","Ancillary Machine Maintenance Assistant","",""
"career:za-career-animal-attendant","canonical_career","Animal Attendant","",""
"career:za-career-animal-behaviourist","canonical_career","Animal Behaviourist","",""
"career:za-career-animal-health-data-technician","canonical_career","Animal Health Data Technician","",""
"career:za-career-animal-trainer","canonical_career","Animal Trainer","",""
"career:za-career-annealing-operator","canonical_career","Annealing Operator","",""
"career:za-career-anthropologist","canonical_career","Anthropologist","",""
"career:za-career-anti-corruption-data-analyst","canonical_career","Anti-Corruption Data Analyst","",""
"career:za-career-anti-money-laundering-analyst","canonical_career","Anti Money Laundering Analyst","",""
"career:za-career-apparel-and-related-manufacturing-machine-mechanic","canonical_career","Apparel and Related Manufacturing Machine Mechanic","",""
"career:za-career-apparel-pattern-designer-assistant","canonical_career","Apparel Pattern Designer Assistant","",""
"career:za-career-apparel-pattern-maker-and-grader","canonical_career","Apparel Pattern Maker and Grader","",""
"career:za-career-application-development-manager","canonical_career","Application Development Manager","",""
"career:za-career-applications-developer","canonical_career","Applications Developer","",""
"career:za-career-applications-programmer","canonical_career","Applications Programmer","",""
"career:za-career-aquaculture-and-fisheries-manager","canonical_career","Aquaculture and Fisheries Manager","",""
"career:za-career-aquaculture-farm-worker","canonical_career","Aquaculture Farm Worker","",""
"career:za-career-aquaculture-farm-worker-assistant","canonical_career","Aquaculture Farm Worker / Assistant","",""
"career:za-career-aquaculture-farmer","canonical_career","Aquaculture Farmer","",""
"career:za-career-aquaculture-produce-analyst","canonical_career","Aquaculture Produce Analyst","",""
"career:za-career-aquaponics-farm-operator","canonical_career","Aquaponics Farm Operator","",""
"career:za-career-archaeologist","canonical_career","Archaeologist","",""
"career:za-career-architect","canonical_career","Architect","",""
"career:za-career-archives-manager","canonical_career","Archives Manager","",""
"career:za-career-archivist","canonical_career","Archivist","",""
"career:za-career-armature-winder","canonical_career","Armature Winder","",""
"career:za-career-art-therapist","canonical_career","Art Therapist","",""
"career:za-career-artificial-intelligence-software-developer","canonical_career","Artificial Intelligence Software Developer","",""
"career:za-career-arts-culture-manager","canonical_career","Arts/ Culture Manager","",""
"career:za-career-asphalt-tester","canonical_career","Asphalt Tester","",""
"career:za-career-assessment-practitioner","canonical_career","Assessment Practitioner","",""
"career:za-career-assessor","canonical_career","Assessor","",""
"career:za-career-asset-protection-officer","canonical_career","Asset Protection Officer","",""
"career:za-career-assistant-midwife","canonical_career","Assistant Midwife","",""
"career:za-career-assistant-nutritionist","canonical_career","Assistant Nutritionist","",""
"career:za-career-assistant-painter","canonical_career","Assistant Painter","",""
"career:za-career-associate-legal-professional","canonical_career","Associate Legal Professional","",""
"career:za-career-attorney","canonical_career","Attorney","",""
"career:za-career-audiologist","canonical_career","Audiologist","",""
"career:za-career-audiometrician","canonical_career","Audiometrician","",""
"career:za-career-audiometrist","canonical_career","Audiometrist","",""
"career:za-career-authorised-pharmacist-prescriber","canonical_career","Authorised Pharmacist Prescriber","",""
"career:za-career-automation-technician","canonical_career","Automation Technician","",""
"career:za-career-automotive-battery-fitter-and-tester","canonical_career","Automotive Battery Fitter and Tester","",""
"career:za-career-automotive-clutch-and-brake-repairer","canonical_career","Automotive Clutch and Brake Repairer","",""
"career:za-career-automotive-drive-train-repairer","canonical_career","Automotive Drive Train Repairer","",""
"career:za-career-automotive-engine-assembler","canonical_career","Automotive Engine Assembler","",""
"career:za-career-automotive-engine-dismantler","canonical_career","Automotive Engine Dismantler","",""
"career:za-career-automotive-engine-fitter","canonical_career","Automotive Engine Fitter","",""
"career:za-career-automotive-engine-mechanic","canonical_career","Automotive Engine Mechanic","",""
"career:za-career-automotive-motor-mechanic","canonical_career","Automotive Motor Mechanic","",""
"career:za-career-automotive-sales-advisor","canonical_career","Automotive Sales Advisor","",""
"career:za-career-automotive-suspension-repairer","canonical_career","Automotive Suspension Repairer","",""
"career:za-career-automotive-workshop-assistant","canonical_career","Automotive Workshop Assistant","",""
"career:za-career-autonomous-mining-equipment-operator","canonical_career","Autonomous Mining Equipment Operator","",""
"career:za-career-auxiliary-community-development-practitioner","canonical_career","Auxiliary Community Development Practitioner","",""
"career:za-career-auxiliary-fossil-power-plant-operator","canonical_career","Auxiliary Fossil Power Plant Operator","",""
"career:za-career-auxiliary-support-officer","canonical_career","Auxiliary Support Officer (Custodial)","",""
"career:za-career-auxiliary-support-officer-non-centre-based","canonical_career","Auxiliary Support Officer non centre based","",""
"career:za-career-auxillary-child-and-youth-care-worker","canonical_career","Auxillary Child and Youth Care Worker","",""
"career:za-career-avionics-mechanic","canonical_career","Avionics Mechanic","",""
"career:za-career-back-office-processing-specialist","canonical_career","Back-Office Processing Specialist","",""
"career:za-career-backhoe-operator","canonical_career","Backhoe Operator","",""
"career:za-career-bamboo-floor-finisher","canonical_career","Bamboo Floor Finisher","",""
"career:za-career-bank-customer-services-clerk","canonical_career","Bank Customer Services Clerk","",""
"career:za-career-bank-teller","canonical_career","Bank Teller","",""
"career:za-career-banknote-processor","canonical_career","Banknote Processor","",""
"career:za-career-basic-ambulance-assistant","canonical_career","Basic Ambulance Assistant","",""
"career:za-career-bath-operator","canonical_career","Bath Operator","",""
"career:za-career-battery-energy-storage-systems-engineer","canonical_career","Battery Energy Storage Systems Engineer","",""
"career:za-career-battery-storage-technician","canonical_career","Battery Storage Technician","",""
"career:za-career-beam-house-machine-operator","canonical_career","Beam House Machine Operator","",""
"career:za-career-beaming-and-sizing-machine-operator","canonical_career","Beaming and Sizing Machine Operator","",""
"career:za-career-bench-worker","canonical_career","Bench Worker","",""
"career:za-career-bi-developer","canonical_career","BI Developer","",""
"career:za-career-bicycle-mechanic","canonical_career","Bicycle Mechanic","",""
"career:za-career-bicycle-repairer","canonical_career","Bicycle Repairer","",""
"career:za-career-bicycle-special-components-repairer","canonical_career","Bicycle Special Components Repairer","",""
"career:za-career-big-data-specialist","canonical_career","Big Data Specialist","",""
"career:za-career-binder-and-finisher","canonical_career","Binder and Finisher","",""
"career:za-career-biochemist","canonical_career","Biochemist","",""
"career:za-career-biodiversity-offset-specialist","canonical_career","Biodiversity Offset Specialist","",""
"career:za-career-biodiversity-planner","canonical_career","Biodiversity Planner","",""
"career:za-career-biogas-plant-operator","canonical_career","Biogas Plant Operator","",""
"career:za-career-biokineticist","canonical_career","Biokineticist","",""
"career:za-career-biologist","canonical_career","Biologist","",""
"career:za-career-biomedical-engineer","canonical_career","Biomedical Engineer","",""
"career:za-career-biomedical-equipment-technician","canonical_career","Biomedical Equipment Technician","",""
"career:za-career-biosecurity-officer","canonical_career","Biosecurity Officer","",""
"career:za-career-biotechnologist","canonical_career","Biotechnologist","",""
"career:za-career-bitumen-spray-equipment-operator","canonical_career","Bitumen Spray Equipment Operator","",""
"career:za-career-bituminous-binders-tester","canonical_career","Bituminous Binders Tester","",""
"career:za-career-blacksmith","canonical_career","Blacksmith","",""
"career:za-career-blockchain-developer","canonical_career","Blockchain Developer","",""
"career:za-career-blow-moulding-machine-setter","canonical_career","Blow Moulding Machine Setter","",""
"career:za-career-boat-builder-and-repairer","canonical_career","Boat Builder and Repairer (Boat Builder)","",""
"career:za-career-boatswain-and-coxswain","canonical_career","Boatswain and Coxswain","",""
"career:za-career-bodytalk-practitioner","canonical_career","BodyTalk Practitioner","",""
"career:za-career-boiler-maker","canonical_career","Boiler Maker","",""
"career:za-career-boiler-or-engine-operator","canonical_career","Boiler or Engine Operator","",""
"career:za-career-boilermaker","canonical_career","Boilermaker","",""
"career:za-career-book-or-script-editor","canonical_career","Book or Script Editor","",""
"career:za-career-bookkeeper","canonical_career","Bookkeeper","",""
"career:za-career-botanist","canonical_career","Botanist","",""
"career:za-career-bpo-quality-analyst","canonical_career","BPO Quality Analyst","",""
"career:za-career-braiding-machine-operator","canonical_career","Braiding Machine Operator","",""
"career:za-career-bricklayer","canonical_career","Bricklayer","",""
"career:za-career-brush-hand","canonical_career","Brush Hand","",""
"career:za-career-builder","canonical_career","Builder","",""
"career:za-career-builder-s-worker","canonical_career","Builder's Worker","",""
"career:za-career-building-energy-manager","canonical_career","Building Energy Manager","",""
"career:za-career-building-information-modelling-technician","canonical_career","Building Information Modelling Technician","",""
"career:za-career-bulk-materials-handling-plant-operator","canonical_career","Bulk Materials Handling Plant Operator","",""
"career:za-career-bulldozer-operator","canonical_career","Bulldozer Operator","",""
"career:za-career-bus-driver","canonical_career","Bus Driver","",""
"career:za-career-business-administrator","canonical_career","Business Administrator","",""
"career:za-career-business-banking-practitioner","canonical_career","Business Banking Practitioner","",""
"career:za-career-business-development-officer","canonical_career","Business Development Officer","",""
"career:za-career-business-intelligence-specialist","canonical_career","Business Intelligence Specialist","",""
"career:za-career-business-training-manager","canonical_career","Business Training Manager","",""
"career:za-career-butcher","canonical_career","Butcher","",""
"career:za-career-butter-maker","canonical_career","Butter Maker","",""
"career:za-career-buyer","canonical_career","Buyer","",""
"career:za-career-cable-joiner","canonical_career","Cable Joiner","",""
"career:za-career-cable-jointer","canonical_career","Cable Jointer (Electric Cable Jointer)","",""
"career:za-career-caf-or-restaurant-manager","canonical_career","Café (Licensed) or Restaurant Manager","",""
"career:za-career-call-centre-team-leader","canonical_career","Call Centre Team Leader","",""
"career:za-career-call-or-contact-centre-agent","canonical_career","Call or Contact Centre Agent","",""
"career:za-career-call-or-contact-centre-clerk","canonical_career","Call or contact centre clerk","",""
"career:za-career-call-or-contact-centre-manager","canonical_career","Call or Contact Centre Manager","",""
"career:za-career-camera-operator","canonical_career","Camera Operator (Film, Television or Video)","",""
"career:za-career-caravan-park-and-camping-ground-manager","canonical_career","Caravan Park and Camping Ground Manager","",""
"career:za-career-carbon-accounting-analyst","canonical_career","Carbon Accounting Analyst","",""
"career:za-career-cardiac-technician","canonical_career","Cardiac Technician","",""
"career:za-career-cardiologist","canonical_career","Cardiologist","",""
"career:za-career-cardiothoracic-perfusion-clinical-technologist","canonical_career","Cardiothoracic Perfusion Clinical Technologist","",""
"career:za-career-career-counsellor","canonical_career","Career Counsellor","",""
"career:za-career-career-development-information-officer","canonical_career","Career Development Information Officer","",""
"career:za-career-career-development-practitioner","canonical_career","Career Development Practitioner","",""
"career:za-career-career-guidance-practitioner","canonical_career","Career Guidance Practitioner","",""
"career:za-career-caretaker-cleaner","canonical_career","Caretaker/ cleaner","",""
"career:za-career-carpenter","canonical_career","Carpenter","",""
"career:za-career-carpenter-and-joiner","canonical_career","Carpenter and Joiner","",""
"career:za-career-carpenters-and-joiners-gc01200-carpenter","canonical_career","Carpenters and Joiners GC01200 Carpenter","",""
"career:za-career-carpet-floor-finisher","canonical_career","Carpet Floor Finisher","",""
"career:za-career-cartographer","canonical_career","Cartographer","",""
"career:za-career-carton-cad-operator","canonical_career","Carton CAD Operator","",""
"career:za-career-carton-die-maker","canonical_career","Carton Die Maker","",""
"career:za-career-carton-glue-machine-operator","canonical_career","Carton Glue Machine Operator","",""
"career:za-career-carton-manufacturing-machine-minder","canonical_career","Carton Manufacturing Machine Minder","",""
"career:za-career-case-management-officer","canonical_career","Case Management Officer","",""
"career:za-career-cash-office-clerk","canonical_career","Cash Office Clerk","",""
"career:za-career-cashier","canonical_career","Cashier","",""
"career:za-career-centre-coordinator-security-corrections-operational-support","canonical_career","Centre Coordinator: Security/Corrections/Operational Support","",""
"career:za-career-chaplain","canonical_career","Chaplain","",""
"career:za-career-chartered-accountant-ca","canonical_career","Chartered Accountant CA(SA)","",""
"career:za-career-checkout-operator","canonical_career","Checkout Operator","",""
"career:za-career-chef","canonical_career","Chef","",""
"career:za-career-chemical-engineer","canonical_career","Chemical Engineer","",""
"career:za-career-chemical-engineering-technician","canonical_career","Chemical Engineering Technician","",""
"career:za-career-chemical-engineering-technologist","canonical_career","Chemical Engineering Technologist","",""
"career:za-career-chemical-laboratory-analyst","canonical_career","Chemical Laboratory Analyst","",""
"career:za-career-chemical-manufacturing-technician","canonical_career","Chemical Manufacturing Technician (Glass Manufacturing)","",""
"career:za-career-chemical-plant-controller","canonical_career","Chemical Plant Controller","",""
"career:za-career-chemical-plant-operator","canonical_career","Chemical Plant Operator","",""
"career:za-career-chemical-production-machine-operator","canonical_career","Chemical Production Machine Operator","",""
"career:za-career-chemist","canonical_career","Chemist","",""
"career:za-career-chemistry-technician","canonical_career","Chemistry Technician","",""
"career:za-career-chief-financial-officer","canonical_career","Chief Financial Officer","",""
"career:za-career-chief-information-officer","canonical_career","Chief Information Officer","",""
"career:za-career-child-and-youth-care-service-manager","canonical_career","Child and Youth Care Service Manager","",""
"career:za-career-child-and-youth-care-worker","canonical_career","Child and Youth Care Worker","",""
"career:za-career-child-care-worker","canonical_career","Child Care Worker","",""
"career:za-career-child-or-youth-residential-care-assistant","canonical_career","Child or Youth Residential Care Assistant","",""
"career:za-career-christian-religious-professional","canonical_career","Christian Religious Professional","",""
"career:za-career-circular-economy-consultant","canonical_career","Circular Economy Consultant","",""
"career:za-career-civil-engineer","canonical_career","Civil Engineer","",""
"career:za-career-civil-engineering-aggregates-tester","canonical_career","Civil Engineering Aggregates Tester","",""
"career:za-career-civil-engineering-constructor","canonical_career","Civil Engineering Constructor","",""
"career:za-career-civil-engineering-materials-tester","canonical_career","Civil Engineering Materials Tester","",""
"career:za-career-civil-engineering-technician","canonical_career","Civil Engineering Technician","",""
"career:za-career-civil-engineering-technologist","canonical_career","Civil Engineering Technologist","",""
"career:za-career-claims-processing-agent","canonical_career","Claims Processing Agent","",""
"career:za-career-class-3-inshore-diver","canonical_career","Class 3 Inshore Diver","",""
"career:za-career-class-4-commercial-scuba-diver","canonical_career","Class 4 Commercial Scuba Diver","",""
"career:za-career-clearing-and-forwarding-agent","canonical_career","Clearing and Forwarding Agent","",""
"career:za-career-climate-adaptation-officer","canonical_career","Climate Adaptation Officer","",""
"career:za-career-climate-change-scientist","canonical_career","Climate Change Scientist","",""
"career:za-career-climate-risk-analyst","canonical_career","Climate Risk Analyst","",""
"career:za-career-climate-smart-agriculture-advisor","canonical_career","Climate-Smart Agriculture Advisor","",""
"career:za-career-clinical-coding-specialist","canonical_career","Clinical Coding Specialist","",""
"career:za-career-clinical-data-manager","canonical_career","Clinical Data Manager","",""
"career:za-career-clinical-dental-technician","canonical_career","Clinical Dental Technician","",""
"career:za-career-clinical-nurse-practitioner","canonical_career","Clinical Nurse Practitioner","",""
"career:za-career-clinical-pharmacologist","canonical_career","Clinical Pharmacologist","",""
"career:za-career-clinical-psychologist","canonical_career","Clinical Psychologist","",""
"career:za-career-clinical-technologist","canonical_career","Clinical Technologist","",""
"career:za-career-close-protector","canonical_career","Close Protector","",""
"career:za-career-clothing-textile-and-leather-goods-production-operator","canonical_career","Clothing, Textile and Leather Goods Production Operator","",""
"career:za-career-cloud-administrator","canonical_career","Cloud Administrator","",""
"career:za-career-cloud-architect","canonical_career","Cloud Architect","",""
"career:za-career-cloud-engineer","canonical_career","Cloud Engineer","",""
"career:za-career-cloud-security-engineer","canonical_career","Cloud Security Engineer","",""
"career:za-career-cnc-milling-machinist","canonical_career","CNC Milling Machinist","",""
"career:za-career-cnc-programmer","canonical_career","CNC Programmer","",""
"career:za-career-cnc-turning-machinist","canonical_career","CNC Turning Machinist","",""
"career:za-career-coal-cutter-operator-underground-coal","canonical_career","Coal Cutter Operator: Underground Coal","",""
"career:za-career-coating-machine-operator","canonical_career","Coating Machine Operator","",""
"career:za-career-coding-facilitator","canonical_career","Coding Facilitator","",""
"career:za-career-cold-chain-logistics-coordinator","canonical_career","Cold Chain Logistics Coordinator","",""
"career:za-career-cold-chain-quality-coordinator","canonical_career","Cold Chain Quality Coordinator","",""
"career:za-career-coldset-rotary-offset-lithography-assistant-printer","canonical_career","Coldset Rotary Offset Lithography Assistant Printer","",""
"career:za-career-coldset-rotary-offset-lithography-printing-technician","canonical_career","Coldset Rotary Offset Lithography Printing Technician","",""
"career:za-career-coldset-rotary-offset-lithography-reel-stand-operator","canonical_career","Coldset Rotary Offset Lithography Reel- stand Operator","",""
"career:za-career-collaborative-recycler","canonical_career","Collaborative Recycler","",""
"career:za-career-collaborative-robot-technician","canonical_career","Collaborative Robot Technician","",""
"career:za-career-college-principal","canonical_career","College Principal","",""
"career:za-career-commander","canonical_career","Commander","",""
"career:za-career-commercial-ablution-cleaner","canonical_career","Commercial Ablution Cleaner","",""
"career:za-career-commercial-cleaner","canonical_career","Commercial Cleaner","",""
"career:za-career-commercial-diver","canonical_career","Commercial Diver","",""
"career:za-career-commercial-floor-cleaner","canonical_career","Commercial Floor Cleaner","",""
"career:za-career-commercial-housekeeper","canonical_career","Commercial Housekeeper","",""
"career:za-career-commercial-kitchenette-cleaner","canonical_career","Commercial Kitchenette Cleaner","",""
"career:za-career-commercial-sales-representative","canonical_career","Commercial Sales Representative","",""
"career:za-career-commercial-services-sales-agent","canonical_career","Commercial Services Sales Agent","",""
"career:za-career-commissioned-police-officer","canonical_career","Commissioned Police Officer","",""
"career:za-career-commissioning-editor","canonical_career","Commissioning Editor","",""
"career:za-career-communication-and-marketing-manager","canonical_career","Communication and Marketing Manager","",""
"career:za-career-communication-coordinator","canonical_career","Communication Coordinator","",""
"career:za-career-communication-strategist","canonical_career","Communication Strategist","",""
"career:za-career-community-development-manager","canonical_career","Community Development Manager","",""
"career:za-career-community-development-practitioner","canonical_career","Community Development Practitioner","",""
"career:za-career-community-development-worker","canonical_career","Community Development Worker","",""
"career:za-career-community-health-manager","canonical_career","Community Health Manager","",""
"career:za-career-community-health-outreach-coordinator","canonical_career","Community Health Outreach Coordinator","",""
"career:za-career-community-health-worker","canonical_career","Community Health Worker","",""
"career:za-career-community-mental-health-worker","canonical_career","Community Mental Health Worker","",""
"career:za-career-community-psychologist","canonical_career","Community Psychologist","",""
"career:za-career-community-safety-coordinator","canonical_career","Community Safety Coordinator","",""
"career:za-career-community-speech-and-hearing-worker","canonical_career","Community Speech and Hearing Worker","",""
"career:za-career-company-secretary","canonical_career","Company Secretary","",""
"career:za-career-compliance-officer","canonical_career","Compliance Officer","",""
"career:za-career-computer-engineering-mechanic-service-worker","canonical_career","Computer Engineering Mechanic/ Service Worker","",""
"career:za-career-computer-network-and-systems-engineer","canonical_career","Computer Network and Systems Engineer","",""
"career:za-career-computer-network-technician","canonical_career","Computer Network Technician","",""
"career:za-career-computer-quality-assurance-analyst","canonical_career","Computer Quality Assurance Analyst","",""
"career:za-career-computer-technician","canonical_career","Computer Technician","",""
"career:za-career-computer-vision-engineer","canonical_career","Computer Vision Engineer","",""
"career:za-career-computers-quality-assurance-analyst","canonical_career","Computers Quality Assurance Analyst","",""
"career:za-career-concrete-products-machine-operator","canonical_career","Concrete Products Machine Operator","",""
"career:za-career-concrete-tester","canonical_career","Concrete Tester","",""
"career:za-career-concreter","canonical_career","Concreter","",""
"career:za-career-condensed-liquid-dairy-products-maker","canonical_career","Condensed Liquid Dairy Products Maker","",""
"career:za-career-confectionary-baker","canonical_career","Confectionary Baker","",""
"career:za-career-conference-and-events-organiser","canonical_career","Conference and Events Organiser","",""
"career:za-career-conservation-labourer","canonical_career","Conservation Labourer","",""
"career:za-career-conservation-scientist","canonical_career","Conservation Scientist","",""
"career:za-career-construction-plant-operator","canonical_career","Construction Plant Operator","",""
"career:za-career-construction-project-manager","canonical_career","Construction Project Manager","",""
"career:za-career-contact-centre-forecast-analyst","canonical_career","Contact Centre Forecast Analyst","",""
"career:za-career-contact-centre-manager","canonical_career","Contact Centre Manager","",""
"career:za-career-contact-centre-real-time-advisor","canonical_career","Contact Centre Real Time Advisor","",""
"career:za-career-contact-centre-trainer","canonical_career","Contact Centre Trainer","",""
"career:za-career-contact-centre-workforce-planner","canonical_career","Contact Centre Workforce Planner","",""
"career:za-career-container-glass-forming-operator","canonical_career","Container Glass Forming Operator","",""
"career:za-career-content-moderation-specialist","canonical_career","Content Moderation Specialist","",""
"career:za-career-continuous-bucket-trencher-operator","canonical_career","Continuous Bucket Trencher Operator","",""
"career:za-career-continuous-stationery-printing","canonical_career","Continuous Stationery Printing","",""
"career:za-career-contract-manager","canonical_career","Contract Manager","",""
"career:za-career-controlled-environment-agriculture-technician","canonical_career","Controlled Environment Agriculture Technician","",""
"career:za-career-cook","canonical_career","Cook","",""
"career:za-career-copywriter","canonical_career","Copywriter","",""
"career:za-career-corporate-general-manager","canonical_career","Corporate General Manager","",""
"career:za-career-corporate-services-manager","canonical_career","Corporate Services Manager","",""
"career:za-career-corporate-treasurer","canonical_career","Corporate Treasurer","",""
"career:za-career-correctional-administration-officer","canonical_career","Correctional Administration Officer","",""
"career:za-career-correctional-services-manager","canonical_career","Correctional Services Manager","",""
"career:za-career-corrections-patrol-officer","canonical_career","Corrections patrol officer","",""
"career:za-career-corrections-security-officer","canonical_career","Corrections Security Officer","",""
"career:za-career-corrugate-board-and-container-machine-minder","canonical_career","Corrugate Board and Container Machine Minder","",""
"career:za-career-corrugated-board-manufacturing-machine-minder","canonical_career","Corrugated Board Manufacturing Machine Minder","",""
"career:za-career-corrugated-board-printing-and-finishing-machine-minder","canonical_career","Corrugated Board Printing and Finishing Machine Minder","",""
"career:za-career-cost-clerk","canonical_career","Cost Clerk","",""
"career:za-career-cottage-cheesemaker","canonical_career","Cottage Cheesemaker","",""
"career:za-career-counselling-psychologist","canonical_career","Counselling Psychologist","",""
"career:za-career-courier","canonical_career","Courier","",""
"career:za-career-court-manager","canonical_career","Court Manager","",""
"career:za-career-court-orderly-court-registry-officer","canonical_career","Court Orderly/ Court Registry Officer","",""
"career:za-career-court-stenographer-or-court-reporter","canonical_career","Court stenographer or court reporter","",""
"career:za-career-craft-bookbinding-technician","canonical_career","Craft Bookbinding Technician","",""
"career:za-career-crane-chaser","canonical_career","Crane Chaser","",""
"career:za-career-crane-or-hoist-operator","canonical_career","Crane or Hoist Operator (Onsetter)","",""
"career:za-career-creator-economy-manager","canonical_career","Creator Economy Manager","",""
"career:za-career-credit-manager","canonical_career","Credit Manager","",""
"career:za-career-credit-or-loans-officer","canonical_career","Credit or Loans Officer","",""
"career:za-career-creeling-and-warping-machine-operator","canonical_career","Creeling and Warping Machine Operator","",""
"career:za-career-crime-crash-scene-investigator","canonical_career","Crime/ Crash Scene Investigator","",""
"career:za-career-criminal-enforcement-manager","canonical_career","Criminal Enforcement Manager (Environment)","",""
"career:za-career-criminologist","canonical_career","Criminologist","",""
"career:za-career-crm-administrator","canonical_career","CRM Administrator","",""
"career:za-career-crop-produce-analyst","canonical_career","Crop Produce Analyst","",""
"career:za-career-crop-protection-advisor","canonical_career","Crop Protection Advisor","",""
"career:za-career-crystal-healing-practitioner","canonical_career","Crystal Healing Practitioner","",""
"career:za-career-cultural-heritage-digital-archivist","canonical_career","Cultural Heritage Digital Archivist","",""
"career:za-career-curator","canonical_career","Curator","",""
"career:za-career-customer-experience-analyst","canonical_career","Customer Experience Analyst","",""
"career:za-career-customer-service-manager","canonical_career","Customer Service Manager","",""
"career:za-career-customer-success-specialist","canonical_career","Customer Success Specialist","",""
"career:za-career-customs-compliance-manager","canonical_career","Customs Compliance Manager","",""
"career:za-career-customs-compliance-specialist","canonical_career","Customs Compliance Specialist","",""
"career:za-career-customs-officer","canonical_career","Customs Officer","",""
"career:za-career-cutting-machine-maintenance-assistant","canonical_career","Cutting Machine Maintenance Assistant","",""
"career:za-career-cybersecurity-analyst","canonical_career","Cybersecurity Analyst","",""
"career:za-career-dairy-farm-supervisor","canonical_career","Dairy Farm Supervisor","",""
"career:za-career-dairy-unit-manager","canonical_career","Dairy Unit Manager","",""
"career:za-career-dairyman","canonical_career","Dairyman","",""
"career:za-career-dance-movement-therapist","canonical_career","Dance Movement Therapist","",""
"career:za-career-data-analyst","canonical_career","Data Analyst","",""
"career:za-career-data-and-telecommunications-cabler","canonical_career","Data and Telecommunications Cabler","",""
"career:za-career-data-engineer","canonical_career","Data Engineer","",""
"career:za-career-data-entry-clerk","canonical_career","Data entry clerk","",""
"career:za-career-data-entry-operator","canonical_career","Data Entry Operator","",""
"career:za-career-data-governance-specialist","canonical_career","Data Governance Specialist","",""
"career:za-career-data-management-manager","canonical_career","Data Management Manager","",""
"career:za-career-data-privacy-officer","canonical_career","Data Privacy Officer","",""
"career:za-career-data-science-practitioner","canonical_career","Data Science Practitioner","",""
"career:za-career-data-scientist","canonical_career","Data Scientist","",""
"career:za-career-data-storage-specialist","canonical_career","Data Storage Specialist","",""
"career:za-career-database-designer-and-administrator","canonical_career","Database Designer and Administrator","",""
"career:za-career-database-reliability-engineer","canonical_career","Database Reliability Engineer","",""
"career:za-career-debt-collector","canonical_career","Debt Collector","",""
"career:za-career-deck-hand","canonical_career","Deck Hand (Able Seaman)","",""
"career:za-career-defence-official","canonical_career","Defence Official","",""
"career:za-career-delivery-platform-driver-partner","canonical_career","Delivery Platform Driver-Partner","",""
"career:za-career-demand-planner","canonical_career","Demand Planner","",""
"career:za-career-dental-assistant","canonical_career","Dental Assistant","",""
"career:za-career-dental-specialist","canonical_career","Dental Specialist","",""
"career:za-career-dental-technician","canonical_career","Dental Technician","",""
"career:za-career-dental-technologist","canonical_career","Dental Technologist","",""
"career:za-career-dental-therapist","canonical_career","Dental Therapist","",""
"career:za-career-dentist","canonical_career","Dentist","",""
"career:za-career-departmental-head","canonical_career","Departmental Head","",""
"career:za-career-dermatologist","canonical_career","Dermatologist","",""
"career:za-career-design-thinking-innovation-lead","canonical_career","Design Thinking Innovation Lead","",""
"career:za-career-design-thinking-practitioner","canonical_career","Design Thinking Practitioner","",""
"career:za-career-detective","canonical_career","Detective","",""
"career:za-career-developer-programmer","canonical_career","Developer Programmer","",""
"career:za-career-devops-engineer","canonical_career","DevOps Engineer","",""
"career:za-career-devsecops-engineer","canonical_career","DevSecOps Engineer","",""
"career:za-career-diagnostic-radiographer","canonical_career","Diagnostic Radiographer","",""
"career:za-career-diamond-and-gemstone-setter","canonical_career","Diamond and Gemstone Setter","",""
"career:za-career-diamond-sorter-and-evaluator","canonical_career","Diamond Sorter and Evaluator","",""
"career:za-career-die-cutting-machine-minder","canonical_career","Die Cutting Machine Minder","",""
"career:za-career-diesel-bowser-operator","canonical_career","Diesel Bowser Operator","",""
"career:za-career-diesel-electrical-fitter","canonical_career","Diesel Electrical Fitter","",""
"career:za-career-diesel-fitter","canonical_career","Diesel Fitter","",""
"career:za-career-diesel-mechanic","canonical_career","Diesel Mechanic","",""
"career:za-career-dietician","canonical_career","Dietician","",""
"career:za-career-digital-accessibility-specialist","canonical_career","Digital Accessibility Specialist","",""
"career:za-career-digital-artist","canonical_career","Digital Artist","",""
"career:za-career-digital-forensics-analyst","canonical_career","Digital Forensics Analyst","",""
"career:za-career-digital-health-product-specialist","canonical_career","Digital Health Product Specialist","",""
"career:za-career-digital-literacy-trainer","canonical_career","Digital Literacy Trainer","",""
"career:za-career-digital-product-manager","canonical_career","Digital Product Manager","",""
"career:za-career-digital-transformation-consultant","canonical_career","Digital Transformation Consultant","",""
"career:za-career-digital-twin-technician","canonical_career","Digital Twin Technician","",""
"career:za-career-diplomat","canonical_career","Diplomat","",""
"career:za-career-diplomatic-mission-administrator","canonical_career","Diplomatic Mission Administrator","",""
"career:za-career-director","canonical_career","Director (Enterprise / Organisation)","",""
"career:za-career-director-of-marketing","canonical_career","Director of Marketing","",""
"career:za-career-disability-attendant","canonical_career","Disability Attendant","",""
"career:za-career-disability-support-facilitator","canonical_career","Disability Support Facilitator","",""
"career:za-career-disaster-management-manager","canonical_career","Disaster Management Manager","",""
"career:za-career-disaster-management-officer","canonical_career","Disaster Management Officer","",""
"career:za-career-disaster-management-worker","canonical_career","Disaster Management Worker","",""
"career:za-career-disaster-risk-reduction-planner","canonical_career","Disaster Risk Reduction Planner","",""
"career:za-career-dispatching-and-receiving-clerk","canonical_career","Dispatching and Receiving Clerk","",""
"career:za-career-dispatching-and-receiving-clerk-officer","canonical_career","Dispatching and Receiving Clerk / Officer","",""
"career:za-career-dispensing-optician","canonical_career","Dispensing Optician","",""
"career:za-career-diver","canonical_career","Diver","",""
"career:za-career-dock-master","canonical_career","Dock Master","",""
"career:za-career-domestic-and-light-commercial-refrigeration-serviceman","canonical_career","Domestic and light commercial refrigeration serviceman","",""
"career:za-career-dozer-operator","canonical_career","Dozer Operator","",""
"career:za-career-dragline-operator","canonical_career","Dragline Operator","",""
"career:za-career-drainage-sewerage-and-storm-water-worker","canonical_career","Drainage, Sewerage and Storm Water Worker","",""
"career:za-career-drama-therapist","canonical_career","Drama Therapist","",""
"career:za-career-draughtsperson","canonical_career","Draughtsperson","",""
"career:za-career-dried-dairy-products-maker","canonical_career","Dried Dairy Products Maker","",""
"career:za-career-driller","canonical_career","Driller","",""
"career:za-career-driller-s-assistant","canonical_career","Driller’s Assistant","",""
"career:za-career-driving-instructor","canonical_career","Driving Instructor","",""
"career:za-career-drone-based-environmental-surveyor","canonical_career","Drone-Based Environmental Surveyor","",""
"career:za-career-drone-crop-scout","canonical_career","Drone Crop Scout","",""
"career:za-career-drone-delivery-coordinator","canonical_career","Drone Delivery Coordinator","",""
"career:za-career-drone-spraying-operator","canonical_career","Drone Spraying Operator","",""
"career:za-career-dry-kiln-operator","canonical_career","Dry Kiln Operator","",""
"career:za-career-dry-mill-operator","canonical_career","Dry Mill Operator","",""
"career:za-career-duct-work-installer","canonical_career","Duct Work Installer","",""
"career:za-career-dump-truck-operator","canonical_career","Dump Truck Operator","",""
"career:za-career-e-commerce-fulfilment-coordinator","canonical_career","E-commerce Fulfilment Coordinator","",""
"career:za-career-e-commerce-operations-specialist","canonical_career","E-commerce Operations Specialist","",""
"career:za-career-e-waste-operations-controller","canonical_career","E-Waste Operations Controller","",""
"career:za-career-early-childhood-development-centre-manager","canonical_career","Early Childhood Development Centre Manager","",""
"career:za-career-early-childhood-development-practitioner","canonical_career","Early Childhood Development Practitioner","",""
"career:za-career-earth-and-soil-scientist","canonical_career","Earth and Soil Scientist","",""
"career:za-career-earthmoving-plant-operator","canonical_career","Earthmoving Plant Operator (General)","",""
"career:za-career-earthmoving-worker","canonical_career","Earthmoving Worker","",""
"career:za-career-economic-analyst","canonical_career","Economic Analyst","",""
"career:za-career-economic-growth-promotion-and-global-relations-manager","canonical_career","Economic Growth, Promotion and Global Relations Manager","",""
"career:za-career-economist","canonical_career","Economist","",""
"career:za-career-editor","canonical_career","Editor","",""
"career:za-career-edm-plunge-operator","canonical_career","EDM Plunge Operator","",""
"career:za-career-edm-wire-operator","canonical_career","EDM Wire Operator","",""
"career:za-career-education-or-training-advisor","canonical_career","Education or Training Advisor","",""
"career:za-career-education-or-training-reviewer","canonical_career","Education or Training Reviewer","",""
"career:za-career-education-subject-head","canonical_career","Education Subject (Department) Head","",""
"career:za-career-educational-psychologist","canonical_career","Educational Psychologist","",""
"career:za-career-educational-registrar","canonical_career","Educational Registrar","",""
"career:za-career-educational-technology-specialist","canonical_career","Educational Technology Specialist","",""
"career:za-career-electric-vehicle-technician","canonical_career","Electric Vehicle Technician","",""
"career:za-career-electrical-and-electronic-equipment-assembler","canonical_career","Electrical and Electronic Equipment Assembler","",""
"career:za-career-electrical-engineer","canonical_career","Electrical Engineer","",""
"career:za-career-electrical-engineering-technician","canonical_career","Electrical Engineering Technician","",""
"career:za-career-electrical-engineering-technologist","canonical_career","Electrical Engineering Technologist","",""
"career:za-career-electrical-equipment-mechanic","canonical_career","Electrical Equipment Mechanic","",""
"career:za-career-electrical-installation-inspector","canonical_career","Electrical Installation Inspector","",""
"career:za-career-electrical-line-mechanic","canonical_career","Electrical Line Mechanic","",""
"career:za-career-electrical-line-mechanic-overhead-lines","canonical_career","Electrical Line Mechanic: Overhead Lines","",""
"career:za-career-electrical-or-telecommunications-trades-assistant","canonical_career","Electrical or Telecommunications Trades Assistant","",""
"career:za-career-electrical-substation-operations-technician","canonical_career","Electrical Substation Operations Technician (Power System Controller)","",""
"career:za-career-electrician","canonical_career","Electrician","",""
"career:za-career-electricity-infrastructure-industry-transformation-expert","canonical_career","Electricity Infrastructure Industry Transformation (IPP) Expert","",""
"career:za-career-electro-cardiogram-assistant","canonical_career","Electro-Cardiogram Assistant","",""
"career:za-career-electroencephalographic-technician","canonical_career","Electroencephalographic Technician","",""
"career:za-career-electrolyser-technician","canonical_career","Electrolyser Technician","",""
"career:za-career-electron-pre-press-screen-technician","canonical_career","Electron Pre-press Screen Technician","",""
"career:za-career-electronic-engineering-technician","canonical_career","Electronic Engineering Technician","",""
"career:za-career-electronic-equipment-mechanician","canonical_career","Electronic Equipment Mechanician","",""
"career:za-career-electronic-health-records-administrator","canonical_career","Electronic Health Records Administrator","",""
"career:za-career-electronic-originator","canonical_career","Electronic Originator","",""
"career:za-career-electronic-pre-press","canonical_career","Electronic Pre-press","",""
"career:za-career-electronic-pre-press-gravure-cylinder-engraver","canonical_career","Electronic Pre-press Gravure Cylinder Engraver","",""
"career:za-career-electronic-pre-press-gravure-technician","canonical_career","Electronic Pre-press Gravure Technician","",""
"career:za-career-electronic-pre-press-screen-maker","canonical_career","Electronic Pre-press Screen-Maker","",""
"career:za-career-electronics-and-telecommunications-trades-assistant","canonical_career","Electronics and Telecommunications Trades Assistant","",""
"career:za-career-electronics-engineer","canonical_career","Electronics Engineer","",""
"career:za-career-electroplater","canonical_career","Electroplater","",""
"career:za-career-electrotherapist","canonical_career","Electrotherapist","",""
"career:za-career-embalmer","canonical_career","Embalmer","",""
"career:za-career-embalmer-s-assistant","canonical_career","Embalmer's Assistant","",""
"career:za-career-emergency-care-technician","canonical_career","Emergency Care Technician","",""
"career:za-career-emergency-medicine-specialist","canonical_career","Emergency Medicine Specialist","",""
"career:za-career-emergency-operations-centre-coordinator","canonical_career","Emergency Operations Centre Coordinator","",""
"career:za-career-emergency-service-and-rescue-official","canonical_career","Emergency Service and Rescue Official (Mines Rescue Services Worker)","",""
"career:za-career-emergency-service-and-rescue-worker","canonical_career","Emergency Service and Rescue Worker","",""
"career:za-career-emotional-freedom-techniques-tapping-practitioner","canonical_career","Emotional Freedom Techniques (EFT) Tapping Practitioner","",""
"career:za-career-employee-and-pension-fund-benefit-adviser","canonical_career","Employee and Pension Fund Benefit Adviser","",""
"career:za-career-employee-wellness-practitioner","canonical_career","Employee Wellness Practitioner","",""
"career:za-career-energy-efficiency-auditor","canonical_career","Energy Efficiency Auditor","",""
"career:za-career-energy-efficiency-technician","canonical_career","Energy Efficiency Technician","",""
"career:za-career-energy-engineer","canonical_career","Energy Engineer","",""
"career:za-career-energy-engineering-technologist","canonical_career","Energy Engineering Technologist","",""
"career:za-career-energy-kinesiology-practitioner","canonical_career","Energy Kinesiology Practitioner","",""
"career:za-career-energy-officer","canonical_career","Energy Officer","",""
"career:za-career-energy-performance-certificate-assessor","canonical_career","Energy Performance Certificate Assessor","",""
"career:za-career-energy-trader","canonical_career","Energy Trader","",""
"career:za-career-enforcement-and-compliance-manager","canonical_career","Enforcement and Compliance Manager","",""
"career:za-career-engine-able-seafarer","canonical_career","Engine Able Seafarer","",""
"career:za-career-engine-management-and-fuel-injection-nqf-level-systems-mechanic-4-104461-occupational-certificate-engine-workshop-maintenance-mechanic","canonical_career","Engine Management and Fuel Injection NQF Level Systems Mechanic 4 104461 Occupational Certificate Engine Workshop Maintenance Mechanic","",""
"career:za-career-engine-management-and-fuel-injection-systems-assistant","canonical_career","Engine Management and Fuel Injection Systems Assistant","",""
"career:za-career-engineering-manager","canonical_career","Engineering Manager","",""
"career:za-career-engineering-pattern-patch-and-repairer","canonical_career","Engineering Pattern Patch and Repairer","",""
"career:za-career-engineering-patternmaker","canonical_career","Engineering Patternmaker","",""
"career:za-career-engineering-supervisor","canonical_career","Engineering Supervisor","",""
"career:za-career-enquiry-clerk","canonical_career","Enquiry Clerk","",""
"career:za-career-enrolled-nurse","canonical_career","Enrolled Nurse","",""
"career:za-career-environmental-and-occupational-health-inspector","canonical_career","Environmental and Occupational Health Inspector","",""
"career:za-career-environmental-compliance-officer","canonical_career","Environmental Compliance Officer","",""
"career:za-career-environmental-criminal-enforcement-officer","canonical_career","Environmental Criminal Enforcement Officer","",""
"career:za-career-environmental-enforcement-and-compliance-officer","canonical_career","Environmental Enforcement and Compliance Officer","",""
"career:za-career-environmental-engineer","canonical_career","Environmental Engineer","",""
"career:za-career-environmental-engineering-technician","canonical_career","Environmental Engineering Technician","",""
"career:za-career-environmental-health-and-safety-officer","canonical_career","Environmental Health and Safety Officer","",""
"career:za-career-environmental-health-officer","canonical_career","Environmental Health Officer","",""
"career:za-career-environmental-impact-and-restoration-analyst","canonical_career","Environmental Impact and Restoration Analyst","",""
"career:za-career-environmental-impact-assessment-practitioner","canonical_career","Environmental Impact Assessment Practitioner","",""
"career:za-career-environmental-manager","canonical_career","Environmental Manager","",""
"career:za-career-environmental-practices-inspector","canonical_career","Environmental Practices Inspector","",""
"career:za-career-environmental-science-technician","canonical_career","Environmental Science Technician","",""
"career:za-career-environmental-scientist","canonical_career","Environmental Scientist","",""
"career:za-career-epidemiological-surveillance-officer","canonical_career","Epidemiological Surveillance Officer","",""
"career:za-career-equestrian-coach-or-instructor-level-1","canonical_career","Equestrian Coach or Instructor Level 1","",""
"career:za-career-equestrian-coach-or-instructor-level-2","canonical_career","Equestrian Coach or Instructor Level 2","",""
"career:za-career-equestrian-coach-or-instructor-level-3","canonical_career","Equestrian Coach or Instructor Level 3","",""
"career:za-career-erp-functional-consultant","canonical_career","ERP Functional Consultant","",""
"career:za-career-esg-data-analyst","canonical_career","ESG Data Analyst","",""
"career:za-career-estate-controller","canonical_career","Estate Controller","",""
"career:za-career-ethics-officer","canonical_career","Ethics Officer","",""
"career:za-career-ev-battery-technician","canonical_career","EV Battery Technician","",""
"career:za-career-ev-charging-infrastructure-installer","canonical_career","EV Charging Infrastructure Installer","",""
"career:za-career-evaporative-cooling-systems-installer","canonical_career","Evaporative Cooling Systems Installer","",""
"career:za-career-events-manager","canonical_career","Events Manager","",""
"career:za-career-examination-supervisor","canonical_career","Examination Supervisor","",""
"career:za-career-excavator-operator","canonical_career","Excavator Operator","",""
"career:za-career-explosive-ordnance-engineer","canonical_career","Explosive Ordnance Engineer","",""
"career:za-career-explosives-and-dangerous-goods-inspector","canonical_career","Explosives and Dangerous Goods Inspector","",""
"career:za-career-external-auditor","canonical_career","External Auditor","",""
"career:za-career-extrusion-machine-setter","canonical_career","Extrusion Machine Setter","",""
"career:za-career-fabricated-glazing-solution-installer","canonical_career","Fabricated Glazing Solution Installer","",""
"career:za-career-face-shovel-operator","canonical_career","Face Shovel Operator","",""
"career:za-career-facilities-manager","canonical_career","Facilities Manager","",""
"career:za-career-faculty-head","canonical_career","Faculty Head","",""
"career:za-career-family-advocate","canonical_career","Family Advocate","",""
"career:za-career-family-court-registrar","canonical_career","Family Court Registrar","",""
"career:za-career-family-day-care-worker","canonical_career","Family Day Care Worker","",""
"career:za-career-family-law-practitioner","canonical_career","Family Law Practitioner","",""
"career:za-career-farm-aid","canonical_career","Farm Aid","",""
"career:za-career-farm-data-analyst","canonical_career","Farm Data Analyst","",""
"career:za-career-farm-mechanisation-technician","canonical_career","Farm Mechanisation Technician","",""
"career:za-career-fashion-designer","canonical_career","Fashion Designer","",""
"career:za-career-feed-miller","canonical_career","Feed Miller","",""
"career:za-career-fermented-dairy-products-maker","canonical_career","Fermented Dairy Products Maker","",""
"career:za-career-fet-phase-school-teacher","canonical_career","FET Phase School Teacher (Grades 10-12)","",""
"career:za-career-fibrous-plasterer","canonical_career","Fibrous Plasterer","",""
"career:za-career-filing-or-registry-clerk","canonical_career","Filing or Registry Clerk","",""
"career:za-career-film-coating-glazing-applicator","canonical_career","Film/Coating Glazing Applicator","",""
"career:za-career-finance-clerk","canonical_career","Finance clerk","",""
"career:za-career-finance-manager","canonical_career","Finance Manager","",""
"career:za-career-financial-accountant","canonical_career","Financial Accountant","",""
"career:za-career-financial-advisor","canonical_career","Financial Advisor","",""
"career:za-career-financial-investment-advisor","canonical_career","Financial Investment Advisor","",""
"career:za-career-financial-markets-practitioner","canonical_career","Financial Markets Practitioner","",""
"career:za-career-fintech-engineer","canonical_career","Fintech Engineer","",""
"career:za-career-fire-fighter","canonical_career","Fire Fighter","",""
"career:za-career-fire-investigator","canonical_career","Fire Investigator","",""
"career:za-career-firefighter","canonical_career","Firefighter","",""
"career:za-career-first-aid-attendant","canonical_career","First Aid Attendant","",""
"career:za-career-first-line-production-supervisor","canonical_career","First-line Production Supervisor","",""
"career:za-career-fishing-hand","canonical_career","Fishing Hand","",""
"career:za-career-fitness-instructor","canonical_career","Fitness Instructor","",""
"career:za-career-fitter-and-turner","canonical_career","Fitter and Turner","",""
"career:za-career-fitter-welder","canonical_career","Fitter Welder","",""
"career:za-career-flammable-gas-system-installer","canonical_career","Flammable Gas System Installer","",""
"career:za-career-fleet-manager","canonical_career","Fleet Manager","",""
"career:za-career-fleet-telematics-analyst","canonical_career","Fleet Telematics Analyst","",""
"career:za-career-flight-attendant","canonical_career","Flight Attendant","",""
"career:za-career-flight-line-operator","canonical_career","Flight Line Operator","",""
"career:za-career-flood-risk-modeller","canonical_career","Flood Risk Modeller","",""
"career:za-career-flying-instructor","canonical_career","Flying Instructor","",""
"career:za-career-folding-machine-operator","canonical_career","Folding Machine Operator","",""
"career:za-career-food-and-beverage-gas-system-installer","canonical_career","Food and Beverage Gas System Installer","",""
"career:za-career-food-and-beverage-scientist","canonical_career","Food and Beverage Scientist","",""
"career:za-career-food-and-beverage-technician","canonical_career","Food and Beverage Technician","",""
"career:za-career-food-handler","canonical_career","Food Handler","",""
"career:za-career-food-inspector","canonical_career","Food Inspector","",""
"career:za-career-food-laboratory-analyst","canonical_career","Food Laboratory Analyst","",""
"career:za-career-food-safety-auditor","canonical_career","Food Safety Auditor","",""
"career:za-career-food-trade-assistant","canonical_career","Food Trade Assistant","",""
"career:za-career-footwear-bottomstock-production-machine-operator","canonical_career","Footwear Bottomstock Production Machine Operator","",""
"career:za-career-footwear-closing-production-machine-operator","canonical_career","Footwear Closing Production Machine Operator","",""
"career:za-career-footwear-cutting-machine-operator","canonical_career","Footwear Cutting Machine Operator","",""
"career:za-career-footwear-designer","canonical_career","Footwear Designer","",""
"career:za-career-footwear-finishing-production-machine-operator","canonical_career","Footwear Finishing Production Machine Operator","",""
"career:za-career-footwear-hand-lacer-and-hand-inter-lacer","canonical_career","Footwear Hand Lacer and Hand Inter-lacer","",""
"career:za-career-footwear-lasting-and-making-production-machine-operator","canonical_career","Footwear Lasting and Making Production Machine Operator","",""
"career:za-career-footwear-pattern-grader","canonical_career","Footwear Pattern Grader","",""
"career:za-career-footwear-pattern-maker-and-grader","canonical_career","Footwear Pattern Maker and Grader","",""
"career:za-career-foreign-exchange-officer","canonical_career","Foreign Exchange Officer","",""
"career:za-career-foreign-language-contact-centre-agent","canonical_career","Foreign Language Contact Centre Agent","",""
"career:za-career-forensic-accountant","canonical_career","Forensic Accountant","",""
"career:za-career-forensic-pathologist","canonical_career","Forensic Pathologist","",""
"career:za-career-forensic-technician","canonical_career","Forensic Technician (Biology, Toxicology)","",""
"career:za-career-forest-and-conservation-worker","canonical_career","Forest and Conservation Worker","",""
"career:za-career-forest-scientist","canonical_career","Forest Scientist","",""
"career:za-career-forestry-production-and-operations-foreman","canonical_career","Forestry Production and Operations Foreman","",""
"career:za-career-forestry-production-foreman","canonical_career","Forestry Production Foreman","",""
"career:za-career-forestry-research-technician","canonical_career","Forestry Research Technician","",""
"career:za-career-forestry-technician","canonical_career","Forestry Technician","",""
"career:za-career-forestry-worker","canonical_career","Forestry Worker","",""
"career:za-career-forklift-driver","canonical_career","Forklift Driver","",""
"career:za-career-forklift-mechanic","canonical_career","Forklift Mechanic","",""
"career:za-career-fossil-power-plant-operator","canonical_career","Fossil Power Plant Operator","",""
"career:za-career-fossil-power-plant-process-controller","canonical_career","Fossil Power Plant Process Controller","",""
"career:za-career-foundation-phase-school-teacher","canonical_career","Foundation Phase School Teacher","",""
"career:za-career-fraud-examiner","canonical_career","Fraud Examiner","",""
"career:za-career-freight-handler","canonical_career","Freight Handler","",""
"career:za-career-fresh-dairy-products-maker","canonical_career","Fresh Dairy Products Maker","",""
"career:za-career-fuel-pipeline-controller","canonical_career","Fuel Pipeline Controller","",""
"career:za-career-furniture-designer","canonical_career","Furniture Designer","",""
"career:za-career-furniture-upholsterer","canonical_career","Furniture Upholsterer","",""
"career:za-career-gallery-or-museum-curator","canonical_career","Gallery or Museum Curator","",""
"career:za-career-gallery-or-museum-technician","canonical_career","Gallery or Museum Technician","",""
"career:za-career-garden-worker","canonical_career","Garden Worker","",""
"career:za-career-garment-pattern-development-assistant","canonical_career","Garment Pattern Development Assistant","",""
"career:za-career-gas-cutter","canonical_career","Gas Cutter","",""
"career:za-career-gas-practitioner","canonical_career","Gas Practitioner","",""
"career:za-career-gas-turbine-power-plant-process-controller","canonical_career","Gas Turbine Power Plant Process Controller","",""
"career:za-career-genealogist","canonical_career","Genealogist","",""
"career:za-career-general-accountant","canonical_career","General Accountant","",""
"career:za-career-general-biologist","canonical_career","General Biologist","",""
"career:za-career-general-clerk","canonical_career","General Clerk","",""
"career:za-career-general-glazing-installer","canonical_career","General Glazing Installer","",""
"career:za-career-general-manager-public-service","canonical_career","General Manager Public Service","",""
"career:za-career-general-medical-practitioner","canonical_career","General Medical Practitioner","",""
"career:za-career-general-medicine-specialist-physician","canonical_career","General Medicine Specialist Physician","",""
"career:za-career-generative-ai-application-developer","canonical_career","Generative AI Application Developer","",""
"career:za-career-geographer","canonical_career","Geographer","",""
"career:za-career-geographic-information-systems-technician","canonical_career","Geographic Information Systems Technician","",""
"career:za-career-geographic-information-systems-technicians","canonical_career","Geographic Information Systems Technicians","",""
"career:za-career-geological-technician","canonical_career","Geological Technician (Marine Mining Geological Technician)","",""
"career:za-career-geologist","canonical_career","Geologist","",""
"career:za-career-geomatics-officer","canonical_career","Geomatics Officer","",""
"career:za-career-geophysical-technician","canonical_career","Geophysical Technician","",""
"career:za-career-geophysicist","canonical_career","Geophysicist","",""
"career:za-career-geotechnical-practitioner","canonical_career","Geotechnical Practitioner","",""
"career:za-career-geriatric-care-worker","canonical_career","Geriatric Care Worker","",""
"career:za-career-gis-data-capturer","canonical_career","GIS Data Capturer","",""
"career:za-career-glass-cutter-and-edgework-operator","canonical_career","Glass Cutter and Edgework Operator","",""
"career:za-career-glass-forming-operator","canonical_career","Glass Forming Operator","",""
"career:za-career-glass-forming-specialist","canonical_career","Glass Forming Specialist","",""
"career:za-career-glass-handler","canonical_career","Glass Handler","",""
"career:za-career-glass-manufacturing-feederman","canonical_career","Glass Manufacturing Feederman","",""
"career:za-career-glass-manufacturing-process-technician","canonical_career","Glass Manufacturing Process Technician","",""
"career:za-career-glass-melt-operator","canonical_career","Glass Melt Operator","",""
"career:za-career-glass-process-operator","canonical_career","Glass Process Operator","",""
"career:za-career-glazier","canonical_career","Glazier","",""
"career:za-career-goldsmith","canonical_career","Goldsmith","",""
"career:za-career-governance-practitioner","canonical_career","Governance Practitioner","",""
"career:za-career-governance-professional","canonical_career","Governance Professional","",""
"career:za-career-grader-operator","canonical_career","Grader Operator","",""
"career:za-career-grain-depot-manager","canonical_career","Grain Depot Manager","",""
"career:za-career-grain-grader","canonical_career","Grain Grader","",""
"career:za-career-graphic-designer","canonical_career","Graphic Designer","",""
"career:za-career-green-building-consultant","canonical_career","Green Building Consultant","",""
"career:za-career-green-hydrogen-plant-operator","canonical_career","Green Hydrogen Plant Operator","",""
"career:za-career-green-hydrogen-skills-facilitator","canonical_career","Green Hydrogen Skills Facilitator","",""
"career:za-career-grid-data-analyst","canonical_career","Grid Data Analyst","",""
"career:za-career-grid-integration-engineer","canonical_career","Grid Integration Engineer","",""
"career:za-career-groundskeeper","canonical_career","Groundskeeper","",""
"career:za-career-group-fitness-instructor","canonical_career","Group Fitness Instructor","",""
"career:za-career-guillotine-operator","canonical_career","Guillotine Operator","",""
"career:za-career-gynaecologist","canonical_career","Gynaecologist","",""
"career:za-career-hairdresser","canonical_career","Hairdresser","",""
"career:za-career-handyperson","canonical_career","Handyperson","",""
"career:za-career-hazardous-materials-removal-worker","canonical_career","Hazardous Materials Removal Worker","",""
"career:za-career-head-of-centre-community-corrections","canonical_career","Head of Centre/ Community Corrections","",""
"career:za-career-head-of-national-department","canonical_career","Head of National Department","",""
"career:za-career-head-of-national-government-component","canonical_career","Head of National Government Component","",""
"career:za-career-head-of-office-of-premier","canonical_career","Head of Office of Premier","",""
"career:za-career-head-of-provincial-department","canonical_career","Head of Provincial Department","",""
"career:za-career-head-of-provincial-government-component","canonical_career","Head of Provincial Government Component","",""
"career:za-career-head-of-remand-detention-facility-centre","canonical_career","Head of Remand detention facility/centre","",""
"career:za-career-head-saw-doctor","canonical_career","Head Saw Doctor","",""
"career:za-career-health-ai-implementation-specialist","canonical_career","Health AI Implementation Specialist","",""
"career:za-career-health-and-safety-manager","canonical_career","Health and Safety Manager","",""
"career:za-career-health-care-benefits-advisor","canonical_career","Health Care Benefits Advisor","",""
"career:za-career-health-care-manager","canonical_career","Health Care Manager","",""
"career:za-career-health-informatics-specialist","canonical_career","Health Informatics Specialist","",""
"career:za-career-health-information-manager","canonical_career","Health Information Manager","",""
"career:za-career-health-inspector","canonical_career","Health Inspector","",""
"career:za-career-health-products-information-officer","canonical_career","Health Products Information Officer","",""
"career:za-career-health-products-marketing-associate","canonical_career","Health Products Marketing Associate","",""
"career:za-career-health-products-sales-associate","canonical_career","Health Products Sales Associate","",""
"career:za-career-health-products-sales-representative","canonical_career","Health Products Sales Representative","",""
"career:za-career-health-promotion-officer","canonical_career","Health Promotion Officer","",""
"career:za-career-health-promotion-practitioner","canonical_career","Health Promotion Practitioner","",""
"career:za-career-health-service-specialised-clinic-manager","canonical_career","Health Service Specialised Clinic Manager","",""
"career:za-career-healthcare-cleaner","canonical_career","Healthcare Cleaner","",""
"career:za-career-hearing-aid-acoustician","canonical_career","Hearing Aid Acoustician","",""
"career:za-career-heart-resonance-practitioner","canonical_career","Heart Resonance Practitioner","",""
"career:za-career-heat-pump-installer","canonical_career","Heat Pump Installer","",""
"career:za-career-heat-pump-technician","canonical_career","Heat Pump Technician","",""
"career:za-career-heating-ventilation-and-air-conditioning-control-fitter","canonical_career","Heating, Ventilation and Air Conditioning (HVAC) Control Fitter","",""
"career:za-career-heatset-rotary-offset-lithography-assistant-printer","canonical_career","Heatset Rotary Offset Lithography Assistant Printer","",""
"career:za-career-heatset-rotary-offset-lithography-printing-technician","canonical_career","Heatset Rotary Offset Lithography Printing Technician","",""
"career:za-career-heatset-rotary-offset-lithography-reel-stand-operator","canonical_career","Heatset Rotary Offset Lithography Reel stand Operator","",""
"career:za-career-heatset-rotary-offset-lithography-stacker-operator","canonical_career","Heatset Rotary Offset Lithography Stacker Operator","",""
"career:za-career-heavy-duty-clutch-and-brake-repairer","canonical_career","Heavy Duty Clutch and Brake Repairer","",""
"career:za-career-heavy-duty-drive-train-repairer","canonical_career","Heavy Duty Drive Train Repairer (Vehicle Transmission Mechanic)","",""
"career:za-career-heavy-duty-hydraulic-and-pneumatic-repairer","canonical_career","Heavy Duty Hydraulic and Pneumatic Repairer","",""
"career:za-career-heavy-duty-suspension-repairer","canonical_career","Heavy Duty Suspension Repairer","",""
"career:za-career-heavy-duty-workshop-assistant","canonical_career","Heavy Duty Workshop Assistant","",""
"career:za-career-heavy-equipment-mechanic","canonical_career","Heavy Equipment Mechanic","",""
"career:za-career-helicopter-pilot","canonical_career","Helicopter Pilot","",""
"career:za-career-heritage-consultant","canonical_career","Heritage Consultant","",""
"career:za-career-heritage-practitioner-advisor","canonical_career","Heritage Practitioner/ Advisor","",""
"career:za-career-historian","canonical_career","Historian","",""
"career:za-career-home-based-care-coordinator","canonical_career","Home-Based Care Coordinator","",""
"career:za-career-home-based-personal-care-assistant","canonical_career","Home Based Personal Care Assistant","",""
"career:za-career-home-based-personal-care-worker","canonical_career","Home Based Personal Care Worker","",""
"career:za-career-hospital-orderly","canonical_career","Hospital Orderly","",""
"career:za-career-hospital-pharmacist","canonical_career","Hospital Pharmacist","",""
"career:za-career-hot-mix-asphalt-paving-machine-operator","canonical_career","Hot Mix Asphalt Paving Machine Operator","",""
"career:za-career-hot-water-system-installer","canonical_career","Hot Water System Installer (Heat Pump Installer)","",""
"career:za-career-hotel-service-manager","canonical_career","Hotel Service Manager","",""
"career:za-career-human-resource-advisor","canonical_career","Human Resource Advisor","",""
"career:za-career-human-resource-manager","canonical_career","Human Resource Manager","",""
"career:za-career-human-resource-practitioner","canonical_career","Human Resource Practitioner","",""
"career:za-career-human-resources-clerk","canonical_career","Human Resources clerk","",""
"career:za-career-hydraulic-rock-breaker-operator","canonical_career","Hydraulic Rock Breaker Operator","",""
"career:za-career-hydro-power-plant-operator","canonical_career","Hydro Power Plant Operator","",""
"career:za-career-hydro-power-plant-process-controller","canonical_career","Hydro Power Plant Process Controller","",""
"career:za-career-hydrogen-fuel-cell-technician","canonical_career","Hydrogen Fuel Cell Technician","",""
"career:za-career-hydrogen-logistics-coordinator","canonical_career","Hydrogen Logistics Coordinator","",""
"career:za-career-hydrogen-ready-plumber","canonical_career","Hydrogen-Ready Plumber","",""
"career:za-career-hydrogen-safety-officer","canonical_career","Hydrogen Safety Officer","",""
"career:za-career-hydrologist","canonical_career","Hydrologist","",""
"career:za-career-hydroponics-farm-operator","canonical_career","Hydroponics Farm Operator","",""
"career:za-career-ice-cream-products-maker","canonical_career","Ice Cream Products Maker","",""
"career:za-career-ict-project-manager","canonical_career","ICT Project Manager","",""
"career:za-career-ict-security-specialist","canonical_career","ICT Security Specialist","",""
"career:za-career-ict-systems-analyst","canonical_career","ICT Systems Analyst","",""
"career:za-career-ict-trainer","canonical_career","ICT Trainer","",""
"career:za-career-identity-and-access-management-specialist","canonical_career","Identity and Access Management Specialist","",""
"career:za-career-imaam","canonical_career","Imaam","",""
"career:za-career-immigration-officer","canonical_career","Immigration Officer","",""
"career:za-career-import-export-administrator","canonical_career","Import-export Administrator","",""
"career:za-career-importer-or-exporter","canonical_career","Importer or Exporter","",""
"career:za-career-inbound-contact-centre-consultant","canonical_career","Inbound Contact Centre Consultant (Foreign-language Specialist)","",""
"career:za-career-incident-response-specialist","canonical_career","Incident Response Specialist","",""
"career:za-career-individual-fitness-instructor","canonical_career","Individual Fitness Instructor","",""
"career:za-career-industrial-designer","canonical_career","Industrial Designer","",""
"career:za-career-industrial-engineer","canonical_career","Industrial Engineer","",""
"career:za-career-industrial-engineering-technologist","canonical_career","Industrial Engineering Technologist","",""
"career:za-career-industrial-iot-technician","canonical_career","Industrial IoT Technician","",""
"career:za-career-industrial-labour-relations-officer","canonical_career","Industrial/ Labour Relations Officer","",""
"career:za-career-industrial-machinery-mechanic","canonical_career","Industrial Machinery Mechanic","",""
"career:za-career-industrial-pharmacist","canonical_career","Industrial Pharmacist","",""
"career:za-career-industrial-products-sales-representative","canonical_career","Industrial Products Sales Representative","",""
"career:za-career-industrial-refrigeration-mechanic-plant-room-operator","canonical_career","Industrial Refrigeration Mechanic Plant Room Operator","",""
"career:za-career-industrial-water-plant-operator","canonical_career","Industrial Water Plant Operator","",""
"career:za-career-industrial-water-process-controller","canonical_career","Industrial Water Process Controller","",""
"career:za-career-inert-gas-system-installer","canonical_career","Inert Gas System Installer","",""
"career:za-career-infection-prevention-and-control-practitioner","canonical_career","Infection Prevention and Control Practitioner","",""
"career:za-career-informal-trader-digital-platform-agent","canonical_career","Informal Trader Digital Platform Agent","",""
"career:za-career-information-services-manager","canonical_career","Information Services Manager","",""
"career:za-career-information-systems-director","canonical_career","Information Systems Director","",""
"career:za-career-information-technology-and-systems-manager","canonical_career","Information Technology and Systems Manager","",""
"career:za-career-information-technology-manager","canonical_career","Information Technology Manager","",""
"career:za-career-infrastructure-coordinator","canonical_career","Infrastructure Coordinator","",""
"career:za-career-injection-moulding-machine-setter","canonical_career","Injection Moulding Machine Setter","",""
"career:za-career-instructional-designer","canonical_career","Instructional Designer","",""
"career:za-career-instrument-mechanician","canonical_career","Instrument Mechanician","",""
"career:za-career-insulation-installer","canonical_career","Insulation Installer","",""
"career:za-career-insurance-agent","canonical_career","Insurance Agent","",""
"career:za-career-insurance-agent-insurance-underwriter","canonical_career","Insurance Agent: Insurance Underwriter","",""
"career:za-career-insurance-broker","canonical_career","Insurance Broker","",""
"career:za-career-insurance-claims-administrator","canonical_career","Insurance Claims Administrator (Insurance Claims Assessor)","",""
"career:za-career-insurance-loss-adjuster","canonical_career","Insurance Loss Adjuster","",""
"career:za-career-insurance-underwriter","canonical_career","Insurance Underwriter","",""
"career:za-career-integrated-manufacturing-line-process-control-technician","canonical_career","Integrated Manufacturing Line Process Control Technician","",""
"career:za-career-intelligence-operator","canonical_career","Intelligence Operator","",""
"career:za-career-intensive-care-ambulance-paramedic-ambulance-paramedic","canonical_career","Intensive Care Ambulance Paramedic/ Ambulance Paramedic","",""
"career:za-career-intensive-care-technician","canonical_career","Intensive Care Technician","",""
"career:za-career-interior-designer","canonical_career","Interior Designer","",""
"career:za-career-intermediate-phase-school-teacher","canonical_career","Intermediate Phase School Teacher (Grades 4-6)","",""
"career:za-career-internal-audit-manager","canonical_career","Internal Audit Manager","",""
"career:za-career-internal-auditor","canonical_career","Internal Auditor","",""
"career:za-career-international-customer-service-agent","canonical_career","International Customer Service Agent","",""
"career:za-career-internet-of-things-developer","canonical_career","Internet-of-Things Developer","",""
"career:za-career-interpreter","canonical_career","Interpreter","",""
"career:za-career-invasive-species-control-supervisor","canonical_career","Invasive Species Control Supervisor","",""
"career:za-career-inventory-data-analyst","canonical_career","Inventory Data Analyst","",""
"career:za-career-investment-adviser","canonical_career","Investment Adviser","",""
"career:za-career-investment-advisor","canonical_career","Investment Advisor","",""
"career:za-career-investment-manager","canonical_career","Investment Manager","",""
"career:za-career-iot-solutions-technician","canonical_career","IoT Solutions Technician","",""
"career:za-career-ironer-or-presser","canonical_career","Ironer or Presser","",""
"career:za-career-irrigation-automation-technician","canonical_career","Irrigation Automation Technician","",""
"career:za-career-irrigationist","canonical_career","Irrigationist","",""
"career:za-career-it-architect","canonical_career","IT Architect","",""
"career:za-career-it-engineer","canonical_career","IT Engineer","",""
"career:za-career-it-security-officer","canonical_career","IT Security Officer","",""
"career:za-career-jetty-operator","canonical_career","Jetty Operator","",""
"career:za-career-jockey","canonical_career","Jockey","",""
"career:za-career-joiner","canonical_career","Joiner","",""
"career:za-career-journalist","canonical_career","Journalist","",""
"career:za-career-judge","canonical_career","Judge","",""
"career:za-career-just-transition-skills-facilitator","canonical_career","Just Transition Skills Facilitator","",""
"career:za-career-key-cutter","canonical_career","Key Cutter","",""
"career:za-career-kitchen-hand","canonical_career","Kitchen Hand","",""
"career:za-career-laboratory-manager","canonical_career","Laboratory Manager","",""
"career:za-career-labour-inspector","canonical_career","Labour Inspector","",""
"career:za-career-labour-market-analyst","canonical_career","Labour Market Analyst","",""
"career:za-career-laminate-floor-finisher","canonical_career","Laminate Floor Finisher","",""
"career:za-career-lamproom-assistant","canonical_career","Lamproom Assistant","",""
"career:za-career-lamproom-supervisor","canonical_career","Lamproom Supervisor","",""
"career:za-career-landscape-architect","canonical_career","Landscape Architect","",""
"career:za-career-landscape-contractor","canonical_career","Landscape Contractor","",""
"career:za-career-landscape-gardener","canonical_career","Landscape Gardener (Landscaping Supervisor)","",""
"career:za-career-last-mile-delivery-coordinator","canonical_career","Last-Mile Delivery Coordinator","",""
"career:za-career-lathe-operator","canonical_career","Lathe Operator","",""
"career:za-career-laundry-finisher","canonical_career","Laundry Finisher","",""
"career:za-career-laundry-sorter","canonical_career","Laundry Sorter","",""
"career:za-career-laundry-washer","canonical_career","Laundry Washer","",""
"career:za-career-laundry-worker","canonical_career","Laundry Worker","",""
"career:za-career-learning-and-development-advisor","canonical_career","Learning and Development Advisor","",""
"career:za-career-learning-experience-designer","canonical_career","Learning Experience Designer","",""
"career:za-career-leather-tanning-machine-operator","canonical_career","Leather Tanning Machine Operator","",""
"career:za-career-legal-administration-officer","canonical_career","Legal Administration Officer","",""
"career:za-career-legal-clerk","canonical_career","Legal clerk","",""
"career:za-career-legal-manager","canonical_career","Legal Manager","",""
"career:za-career-legal-services-manager","canonical_career","Legal Services Manager","",""
"career:za-career-librarian","canonical_career","Librarian","",""
"career:za-career-library-assistant","canonical_career","Library Assistant","",""
"career:za-career-library-manager","canonical_career","Library Manager","",""
"career:za-career-library-technician","canonical_career","Library Technician","",""
"career:za-career-life-science-technician","canonical_career","Life Science Technician","",""
"career:za-career-lift-mechanic","canonical_career","Lift Mechanic","",""
"career:za-career-lift-operator","canonical_career","Lift Operator","",""
"career:za-career-light-vehicle-driver","canonical_career","Light Vehicle Driver","",""
"career:za-career-linguist","canonical_career","Linguist","",""
"career:za-career-linoleum-floor-finisher","canonical_career","Linoleum Floor Finisher","",""
"career:za-career-liquid-long-life-dairy-products-maker","canonical_career","Liquid Long Life Dairy Products Maker","",""
"career:za-career-livestock-data-technician","canonical_career","Livestock Data Technician","",""
"career:za-career-livestock-farmer","canonical_career","Livestock Farmer (Livestock Farm Supervisor)","",""
"career:za-career-livestock-inspector","canonical_career","Livestock Inspector","",""
"career:za-career-livestock-product-analyst","canonical_career","Livestock Product Analyst","",""
"career:za-career-lms-administrator","canonical_career","LMS Administrator","",""
"career:za-career-loader-operator","canonical_career","Loader Operator","",""
"career:za-career-locksmith","canonical_career","Locksmith","",""
"career:za-career-log-yard-operator","canonical_career","Log Yard Operator","",""
"career:za-career-logging-plant-operator","canonical_career","Logging Plant Operator","",""
"career:za-career-logistics-and-supply-chain-manager","canonical_career","Logistics and Supply Chain Manager","",""
"career:za-career-logistics-manager","canonical_career","Logistics Manager","",""
"career:za-career-long-term-insurance-adviser","canonical_career","Long Term Insurance Adviser","",""
"career:za-career-low-code-developer","canonical_career","Low-Code Developer","",""
"career:za-career-low-voltage-electric-cable-jointer","canonical_career","Low Voltage Electric Cable Jointer","",""
"career:za-career-low-voltage-power-line-construction-practitioner","canonical_career","Low Voltage Power Line Construction Practitioner","",""
"career:za-career-low-voltage-power-line-maintenance-practitioner","canonical_career","Low Voltage Power Line Maintenance Practitioner","",""
"career:za-career-lubrication-equipment-mechanic","canonical_career","Lubrication Equipment Mechanic","",""
"career:za-career-machine-learning-engineer","canonical_career","Machine Learning Engineer","",""
"career:za-career-machine-shorthand-reporter","canonical_career","Machine shorthand reporter","",""
"career:za-career-machinery-assembler","canonical_career","Machinery Assembler","",""
"career:za-career-magistrate","canonical_career","Magistrate","",""
"career:za-career-maintenance-officer","canonical_career","Maintenance Officer","",""
"career:za-career-maintenance-planner","canonical_career","Maintenance Planner","",""
"career:za-career-man-made-fibre-extrusion-machine-operator","canonical_career","Man-made Fibre Extrusion Machine Operator","",""
"career:za-career-man-made-fibre-production-machine-operator","canonical_career","Man-made Fibre Production Machine Operator","",""
"career:za-career-man-made-fibre-texturing-production-machine-operator","canonical_career","Man-made Fibre Texturing Production Machine Operator","",""
"career:za-career-management-accountant","canonical_career","Management Accountant","",""
"career:za-career-management-accounting-officer","canonical_career","Management Accounting Officer","",""
"career:za-career-management-accounting-practitioner","canonical_career","Management Accounting Practitioner","",""
"career:za-career-management-accounting-specialist","canonical_career","Management Accounting Specialist","",""
"career:za-career-management-assistant","canonical_career","Management Assistant","",""
"career:za-career-management-consultant","canonical_career","Management Consultant","",""
"career:za-career-manager-education-and-training","canonical_career","Manager: Education and Training","",""
"career:za-career-manufacturing-operations-manager","canonical_career","Manufacturing Operations Manager","",""
"career:za-career-manufacturing-production-process-controller","canonical_career","Manufacturing Production Process Controller","",""
"career:za-career-manufacturing-research-chemist","canonical_career","Manufacturing Research Chemist","",""
"career:za-career-manufacturing-technician","canonical_career","Manufacturing Technician","",""
"career:za-career-manufacturing-workshop-assistant","canonical_career","Manufacturing Workshop Assistant","",""
"career:za-career-marimba-maker-and-repairer","canonical_career","Marimba Maker and Repairer","",""
"career:za-career-marimba-tuner","canonical_career","Marimba Tuner","",""
"career:za-career-marine-biologist","canonical_career","Marine Biologist","",""
"career:za-career-marine-electro-technical-officer","canonical_career","Marine Electro-Technical Officer","",""
"career:za-career-marine-electro-technical-rating","canonical_career","Marine Electro-Technical Rating","",""
"career:za-career-marine-engineer","canonical_career","Marine Engineer","",""
"career:za-career-marine-engineering-technologist","canonical_career","Marine Engineering Technologist","",""
"career:za-career-marine-gis-technician","canonical_career","Marine GIS Technician","",""
"career:za-career-marine-safety-officer","canonical_career","Marine Safety Officer","",""
"career:za-career-marine-spatial-planner","canonical_career","Marine Spatial Planner","",""
"career:za-career-maritime-search-and-rescue-mission-co-ordinator","canonical_career","Maritime Search and Rescue Mission Co- ordinator","",""
"career:za-career-maritime-search-and-rescue-mission-coordinator","canonical_career","Maritime Search and Rescue Mission Coordinator","",""
"career:za-career-market-research-analyst","canonical_career","Market Research Analyst","",""
"career:za-career-marketing-coordinator","canonical_career","Marketing Coordinator","",""
"career:za-career-marketing-practitioner","canonical_career","Marketing Practitioner","",""
"career:za-career-master-of-the-court","canonical_career","Master of the Court","",""
"career:za-career-master-toolmaker","canonical_career","Master Toolmaker (Casting and Die-Casting Mouldmaker Master Toolmaker)","",""
"career:za-career-materials-recycler","canonical_career","Materials Recycler (Paper and Packaging Collector)","",""
"career:za-career-materials-scientist","canonical_career","Materials Scientist","",""
"career:za-career-maternal-and-child-health-coordinator","canonical_career","Maternal and Child Health Coordinator","",""
"career:za-career-mathematician","canonical_career","Mathematician","",""
"career:za-career-mechanic-trade-assistant","canonical_career","Mechanic Trade Assistant","",""
"career:za-career-mechanical-engineer","canonical_career","Mechanical Engineer","",""
"career:za-career-mechanical-engineering-technician","canonical_career","Mechanical Engineering Technician","",""
"career:za-career-mechanical-engineering-technologist","canonical_career","Mechanical Engineering Technologist","",""
"career:za-career-mechanical-fitter","canonical_career","Mechanical Fitter","",""
"career:za-career-mechanised-soft-cover-bookbinding-technician","canonical_career","Mechanised Soft-Cover Bookbinding Technician","",""
"career:za-career-mechatronics-technician","canonical_career","Mechatronics Technician","",""
"career:za-career-medical-assistant","canonical_career","Medical Assistant","",""
"career:za-career-medical-billing-process-agent","canonical_career","Medical Billing Process Agent","",""
"career:za-career-medical-biological-scientist","canonical_career","Medical Biological Scientist","",""
"career:za-career-medical-claims-analyst","canonical_career","Medical Claims Analyst","",""
"career:za-career-medical-device-technician","canonical_career","Medical Device Technician","",""
"career:za-career-medical-diagnostic-radiographer","canonical_career","Medical Diagnostic Radiographer","",""
"career:za-career-medical-electronic-equipment-operator","canonical_career","Medical Electronic Equipment Operator","",""
"career:za-career-medical-gas-system-installer","canonical_career","Medical Gas System Installer","",""
"career:za-career-medical-geneticist","canonical_career","Medical Geneticist","",""
"career:za-career-medical-laboratory-scientist","canonical_career","Medical Laboratory Scientist","",""
"career:za-career-medical-laboratory-technician","canonical_career","Medical Laboratory Technician","",""
"career:za-career-medical-orthotist","canonical_career","Medical Orthotist","",""
"career:za-career-medical-practitioner","canonical_career","Medical Practitioner","",""
"career:za-career-medical-radiation-therapist","canonical_career","Medical Radiation Therapist","",""
"career:za-career-medical-scientist","canonical_career","Medical Scientist","",""
"career:za-career-medical-secretary","canonical_career","Medical secretary","",""
"career:za-career-medical-superintendent","canonical_career","Medical Superintendent","",""
"career:za-career-medical-technical-officer","canonical_career","Medical Technical Officer","",""
"career:za-career-medical-technician","canonical_career","Medical Technician","",""
"career:za-career-medium-voltage-power-line-construction-practitioner","canonical_career","Medium Voltage Power Line Construction Practitioner","",""
"career:za-career-medium-voltage-power-line-maintenance-practitioner","canonical_career","Medium Voltage Power Line Maintenance Practitioner","",""
"career:za-career-melter","canonical_career","Melter","",""
"career:za-career-mental-health-peer-support-worker","canonical_career","Mental Health Peer Support Worker","",""
"career:za-career-messenger","canonical_career","Messenger","",""
"career:za-career-metal-machinist","canonical_career","Metal Machinist","",""
"career:za-career-metal-manufacturing-casting-process-nqf-level-controller-4-102154-occupational-certificate-metal-manufacturing-electrolysis-process-controller","canonical_career","Metal Manufacturing Casting Process NQF Level Controller 4 102154 Occupational Certificate Metal Manufacturing Electrolysis Process Controller","",""
"career:za-career-metal-manufacturing-finishing-process-controller","canonical_career","Metal Manufacturing Finishing Process Controller","",""
"career:za-career-metal-manufacturing-material-preparation-process-controller","canonical_career","Metal Manufacturing Material Preparation Process Controller","",""
"career:za-career-metal-manufacturing-melting-and-refining-process-controller","canonical_career","Metal Manufacturing, Melting and Refining Process Controller","",""
"career:za-career-metal-manufacturing-process-control-technician","canonical_career","Metal Manufacturing Process Control Technician","",""
"career:za-career-metal-manufacturing-rolling-process-controller","canonical_career","Metal Manufacturing Rolling Process Controller","",""
"career:za-career-metal-processing-plant-operator","canonical_career","Metal Processing Plant Operator","",""
"career:za-career-metallurgical-engineer","canonical_career","Metallurgical Engineer","",""
"career:za-career-metallurgical-or-materials-technician","canonical_career","Metallurgical or Materials Technician","",""
"career:za-career-metallurgical-process-controller","canonical_career","Metallurgical Process Controller","",""
"career:za-career-metallurgist","canonical_career","Metallurgist","",""
"career:za-career-metaphysics-practitioner","canonical_career","Metaphysics Practitioner","",""
"career:za-career-meteorologist","canonical_career","Meteorologist","",""
"career:za-career-microbiologist","canonical_career","Microbiologist","",""
"career:za-career-microgrid-developer","canonical_career","Microgrid Developer","",""
"career:za-career-middle-management-correctional-official","canonical_career","Middle Management Correctional Official","",""
"career:za-career-middle-management-defence-official","canonical_career","Middle Management Defence Official","",""
"career:za-career-middle-manager-administrative-related","canonical_career","Middle Manager: Administrative related","",""
"career:za-career-middle-manager-agriculture-and-forestry-related","canonical_career","Middle Manager: Agriculture and Forestry related","",""
"career:za-career-middle-manager-aviation-related","canonical_career","Middle Manager: Aviation related","",""
"career:za-career-middle-manager-communication-and-information-related","canonical_career","Middle Manager: Communication and Information related","",""
"career:za-career-middle-manager-emergency-services-related","canonical_career","Middle Manager: Emergency services related","",""
"career:za-career-middle-manager-engineering-sciences-related","canonical_career","Middle Manager: Engineering Sciences related","",""
"career:za-career-middle-manager-finance-and-economics-related","canonical_career","Middle Manager: Finance and Economics related","",""
"career:za-career-middle-manager-health-sciences-related","canonical_career","Middle Manager: Health Sciences related","",""
"career:za-career-middle-manager-household-food-and-laundry-services-related","canonical_career","Middle Manager: Household, food and laundry services related","",""
"career:za-career-middle-manager-human-resource-and-organisational-development-related","canonical_career","Middle Manager: Human Resource and Organisational development related","",""
"career:za-career-middle-manager-information-technology-related","canonical_career","Middle Manager: Information Technology related","",""
"career:za-career-middle-manager-internal-audit-related","canonical_career","Middle Manager: Internal Audit related","",""
"career:za-career-middle-manager-legal-related","canonical_career","Middle Manager: Legal related","",""
"career:za-career-middle-manager-life-sciences-related","canonical_career","Middle Manager: Life Sciences related","",""
"career:za-career-middle-manager-natural-sciences-related","canonical_career","Middle Manager: Natural Sciences related","",""
"career:za-career-middle-manager-ship-s-related","canonical_career","Middle Manager: Ship's related","",""
"career:za-career-middle-manager-social-sciences-related","canonical_career","Middle Manager: Social Sciences related","",""
"career:za-career-middle-manager-trade-and-industry-related","canonical_career","Middle Manager: Trade and Industry related","",""
"career:za-career-midwife","canonical_career","Midwife","",""
"career:za-career-military-police-official","canonical_career","Military Police Official","",""
"career:za-career-miller","canonical_career","Miller","",""
"career:za-career-milling-machine-operator","canonical_career","Milling Machine Operator","",""
"career:za-career-millwright","canonical_career","Millwright","",""
"career:za-career-mine-automation-technician","canonical_career","Mine Automation Technician","",""
"career:za-career-mine-communities-and-stakeholder-engagement-manager","canonical_career","Mine Communities and Stakeholder Engagement Manager","",""
"career:za-career-mine-communities-and-stakeholder-engagement-specialist","canonical_career","Mine Communities and Stakeholder Engagement Specialist","",""
"career:za-career-mine-drone-survey-operator","canonical_career","Mine Drone Survey Operator","",""
"career:za-career-mine-environmental-compliance-officer","canonical_career","Mine Environmental Compliance Officer","",""
"career:za-career-mine-environmental-control-supervisor","canonical_career","Mine Environmental Control Supervisor","",""
"career:za-career-mine-environmental-specialist","canonical_career","Mine Environmental Specialist","",""
"career:za-career-mine-equipment-inspector","canonical_career","Mine Equipment Inspector","",""
"career:za-career-mine-health-and-safety-inspector","canonical_career","Mine Health and Safety Inspector","",""
"career:za-career-mine-rehabilitation-drone-mapper","canonical_career","Mine Rehabilitation Drone Mapper","",""
"career:za-career-mine-rehabilitation-specialist","canonical_career","Mine Rehabilitation Specialist","",""
"career:za-career-mine-surveying-inspector","canonical_career","Mine Surveying Inspector","",""
"career:za-career-mine-surveying-manager","canonical_career","Mine Surveying Manager","",""
"career:za-career-miner","canonical_career","Miner","",""
"career:za-career-mineral-and-petroleum-titles-registration-office-manager","canonical_career","Mineral and Petroleum Titles Registration Office Manager","",""
"career:za-career-mineral-beneficiation-plant-worker","canonical_career","Mineral Beneficiation Plant Worker","",""
"career:za-career-mineral-beneficiation-process-controller","canonical_career","Mineral Beneficiation Process Controller (Material Handler)","",""
"career:za-career-mineral-laws-administration-officer","canonical_career","Mineral Laws Administration Officer","",""
"career:za-career-mineral-processing-data-analyst","canonical_career","Mineral Processing Data Analyst","",""
"career:za-career-mineral-processing-plant-operator","canonical_career","Mineral Processing Plant Operator","",""
"career:za-career-mineral-regulation-and-administration-manager","canonical_career","Mineral Regulation and Administration Manager","",""
"career:za-career-mineral-resources-manager","canonical_career","Mineral Resources Manager","",""
"career:za-career-mineralogist","canonical_career","Mineralogist","",""
"career:za-career-mining-engineer","canonical_career","Mining Engineer","",""
"career:za-career-mining-engineering-manager","canonical_career","Mining Engineering Manager","",""
"career:za-career-mining-manager","canonical_career","Mining Manager","",""
"career:za-career-mining-operator","canonical_career","Mining Operator (Drill Rig Operator: Underground Coal)","",""
"career:za-career-mining-production-supervisor","canonical_career","Mining Production Supervisor","",""
"career:za-career-mining-technician","canonical_career","Mining Technician","",""
"career:za-career-mining-technician-mine-ventilation-observer","canonical_career","Mining Technician: Mine Ventilation Observer","",""
"career:za-career-mining-technician-mining-sampler","canonical_career","Mining Technician (Mining Sampler:","",""
"career:za-career-mining-technician-strata-control-practitioner","canonical_career","Mining Technician: Strata Control Practitioner (Coal)","",""
"career:za-career-mixed-crop-farm-production-manager","canonical_career","Mixed Crop Farm Production Manager","",""
"career:za-career-mlops-engineer","canonical_career","MLOps Engineer","",""
"career:za-career-mobile-explosives-manufacturing-unit-operator","canonical_career","Mobile Explosives Manufacturing Unit Operator","",""
"career:za-career-mobile-mining-equipment-operator","canonical_career","Mobile Mining Equipment Operator","",""
"career:za-career-mobile-refrigeration-fitter","canonical_career","Mobile Refrigeration Fitter","",""
"career:za-career-moderator","canonical_career","Moderator","",""
"career:za-career-mortician","canonical_career","Mortician","",""
"career:za-career-mother-craft-care","canonical_career","Mother Craft Care","",""
"career:za-career-motor-cycle-driver","canonical_career","Motor Cycle Driver","",""
"career:za-career-motorcycle-mechanic","canonical_career","Motorcycle Mechanic","",""
"career:za-career-motorised-farm-and-forestry-plant-operator","canonical_career","Motorised Farm and Forestry Plant Operator","",""
"career:za-career-moulder","canonical_career","Moulder","",""
"career:za-career-muallim","canonical_career","Muallim","",""
"career:za-career-multimedia-designer","canonical_career","Multimedia Designer","",""
"career:za-career-multimedia-specialist","canonical_career","Multimedia Specialist","",""
"career:za-career-municipal-digital-services-officer","canonical_career","Municipal Digital Services Officer","",""
"career:za-career-municipal-finance-manager","canonical_career","Municipal Finance Manager","",""
"career:za-career-municipal-service-delivery-data-analyst","canonical_career","Municipal Service Delivery Data Analyst","",""
"career:za-career-museum-manager","canonical_career","Museum Manager","",""
"career:za-career-music-therapist","canonical_career","Music Therapist","",""
"career:za-career-musician","canonical_career","Musician (Instrumental)","",""
"career:za-career-nail-technician","canonical_career","Nail Technician","",""
"career:za-career-natural-energy-healing-practitioner","canonical_career","Natural Energy Healing Practitioner","",""
"career:za-career-naval-architect","canonical_career","Naval Architect","",""
"career:za-career-network-analyst","canonical_career","Network Analyst","",""
"career:za-career-network-and-systems-engineer","canonical_career","Network and Systems Engineer","",""
"career:za-career-neurologist","canonical_career","Neurologist","",""
"career:za-career-neurophysiological-technician","canonical_career","Neurophysiological Technician","",""
"career:za-career-neurosurgeon","canonical_career","Neurosurgeon","",""
"career:za-career-new-energy-vehicle-mechanic","canonical_career","New Energy Vehicle Mechanic","",""
"career:za-career-non-commissioned-police-official","canonical_career","Non-Commissioned Police Official","",""
"career:za-career-non-destructive-eddy-current-testing-operator","canonical_career","Non-Destructive Eddy Current Testing Operator","",""
"career:za-career-non-destructive-eddy-current-testing-technician","canonical_career","Non-Destructive Eddy Current Testing Technician","",""
"career:za-career-non-destructive-liquid-penetrant-testing-operator","canonical_career","Non-Destructive Liquid Penetrant Testing Operator","",""
"career:za-career-non-destructive-liquid-penetrant-testing-technician","canonical_career","Non-Destructive Liquid Penetrant Testing Technician","",""
"career:za-career-non-destructive-radiographic-testing-operator","canonical_career","Non-Destructive Radiographic Testing Operator","",""
"career:za-career-non-destructive-radiographic-testing-technician","canonical_career","Non-Destructive Radiographic Testing Technician","",""
"career:za-career-non-destructive-ultrasonic-testing-operator","canonical_career","Non-Destructive Ultrasonic Testing Operator","",""
"career:za-career-non-destructive-ultrasonic-testing-technician","canonical_career","Non-Destructive Ultrasonic Testing Technician","",""
"career:za-career-non-destructive-ultrasonic-visual-testing-operator","canonical_career","Non-Destructive Ultrasonic Visual Testing Operator","",""
"career:za-career-non-destructive-ultrasonic-wall-thickness-testing-operator","canonical_career","Non-Destructive Ultrasonic Wall Thickness Testing Operator","",""
"career:za-career-non-destructive-visual-testing-technician","canonical_career","Non-Destructive Visual Testing Technician","",""
"career:za-career-non-woven-textile-production-machine-operator","canonical_career","Non-woven Textile Production Machine Operator","",""
"career:za-career-non-woven-thermo-bonding-textile-production-machine-operator","canonical_career","Non-woven Thermo-Bonding Textile Production Machine Operator","",""
"career:za-career-nuclear-enforcement-and-compliance-inspector","canonical_career","Nuclear Enforcement and Compliance Inspector","",""
"career:za-career-nuclear-manager","canonical_career","Nuclear Manager","",""
"career:za-career-nuclear-medicine-radiographer","canonical_career","Nuclear Medicine Radiographer","",""
"career:za-career-nuclear-medicine-specialist","canonical_career","Nuclear Medicine Specialist","",""
"career:za-career-nuclear-medicine-technologist","canonical_career","Nuclear Medicine Technologist","",""
"career:za-career-nuclear-non-proliferation-and-radiation-security-manager","canonical_career","Nuclear non -Proliferation and Radiation Security Manager","",""
"career:za-career-nuclear-non-proliferation-authorisations-and-obligations-officer","canonical_career","Nuclear Non -Proliferation Authorisations and Obligations Officer","",""
"career:za-career-nuclear-power-plant-operator","canonical_career","Nuclear Power Plant Operator","",""
"career:za-career-nuclear-power-plant-process-controller","canonical_career","Nuclear Power Plant Process Controller","",""
"career:za-career-nuclear-safety-and-technology-manager","canonical_career","Nuclear Safety and Technology Manager","",""
"career:za-career-nuclear-safety-liabilities-and-emergency-officer","canonical_career","Nuclear Safety, Liabilities and Emergency Officer","",""
"career:za-career-nuclear-technology-officer","canonical_career","Nuclear Technology Officer","",""
"career:za-career-nurse-educator","canonical_career","Nurse Educator","",""
"career:za-career-nurse-informatics-specialist","canonical_career","Nurse Informatics Specialist","",""
"career:za-career-nurse-manager","canonical_career","Nurse Manager","",""
"career:za-career-nurse-researcher","canonical_career","Nurse Researcher","",""
"career:za-career-nursery-person","canonical_career","Nursery Person (Garden Centre Supervisor)","",""
"career:za-career-nurseryperson","canonical_career","Nurseryperson (Nursery Supervisor)","",""
"career:za-career-nursing-support-worker","canonical_career","Nursing Support Worker","",""
"career:za-career-nutritionist","canonical_career","Nutritionist","",""
"career:za-career-obstetrician","canonical_career","Obstetrician","",""
"career:za-career-obstetrician-and-gynaecologist","canonical_career","Obstetrician and Gynaecologist","",""
"career:za-career-occupational-hygiene-inspector","canonical_career","Occupational Hygiene Inspector","",""
"career:za-career-occupational-hygienist","canonical_career","Occupational Hygienist","",""
"career:za-career-occupational-instructor","canonical_career","Occupational Instructor","",""
"career:za-career-occupational-job-analyst","canonical_career","Occupational/ Job Analyst","",""
"career:za-career-occupational-medicine-inspector","canonical_career","Occupational Medicine Inspector","",""
"career:za-career-occupational-therapist","canonical_career","Occupational Therapist","",""
"career:za-career-occupational-therapy-assistant","canonical_career","Occupational Therapy Assistant","",""
"career:za-career-occupational-therapy-technician","canonical_career","Occupational Therapy Technician","",""
"career:za-career-occupational-trainer","canonical_career","Occupational Trainer","",""
"career:za-career-oceanographer","canonical_career","Oceanographer","",""
"career:za-career-office-administrator","canonical_career","Office Administrator","",""
"career:za-career-office-administrator-public-service-administrator","canonical_career","Office Administrator: Public Service Administrator","",""
"career:za-career-office-cleaner","canonical_career","Office cleaner","",""
"career:za-career-office-machine-operator","canonical_career","Office machine operator","",""
"career:za-career-office-supervisor","canonical_career","Office Supervisor","",""
"career:za-career-offshore-driller","canonical_career","Offshore Driller","",""
"career:za-career-oncologist","canonical_career","Oncologist","",""
"career:za-career-oncology-patient-navigator","canonical_career","Oncology Patient Navigator","",""
"career:za-career-online-tutor","canonical_career","Online Tutor","",""
"career:za-career-open-banking-api-developer","canonical_career","Open Banking API Developer","",""
"career:za-career-operating-theatre-technician","canonical_career","Operating Theatre Technician","",""
"career:za-career-ophthalmologist","canonical_career","Ophthalmologist","",""
"career:za-career-ophthalmology-technician","canonical_career","Ophthalmology Technician","",""
"career:za-career-optical-dispenser","canonical_career","Optical Dispenser","",""
"career:za-career-optical-mechanic","canonical_career","Optical Mechanic","",""
"career:za-career-optometrist","canonical_career","Optometrist","",""
"career:za-career-oral-hygienist","canonical_career","Oral Hygienist","",""
"career:za-career-orchard-and-vineyard-foreman","canonical_career","Orchard and Vineyard Foreman","",""
"career:za-career-organisation-and-methods-analyst","canonical_career","Organisation and Methods Analyst","",""
"career:za-career-organisational-development-practitioner","canonical_career","Organisational Development Practitioner","",""
"career:za-career-organisational-risk-manager","canonical_career","Organisational Risk Manager","",""
"career:za-career-organisational-risk-practitioner","canonical_career","Organisational Risk Practitioner","",""
"career:za-career-orientation-and-mobility-practitioner","canonical_career","Orientation and Mobility Practitioner","",""
"career:za-career-original-aftermarket-auto-electrical-system-or-component-fitter","canonical_career","Original/Aftermarket Auto-Electrical System or Component Fitter","",""
"career:za-career-ornamental-horticultural-or-nursery-assistant","canonical_career","Ornamental Horticultural or Nursery Assistant","",""
"career:za-career-orthodontist","canonical_career","Orthodontist","",""
"career:za-career-orthopaedic-footwear-technician","canonical_career","Orthopaedic Footwear Technician","",""
"career:za-career-orthopaedic-surgeon","canonical_career","Orthopaedic Surgeon","",""
"career:za-career-orthopaedic-technician","canonical_career","Orthopaedic Technician","",""
"career:za-career-orthoptist","canonical_career","Orthoptist","",""
"career:za-career-orthotic-and-prosthetic-technician","canonical_career","Orthotic and Prosthetic Technician","",""
"career:za-career-orthotist-or-prosthetist","canonical_career","Orthotist or Prosthetist","",""
"career:za-career-osteopath","canonical_career","Osteopath","",""
"career:za-career-other-middle-manager","canonical_career","Other middle manager","",""
"career:za-career-otorhinolaryngologist","canonical_career","Otorhinolaryngologist","",""
"career:za-career-outbound-contact-centre-consultant","canonical_career","Outbound Contact Centre Consultant (Foreign-language Specialist)","",""
"career:za-career-overhead-electrical-line-mechanic","canonical_career","Overhead Electrical Line Mechanic","",""
"career:za-career-oxidant-gas-system-installer","canonical_career","Oxidant Gas System Installer","",""
"career:za-career-packaging-rotary-printing-and-re-reeling-flexographic-machine-minder","canonical_career","Packaging Rotary Printing and Re-reeling Flexographic Machine Minder","",""
"career:za-career-packhouse-quality-controller","canonical_career","Packhouse Quality Controller","",""
"career:za-career-packing-machine-operator","canonical_career","Packing Machine Operator","",""
"career:za-career-paediatric-surgeon","canonical_career","Paediatric Surgeon","",""
"career:za-career-paediatrician","canonical_career","Paediatrician","",""
"career:za-career-paediatrics-nurse","canonical_career","Paediatrics Nurse","",""
"career:za-career-painter","canonical_career","Painter","",""
"career:za-career-paintless-dent-remover","canonical_career","Paintless Dent Remover","",""
"career:za-career-palliative-care-assistant","canonical_career","Palliative Care Assistant","",""
"career:za-career-panel-beater","canonical_career","Panel Beater","",""
"career:za-career-paper-process-control-attendant","canonical_career","Paper Process Control Attendant","",""
"career:za-career-paper-process-control-operator","canonical_career","Paper Process Control Operator","",""
"career:za-career-paper-process-controller","canonical_career","Paper Process Controller","",""
"career:za-career-paralegal","canonical_career","Paralegal","",""
"career:za-career-paramedic","canonical_career","Paramedic","",""
"career:za-career-paramedical-practitioner","canonical_career","Paramedical Practitioner","",""
"career:za-career-parole-board-member","canonical_career","Parole Board Member (Offender Placement and Release Practitioner)","",""
"career:za-career-parole-board-official","canonical_career","Parole Board Official","",""
"career:za-career-parole-security-officer","canonical_career","Parole Security officer","",""
"career:za-career-patent-and-trademark-attorney","canonical_career","Patent and Trademark Attorney","",""
"career:za-career-pathologist","canonical_career","Pathologist","",""
"career:za-career-patient-experience-manager","canonical_career","Patient Experience Manager","",""
"career:za-career-patrol-officer","canonical_career","Patrol Officer","",""
"career:za-career-pattern-grader","canonical_career","Pattern Grader","",""
"career:za-career-pattern-making-assistant","canonical_career","Pattern Making Assistant","",""
"career:za-career-patternmaker","canonical_career","Patternmaker","",""
"career:za-career-paving-and-surfacing-worker","canonical_career","Paving and Surfacing Worker","",""
"career:za-career-paving-screed-operator","canonical_career","Paving Screed Operator","",""
"career:za-career-payments-integration-specialist","canonical_career","Payments Integration Specialist","",""
"career:za-career-payroll-clerk","canonical_career","Payroll Clerk","",""
"career:za-career-penetration-tester","canonical_career","Penetration Tester","",""
"career:za-career-perishable-goods-department-coordinator","canonical_career","Perishable Goods Department Coordinator","",""
"career:za-career-perishable-goods-replenisher","canonical_career","Perishable Goods Replenisher","",""
"career:za-career-permissions-editor","canonical_career","Permissions Editor","",""
"career:za-career-personal-assistant","canonical_career","Personal Assistant","",""
"career:za-career-personal-care-assistant","canonical_career","Personal Care Assistant","",""
"career:za-career-pest-management-officer","canonical_career","Pest Management Officer","",""
"career:za-career-petroleum-engineer","canonical_career","Petroleum Engineer","",""
"career:za-career-petroleum-licensing-and-fuel-supply-manager","canonical_career","Petroleum Licensing and Fuel Supply Manager","",""
"career:za-career-pharmacist","canonical_career","Pharmacist","",""
"career:za-career-pharmacist-assistant","canonical_career","Pharmacist Assistant","",""
"career:za-career-pharmacist-s-assistant","canonical_career","Pharmacist's Assistant (Basic)","",""
"career:za-career-pharmacy-automation-technician","canonical_career","Pharmacy Automation Technician","",""
"career:za-career-pharmacy-technician","canonical_career","Pharmacy Technician","",""
"career:za-career-photographer","canonical_career","Photographer","",""
"career:za-career-photographer-s-assistant","canonical_career","Photographer’s Assistant","",""
"career:za-career-physical-asset-manager","canonical_career","Physical Asset Manager","",""
"career:za-career-physical-asset-practitioner","canonical_career","Physical Asset Practitioner","",""
"career:za-career-physical-science-technician","canonical_career","Physical Science Technician","",""
"career:za-career-physicist","canonical_career","Physicist","",""
"career:za-career-physiotherapist","canonical_career","Physiotherapist","",""
"career:za-career-physiotherapy-technician","canonical_career","Physiotherapy Technician","",""
"career:za-career-pipe-fitter","canonical_career","Pipe fitter","",""
"career:za-career-planner","canonical_career","Planner","",""
"career:za-career-plasterer","canonical_career","Plasterer","",""
"career:za-career-plastic-and-reconstructive-surgeon","canonical_career","Plastic and Reconstructive Surgeon","",""
"career:za-career-plastics-manufacturing-machine-operator","canonical_career","Plastics Manufacturing Machine Operator","",""
"career:za-career-plastics-manufacturing-machine-setter","canonical_career","Plastics Manufacturing Machine Setter","",""
"career:za-career-platform-engineer","canonical_career","Platform Engineer","",""
"career:za-career-plumber","canonical_career","Plumber","",""
"career:za-career-podiatrist","canonical_career","Podiatrist","",""
"career:za-career-police-official","canonical_career","Police Official","",""
"career:za-career-policy-administrator","canonical_career","Policy Administrator","",""
"career:za-career-policy-analyst","canonical_career","Policy Analyst","",""
"career:za-career-policy-and-planning-manager","canonical_career","Policy and Planning Manager","",""
"career:za-career-policy-developer-formal-education-and-training","canonical_career","Policy developer: Formal Education and Training","",""
"career:za-career-port-manager","canonical_career","Port Manager","",""
"career:za-career-port-operations-planner","canonical_career","Port Operations Planner","",""
"career:za-career-post-harvest-technologist","canonical_career","Post-Harvest Technologist","",""
"career:za-career-potter-or-ceramic-artist","canonical_career","Potter or Ceramic Artist","",""
"career:za-career-poultry-farmer","canonical_career","Poultry Farmer","",""
"career:za-career-pre-fabricated-glazing-solution-installer","canonical_career","Pre-Fabricated Glazing Solution Installer","",""
"career:za-career-precision-agriculture-technician","canonical_career","Precision Agriculture Technician","",""
"career:za-career-predictive-maintenance-technician","canonical_career","Predictive Maintenance Technician","",""
"career:za-career-pressure-equipment-inspector","canonical_career","Pressure Equipment Inspector","",""
"career:za-career-primary-healthcare-workforce-planner","canonical_career","Primary Healthcare Workforce Planner","",""
"career:za-career-printing-machinist","canonical_career","Printing Machinist","",""
"career:za-career-prison-officer","canonical_career","Prison Officer (Correctional Official)","",""
"career:za-career-processed-cheese-maker","canonical_career","Processed Cheese Maker","",""
"career:za-career-procurement-data-analyst","canonical_career","Procurement Data Analyst","",""
"career:za-career-procurement-officer","canonical_career","Procurement Officer","",""
"career:za-career-production-coordinator","canonical_career","Production Coordinator","",""
"career:za-career-production-engineering-technologist","canonical_career","Production Engineering Technologist","",""
"career:za-career-production-operations-supervisor","canonical_career","Production / Operations Supervisor (Manufacturing)","",""
"career:za-career-production-operator","canonical_career","Production Operator","",""
"career:za-career-production-or-operations-supervisor","canonical_career","Production or Operations Supervisor (Forestry): (Forestry Production Supervisor)","",""
"career:za-career-production-process-controller","canonical_career","Production Process Controller","",""
"career:za-career-production-process-machine-operator-and-assembler","canonical_career","Production Process Machine Operator and Assembler","",""
"career:za-career-production-supervisor","canonical_career","Production Supervisor","",""
"career:za-career-professional-principal-executive-officer","canonical_career","Professional Principal Executive Officer","",""
"career:za-career-program-or-project-administrators","canonical_career","Program or Project Administrators","",""
"career:za-career-programme-or-project-manager","canonical_career","Programme or Project Manager","",""
"career:za-career-programmer-analyst","canonical_career","Programmer Analyst","",""
"career:za-career-project-manager","canonical_career","Project Manager","",""
"career:za-career-proof-reader","canonical_career","Proof reader","",""
"career:za-career-propeller-workshop-maintenance-mechanic","canonical_career","Propeller Workshop Maintenance Mechanic","",""
"career:za-career-property-manager","canonical_career","Property Manager","",""
"career:za-career-prosecutor","canonical_career","Prosecutor","",""
"career:za-career-prosthetist","canonical_career","Prosthetist","",""
"career:za-career-protection-security-official","canonical_career","Protection/Security Official","",""
"career:za-career-psychiatrist","canonical_career","Psychiatrist","",""
"career:za-career-psychometrist","canonical_career","Psychometrist","",""
"career:za-career-psychotherapist","canonical_career","Psychotherapist","",""
"career:za-career-public-health-data-analyst","canonical_career","Public Health Data Analyst","",""
"career:za-career-public-health-medicine-specialist","canonical_career","Public Health Medicine Specialist","",""
"career:za-career-public-health-occupational-medicine-specialist","canonical_career","Public Health Occupational Medicine Specialist","",""
"career:za-career-public-health-physician","canonical_career","Public Health Physician","",""
"career:za-career-public-media-relations-manager","canonical_career","Public/ Media Relations Manager","",""
"career:za-career-public-procurement-compliance-officer","canonical_career","Public Procurement Compliance Officer","",""
"career:za-career-public-sector-auditor","canonical_career","Public Sector Auditor","",""
"career:za-career-public-service-administrator","canonical_career","Public Service Administrator","",""
"career:za-career-public-service-data-analyst","canonical_career","Public Service Data Analyst","",""
"career:za-career-pulmonology-clinical-technologist","canonical_career","Pulmonology Clinical Technologist","",""
"career:za-career-pulp-process-control-attendant","canonical_career","Pulp Process Control Attendant","",""
"career:za-career-pulp-process-control-operator","canonical_career","Pulp Process Control Operator","",""
"career:za-career-pulp-process-controller","canonical_career","Pulp Process Controller","",""
"career:za-career-purchasing-officer","canonical_career","Purchasing Officer","",""
"career:za-career-quality-assurer","canonical_career","Quality Assurer","",""
"career:za-career-quality-controller","canonical_career","Quality Controller","",""
"career:za-career-quality-inspector","canonical_career","Quality Inspector","",""
"career:za-career-quality-manager","canonical_career","Quality Manager","",""
"career:za-career-quality-systems-manager","canonical_career","Quality Systems Manager","",""
"career:za-career-quality-test-automator","canonical_career","Quality Test Automator","",""
"career:za-career-quantity-surveyor","canonical_career","Quantity Surveyor","",""
"career:za-career-radiation-control-nuclear-monitoring-technician","canonical_career","Radiation Control/ Nuclear Monitoring Technician","",""
"career:za-career-radiation-control-officer","canonical_career","Radiation Control Officer","",""
"career:za-career-radiation-laboratory-technician","canonical_career","Radiation Laboratory Technician","",""
"career:za-career-radiation-oncologist","canonical_career","Radiation Oncologist","",""
"career:za-career-radiation-protection-monitor","canonical_career","Radiation Protection Monitor","",""
"career:za-career-radiation-protection-practitioner","canonical_career","Radiation Protection Practitioner","",""
"career:za-career-radiation-protection-technician","canonical_career","Radiation Protection Technician","",""
"career:za-career-radiation-therapist","canonical_career","Radiation Therapist","",""
"career:za-career-radio-operator","canonical_career","Radio Operator","",""
"career:za-career-radiographic-technician","canonical_career","Radiographic Technician","",""
"career:za-career-radiologist","canonical_career","Radiologist","",""
"career:za-career-radiotrician","canonical_career","Radiotrician","",""
"career:za-career-rail-operations-controller","canonical_career","Rail Operations Controller","",""
"career:za-career-railway-safety-inspector","canonical_career","Railway Safety Inspector","",""
"career:za-career-railway-signal-operator","canonical_career","Railway Signal Operator (Functional Yard Operator)","",""
"career:za-career-railway-signalling-assembler-and-wirer","canonical_career","Railway Signalling Assembler and Wirer","",""
"career:za-career-railway-signalling-fault-finder-and-maintainer","canonical_career","Railway Signalling Fault Finder and Maintainer","",""
"career:za-career-railway-signalling-installer","canonical_career","Railway Signalling installer","",""
"career:za-career-railway-signalling-maintenance-nqf-level-mechanician-4-119645-occupational-certificate-railway-track-constructor","canonical_career","Railway Signalling Maintenance NQF Level Mechanician 4 119645 Occupational Certificate Railway Track Constructor","",""
"career:za-career-railway-track-master","canonical_career","Railway Track Master","",""
"career:za-career-railway-track-supervisor","canonical_career","Railway Track Supervisor","",""
"career:za-career-railway-track-welder","canonical_career","Railway Track Welder","",""
"career:za-career-raise-bore-operator","canonical_career","Raise Bore Operator","",""
"career:za-career-raised-access-floor-finisher","canonical_career","Raised Access Floor Finisher","",""
"career:za-career-real-estate-agent","canonical_career","Real Estate Agent","",""
"career:za-career-real-wood-floor-finisher","canonical_career","Real Wood Floor Finisher","",""
"career:za-career-receptionist","canonical_career","Receptionist (General)","",""
"career:za-career-recreation-officer","canonical_career","Recreation Officer","",""
"career:za-career-recruitment-manager","canonical_career","Recruitment Manager","",""
"career:za-career-recruitment-officer","canonical_career","Recruitment Officer","",""
"career:za-career-recycling-operations-coordinator","canonical_career","Recycling Operations Coordinator","",""
"career:za-career-refractory-mason","canonical_career","Refractory Mason","",""
"career:za-career-refrigerant-pipe-work-fitter","canonical_career","Refrigerant Pipe Work Fitter","",""
"career:za-career-refrigeration-control-fitter","canonical_career","Refrigeration Control Fitter","",""
"career:za-career-refrigeration-fitter","canonical_career","Refrigeration Fitter","",""
"career:za-career-refrigeration-maintenance-and-repair-workman","canonical_career","Refrigeration Maintenance and Repair workman","",""
"career:za-career-refrigeration-mechanic","canonical_career","Refrigeration Mechanic","",""
"career:za-career-refrigeration-pipework-installer","canonical_career","Refrigeration Pipework Installer","",""
"career:za-career-refugee-status-determination-officer","canonical_career","Refugee Status Determination Officer","",""
"career:za-career-regenerative-agriculture-practitioner","canonical_career","Regenerative Agriculture Practitioner","",""
"career:za-career-regional-coordinator-education-and-training","canonical_career","Regional coordinator: Education and Training","",""
"career:za-career-registered-nurse","canonical_career","Registered Nurse","",""
"career:za-career-registrar-of-the-court","canonical_career","Registrar of the Court","",""
"career:za-career-registry-and-mailing-clerk","canonical_career","Registry and mailing clerk","",""
"career:za-career-regulatory-compliance-and-enforcement-manager","canonical_career","Regulatory, Compliance and Enforcement Manager","",""
"career:za-career-regulatory-inspector","canonical_career","Regulatory Inspector","",""
"career:za-career-rehabilitation-assistant","canonical_career","Rehabilitation Assistant","",""
"career:za-career-rehabilitation-counsellor","canonical_career","Rehabilitation Counsellor","",""
"career:za-career-reiki-practitioner","canonical_career","Reiki Practitioner","",""
"career:za-career-reintegration-officer","canonical_career","Reintegration Officer","",""
"career:za-career-religious-associate-professional","canonical_career","Religious Associate Professional (Christian Religious Practitioner)","",""
"career:za-career-remand-detention-coordinator","canonical_career","Remand detention coordinator","",""
"career:za-career-remand-detention-officer","canonical_career","Remand detention officer","",""
"career:za-career-remote-customer-support-agent","canonical_career","Remote Customer Support Agent","",""
"career:za-career-remote-operations-centre-controller","canonical_career","Remote Operations Centre Controller","",""
"career:za-career-remotely-operated-vehicle-pilot","canonical_career","Remotely Operated Vehicle (ROV) Pilot","",""
"career:za-career-renal-dialysis-technician","canonical_career","Renal Dialysis Technician","",""
"career:za-career-renal-technician","canonical_career","Renal Technician","",""
"career:za-career-renewable-energy-engineer","canonical_career","Renewable Energy Engineer","",""
"career:za-career-renewable-project-developer","canonical_career","Renewable Project Developer","",""
"career:za-career-reproductive-biology-clinical-technologist","canonical_career","Reproductive Biology Clinical Technologist","",""
"career:za-career-research-and-development-manager","canonical_career","Research and Development Manager","",""
"career:za-career-research-psychologist","canonical_career","Research Psychologist","",""
"career:za-career-resident-medical-officer","canonical_career","Resident Medical Officer","",""
"career:za-career-residential-care-officer","canonical_career","Residential Care Officer","",""
"career:za-career-resin-floor-finisher","canonical_career","Resin Floor Finisher","",""
"career:za-career-responsible-ai-officer","canonical_career","Responsible AI Officer","",""
"career:za-career-retail-buyer","canonical_career","Retail Buyer","",""
"career:za-career-retail-chain-store-manager","canonical_career","Retail Chain Store Manager","",""
"career:za-career-retail-general-manager","canonical_career","Retail General Manager","",""
"career:za-career-retail-manager-retail-store-manager","canonical_career","Retail Manager: Retail Store Manager","",""
"career:za-career-retail-pharmacist","canonical_career","Retail Pharmacist","",""
"career:za-career-retail-supervisor","canonical_career","Retail Supervisor","",""
"career:za-career-retirement-fund-trustee","canonical_career","Retirement Fund Trustee","",""
"career:za-career-returns-logistics-coordinator","canonical_career","Returns Logistics Coordinator","",""
"career:za-career-rheumatologist","canonical_career","Rheumatologist","",""
"career:za-career-rigger","canonical_career","Rigger","",""
"career:za-career-ringframe-spinning-and-yarn-packaging-machine-operator","canonical_career","Ringframe Spinning and Yarn Packaging Machine Operator","",""
"career:za-career-ripened-cheesemaker","canonical_career","Ripened Cheesemaker","",""
"career:za-career-risk-and-integrity-manager","canonical_career","Risk and Integrity Manager","",""
"career:za-career-risk-and-integrity-specialist","canonical_career","Risk and Integrity Specialist","",""
"career:za-career-risk-officer","canonical_career","Risk Officer","",""
"career:za-career-road-construction-plant-operator","canonical_career","Road Construction Plant Operator","",""
"career:za-career-road-roller-operator","canonical_career","Road Roller Operator","",""
"career:za-career-road-traffic-safety-officer","canonical_career","Road Traffic Safety Officer","",""
"career:za-career-road-transport-manager","canonical_career","Road Transport Manager","",""
"career:za-career-robotic-processing-automation-developer","canonical_career","Robotic Processing Automation (RPA) Developer","",""
"career:za-career-robotics-club-coach","canonical_career","Robotics Club Coach","",""
"career:za-career-robotics-maintenance-technician","canonical_career","Robotics Maintenance Technician","",""
"career:za-career-robotics-technician","canonical_career","Robotics Technician","",""
"career:za-career-rock-drill-operator","canonical_career","Rock Drill Operator","",""
"career:za-career-roof-plumber","canonical_career","Roof Plumber","",""
"career:za-career-roof-thatcher","canonical_career","Roof Thatcher","",""
"career:za-career-roof-tiler","canonical_career","Roof Tiler","",""
"career:za-career-rotor-spinning-and-yarn-packaging-machine-operator","canonical_career","Rotor Spinning and Yarn Packaging Machine Operator","",""
"career:za-career-route-optimisation-analyst","canonical_career","Route Optimisation Analyst","",""
"career:za-career-routine-road-maintenance-manager","canonical_career","Routine Road Maintenance Manager","",""
"career:za-career-rpa-developer","canonical_career","RPA Developer","",""
"career:za-career-rpl-advisor","canonical_career","RPL Advisor","",""
"career:za-career-rubber-floor-finisher","canonical_career","Rubber Floor Finisher","",""
"career:za-career-rubber-production-machine-operator","canonical_career","Rubber Production Machine Operator","",""
"career:za-career-rural-health-programme-coordinator","canonical_career","Rural Health Programme Coordinator","",""
"career:za-career-saddle-stitching-machine-operator","canonical_career","Saddle Stitching Machine Operator","",""
"career:za-career-safety-health-and-quality-practitioner","canonical_career","Safety, Health and Quality Practitioner (Occupational Health and Safety Practitioner)","",""
"career:za-career-safety-health-environment-and-quality-practitioner","canonical_career","Safety, Health, Environment and Quality (SHE&Q) Practitioner","",""
"career:za-career-safety-inspector","canonical_career","Safety Inspector (Forestry and Related Industries Safety Health and Environment Officer)","",""
"career:za-career-sales-and-marketing-manager","canonical_career","Sales and Marketing Manager","",""
"career:za-career-sales-assistant","canonical_career","Sales Assistant (General) (Retail Sales Advisor)","",""
"career:za-career-sales-clerk-officer","canonical_career","Sales Clerk / Officer","",""
"career:za-career-sand-blaster","canonical_career","Sand Blaster","",""
"career:za-career-saw-doctor","canonical_career","Saw Doctor","",""
"career:za-career-saw-filer","canonical_career","Saw Filer","",""
"career:za-career-scaffolder","canonical_career","Scaffolder","",""
"career:za-career-school-data-administrator","canonical_career","School Data Administrator","",""
"career:za-career-school-principal","canonical_career","School Principal","",""
"career:za-career-scout","canonical_career","Scout","",""
"career:za-career-scraper-operator","canonical_career","Scraper Operator","",""
"career:za-career-scraper-winch-operator","canonical_career","Scraper Winch Operator","",""
"career:za-career-scribe","canonical_career","Scribe","",""
"career:za-career-sculptor","canonical_career","Sculptor","",""
"career:za-career-seamless-floor-finisher","canonical_career","Seamless Floor Finisher","",""
"career:za-career-secondary-school-stem-teacher","canonical_career","Secondary School STEM Teacher","",""
"career:za-career-secretary","canonical_career","Secretary (General)","",""
"career:za-career-security-awareness-trainer","canonical_career","Security Awareness Trainer","",""
"career:za-career-security-first-line-manager","canonical_career","Security First Line Manager","",""
"career:za-career-security-officer","canonical_career","Security Officer","",""
"career:za-career-security-reintegration-manager","canonical_career","Security/Reintegration Manager","",""
"career:za-career-seed-processing-machine-operator","canonical_career","Seed Processing Machine Operator","",""
"career:za-career-seed-production-technician","canonical_career","Seed Production Technician","",""
"career:za-career-self-employed-re-cycling-materials-collector","canonical_career","Self-employed re-cycling materials collector","",""
"career:za-career-senior-defence-official","canonical_career","Senior Defence Official","",""
"career:za-career-senior-government-manager","canonical_career","Senior Government Manager","",""
"career:za-career-senior-government-official","canonical_career","Senior Government Official","",""
"career:za-career-senior-phase-school-teacher","canonical_career","Senior Phase School Teacher (Grades 7 - 9)","",""
"career:za-career-senior-police-officer","canonical_career","Senior Police Officer","",""
"career:za-career-service-designer","canonical_career","Service Designer","",""
"career:za-career-service-station-attendant","canonical_career","Service Station Attendant","",""
"career:za-career-service-truck-operator","canonical_career","Service Truck Operator","",""
"career:za-career-sewing-machine-maintenance-and-repair-technician-assistant","canonical_career","Sewing Machine Maintenance and Repair Technician Assistant","",""
"career:za-career-sewing-machine-mechanic-operator","canonical_career","Sewing Machine Mechanic Operator","",""
"career:za-career-sewing-machine-mechanic-repairer","canonical_career","Sewing Machine Mechanic Repairer","",""
"career:za-career-sewing-machine-operator","canonical_career","Sewing Machine Operator","",""
"career:za-career-sheetfed-lithography-technician","canonical_career","Sheetfed Lithography Technician","",""
"career:za-career-sheetfed-lithography-technician-s-assistant","canonical_career","Sheetfed Lithography Technician's Assistant","",""
"career:za-career-shelf-filler","canonical_career","Shelf Filler","",""
"career:za-career-ship-s-master","canonical_career","Ship’s Master","",""
"career:za-career-ship-s-officer","canonical_career","Ship’s Officer","",""
"career:za-career-ship-s-surveyor","canonical_career","Ship’s Surveyor","",""
"career:za-career-shipping-agent","canonical_career","Shipping Agent","",""
"career:za-career-sideboom-operator","canonical_career","Sideboom Operator","",""
"career:za-career-sign-writer","canonical_career","Sign Writer","",""
"career:za-career-site-reliability-engineer","canonical_career","Site Reliability Engineer","",""
"career:za-career-skid-steer-loader-operator","canonical_career","Skid Steer Loader Operator","",""
"career:za-career-skills-development-administrator","canonical_career","Skills Development Administrator","",""
"career:za-career-skills-development-facilitator","canonical_career","Skills Development Facilitator","",""
"career:za-career-skills-development-practitioner","canonical_career","Skills Development Practitioner","",""
"career:za-career-skin-care-therapist","canonical_career","Skin Care Therapist","",""
"career:za-career-small-business-consultant","canonical_career","Small Business Consultant","",""
"career:za-career-small-business-manager","canonical_career","Small Business Manager","",""
"career:za-career-small-engine-mechanic","canonical_career","Small Engine Mechanic","",""
"career:za-career-small-offset-lithography-operator","canonical_career","Small Offset Lithography Operator","",""
"career:za-career-small-re-cycling-business-owner","canonical_career","Small Re-cycling Business Owner","",""
"career:za-career-smallholder-farmer-support-officer","canonical_career","Smallholder Farmer Support Officer","",""
"career:za-career-smart-city-operations-technician","canonical_career","Smart City Operations Technician","",""
"career:za-career-smart-grid-technician","canonical_career","Smart Grid Technician","",""
"career:za-career-smart-irrigation-technician","canonical_career","Smart Irrigation Technician","",""
"career:za-career-soc-analyst","canonical_career","SOC Analyst","",""
"career:za-career-social-and-labour-plan-officer","canonical_career","Social and Labour Plan Officer","",""
"career:za-career-social-auxiliary-worker","canonical_career","Social Auxiliary Worker","",""
"career:za-career-social-counselling-support-worker","canonical_career","Social Counselling Support Worker","",""
"career:za-career-social-counselling-worker","canonical_career","Social Counselling Worker","",""
"career:za-career-social-media-community-manager","canonical_career","Social Media Community Manager","",""
"career:za-career-social-security-administrator","canonical_career","Social Security Administrator","",""
"career:za-career-social-security-assessor","canonical_career","Social Security Assessor","",""
"career:za-career-social-service-manager","canonical_career","Social Service Manager","",""
"career:za-career-social-worker","canonical_career","Social Worker","",""
"career:za-career-sociologist","canonical_career","Sociologist","",""
"career:za-career-software-developer","canonical_career","Software Developer","",""
"career:za-career-software-engineer","canonical_career","Software Engineer","",""
"career:za-career-software-tester","canonical_career","Software Tester","",""
"career:za-career-soil-health-technician","canonical_career","Soil Health Technician","",""
"career:za-career-soils-gravels-and-crushed-stone-base-materials-tester","canonical_career","Soils, Gravels and Crushed Stone Base Materials Tester","",""
"career:za-career-solar-finance-sales-consultant","canonical_career","Solar Finance Sales Consultant","",""
"career:za-career-solar-installer","canonical_career","Solar Installer","",""
"career:za-career-solar-operations-and-maintenance-technician","canonical_career","Solar Operations and Maintenance Technician","",""
"career:za-career-solar-photovoltaic-service-technician","canonical_career","Solar Photovoltaic Service Technician","",""
"career:za-career-solar-photovoltaic-standalone-service-technician","canonical_career","Solar Photovoltaic Standalone Service Technician","",""
"career:za-career-solar-photovoltaic-standalone-system-mounter","canonical_career","Solar Photovoltaic Standalone System Mounter","",""
"career:za-career-solar-photovoltaic-standalone-systems-installer","canonical_career","Solar Photovoltaic Standalone Systems Installer","",""
"career:za-career-solar-pv-design-technician","canonical_career","Solar PV Design Technician","",""
"career:za-career-solar-pv-installation-supervisor","canonical_career","Solar PV Installation Supervisor","",""
"career:za-career-solar-pv-installer","canonical_career","Solar PV Installer","",""
"career:za-career-sonographer","canonical_career","Sonographer","",""
"career:za-career-sound-operator","canonical_career","Sound Operator","",""
"career:za-career-south-african-sign-language-interpreter","canonical_career","South African Sign Language Interpreter","",""
"career:za-career-spaza-shop-operator","canonical_career","Spaza Shop Operator","",""
"career:za-career-spaza-supply-chain-coordinator","canonical_career","Spaza Supply Chain Coordinator","",""
"career:za-career-special-care-accommodation-manager","canonical_career","Special Care Accommodation Manager","",""
"career:za-career-special-class-electrician","canonical_career","Special Class Electrician","",""
"career:za-career-special-forces-operator","canonical_career","Special Forces Operator","",""
"career:za-career-specialised-glazing-solution-installer","canonical_career","Specialised Glazing Solution Installer","",""
"career:za-career-speciality-gas-system-installer","canonical_career","Speciality Gas System Installer","",""
"career:za-career-speciality-yarn-assembly-machine-operator","canonical_career","Speciality Yarn Assembly Machine Operator","",""
"career:za-career-speech-language-therapist","canonical_career","Speech-Language Therapist","",""
"career:za-career-speech-pathologist","canonical_career","Speech Pathologist","",""
"career:za-career-speech-therapist","canonical_career","Speech Therapist","",""
"career:za-career-speech-therapy-assistant","canonical_career","Speech Therapy Assistant","",""
"career:za-career-sport-psychologist","canonical_career","Sport Psychologist","",""
"career:za-career-sport-scientist","canonical_career","Sport Scientist","",""
"career:za-career-sports-coach-or-instructor","canonical_career","Sports Coach or Instructor","",""
"career:za-career-sports-development-officer","canonical_career","Sports Development Officer","",""
"career:za-career-sports-official","canonical_career","Sports Official","",""
"career:za-career-spout-operator","canonical_career","Spout Operator","",""
"career:za-career-staff-nurse","canonical_career","Staff Nurse","",""
"career:za-career-state-attorney","canonical_career","State Attorney","",""
"career:za-career-state-law-advisor","canonical_career","State Law Advisor","",""
"career:za-career-state-owned-entities-and-oversight-manager","canonical_career","State Owned entities and Oversight Manager","",""
"career:za-career-statistical-and-mathematical-assistant","canonical_career","Statistical and Mathematical Assistant","",""
"career:za-career-statistical-clerk","canonical_career","Statistical Clerk","",""
"career:za-career-statistician","canonical_career","Statistician","",""
"career:za-career-steel-fixer","canonical_career","Steel Fixer","",""
"career:za-career-steelpan-maker-and-tuner","canonical_career","Steelpan Maker and Tuner","",""
"career:za-career-stem-tutor","canonical_career","STEM Tutor","",""
"career:za-career-sterilization-attendant","canonical_career","Sterilization Attendant","",""
"career:za-career-stock-clerk-officer","canonical_career","Stock Clerk / Officer","",""
"career:za-career-stone-engraver","canonical_career","Stone Engraver","",""
"career:za-career-stone-erector","canonical_career","Stone Erector","",""
"career:za-career-stone-polisher","canonical_career","Stone Polisher","",""
"career:za-career-stonemason","canonical_career","Stonemason","",""
"career:za-career-store-person","canonical_career","Store Person","",""
"career:za-career-strategy-monitoring-and-evaluation-manager","canonical_career","Strategy, Monitoring and Evaluation Manager","",""
"career:za-career-street-vendor","canonical_career","Street Vendor","",""
"career:za-career-structural-steel-erector","canonical_career","Structural Steel Erector","",""
"career:za-career-student-nurse","canonical_career","Student Nurse","",""
"career:za-career-sugar-processing-controller","canonical_career","Sugar Processing Controller","",""
"career:za-career-sugar-processing-machine-operator","canonical_career","Sugar Processing Machine Operator","",""
"career:za-career-supplier-development-officer","canonical_career","Supplier Development Officer","",""
"career:za-career-supply-and-distribution-manager","canonical_career","Supply and Distribution Manager","",""
"career:za-career-supply-chain-clerk","canonical_career","Supply chain clerk","",""
"career:za-career-supply-chain-executive","canonical_career","Supply Chain Executive","",""
"career:za-career-supply-chain-manager","canonical_career","Supply Chain Manager","",""
"career:za-career-supply-chain-practitioner","canonical_career","Supply Chain Practitioner","",""
"career:za-career-supply-planner","canonical_career","Supply Planner","",""
"career:za-career-surface-grader-operator","canonical_career","Surface Grader Operator","",""
"career:za-career-surface-grinding-operator","canonical_career","Surface Grinding Operator","",""
"career:za-career-surface-roller-operator","canonical_career","Surface Roller Operator","",""
"career:za-career-surface-tracked-dozer","canonical_career","Surface Tracked Dozer","",""
"career:za-career-surgeon","canonical_career","Surgeon","",""
"career:za-career-survey-interviewer","canonical_career","Survey Interviewer","",""
"career:za-career-surveying-or-cartographic-technician","canonical_career","Surveying or Cartographic Technician","",""
"career:za-career-surveyor","canonical_career","Surveyor","",""
"career:za-career-surveyor-s-assistant","canonical_career","Surveyor's Assistant","",""
"career:za-career-survival-equipment-fitter","canonical_career","Survival Equipment Fitter (Parachute Rigger)","",""
"career:za-career-sustainability-manager","canonical_career","Sustainability Manager","",""
"career:za-career-sustainability-reporting-specialist","canonical_career","Sustainability Reporting Specialist","",""
"career:za-career-switchboard-operator","canonical_career","Switchboard operator","",""
"career:za-career-systems-administrator","canonical_career","Systems Administrator","",""
"career:za-career-systems-design-specialist","canonical_career","Systems Design Specialist","",""
"career:za-career-systems-developer","canonical_career","Systems Developer","",""
"career:za-career-tailings-dam-monitoring-technician","canonical_career","Tailings Dam Monitoring Technician","",""
"career:za-career-tailor","canonical_career","Tailor","",""
"career:za-career-tanker-driver","canonical_career","Tanker Driver","",""
"career:za-career-tax-professional","canonical_career","Tax Professional","",""
"career:za-career-tax-technician","canonical_career","Tax Technician","",""
"career:za-career-taxation-clerk","canonical_career","Taxation Clerk","",""
"career:za-career-taxi-driver","canonical_career","Taxi Driver","",""
"career:za-career-teachers-aide","canonical_career","Teachers’ Aide","",""
"career:za-career-technical-ict-support-services-manager","canonical_career","Technical ICT Support Services Manager","",""
"career:za-career-technical-support-agent","canonical_career","Technical Support Agent","",""
"career:za-career-technical-support-services-manager","canonical_career","Technical (ICT) Support Services Manager","",""
"career:za-career-technical-writer","canonical_career","Technical Writer","",""
"career:za-career-telecommunication-line-mechanic","canonical_career","Telecommunication Line Mechanic","",""
"career:za-career-telecommunications-cable-jointer","canonical_career","Telecommunications Cable Jointer","",""
"career:za-career-telecommunications-network-engineer","canonical_career","Telecommunications Network Engineer","",""
"career:za-career-telecommunications-technical-officer-or-technologist","canonical_career","Telecommunications Technical Officer or Technologist","",""
"career:za-career-telecommunications-technician","canonical_career","Telecommunications Technician","",""
"career:za-career-telehealth-coordinator","canonical_career","Telehealth Coordinator","",""
"career:za-career-text-editor","canonical_career","Text Editor","",""
"career:za-career-textile-blowroom-and-carding-machine-operator","canonical_career","Textile Blowroom and Carding Machine Operator","",""
"career:za-career-textile-carding-and-drawframe-machine-nqf-level-operator-2-103221-occupational-certificate-textile-drawframe-and-speedframe-machine-operator","canonical_career","Textile Carding and Drawframe Machine NQF Level Operator 2 103221 Occupational Certificate Textile Drawframe and Speedframe Machine Operator","",""
"career:za-career-textile-dry-finishing-and-heat-setting-machine-operator","canonical_career","Textile Dry Finishing and Heat Setting Machine Operator","",""
"career:za-career-textile-dry-finishing-machine-operator","canonical_career","Textile Dry Finishing Machine Operator","",""
"career:za-career-textile-dry-fringing-machine-operator","canonical_career","Textile Dry Fringing Machine Operator","",""
"career:za-career-textile-dry-product-surface-preparation-machine","canonical_career","Textile Dry Product Surface Preparation Machine","",""
"career:za-career-textile-sliver-lap-combing-and-drawframe-machine-operator","canonical_career","Textile Sliver Lap, Combing and Drawframe Machine Operator","",""
"career:za-career-textile-wet-process-coating-machine-operator","canonical_career","Textile Wet Process Coating Machine Operator","",""
"career:za-career-textile-wet-process-dyeing-machine-operator","canonical_career","Textile Wet Process Dyeing Machine Operator","",""
"career:za-career-textile-wet-process-preparation-machine-operator","canonical_career","Textile Wet Process Preparation Machine Operator","",""
"career:za-career-textile-wet-process-printing-machine-operator","canonical_career","Textile Wet Process Printing Machine Operator","",""
"career:za-career-textile-wet-product-finishing-machine-operator","canonical_career","Textile Wet Product Finishing Machine Operator","",""
"career:za-career-therapeutic-radiographer","canonical_career","Therapeutic Radiographer","",""
"career:za-career-tissue-backstand-operator","canonical_career","Tissue Backstand Operator","",""
"career:za-career-tissue-converter-machine-operator","canonical_career","Tissue Converter Machine Operator","",""
"career:za-career-tissue-core-winder","canonical_career","Tissue Core Winder","",""
"career:za-career-tissue-packaging-attendant","canonical_career","Tissue Packaging Attendant","",""
"career:za-career-tissue-winder-operator","canonical_career","Tissue Winder Operator","",""
"career:za-career-tooling-cad-operator","canonical_career","Tooling CAD Operator","",""
"career:za-career-tooling-machinist","canonical_career","Tooling Machinist","",""
"career:za-career-toolmaker","canonical_career","Toolmaker","",""
"career:za-career-tour-guide","canonical_career","Tour Guide","",""
"career:za-career-tourism-experience-designer","canonical_career","Tourism Experience Designer","",""
"career:za-career-tourist-information-officer","canonical_career","Tourist Information Officer","",""
"career:za-career-town-planning-technician","canonical_career","Town Planning Technician","",""
"career:za-career-township-delivery-entrepreneur","canonical_career","Township Delivery Entrepreneur","",""
"career:za-career-toxicologist","canonical_career","Toxicologist","",""
"career:za-career-traceability-coordinator","canonical_career","Traceability Coordinator","",""
"career:za-career-tractor-mechanic","canonical_career","Tractor Mechanic","",""
"career:za-career-tractor-mechanic-assistant","canonical_career","Tractor Mechanic Assistant","",""
"career:za-career-tractor-operator","canonical_career","Tractor Operator","",""
"career:za-career-trade-and-industry-manager","canonical_career","Trade and Industry Manager","",""
"career:za-career-trade-unionist","canonical_career","Trade Unionist","",""
"career:za-career-traffic-controller","canonical_career","Traffic Controller","",""
"career:za-career-traffic-officer","canonical_career","Traffic Officer","",""
"career:za-career-train-driver","canonical_career","Train Driver","",""
"career:za-career-training-and-development-practitioner","canonical_career","Training and Development Practitioner","",""
"career:za-career-training-and-development-professional","canonical_career","Training and Development Professional","",""
"career:za-career-training-manager","canonical_career","Training Manager","",""
"career:za-career-transit-protection-driver","canonical_career","Transit Protection Driver","",""
"career:za-career-translator","canonical_career","Translator","",""
"career:za-career-transport-analyst","canonical_career","Transport Analyst","",""
"career:za-career-transport-clerk","canonical_career","Transport Clerk","",""
"career:za-career-transportation-electrician","canonical_career","Transportation Electrician (Automotive Electrician)","",""
"career:za-career-travel-assistant","canonical_career","Travel Assistant","",""
"career:za-career-travel-consultant","canonical_career","Travel Consultant","",""
"career:za-career-travel-professional","canonical_career","Travel Professional","",""
"career:za-career-tree-feller","canonical_career","Tree Feller","",""
"career:za-career-truck-driver","canonical_career","Truck Driver","",""
"career:za-career-trust-and-safety-moderator","canonical_career","Trust and Safety Moderator","",""
"career:za-career-trustee","canonical_career","Trustee","",""
"career:za-career-tufting-machine-operator","canonical_career","Tufting Machine Operator","",""
"career:za-career-tuned-percussion-instrument-maker","canonical_career","Tuned Percussion Instrument Maker","",""
"career:za-career-tunnelling-machine-operator","canonical_career","Tunnelling Machine Operator","",""
"career:za-career-tvet-workplace-placement-coordinator","canonical_career","TVET Workplace Placement Coordinator","",""
"career:za-career-underground-coal-continuous-miner","canonical_career","Underground Coal Continuous Miner","",""
"career:za-career-underground-coal-roof-bolt-operator","canonical_career","Underground Coal Roof Bolt Operator","",""
"career:za-career-unit-manager","canonical_career","Unit Manager","",""
"career:za-career-unitary-air-conditioning-installer","canonical_career","Unitary Air Conditioning Installer","",""
"career:za-career-university-lecturer","canonical_career","University Lecturer","",""
"career:za-career-university-tutor","canonical_career","University Tutor","",""
"career:za-career-upholsterer","canonical_career","Upholsterer","",""
"career:za-career-upholstery-cover-fitter","canonical_career","Upholstery Cover Fitter","",""
"career:za-career-upholstery-cover-fitter-and-template-maker","canonical_career","Upholstery Cover Fitter and Template Maker","",""
"career:za-career-upholstery-frame-preparer","canonical_career","Upholstery Frame Preparer","",""
"career:za-career-urban-and-regional-planner","canonical_career","Urban and Regional Planner","",""
"career:za-career-urologist","canonical_career","Urologist","",""
"career:za-career-ux-designer","canonical_career","UX Designer","",""
"career:za-career-ux-researcher","canonical_career","UX Researcher","",""
"career:za-career-valuer","canonical_career","Valuer","",""
"career:za-career-vehicle-body-builder","canonical_career","Vehicle Body Builder","",""
"career:za-career-vehicle-cleaner","canonical_career","Vehicle Cleaner","",""
"career:za-career-vehicle-damage-quantifier","canonical_career","Vehicle Damage Quantifier","",""
"career:za-career-vehicle-painter","canonical_career","Vehicle Painter (Automobile and Marine Painter)","",""
"career:za-career-vehicle-trimmer","canonical_career","Vehicle Trimmer","",""
"career:za-career-vertical-farm-technician","canonical_career","Vertical Farm Technician","",""
"career:za-career-vessel-traffic-services-operator","canonical_career","Vessel Traffic Services Operator","",""
"career:za-career-veterinarian","canonical_career","Veterinarian","",""
"career:za-career-veterinary-nurse","canonical_career","Veterinary Nurse","",""
"career:za-career-veterinary-public-health-professional","canonical_career","Veterinary Public Health Professional","",""
"career:za-career-veterinary-public-health-professional-practitioner","canonical_career","Veterinary Public Health Professional/ Practitioner","",""
"career:za-career-veterinary-technician","canonical_career","Veterinary Technician","",""
"career:za-career-veterinary-technologist","canonical_career","Veterinary Technologist","",""
"career:za-career-vinyl-floor-finisher","canonical_career","Vinyl Floor Finisher","",""
"career:za-career-visual-artist","canonical_career","Visual Artist","",""
"career:za-career-visual-merchandiser","canonical_career","Visual Merchandiser","",""
"career:za-career-viticulture-worker","canonical_career","Viticulture Worker","",""
"career:za-career-waiter","canonical_career","Waiter","",""
"career:za-career-wall-and-floor-tiler","canonical_career","Wall and Floor Tiler","",""
"career:za-career-warehouse-administrator-clerk","canonical_career","Warehouse Administrator / Clerk","",""
"career:za-career-warehouse-automation-technician","canonical_career","Warehouse Automation Technician","",""
"career:za-career-warehouse-manager","canonical_career","Warehouse Manager","",""
"career:za-career-warp-knitting-machine-operator","canonical_career","Warp Knitting Machine Operator","",""
"career:za-career-warping-machine-operator","canonical_career","Warping Machine Operator","",""
"career:za-career-washroom-attendant","canonical_career","Washroom Attendant","",""
"career:za-career-waste-and-refuse-material-sorter-and-classifier","canonical_career","Waste and Refuse material sorter and classifier","",""
"career:za-career-waste-materials-plant-operator","canonical_career","Waste Materials Plant Operator","",""
"career:za-career-waste-reclaimer","canonical_career","Waste Reclaimer","",""
"career:za-career-waste-reclaimer-cooperative-coordinator","canonical_career","Waste Reclaimer Cooperative Coordinator","",""
"career:za-career-waste-to-energy-technician","canonical_career","Waste-to-Energy Technician","",""
"career:za-career-wastewater-process-controller","canonical_career","Wastewater Process Controller","",""
"career:za-career-water-asset-manager","canonical_career","Water Asset Manager","",""
"career:za-career-water-cart-operator","canonical_career","Water Cart Operator","",""
"career:za-career-water-conservation-technician","canonical_career","Water Conservation Technician","",""
"career:za-career-water-control-officer","canonical_career","Water Control Officer","",""
"career:za-career-water-infrastructure-manager","canonical_career","Water Infrastructure Manager","",""
"career:za-career-water-plant-operator","canonical_career","Water Plant Operator","",""
"career:za-career-water-process-controller","canonical_career","Water Process Controller","",""
"career:za-career-water-process-worker","canonical_career","Water process worker","",""
"career:za-career-water-production-and-supply-manager","canonical_career","Water Production and Supply Manager","",""
"career:za-career-water-quality-analyst","canonical_career","Water Quality Analyst","",""
"career:za-career-water-regulation-practitioner","canonical_career","Water Regulation Practitioner","",""
"career:za-career-water-reticulation-practitioner","canonical_career","Water Reticulation Practitioner","",""
"career:za-career-water-works-management-practitioner","canonical_career","Water Works Management Practitioner","",""
"career:za-career-weapon-systems-mechanic","canonical_career","Weapon Systems Mechanic (Combat Weapons Fitter)","",""
"career:za-career-weaving-machine-operator","canonical_career","Weaving Machine Operator","",""
"career:za-career-web-administrator","canonical_career","Web Administrator","",""
"career:za-career-web-designer","canonical_career","Web Designer","",""
"career:za-career-web-developer","canonical_career","Web Developer","",""
"career:za-career-weft-knitting-machine-operator","canonical_career","Weft Knitting Machine Operator","",""
"career:za-career-weighbridge-operator","canonical_career","Weighbridge Operator","",""
"career:za-career-welder","canonical_career","Welder","",""
"career:za-career-wet-mill-operator","canonical_career","Wet Mill Operator","",""
"career:za-career-wet-pour-rubber-floor-finisher","canonical_career","Wet Pour Rubber Floor Finisher","",""
"career:za-career-wind-turbine-service-technician","canonical_career","Wind Turbine Service Technician","",""
"career:za-career-winding-engine-driver","canonical_career","Winding Engine Driver","",""
"career:za-career-window-cleaner","canonical_career","Window Cleaner","",""
"career:za-career-wine-maker","canonical_career","Wine Maker","",""
"career:za-career-winemaker-s-assistant","canonical_career","Winemaker's Assistant","",""
"career:za-career-wood-machinist","canonical_career","Wood Machinist","",""
"career:za-career-wood-preparer-and-treater","canonical_career","Wood Preparer and Treater","",""
"career:za-career-wood-processing-machine-operator","canonical_career","Wood Processing Machine Operator","",""
"career:za-career-word-processing-operator","canonical_career","Word processing operator","",""
"career:za-career-workshop-cleaner","canonical_career","Workshop cleaner","",""
"career:za-career-youth-employment-coach","canonical_career","Youth Employment Coach","",""
"career:za-career-zoologist","canonical_career","Zoologist","",""
"enrichment-batch:009","enrichment_batch","Batch 009 enrichment","",""
"pathway-template:agri:vocational","pathway_template","agri:vocational","",""
"pathway-template:care:care","pathway_template","care:care","",""
"pathway-template:creative:portfolio","pathway_template","creative:portfolio","",""
"pathway-template:education:education","pathway_template","education:education","",""
"pathway-template:engineering:trade","pathway_template","engineering:trade","",""
"pathway-template:entrepreneur:entrepreneur","pathway_template","entrepreneur:entrepreneur","",""
"pathway-template:finance:mixed","pathway_template","finance:mixed","",""
"pathway-template:hospitality:hospitality","pathway_template","hospitality:hospitality","",""
"pathway-template:logistics:logistics","pathway_template","logistics:logistics","",""
"pathway-template:people:mixed","pathway_template","people:mixed","",""
"pathway-template:practical:trade","pathway_template","practical:trade","",""
"pathway-template:practical:vocational","pathway_template","practical:vocational","",""
"pathway-template:public:public","pathway_template","public:public","",""
"pathway-template:science:science","pathway_template","science:science","",""
"pathway-template:tech:mixed","pathway_template","tech:mixed","",""
"research-category:agriculture-food-and-environment","research_category","Agriculture, Food and Environment","",""
"research-category:agriculture-food-and-environment","research_category","Agriculture Food and Environment","",""
"research-category:business-management-and-administration","research_category","Business, Management and Administration","",""
"research-category:education-and-training","research_category","Education and Training","",""
"research-category:education-public-sector-and-creative-services","research_category","Education, Public Sector and Creative Services","",""
"research-category:energy-and-green-economy","research_category","Energy and Green Economy","",""
"research-category:engineering-and-built-environment","research_category","Engineering and Built Environment","",""
"research-category:entrepreneurship-and-informal-economy","research_category","Entrepreneurship and Informal Economy","",""
"research-category:finance-banking-and-insurance","research_category","Finance, Banking and Insurance","",""
"research-category:finance-banking-and-insurance","research_category","Finance Banking and Insurance","",""
"research-category:healthcare-and-wellness","research_category","Healthcare and Wellness","",""
"research-category:hospitality-tourism-and-events","research_category","Hospitality, Tourism and Events","",""
"research-category:hospitality-tourism-and-events","research_category","Hospitality Tourism and Events","",""
"research-category:human-resources-and-people","research_category","Human Resources and People","",""
"research-category:law-governance-and-public-sector","research_category","Law, Governance and Public Sector","",""
"research-category:logistics-transport-and-customer-operations","research_category","Logistics, Transport and Customer Operations","",""
"research-category:logistics-transport-and-supply-chain","research_category","Logistics, Transport and Supply Chain","",""
"research-category:logistics-transport-and-supply-chain","research_category","Logistics Transport and Supply Chain","",""
"research-category:manufacturing-and-industrial","research_category","Manufacturing and Industrial","",""
"research-category:media-creative-and-communication","research_category","Media, Creative and Communication","",""
"research-category:mining-and-natural-resources","research_category","Mining and Natural Resources","",""
"research-category:mining-manufacturing-science-and-financial-risk","research_category","Mining, Manufacturing, Science and Financial Risk","",""
"research-category:retail-sales-and-customer-experience","research_category","Retail, Sales and Customer Experience","",""
"research-category:safety-security-and-emergency-services","research_category","Safety, Security and Emergency Services","",""
"research-category:science-and-research","research_category","Science and Research","",""
"research-category:sports-fitness-and-personal-services","research_category","Sports, Fitness and Personal Services","",""
"research-category:sports-fitness-and-personal-services","research_category","Sports Fitness and Personal Services","",""
"research-category:technology-and-digital","research_category","Technology and Digital","",""
"research-category:trades-and-artisan","research_category","Trades and Artisan","",""
"research-category:trades-and-artisan-careers","research_category","Trades and Artisan Careers","",""
"research-category:tvet-occupational-and-workplace-pathways","research_category","TVET / Occupational and Workplace Pathways","",""
"starter-route:academic-dean","starter_route","Academic Dean","",""
"starter-route:account-manager-sales","starter_route","Account Manager (Sales)","",""
"starter-route:accountant","starter_route","Accountant","",""
"starter-route:accounting-officer","starter_route","Accounting Officer","",""
"starter-route:accounts-clerk","starter_route","Accounts Clerk","",""
"starter-route:accounts-payable-clerk","starter_route","Accounts Payable Clerk","",""
"starter-route:accounts-receivable-clerk","starter_route","Accounts Receivable Clerk","",""
"starter-route:actor","starter_route","Actor","",""
"starter-route:actuarial-assistant","starter_route","Actuarial Assistant","",""
"starter-route:actuary","starter_route","Actuary","",""
"starter-route:acupuncturist","starter_route","Acupuncturist","",""
"starter-route:administration-manager","starter_route","Administration Manager","",""
"starter-route:administrative-officer","starter_route","Administrative Officer","",""
"starter-route:adult-literacy-teacher","starter_route","Adult Literacy Teacher","",""
"starter-route:advertising-creative","starter_route","Advertising Creative","",""
"starter-route:advertising-sales-agent","starter_route","Advertising Sales Agent","",""
"starter-route:advocate","starter_route","Advocate","",""
"starter-route:aged-care-worker","starter_route","Aged Care Worker","",""
"starter-route:agile-coach","starter_route","Agile Coach","",""
"starter-route:agricultural-economist","starter_route","Agricultural Economist","",""
"starter-route:agricultural-equipment-operator","starter_route","Agricultural Equipment Operator","",""
"starter-route:agricultural-extension-officer","starter_route","Agricultural Extension Officer","",""
"starter-route:agricultural-inspector","starter_route","Agricultural Inspector","",""
"starter-route:agricultural-scientist-agronomist","starter_route","Agricultural Scientist / Agronomist","",""
"starter-route:agricultural-technician","starter_route","Agricultural Technician","",""
"starter-route:ai-engineer","starter_route","AI Engineer","",""
"starter-route:ai-product-specialist","starter_route","AI Product Specialist","",""
"starter-route:ai-workflow-builder","starter_route","AI Workflow Builder","",""
"starter-route:air-defence-operator","starter_route","Air Defence Operator","",""
"starter-route:air-force-ground-crew","starter_route","Air Force Ground Crew","",""
"starter-route:air-force-officer","starter_route","Air Force Officer","",""
"starter-route:air-force-pilot","starter_route","Air Force Pilot","",""
"starter-route:air-traffic-controller","starter_route","Air Traffic Controller","",""
"starter-route:aircraft-dispatcher","starter_route","Aircraft Dispatcher","",""
"starter-route:aircraft-maintenance-engineer","starter_route","Aircraft Maintenance Engineer","",""
"starter-route:aircraft-mechanic","starter_route","Aircraft Mechanic","",""
"starter-route:airline-cabin-crew","starter_route","Airline Cabin Crew","",""
"starter-route:airport-operations-officer","starter_route","Airport Operations Officer","",""
"starter-route:airport-security-officer","starter_route","Airport Security Officer","",""
"starter-route:anaesthesiologist","starter_route","Anaesthesiologist","",""
"starter-route:analytical-chemist","starter_route","Analytical Chemist","",""
"starter-route:animator","starter_route","Animator","",""
"starter-route:appliance-repairer","starter_route","Appliance Repairer","",""
"starter-route:application-support-analyst","starter_route","Application Support Analyst","",""
"starter-route:archaeologist","starter_route","Archaeologist","",""
"starter-route:architect","starter_route","Architect","",""
"starter-route:architectural-draughtsperson","starter_route","Architectural Draughtsperson","",""
"starter-route:architectural-technologist","starter_route","Architectural Technologist","",""
"starter-route:archivist","starter_route","Archivist","",""
"starter-route:area-manager","starter_route","Area Manager","",""
"starter-route:armed-forces-instructor","starter_route","Armed Forces Instructor","",""
"starter-route:armed-response-officer","starter_route","Armed Response Officer","",""
"starter-route:armoured-vehicle-crew","starter_route","Armoured Vehicle Crew","",""
"starter-route:art-critic","starter_route","Art Critic","",""
"starter-route:art-director","starter_route","Art Director","",""
"starter-route:art-gallery-assistant","starter_route","Art Gallery Assistant","",""
"starter-route:art-teacher","starter_route","Art Teacher","",""
"starter-route:art-therapist","starter_route","Art Therapist","",""
"starter-route:artillery-operator","starter_route","Artillery Operator","",""
"starter-route:arts-administrator","starter_route","Arts Administrator","",""
"starter-route:arts-and-culture-manager","starter_route","Arts and Culture Manager","",""
"starter-route:arts-manager","starter_route","Arts Manager","",""
"starter-route:assembly-worker","starter_route","Assembly Worker","",""
"starter-route:astronomer","starter_route","Astronomer","",""
"starter-route:athlete","starter_route","Athlete","",""
"starter-route:attorney","starter_route","Attorney","",""
"starter-route:auctioneer","starter_route","Auctioneer","",""
"starter-route:audio-visual-technician","starter_route","Audio-Visual Technician","",""
"starter-route:audiologist","starter_route","Audiologist","",""
"starter-route:auditor","starter_route","Auditor","",""
"starter-route:auto-electrician","starter_route","Auto Electrician","",""
"starter-route:auto-electrician-informal","starter_route","Auto Electrician (Informal)","",""
"starter-route:automation-tester","starter_route","Automation Tester","",""
"starter-route:automotive-mechanic","starter_route","Automotive Mechanic","",""
"starter-route:automotive-sales-consultant","starter_route","Automotive Sales Consultant","",""
"starter-route:aviation-ground-staff","starter_route","Aviation Ground Staff","",""
"starter-route:ayurvedic-practitioner","starter_route","Ayurvedic Practitioner","",""
"starter-route:back-end-developer","starter_route","Back-End Developer","",""
"starter-route:baker","starter_route","Baker","",""
"starter-route:banking-consultant","starter_route","Banking Consultant","",""
"starter-route:barber","starter_route","Barber","",""
"starter-route:barista","starter_route","Barista","",""
"starter-route:bartender","starter_route","Bartender","",""
"starter-route:basket-weaver","starter_route","Basket Weaver","",""
"starter-route:beadwork-artisan","starter_route","Beadwork Artisan","",""
"starter-route:beadworker","starter_route","Beadworker","",""
"starter-route:beauty-therapist","starter_route","Beauty Therapist","",""
"starter-route:beekeeper","starter_route","Beekeeper","",""
"starter-route:bell-attendant","starter_route","Bell Attendant","",""
"starter-route:bicycle-repairer","starter_route","Bicycle Repairer","",""
"starter-route:biochemist","starter_route","Biochemist","",""
"starter-route:biologist","starter_route","Biologist","",""
"starter-route:biomedical-engineer","starter_route","Biomedical Engineer","",""
"starter-route:biostatistician","starter_route","Biostatistician","",""
"starter-route:biotechnologist","starter_route","Biotechnologist","",""
"starter-route:blaster","starter_route","Blaster","",""
"starter-route:blockchain-developer","starter_route","Blockchain Developer","",""
"starter-route:board-member","starter_route","Board Member","",""
"starter-route:boat-operator","starter_route","Boat Operator","",""
"starter-route:boilermaker","starter_route","Boilermaker","",""
"starter-route:book-editor","starter_route","Book Editor","",""
"starter-route:booking-clerk","starter_route","Booking Clerk","",""
"starter-route:bookkeeper","starter_route","Bookkeeper","",""
"starter-route:border-management-officer","starter_route","Border Management Officer","",""
"starter-route:botanist","starter_route","Botanist","",""
"starter-route:brand-ambassador","starter_route","Brand Ambassador","",""
"starter-route:brand-manager","starter_route","Brand Manager","",""
"starter-route:brewer","starter_route","Brewer","",""
"starter-route:bricklayer","starter_route","Bricklayer","",""
"starter-route:bricklayer-labourer","starter_route","Bricklayer Labourer","",""
"starter-route:broadcast-technician","starter_route","Broadcast Technician","",""
"starter-route:budget-analyst","starter_route","Budget Analyst","",""
"starter-route:builder-self-employed","starter_route","Builder (Self-Employed)","",""
"starter-route:building-and-construction-labourer","starter_route","Building and Construction Labourer","",""
"starter-route:building-inspector","starter_route","Building Inspector","",""
"starter-route:building-labourer","starter_route","Building Labourer","",""
"starter-route:building-services-technician","starter_route","Building Services Technician","",""
"starter-route:building-surveyor","starter_route","Building Surveyor","",""
"starter-route:bulldozer-operator","starter_route","Bulldozer Operator","",""
"starter-route:bus-driver","starter_route","Bus Driver","",""
"starter-route:business-analyst","starter_route","Business Analyst","",""
"starter-route:business-analyst-senior","starter_route","Business Analyst (Senior)","",""
"starter-route:business-consultant","starter_route","Business Consultant","",""
"starter-route:business-development-manager","starter_route","Business Development Manager","",""
"starter-route:business-intelligence-analyst","starter_route","Business Intelligence Analyst","",""
"starter-route:business-process-analyst","starter_route","Business Process Analyst","",""
"starter-route:butcher","starter_route","Butcher","",""
"starter-route:buyer","starter_route","Buyer","",""
"starter-route:cabinet-maker","starter_route","Cabinet Maker","",""
"starter-route:cable-technician","starter_route","Cable Technician","",""
"starter-route:call-centre-agent","starter_route","Call Centre Agent","",""
"starter-route:call-centre-manager","starter_route","Call Centre Manager","",""
"starter-route:car-guard","starter_route","Car Guard","",""
"starter-route:car-mechanic-informal","starter_route","Car Mechanic (Informal)","",""
"starter-route:car-rental-agent","starter_route","Car Rental Agent","",""
"starter-route:car-salesperson","starter_route","Car Salesperson","",""
"starter-route:car-wash-attendant","starter_route","Car Wash Attendant","",""
"starter-route:car-washer","starter_route","Car Washer","",""
"starter-route:care-worker","starter_route","Care Worker","",""
"starter-route:carpenter","starter_route","Carpenter","",""
"starter-route:carpenter-assistant","starter_route","Carpenter Assistant","",""
"starter-route:carpenter-self-employed","starter_route","Carpenter (Self-Employed)","",""
"starter-route:carpet-and-upholstery-cleaner","starter_route","Carpet and Upholstery Cleaner","",""
"starter-route:carpet-fitter","starter_route","Carpet Fitter","",""
"starter-route:cash-in-transit-guard","starter_route","Cash-in-Transit Guard","",""
"starter-route:cash-in-transit-operative","starter_route","Cash-in-Transit Operative","",""
"starter-route:cashier","starter_route","Cashier","",""
"starter-route:casino-worker","starter_route","Casino Worker","",""
"starter-route:caterer-home-based","starter_route","Caterer (Home-Based)","",""
"starter-route:catering-assistant","starter_route","Catering Assistant","",""
"starter-route:catering-manager","starter_route","Catering Manager","",""
"starter-route:cctv-operator","starter_route","CCTV Operator","",""
"starter-route:cell-phone-repairer","starter_route","Cell Phone Repairer","",""
"starter-route:ceramicist","starter_route","Ceramicist","",""
"starter-route:change-manager","starter_route","Change Manager","",""
"starter-route:chartered-accountant-ca-sa","starter_route","Chartered Accountant (CA(SA))","",""
"starter-route:chef","starter_route","Chef","",""
"starter-route:chemical-engineer","starter_route","Chemical Engineer","",""
"starter-route:chemical-engineering-technician","starter_route","Chemical Engineering Technician","",""
"starter-route:chemical-plant-operator","starter_route","Chemical Plant Operator","",""
"starter-route:chemist","starter_route","Chemist","",""
"starter-route:chief-executive-officer","starter_route","Chief Executive Officer","",""
"starter-route:chief-financial-officer","starter_route","Chief Financial Officer","",""
"starter-route:chief-information-officer","starter_route","Chief Information Officer","",""
"starter-route:chief-operations-officer","starter_route","Chief Operations Officer","",""
"starter-route:chief-technology-officer","starter_route","Chief Technology Officer","",""
"starter-route:child-care-worker","starter_route","Child Care Worker","",""
"starter-route:child-minder","starter_route","Child Minder","",""
"starter-route:child-protection-officer","starter_route","Child Protection Officer","",""
"starter-route:chiropractor","starter_route","Chiropractor","",""
"starter-route:choreographer","starter_route","Choreographer","",""
"starter-route:cinematographer","starter_route","Cinematographer","",""
"starter-route:civil-engineer","starter_route","Civil Engineer","",""
"starter-route:civil-engineering-draughtsperson","starter_route","Civil Engineering Draughtsperson","",""
"starter-route:civil-engineering-labourer","starter_route","Civil Engineering Labourer","",""
"starter-route:civil-engineering-technician","starter_route","Civil Engineering Technician","",""
"starter-route:civil-engineering-technologist","starter_route","Civil Engineering Technologist","",""
"starter-route:cleaner","starter_route","Cleaner","",""
"starter-route:cleaner-healthcare","starter_route","Cleaner (Healthcare)","",""
"starter-route:clearing-and-forwarding-agent","starter_route","Clearing and Forwarding Agent","",""
"starter-route:clerical-supervisor","starter_route","Clerical Supervisor","",""
"starter-route:client-liaison-officer","starter_route","Client Liaison Officer","",""
"starter-route:climate-change-analyst","starter_route","Climate Change Analyst","",""
"starter-route:climatologist","starter_route","Climatologist","",""
"starter-route:clinical-director","starter_route","Clinical Director","",""
"starter-route:clinical-psychologist","starter_route","Clinical Psychologist","",""
"starter-route:clinical-research-coordinator","starter_route","Clinical Research Coordinator","",""
"starter-route:close-protection-officer","starter_route","Close Protection Officer","",""
"starter-route:cloud-administrator","starter_route","Cloud Administrator","",""
"starter-route:cloud-architect","starter_route","Cloud Architect","",""
"starter-route:cloud-engineer","starter_route","Cloud Engineer","",""
"starter-route:club-manager","starter_route","Club Manager","",""
"starter-route:cnc-machinist","starter_route","CNC Machinist","",""
"starter-route:cold-chain-logistics-specialist","starter_route","Cold Chain Logistics Specialist","",""
"starter-route:collections-specialist","starter_route","Collections Specialist","",""
"starter-route:commercial-sales-representative","starter_route","Commercial Sales Representative","",""
"starter-route:communications-director","starter_route","Communications Director","",""
"starter-route:communications-officer","starter_route","Communications Officer","",""
"starter-route:community-development-worker","starter_route","Community Development Worker","",""
"starter-route:community-health-worker","starter_route","Community Health Worker","",""
"starter-route:community-health-worker-informal","starter_route","Community Health Worker (Informal)","",""
"starter-route:company-secretary","starter_route","Company Secretary","",""
"starter-route:compliance-manager","starter_route","Compliance Manager","",""
"starter-route:compliance-officer","starter_route","Compliance Officer","",""
"starter-route:computer-network-architect","starter_route","Computer Network Architect","",""
"starter-route:computer-repairer-informal","starter_route","Computer Repairer (Informal)","",""
"starter-route:computer-scientist","starter_route","Computer Scientist","",""
"starter-route:computing-professional-other","starter_route","Computing Professional (Other)","",""
"starter-route:concierge","starter_route","Concierge","",""
"starter-route:conference-organiser","starter_route","Conference Organiser","",""
"starter-route:conservation-scientist","starter_route","Conservation Scientist","",""
"starter-route:construction-assistant","starter_route","Construction Assistant","",""
"starter-route:construction-labourer","starter_route","Construction Labourer","",""
"starter-route:construction-labourer-informal","starter_route","Construction Labourer (Informal)","",""
"starter-route:construction-manager","starter_route","Construction Manager","",""
"starter-route:construction-project-manager","starter_route","Construction Project Manager","",""
"starter-route:construction-safety-officer","starter_route","Construction Safety Officer","",""
"starter-route:construction-site-supervisor","starter_route","Construction Site Supervisor","",""
"starter-route:contact-centre-agent","starter_route","Contact Centre Agent","",""
"starter-route:content-creator","starter_route","Content Creator","",""
"starter-route:content-management-specialist","starter_route","Content Management Specialist","",""
"starter-route:content-writer","starter_route","Content Writer","",""
"starter-route:contract-administrator","starter_route","Contract Administrator","",""
"starter-route:contracts-manager","starter_route","Contracts Manager","",""
"starter-route:conveyancer","starter_route","Conveyancer","",""
"starter-route:conveyor-operator","starter_route","Conveyor Operator","",""
"starter-route:cook","starter_route","Cook","",""
"starter-route:copywriter","starter_route","Copywriter","",""
"starter-route:corporate-trainer","starter_route","Corporate Trainer","",""
"starter-route:correctional-facility-manager","starter_route","Correctional Facility Manager","",""
"starter-route:correctional-services-officer","starter_route","Correctional Services Officer","",""
"starter-route:cost-accountant","starter_route","Cost Accountant","",""
"starter-route:costume-designer","starter_route","Costume Designer","",""
"starter-route:counselling-psychologist","starter_route","Counselling Psychologist","",""
"starter-route:courier","starter_route","Courier","",""
"starter-route:courier-self-employed","starter_route","Courier (Self-Employed)","",""
"starter-route:court-clerk","starter_route","Court Clerk","",""
"starter-route:court-interpreter","starter_route","Court Interpreter","",""
"starter-route:craft-beer-brewer-small-scale","starter_route","Craft Beer Brewer (Small Scale)","",""
"starter-route:craft-worker","starter_route","Craft Worker","",""
"starter-route:crane-operator","starter_route","Crane Operator","",""
"starter-route:creative-director","starter_route","Creative Director","",""
"starter-route:credit-analyst","starter_route","Credit Analyst","",""
"starter-route:credit-manager","starter_route","Credit Manager","",""
"starter-route:creditors-clerk","starter_route","Creditors Clerk","",""
"starter-route:crime-intelligence-analyst","starter_route","Crime Intelligence Analyst","",""
"starter-route:crm-administrator","starter_route","CRM Administrator","",""
"starter-route:crop-farmer","starter_route","Crop Farmer","",""
"starter-route:cruise-ship-attendant","starter_route","Cruise Ship Attendant","",""
"starter-route:cultural-anthropologist","starter_route","Cultural Anthropologist","",""
"starter-route:cultural-event-organiser","starter_route","Cultural Event Organiser","",""
"starter-route:curriculum-developer","starter_route","Curriculum Developer","",""
"starter-route:customer-service-agent","starter_route","Customer Service Agent","",""
"starter-route:customer-service-manager","starter_route","Customer Service Manager","",""
"starter-route:customer-service-representative","starter_route","Customer Service Representative","",""
"starter-route:customs-officer","starter_route","Customs Officer","",""
"starter-route:cyber-security-analyst","starter_route","Cyber Security Analyst","",""
"starter-route:cyber-security-specialist","starter_route","Cyber Security Specialist","",""
"starter-route:dairy-farmer","starter_route","Dairy Farmer","",""
"starter-route:dance-instructor","starter_route","Dance Instructor","",""
"starter-route:dancer","starter_route","Dancer","",""
"starter-route:data-analyst","starter_route","Data Analyst","",""
"starter-route:data-centre-operator","starter_route","Data Centre Operator","",""
"starter-route:data-engineer","starter_route","Data Engineer","",""
"starter-route:data-entry-clerk","starter_route","Data Entry Clerk","",""
"starter-route:data-entry-supervisor","starter_route","Data Entry Supervisor","",""
"starter-route:data-protection-officer","starter_route","Data Protection Officer","",""
"starter-route:data-scientist","starter_route","Data Scientist","",""
"starter-route:database-administrator","starter_route","Database Administrator","",""
"starter-route:day-care-manager","starter_route","Day Care Manager","",""
"starter-route:day-mother","starter_route","Day Mother","",""
"starter-route:debt-collector","starter_route","Debt Collector","",""
"starter-route:debtors-clerk","starter_route","Debtors Clerk","",""
"starter-route:defence-analyst","starter_route","Defence Analyst","",""
"starter-route:defence-scientist","starter_route","Defence Scientist","",""
"starter-route:delivery-driver","starter_route","Delivery Driver","",""
"starter-route:demonstrator","starter_route","Demonstrator","",""
"starter-route:dental-assistant","starter_route","Dental Assistant","",""
"starter-route:dental-hygienist","starter_route","Dental Hygienist","",""
"starter-route:dentist","starter_route","Dentist","",""
"starter-route:devops-engineer","starter_route","DevOps Engineer","",""
"starter-route:diesel-mechanic","starter_route","Diesel Mechanic","",""
"starter-route:dietician","starter_route","Dietician","",""
"starter-route:digital-accessibility-tester","starter_route","Digital Accessibility Tester","",""
"starter-route:digital-forensics-analyst","starter_route","Digital Forensics Analyst","",""
"starter-route:digital-marketing-specialist","starter_route","Digital Marketing Specialist","",""
"starter-route:digital-marketing-technologist","starter_route","Digital Marketing Technologist","",""
"starter-route:digital-print-operator","starter_route","Digital Print Operator","",""
"starter-route:diplomat","starter_route","Diplomat","",""
"starter-route:disability-support-worker","starter_route","Disability Support Worker","",""
"starter-route:disaster-management-officer","starter_route","Disaster Management Officer","",""
"starter-route:dishwasher","starter_route","Dishwasher","",""
"starter-route:dispensing-optician","starter_route","Dispensing Optician","",""
"starter-route:distribution-manager","starter_route","Distribution Manager","",""
"starter-route:diversity-and-inclusion-manager","starter_route","Diversity and Inclusion Manager","",""
"starter-route:dog-walker","starter_route","Dog Walker","",""
"starter-route:domestic-worker","starter_route","Domestic Worker","",""
"starter-route:door-to-door-sales-worker","starter_route","Door-to-Door Sales Worker","",""
"starter-route:drama-teacher","starter_route","Drama Teacher","",""
"starter-route:drama-therapist","starter_route","Drama Therapist","",""
"starter-route:draughtsperson","starter_route","Draughtsperson","",""
"starter-route:dressmaker","starter_route","Dressmaker","",""
"starter-route:dressmaker-informal","starter_route","Dressmaker (Informal)","",""
"starter-route:drone-operator","starter_route","Drone Operator","",""
"starter-route:dry-cleaning-worker","starter_route","Dry-Cleaning Worker","",""
"starter-route:dump-truck-operator","starter_route","Dump Truck Operator","",""
"starter-route:e-learning-developer","starter_route","E-Learning Developer","",""
"starter-route:e-learning-specialist","starter_route","E-Learning Specialist","",""
"starter-route:early-childhood-development-practitioner","starter_route","Early Childhood Development Practitioner","",""
"starter-route:earthmoving-plant-operator","starter_route","Earthmoving Plant Operator","",""
"starter-route:ecd-assistant","starter_route","ECD Assistant","",""
"starter-route:ecologist","starter_route","Ecologist","",""
"starter-route:economist","starter_route","Economist","",""
"starter-route:editor-publications","starter_route","Editor (Publications)","",""
"starter-route:education-assistant","starter_route","Education Assistant","",""
"starter-route:education-consultant","starter_route","Education Consultant","",""
"starter-route:education-manager","starter_route","Education Manager","",""
"starter-route:educational-psychologist","starter_route","Educational Psychologist","",""
"starter-route:elderly-carer-private","starter_route","Elderly Carer (Private)","",""
"starter-route:electoral-officer","starter_route","Electoral Officer","",""
"starter-route:electrical-engineer","starter_route","Electrical Engineer","",""
"starter-route:electrical-engineering-draughtsperson","starter_route","Electrical Engineering Draughtsperson","",""
"starter-route:electrical-engineering-technician","starter_route","Electrical Engineering Technician","",""
"starter-route:electrician-assistant","starter_route","Electrician Assistant","",""
"starter-route:electrician-self-employed","starter_route","Electrician (Self-Employed)","",""
"starter-route:electronics-engineer","starter_route","Electronics Engineer","",""
"starter-route:electroplating-worker","starter_route","Electroplating Worker","",""
"starter-route:embalmer","starter_route","Embalmer","",""
"starter-route:emergency-care-technician","starter_route","Emergency Care Technician","",""
"starter-route:emergency-management-director","starter_route","Emergency Management Director","",""
"starter-route:energy-technician","starter_route","Energy Technician","",""
"starter-route:engineering-manager","starter_route","Engineering Manager","",""
"starter-route:engineering-patternmaker","starter_route","Engineering Patternmaker","",""
"starter-route:engineering-technologist","starter_route","Engineering Technologist","",""
"starter-route:enquiry-clerk","starter_route","Enquiry Clerk","",""
"starter-route:enrolled-nurse","starter_route","Enrolled Nurse","",""
"starter-route:entrepreneur","starter_route","Entrepreneur","",""
"starter-route:entrepreneurship-programme-coordinator","starter_route","Entrepreneurship Programme Coordinator","",""
"starter-route:environmental-health-officer","starter_route","Environmental Health Officer","",""
"starter-route:environmental-health-practitioner","starter_route","Environmental Health Practitioner","",""
"starter-route:environmental-manager","starter_route","Environmental Manager","",""
"starter-route:environmental-officer","starter_route","Environmental Officer","",""
"starter-route:environmental-scientist","starter_route","Environmental Scientist","",""
"starter-route:environmental-scientist-consultant","starter_route","Environmental Scientist / Consultant","",""
"starter-route:epidemiologist","starter_route","Epidemiologist","",""
"starter-route:erp-support-consultant","starter_route","ERP Support Consultant","",""
"starter-route:estate-agent","starter_route","Estate Agent","",""
"starter-route:event-coordinator","starter_route","Event Coordinator","",""
"starter-route:event-decorator","starter_route","Event Decorator","",""
"starter-route:event-manager","starter_route","Event Manager","",""
"starter-route:event-set-up-worker","starter_route","Event Set-Up Worker","",""
"starter-route:event-staff-casual","starter_route","Event Staff (Casual)","",""
"starter-route:excavator-operator","starter_route","Excavator Operator","",""
"starter-route:executive-assistant","starter_route","Executive Assistant","",""
"starter-route:exhibition-designer","starter_route","Exhibition Designer","",""
"starter-route:explosives-worker","starter_route","Explosives Worker","",""
"starter-route:factory-worker","starter_route","Factory Worker","",""
"starter-route:faculty-head","starter_route","Faculty Head","",""
"starter-route:family-therapist","starter_route","Family Therapist","",""
"starter-route:farm-hand","starter_route","Farm Hand","",""
"starter-route:farm-labourer","starter_route","Farm Labourer","",""
"starter-route:farm-labourer-casual","starter_route","Farm Labourer (Casual)","",""
"starter-route:farm-manager","starter_route","Farm Manager","",""
"starter-route:farm-worker","starter_route","Farm Worker","",""
"starter-route:fashion-designer","starter_route","Fashion Designer","",""
"starter-route:fashion-designer-informal","starter_route","Fashion Designer (Informal)","",""
"starter-route:fast-food-cook","starter_route","Fast Food Cook","",""
"starter-route:fence-erector","starter_route","Fence Erector","",""
"starter-route:festival-coordinator","starter_route","Festival Coordinator","",""
"starter-route:field-guide","starter_route","Field Guide","",""
"starter-route:film-director","starter_route","Film Director","",""
"starter-route:film-producer","starter_route","Film Producer","",""
"starter-route:finance-accounting","starter_route","Junior Accountant","",""
"starter-route:finance-clerk","starter_route","Finance Clerk","",""
"starter-route:finance-director","starter_route","Finance Director","",""
"starter-route:finance-manager","starter_route","Finance Manager","",""
"starter-route:finance-officer","starter_route","Finance Officer","",""
"starter-route:financial-advisor","starter_route","Financial Advisor","",""
"starter-route:financial-analyst","starter_route","Financial Analyst","",""
"starter-route:financial-manager","starter_route","Financial Manager","",""
"starter-route:financial-services-adviser","starter_route","Financial Services Adviser","",""
"starter-route:fire-chief","starter_route","Fire Chief","",""
"starter-route:fire-protection-technician","starter_route","Fire Protection Technician","",""
"starter-route:firefighter","starter_route","Firefighter","",""
"starter-route:fish-farm-worker","starter_route","Fish Farm Worker","",""
"starter-route:fisher","starter_route","Fisher","",""
"starter-route:fisheries-officer","starter_route","Fisheries Officer","",""
"starter-route:fishing-labourer","starter_route","Fishing Labourer","",""
"starter-route:fitness-instructor","starter_route","Fitness Instructor","",""
"starter-route:fitter-and-turner","starter_route","Fitter and Turner","",""
"starter-route:fleet-manager","starter_route","Fleet Manager","",""
"starter-route:flight-attendant","starter_route","Flight Attendant","",""
"starter-route:floor-finisher","starter_route","Floor Finisher","",""
"starter-route:florist","starter_route","Florist","",""
"starter-route:food-safety-auditor","starter_route","Food Safety Auditor","",""
"starter-route:food-scientist","starter_route","Food Scientist","",""
"starter-route:food-service-manager","starter_route","Food Service Manager","",""
"starter-route:food-technologist","starter_route","Food Technologist","",""
"starter-route:food-vendor","starter_route","Food Vendor","",""
"starter-route:foreign-service-officer","starter_route","Foreign Service Officer","",""
"starter-route:forensic-analyst","starter_route","Forensic Analyst","",""
"starter-route:forensic-investigator","starter_route","Forensic Investigator","",""
"starter-route:forensic-scientist","starter_route","Forensic Scientist","",""
"starter-route:forester","starter_route","Forester","",""
"starter-route:forestry-technician","starter_route","Forestry Technician","",""
"starter-route:forklift-driver","starter_route","Forklift Driver","",""
"starter-route:forklift-operator","starter_route","Forklift Operator","",""
"starter-route:franchise-manager","starter_route","Franchise Manager","",""
"starter-route:fraud-analyst","starter_route","Fraud Analyst","",""
"starter-route:freelance-writer","starter_route","Freelance Writer","",""
"starter-route:freight-forwarder","starter_route","Freight Forwarder","",""
"starter-route:front-end-developer","starter_route","Front-End Developer","",""
"starter-route:front-of-house-manager","starter_route","Front of House Manager","",""
"starter-route:fruit-and-vegetable-seller","starter_route","Fruit and Vegetable Seller","",""
"starter-route:fruit-picker","starter_route","Fruit Picker","",""
"starter-route:fruit-picker-seasonal","starter_route","Fruit Picker (Seasonal)","",""
"starter-route:full-stack-developer","starter_route","Full-Stack Developer","",""
"starter-route:funeral-worker","starter_route","Funeral Worker","",""
"starter-route:furnace-operator","starter_route","Furnace Operator","",""
"starter-route:furniture-maker-informal","starter_route","Furniture Maker (Informal)","",""
"starter-route:furniture-removals","starter_route","Furniture Removals","",""
"starter-route:gallery-curator","starter_route","Gallery Curator","",""
"starter-route:game-developer","starter_route","Game Developer","",""
"starter-route:game-farmer","starter_route","Game Farmer","",""
"starter-route:game-ranger","starter_route","Game Ranger","",""
"starter-route:gaming-table-supervisor","starter_route","Gaming Table Supervisor","",""
"starter-route:garden-worker","starter_route","Garden Worker","",""
"starter-route:gardener","starter_route","Gardener","",""
"starter-route:gardener-domestic","starter_route","Gardener (Domestic)","",""
"starter-route:gas-fitter","starter_route","Gas Fitter","",""
"starter-route:gate-attendant","starter_route","Gate Attendant","",""
"starter-route:general-clerk","starter_route","General Clerk","",""
"starter-route:general-hand","starter_route","General Hand","",""
"starter-route:general-labourer","starter_route","General Labourer","",""
"starter-route:general-manager","starter_route","General Manager","",""
"starter-route:general-office-clerk","starter_route","General Office Clerk","",""
"starter-route:geneticist","starter_route","Geneticist","",""
"starter-route:geochemist","starter_route","Geochemist","",""
"starter-route:geographic-information-systems-analyst","starter_route","Geographic Information Systems Analyst","",""
"starter-route:geography-teacher","starter_route","Geography Teacher","",""
"starter-route:geologist","starter_route","Geologist","",""
"starter-route:geophysicist","starter_route","Geophysicist","",""
"starter-route:geotechnical-engineer","starter_route","Geotechnical Engineer","",""
"starter-route:gis-technician","starter_route","GIS Technician","",""
"starter-route:glass-blower","starter_route","Glass Blower","",""
"starter-route:glazier","starter_route","Glazier","",""
"starter-route:government-director","starter_route","Government Director","",""
"starter-route:government-policy-analyst","starter_route","Government Policy Analyst","",""
"starter-route:grader-operator","starter_route","Grader Operator","",""
"starter-route:graphic-designer","starter_route","Graphic Designer","",""
"starter-route:graphic-designer-freelance","starter_route","Graphic Designer (Freelance)","",""
"starter-route:grinding-machine-operator","starter_route","Grinding Machine Operator","",""
"starter-route:grocery-packer","starter_route","Grocery Packer","",""
"starter-route:groundskeeper","starter_route","Groundskeeper","",""
"starter-route:guest-house-manager","starter_route","Guest House Manager","",""
"starter-route:hair-braider","starter_route","Hair Braider","",""
"starter-route:hairdresser","starter_route","Hairdresser","",""
"starter-route:hand-packer","starter_route","Hand Packer","",""
"starter-route:handyman","starter_route","Handyman","",""
"starter-route:harvest-worker","starter_route","Harvest Worker","",""
"starter-route:hawker","starter_route","Hawker","",""
"starter-route:head-waiter","starter_route","Head Waiter","",""
"starter-route:health-and-safety-officer","starter_route","Health and Safety Officer","",""
"starter-route:health-promotion-officer","starter_route","Health Promotion Officer","",""
"starter-route:health-services-manager","starter_route","Health Services Manager","",""
"starter-route:heavy-truck-driver","starter_route","Heavy Truck Driver","",""
"starter-route:heavy-vehicle-mechanic","starter_route","Heavy Vehicle Mechanic","",""
"starter-route:help-desk-support","starter_route","Help Desk Support","",""
"starter-route:herdsperson","starter_route","Herdsperson","",""
"starter-route:heritage-officer","starter_route","Heritage Officer","",""
"starter-route:history-teacher","starter_route","History Teacher","",""
"starter-route:hoist-operator","starter_route","Hoist Operator","",""
"starter-route:home-affairs-officer","starter_route","Home Affairs Officer","",""
"starter-route:home-baker","starter_route","Home Baker","",""
"starter-route:home-care-worker","starter_route","Home Care Worker","",""
"starter-route:home-carer","starter_route","Home Carer","",""
"starter-route:homeopathy-practitioner","starter_route","Homeopathy Practitioner","",""
"starter-route:horticulturist","starter_route","Horticulturist","",""
"starter-route:hospital-administrator","starter_route","Hospital Administrator","",""
"starter-route:hospital-ceo","starter_route","Hospital CEO","",""
"starter-route:hotel-general-manager","starter_route","Hotel General Manager","",""
"starter-route:hotel-manager","starter_route","Hotel Manager","",""
"starter-route:hotel-receptionist","starter_route","Hotel Receptionist","",""
"starter-route:housekeeper","starter_route","Housekeeper","",""
"starter-route:housekeeper-hospitality","starter_route","Housekeeper (Hospitality)","",""
"starter-route:housekeeper-private","starter_route","Housekeeper (Private)","",""
"starter-route:hr-manager","starter_route","HR Manager","",""
"starter-route:human-resources-clerk","starter_route","Human Resources Clerk","",""
"starter-route:human-resources-director","starter_route","Human Resources Director","",""
"starter-route:hydrologist","starter_route","Hydrologist","",""
"starter-route:ict-director","starter_route","ICT Director","",""
"starter-route:ict-sales-professional","starter_route","ICT Sales Professional","",""
"starter-route:illustrator","starter_route","Illustrator","",""
"starter-route:immigration-officer","starter_route","Immigration Officer","",""
"starter-route:industrial-chemist","starter_route","Industrial Chemist","",""
"starter-route:industrial-cleaner","starter_route","Industrial Cleaner","",""
"starter-route:industrial-designer","starter_route","Industrial Designer","",""
"starter-route:industrial-engineer","starter_route","Industrial Engineer","",""
"starter-route:infantry-soldier","starter_route","Infantry Soldier","",""
"starter-route:infection-control-nurse","starter_route","Infection Control Nurse","",""
"starter-route:informal-food-outlet-operator","starter_route","Informal Food Outlet Operator","",""
"starter-route:informal-trader","starter_route","Informal Trader","",""
"starter-route:information-clerk","starter_route","Information Clerk","",""
"starter-route:information-officer","starter_route","Information Officer","",""
"starter-route:information-security-manager","starter_route","Information Security Manager","",""
"starter-route:information-systems-manager","starter_route","Information Systems Manager","",""
"starter-route:innovation-manager","starter_route","Innovation Manager","",""
"starter-route:instructional-designer","starter_route","Instructional Designer","",""
"starter-route:instrument-technician","starter_route","Instrument Technician","",""
"starter-route:insurance-broker","starter_route","Insurance Broker","",""
"starter-route:insurance-claims-assessor","starter_route","Insurance Claims Assessor","",""
"starter-route:insurance-sales-agent","starter_route","Insurance Sales Agent","",""
"starter-route:interior-designer","starter_route","Interior Designer","",""
"starter-route:internal-auditor","starter_route","Internal Auditor","",""
"starter-route:interpreter","starter_route","Interpreter","",""
"starter-route:inventory-controller","starter_route","Inventory Controller","",""
"starter-route:investment-manager","starter_route","Investment Manager","",""
"starter-route:investment-operations-analyst","starter_route","Investment Operations Analyst","",""
"starter-route:iot-specialist","starter_route","IoT Specialist","",""
"starter-route:ironing-worker","starter_route","Ironing Worker","",""
"starter-route:it-auditor","starter_route","IT Auditor","",""
"starter-route:it-coordinator","starter_route","IT Coordinator","",""
"starter-route:it-governance-specialist","starter_route","IT Governance Specialist","",""
"starter-route:it-manager","starter_route","IT Manager","",""
"starter-route:it-procurement-specialist","starter_route","IT Procurement Specialist","",""
"starter-route:it-project-manager","starter_route","IT Project Manager","",""
"starter-route:it-security-architect","starter_route","IT Security Architect","",""
"starter-route:it-service-desk-manager","starter_route","IT Service Desk Manager","",""
"starter-route:it-support-manager","starter_route","IT Support Manager","",""
"starter-route:it-support-technician","starter_route","IT Support Technician","",""
"starter-route:it-trainer","starter_route","IT Trainer","",""
"starter-route:jewellery-designer","starter_route","Jewellery Designer","",""
"starter-route:jewellery-maker","starter_route","Jewellery Maker","",""
"starter-route:journalist","starter_route","Journalist","",""
"starter-route:judge","starter_route","Judge","",""
"starter-route:key-account-manager","starter_route","Key Account Manager","",""
"starter-route:kitchen-hand","starter_route","Kitchen Hand","",""
"starter-route:knitting-worker","starter_route","Knitting Worker","",""
"starter-route:knowledge-management-specialist","starter_route","Knowledge Management Specialist","",""
"starter-route:laboratory-manager","starter_route","Laboratory Manager","",""
"starter-route:laboratory-technician","starter_route","Laboratory Technician","",""
"starter-route:laboratory-technician-manufacturing","starter_route","Laboratory Technician (Manufacturing)","",""
"starter-route:laboratory-technologist","starter_route","Laboratory Technologist","",""
"starter-route:labour-inspector","starter_route","Labour Inspector","",""
"starter-route:labour-relations-manager","starter_route","Labour Relations Manager","",""
"starter-route:labour-relations-officer","starter_route","Labour Relations Officer","",""
"starter-route:land-surveyor","starter_route","Land Surveyor","",""
"starter-route:landscape-architect","starter_route","Landscape Architect","",""
"starter-route:landscape-gardener","starter_route","Landscape Gardener","",""
"starter-route:language-teacher","starter_route","Language Teacher","",""
"starter-route:lathe-operator","starter_route","Lathe Operator","",""
"starter-route:laundry-operator-informal","starter_route","Laundry Operator (Informal)","",""
"starter-route:laundry-worker","starter_route","Laundry Worker","",""
"starter-route:leather-worker","starter_route","Leather Worker","",""
"starter-route:legal-advisor","starter_route","Legal Advisor","",""
"starter-route:legal-secretary","starter_route","Legal Secretary","",""
"starter-route:librarian","starter_route","Librarian","",""
"starter-route:library-assistant","starter_route","Library Assistant","",""
"starter-route:licensing-officer","starter_route","Licensing Officer","",""
"starter-route:life-orientation-teacher","starter_route","Life Orientation Teacher","",""
"starter-route:lifeguard","starter_route","Lifeguard","",""
"starter-route:lift-technician","starter_route","Lift Technician","",""
"starter-route:lighting-designer","starter_route","Lighting Designer","",""
"starter-route:lighting-technician","starter_route","Lighting Technician","",""
"starter-route:livestock-farmer","starter_route","Livestock Farmer","",""
"starter-route:loading-and-unloading-worker","starter_route","Loading and Unloading Worker","",""
"starter-route:local-authority-manager","starter_route","Local Authority Manager","",""
"starter-route:locksmith","starter_route","Locksmith","",""
"starter-route:lodge-manager","starter_route","Lodge Manager","",""
"starter-route:logistics-clerk","starter_route","Logistics Clerk","",""
"starter-route:logistics-coordinator","starter_route","Logistics Coordinator","",""
"starter-route:logistics-manager","starter_route","Logistics Manager","",""
"starter-route:loss-prevention-officer","starter_route","Loss Prevention Officer","",""
"starter-route:machine-learning-engineer","starter_route","Machine Learning Engineer","",""
"starter-route:machine-operator","starter_route","Machine Operator","",""
"starter-route:magistrate","starter_route","Magistrate","",""
"starter-route:mail-sorter","starter_route","Mail Sorter","",""
"starter-route:make-up-artist","starter_route","Make-Up Artist","",""
"starter-route:management-accountant","starter_route","Management Accountant","",""
"starter-route:management-consultant","starter_route","Management Consultant","",""
"starter-route:managing-director","starter_route","Managing Director","",""
"starter-route:managing-partner-professional-services","starter_route","Managing Partner (Professional Services)","",""
"starter-route:manufacturing-manager","starter_route","Manufacturing Manager","",""
"starter-route:market-research-analyst","starter_route","Market Research Analyst","",""
"starter-route:market-stall-holder","starter_route","Market Stall Holder","",""
"starter-route:marketing-assistant","starter_route","Marketing Assistant","",""
"starter-route:marketing-coordinator","starter_route","Marketing Coordinator","",""
"starter-route:marketing-director","starter_route","Marketing Director","",""
"starter-route:marketing-manager","starter_route","Marketing Manager","",""
"starter-route:materials-handler","starter_route","Materials Handler","",""
"starter-route:materials-scientist","starter_route","Materials Scientist","",""
"starter-route:mathematician","starter_route","Mathematician","",""
"starter-route:mathematics-teacher","starter_route","Mathematics Teacher","",""
"starter-route:mattress-maker","starter_route","Mattress Maker","",""
"starter-route:mechanical-engineer","starter_route","Mechanical Engineer","",""
"starter-route:mechanical-engineering-draughtsperson","starter_route","Mechanical Engineering Draughtsperson","",""
"starter-route:mechanical-engineering-technician","starter_route","Mechanical Engineering Technician","",""
"starter-route:mechatronics-technician","starter_route","Mechatronics Technician","",""
"starter-route:media-sales-representative","starter_route","Media Sales Representative","",""
"starter-route:medical-laboratory-technician","starter_route","Medical Laboratory Technician","",""
"starter-route:medical-practitioner","starter_route","Medical Practitioner","",""
"starter-route:medical-scientist","starter_route","Medical Scientist","",""
"starter-route:medical-specialist","starter_route","Medical Specialist","",""
"starter-route:medical-superintendent","starter_route","Medical Superintendent","",""
"starter-route:medical-technologist","starter_route","Medical Technologist","",""
"starter-route:mental-health-nurse","starter_route","Mental Health Nurse","",""
"starter-route:merchandiser","starter_route","Merchandiser","",""
"starter-route:messenger","starter_route","Messenger","",""
"starter-route:metal-casting-worker","starter_route","Metal Casting Worker","",""
"starter-route:metal-fabricator","starter_route","Metal Fabricator","",""
"starter-route:metallurgical-engineer","starter_route","Metallurgical Engineer","",""
"starter-route:metallurgist","starter_route","Metallurgist","",""
"starter-route:meteorologist","starter_route","Meteorologist","",""
"starter-route:metro-police-officer","starter_route","Metro Police Officer","",""
"starter-route:microbiologist","starter_route","Microbiologist","",""
"starter-route:midwife","starter_route","Midwife","",""
"starter-route:military-communication-specialist","starter_route","Military Communication Specialist","",""
"starter-route:military-engineer","starter_route","Military Engineer","",""
"starter-route:military-intelligence-officer","starter_route","Military Intelligence Officer","",""
"starter-route:military-it-specialist","starter_route","Military IT Specialist","",""
"starter-route:military-logistician","starter_route","Military Logistician","",""
"starter-route:military-medic","starter_route","Military Medic","",""
"starter-route:military-nurse","starter_route","Military Nurse","",""
"starter-route:military-officer","starter_route","Military Officer","",""
"starter-route:military-pilot","starter_route","Military Pilot","",""
"starter-route:military-police","starter_route","Military Police","",""
"starter-route:milling-machine-operator","starter_route","Milling Machine Operator","",""
"starter-route:millwright","starter_route","Millwright","",""
"starter-route:mine-loader","starter_route","Mine Loader","",""
"starter-route:mine-manager","starter_route","Mine Manager","",""
"starter-route:mine-overseer","starter_route","Mine Overseer","",""
"starter-route:mine-planner","starter_route","Mine Planner","",""
"starter-route:mine-safety-officer","starter_route","Mine Safety Officer","",""
"starter-route:mine-surveyor","starter_route","Mine Surveyor","",""
"starter-route:miner","starter_route","Miner","",""
"starter-route:mining-engineer","starter_route","Mining Engineer","",""
"starter-route:mining-labourer","starter_route","Mining Labourer","",""
"starter-route:mining-manager","starter_route","Mining Manager","",""
"starter-route:mining-technician","starter_route","Mining Technician","",""
"starter-route:mixed-crop-and-livestock-farmer","starter_route","Mixed Crop and Livestock Farmer","",""
"starter-route:mobile-app-developer","starter_route","Mobile App Developer","",""
"starter-route:mobile-barber","starter_route","Mobile Barber","",""
"starter-route:model","starter_route","Model","",""
"starter-route:mortgage-broker","starter_route","Mortgage Broker","",""
"starter-route:mortuary-attendant","starter_route","Mortuary Attendant","",""
"starter-route:motion-graphics-designer","starter_route","Motion Graphics Designer","",""
"starter-route:motorcycle-mechanic","starter_route","Motorcycle Mechanic","",""
"starter-route:mould-maker","starter_route","Mould Maker","",""
"starter-route:multimedia-designer","starter_route","Multimedia Designer","",""
"starter-route:municipal-by-law-enforcement-officer","starter_route","Municipal By-Law Enforcement Officer","",""
"starter-route:municipal-manager","starter_route","Municipal Manager","",""
"starter-route:municipal-officer","starter_route","Municipal Officer","",""
"starter-route:museum-curator","starter_route","Museum Curator","",""
"starter-route:museum-educator","starter_route","Museum Educator","",""
"starter-route:museum-tour-guide","starter_route","Museum Tour Guide","",""
"starter-route:music-composer","starter_route","Music Composer","",""
"starter-route:music-director","starter_route","Music Director","",""
"starter-route:music-producer","starter_route","Music Producer","",""
"starter-route:music-teacher","starter_route","Music Teacher","",""
"starter-route:music-therapist","starter_route","Music Therapist","",""
"starter-route:musician","starter_route","Musician","",""
"starter-route:nail-technician","starter_route","Nail Technician","",""
"starter-route:nanny","starter_route","Nanny","",""
"starter-route:nanotechnologist","starter_route","Nanotechnologist","",""
"starter-route:nature-conservation-officer","starter_route","Nature Conservation Officer","",""
"starter-route:naturopath","starter_route","Naturopath","",""
"starter-route:naval-officer","starter_route","Naval Officer","",""
"starter-route:naval-sailor","starter_route","Naval Sailor","",""
"starter-route:network-administrator","starter_route","Network Administrator","",""
"starter-route:network-security-specialist","starter_route","Network Security Specialist","",""
"starter-route:network-technician","starter_route","Network Technician","",""
"starter-route:no-code-automation-builder","starter_route","No-Code Automation Builder","",""
"starter-route:non-executive-director","starter_route","Non-Executive Director","",""
"starter-route:notary","starter_route","Notary","",""
"starter-route:nuclear-scientist","starter_route","Nuclear Scientist","",""
"starter-route:nursery-worker","starter_route","Nursery Worker","",""
"starter-route:nursing-assistant","starter_route","Nursing Assistant","",""
"starter-route:nursing-manager","starter_route","Nursing Manager","",""
"starter-route:nutritionist","starter_route","Nutritionist","",""
"starter-route:occupational-health-and-safety-officer","starter_route","Occupational Health and Safety Officer","",""
"starter-route:occupational-health-nurse","starter_route","Occupational Health Nurse","",""
"starter-route:occupational-therapist","starter_route","Occupational Therapist","",""
"starter-route:oceanographer","starter_route","Oceanographer","",""
"starter-route:odd-job-worker","starter_route","Odd Job Worker","",""
"starter-route:office-administrator","starter_route","Office Administrator","",""
"starter-route:office-cleaner","starter_route","Office Cleaner","",""
"starter-route:office-manager","starter_route","Office Manager","",""
"starter-route:office-runner","starter_route","Office Runner","",""
"starter-route:ombudsman","starter_route","Ombudsman","",""
"starter-route:online-tutor","starter_route","Online Tutor","",""
"starter-route:operations-coordinator","starter_route","Operations Coordinator","",""
"starter-route:operations-manager","starter_route","Operations Manager","",""
"starter-route:operations-researcher","starter_route","Operations Researcher","",""
"starter-route:optometrist","starter_route","Optometrist","",""
"starter-route:organisational-development-manager","starter_route","Organisational Development Manager","",""
"starter-route:packaging-labourer","starter_route","Packaging Labourer","",""
"starter-route:packaging-operator","starter_route","Packaging Operator","",""
"starter-route:packer","starter_route","Packer","",""
"starter-route:paediatrician","starter_route","Paediatrician","",""
"starter-route:paint-sprayer-industrial","starter_route","Paint Sprayer (Industrial)","",""
"starter-route:painter-and-decorator","starter_route","Painter and Decorator","",""
"starter-route:painter-artist","starter_route","Painter (Artist)","",""
"starter-route:painter-labourer","starter_route","Painter Labourer","",""
"starter-route:painter-self-employed","starter_route","Painter (Self-Employed)","",""
"starter-route:painting-trades-worker","starter_route","Painting Trades Worker","",""
"starter-route:paleontologist","starter_route","Paleontologist","",""
"starter-route:panel-beater","starter_route","Panel Beater","",""
"starter-route:panel-beater-informal","starter_route","Panel Beater (Informal)","",""
"starter-route:paralegal","starter_route","Paralegal","",""
"starter-route:paramedic","starter_route","Paramedic","",""
"starter-route:park-maintenance-worker","starter_route","Park Maintenance Worker","",""
"starter-route:park-ranger","starter_route","Park Ranger","",""
"starter-route:parking-attendant","starter_route","Parking Attendant","",""
"starter-route:parking-meter-attendant","starter_route","Parking Meter Attendant","",""
"starter-route:parole-officer","starter_route","Parole Officer","",""
"starter-route:pastry-chef","starter_route","Pastry Chef","",""
"starter-route:patent-examiner","starter_route","Patent Examiner","",""
"starter-route:pathologist","starter_route","Pathologist","",""
"starter-route:paving-contractor","starter_route","Paving Contractor","",""
"starter-route:payroll-administrator","starter_route","Payroll Administrator","",""
"starter-route:payroll-clerk","starter_route","Payroll Clerk","",""
"starter-route:payroll-officer","starter_route","Payroll Officer","",""
"starter-route:peacekeeping-officer","starter_route","Peacekeeping Officer","",""
"starter-route:penetration-tester","starter_route","Penetration Tester","",""
"starter-route:personal-assistant","starter_route","Personal Assistant","",""
"starter-route:personal-trainer","starter_route","Personal Trainer","",""
"starter-route:pest-control-technician","starter_route","Pest Control Technician","",""
"starter-route:pet-groomer","starter_route","Pet Groomer","",""
"starter-route:petroleum-engineer","starter_route","Petroleum Engineer","",""
"starter-route:pharmaceutical-sales-representative","starter_route","Pharmaceutical Sales Representative","",""
"starter-route:pharmacist","starter_route","Pharmacist","",""
"starter-route:pharmacologist","starter_route","Pharmacologist","",""
"starter-route:pharmacy-assistant","starter_route","Pharmacy Assistant","",""
"starter-route:photographer","starter_route","Photographer","",""
"starter-route:photographer-freelance","starter_route","Photographer (Freelance)","",""
"starter-route:physical-education-teacher","starter_route","Physical Education Teacher","",""
"starter-route:physicist","starter_route","Physicist","",""
"starter-route:physiotherapist","starter_route","Physiotherapist","",""
"starter-route:pilot","starter_route","Pilot","",""
"starter-route:pipe-fitter","starter_route","Pipe Fitter","",""
"starter-route:plant-manager","starter_route","Plant Manager","",""
"starter-route:plant-operator","starter_route","Plant Operator","",""
"starter-route:plasterer","starter_route","Plasterer","",""
"starter-route:plastics-worker","starter_route","Plastics Worker","",""
"starter-route:plumber","starter_route","Plumber","",""
"starter-route:plumber-assistant","starter_route","Plumber Assistant","",""
"starter-route:plumber-self-employed","starter_route","Plumber (Self-Employed)","",""
"starter-route:police-detective","starter_route","Police Detective","",""
"starter-route:policy-director","starter_route","Policy Director","",""
"starter-route:port-security-officer","starter_route","Port Security Officer","",""
"starter-route:port-worker","starter_route","Port Worker","",""
"starter-route:porter","starter_route","Porter","",""
"starter-route:portfolio-manager","starter_route","Portfolio Manager","",""
"starter-route:post-office-manager","starter_route","Post Office Manager","",""
"starter-route:postal-worker","starter_route","Postal Worker","",""
"starter-route:potter","starter_route","Potter","",""
"starter-route:poultry-farmer","starter_route","Poultry Farmer","",""
"starter-route:power-plant-operator","starter_route","Power Plant Operator","",""
"starter-route:prepress-technician","starter_route","Prepress Technician","",""
"starter-route:press-machine-operator","starter_route","Press Machine Operator","",""
"starter-route:primary-health-care-nurse","starter_route","Primary Health Care Nurse","",""
"starter-route:primary-school-teacher","starter_route","Primary School Teacher","",""
"starter-route:printing-worker","starter_route","Printing Worker","",""
"starter-route:private-security-operator","starter_route","Private Security Operator","",""
"starter-route:probation-officer","starter_route","Probation Officer","",""
"starter-route:process-engineer","starter_route","Process Engineer","",""
"starter-route:process-operator","starter_route","Process Operator","",""
"starter-route:procurement-manager","starter_route","Procurement Manager","",""
"starter-route:procurement-officer","starter_route","Procurement Officer","",""
"starter-route:product-manager","starter_route","Product Manager","",""
"starter-route:production-assistant-media","starter_route","Production Assistant (Media)","",""
"starter-route:production-manager","starter_route","Production Manager","",""
"starter-route:production-supervisor","starter_route","Production Supervisor","",""
"starter-route:production-worker","starter_route","Production Worker","",""
"starter-route:professor","starter_route","Professor","",""
"starter-route:programme-manager","starter_route","Programme Manager","",""
"starter-route:project-coordinator","starter_route","Project Coordinator","",""
"starter-route:project-manager","starter_route","Project Manager","",""
"starter-route:promotional-staff","starter_route","Promotional Staff","",""
"starter-route:promotions-officer","starter_route","Promotions Officer","",""
"starter-route:prompt-engineer","starter_route","Prompt Engineer","",""
"starter-route:proofreader","starter_route","Proofreader","",""
"starter-route:property-manager","starter_route","Property Manager","",""
"starter-route:psychiatrist","starter_route","Psychiatrist","",""
"starter-route:public-administrator","starter_route","Public Administrator","",""
"starter-route:public-prosecutor","starter_route","Public Prosecutor","",""
"starter-route:public-protector","starter_route","Public Protector","",""
"starter-route:public-relations-manager","starter_route","Public Relations Manager","",""
"starter-route:public-relations-officer","starter_route","Public Relations Officer","",""
"starter-route:public-sector-manager","starter_route","Public Sector Manager","",""
"starter-route:publishing-assistant","starter_route","Publishing Assistant","",""
"starter-route:purchasing-officer","starter_route","Purchasing Officer","",""
"starter-route:qa-tester","starter_route","QA Tester","",""
"starter-route:quality-controller","starter_route","Quality Controller","",""
"starter-route:quality-controller-food","starter_route","Quality Controller (Food)","",""
"starter-route:quality-manager","starter_route","Quality Manager","",""
"starter-route:quantitative-analyst","starter_route","Quantitative Analyst","",""
"starter-route:quantity-surveying-technician","starter_route","Quantity Surveying Technician","",""
"starter-route:quantity-surveyor","starter_route","Quantity Surveyor","",""
"starter-route:quantum-computing-specialist","starter_route","Quantum Computing Specialist","",""
"starter-route:radiation-protection-officer","starter_route","Radiation Protection Officer","",""
"starter-route:radio-communications-technician","starter_route","Radio Communications Technician","",""
"starter-route:radio-presenter","starter_route","Radio Presenter","",""
"starter-route:radiographer","starter_route","Radiographer","",""
"starter-route:radiologist","starter_route","Radiologist","",""
"starter-route:real-estate-agent","starter_route","Real Estate Agent","",""
"starter-route:receptionist","starter_route","Receptionist","",""
"starter-route:records-manager","starter_route","Records Manager","",""
"starter-route:recreation-officer","starter_route","Recreation Officer","",""
"starter-route:recruitment-manager","starter_route","Recruitment Manager","",""
"starter-route:recycling-collector","starter_route","Recycling Collector","",""
"starter-route:recycling-worker","starter_route","Recycling Worker","",""
"starter-route:refinery-operator","starter_route","Refinery Operator","",""
"starter-route:refrigeration-technician","starter_route","Refrigeration Technician","",""
"starter-route:refuse-collector","starter_route","Refuse Collector","",""
"starter-route:registered-nurse","starter_route","Registered Nurse","",""
"starter-route:renewable-energy-engineer","starter_route","Renewable Energy Engineer","",""
"starter-route:research-assistant","starter_route","Research Assistant","",""
"starter-route:research-director","starter_route","Research Director","",""
"starter-route:research-scientist","starter_route","Research Scientist","",""
"starter-route:researcher-education","starter_route","Researcher (Education)","",""
"starter-route:reservist","starter_route","Reservist","",""
"starter-route:restaurant-general-manager","starter_route","Restaurant General Manager","",""
"starter-route:restaurant-manager","starter_route","Restaurant Manager","",""
"starter-route:retail-general-manager","starter_route","Retail General Manager","",""
"starter-route:retail-manager","starter_route","Retail Manager","",""
"starter-route:retail-sales-assistant","starter_route","Retail Sales Assistant","",""
"starter-route:retail-supervisor","starter_route","Retail Supervisor","",""
"starter-route:rigger","starter_route","Rigger","",""
"starter-route:risk-analyst","starter_route","Risk Analyst","",""
"starter-route:risk-manager","starter_route","Risk Manager","",""
"starter-route:road-worker","starter_route","Road Worker","",""
"starter-route:robotics-technician","starter_route","Robotics Technician","",""
"starter-route:rock-driller","starter_route","Rock Driller","",""
"starter-route:rock-engineer","starter_route","Rock Engineer","",""
"starter-route:roofer","starter_route","Roofer","",""
"starter-route:route-planner","starter_route","Route Planner","",""
"starter-route:rubber-worker","starter_route","Rubber Worker","",""
"starter-route:sales-administrator","starter_route","Sales Administrator","",""
"starter-route:sales-assistant","starter_route","Sales Assistant","",""
"starter-route:sales-clerk","starter_route","Sales Clerk","",""
"starter-route:sales-director","starter_route","Sales Director","",""
"starter-route:sales-manager","starter_route","Sales Manager","",""
"starter-route:sales-representative","starter_route","Sales Representative","",""
"starter-route:sandf-member","starter_route","SANDF Member","",""
"starter-route:sangoma","starter_route","Sangoma","",""
"starter-route:saps-detective","starter_route","SAPS Detective","",""
"starter-route:saps-officer","starter_route","SAPS Officer","",""
"starter-route:sars-official","starter_route","SARS Official","",""
"starter-route:satellite-communications-technician","starter_route","Satellite Communications Technician","",""
"starter-route:scaffolder","starter_route","Scaffolder","",""
"starter-route:school-counsellor","starter_route","School Counsellor","",""
"starter-route:school-principal","starter_route","School Principal","",""
"starter-route:science-communicator","starter_route","Science Communicator","",""
"starter-route:science-laboratory-manager","starter_route","Science Laboratory Manager","",""
"starter-route:science-teacher","starter_route","Science Teacher","",""
"starter-route:scrap-metal-collector","starter_route","Scrap Metal Collector","",""
"starter-route:screen-printer","starter_route","Screen Printer","",""
"starter-route:screenwriter","starter_route","Screenwriter","",""
"starter-route:scrum-master","starter_route","Scrum Master","",""
"starter-route:sculptor","starter_route","Sculptor","",""
"starter-route:search-engine-evaluator","starter_route","Search Engine Evaluator","",""
"starter-route:second-hand-goods-seller","starter_route","Second-Hand Goods Seller","",""
"starter-route:secondary-school-teacher","starter_route","Secondary School Teacher","",""
"starter-route:secretary","starter_route","Secretary","",""
"starter-route:security-consultant","starter_route","Security Consultant","",""
"starter-route:security-guard","starter_route","Security Guard","",""
"starter-route:security-manager","starter_route","Security Manager","",""
"starter-route:security-officer","starter_route","Security Officer","",""
"starter-route:security-operations-centre-analyst","starter_route","Security Operations Centre Analyst","",""
"starter-route:security-response-officer","starter_route","Security Response Officer","",""
"starter-route:security-supervisor","starter_route","Security Supervisor","",""
"starter-route:seismologist","starter_route","Seismologist","",""
"starter-route:sensory-scientist","starter_route","Sensory Scientist","",""
"starter-route:seo-specialist","starter_route","SEO Specialist","",""
"starter-route:service-station-attendant","starter_route","Service Station Attendant","",""
"starter-route:set-designer","starter_route","Set Designer","",""
"starter-route:sewing-machine-operator-informal","starter_route","Sewing Machine Operator (Informal)","",""
"starter-route:shearer","starter_route","Shearer","",""
"starter-route:shebeen-owner","starter_route","Shebeen Owner","",""
"starter-route:sheet-metal-worker","starter_route","Sheet Metal Worker","",""
"starter-route:shelf-filler","starter_route","Shelf Filler","",""
"starter-route:shelf-packer-night-fill","starter_route","Shelf Packer (Night Fill)","",""
"starter-route:ship-captain","starter_route","Ship Captain","",""
"starter-route:shipping-and-receiving-clerk","starter_route","Shipping and Receiving Clerk","",""
"starter-route:shipping-clerk","starter_route","Shipping Clerk","",""
"starter-route:ships-deck-officer","starter_route","Ships Deck Officer","",""
"starter-route:shoe-repairer","starter_route","Shoe Repairer","",""
"starter-route:shoemaker","starter_route","Shoemaker","",""
"starter-route:shop-sales-assistant","starter_route","Shop Sales Assistant","",""
"starter-route:sign-language-interpreter","starter_route","Sign Language Interpreter","",""
"starter-route:singer","starter_route","Singer","",""
"starter-route:site-manager","starter_route","Site Manager","",""
"starter-route:site-reliability-engineer","starter_route","Site Reliability Engineer","",""
"starter-route:skills-development-facilitator","starter_route","Skills Development Facilitator","",""
"starter-route:small-business-owner","starter_route","Small Business Owner","",""
"starter-route:small-engine-mechanic","starter_route","Small Engine Mechanic","",""
"starter-route:social-media-influencer","starter_route","Social Media Influencer","",""
"starter-route:social-media-manager","starter_route","Social Media Manager","",""
"starter-route:social-worker","starter_route","Social Worker","",""
"starter-route:software-developer","starter_route","Software Developer","",""
"starter-route:software-tester","starter_route","Software Tester","",""
"starter-route:soil-scientist","starter_route","Soil Scientist","",""
"starter-route:solar-pv-installer","starter_route","Solar PV Installer","",""
"starter-route:soldier","starter_route","Soldier","",""
"starter-route:solutions-architect","starter_route","Solutions Architect","",""
"starter-route:sommelier","starter_route","Sommelier","",""
"starter-route:sorting-worker","starter_route","Sorting Worker","",""
"starter-route:sound-designer","starter_route","Sound Designer","",""
"starter-route:sound-engineer","starter_route","Sound Engineer","",""
"starter-route:sound-technician","starter_route","Sound Technician","",""
"starter-route:sous-chef","starter_route","Sous Chef","",""
"starter-route:spaza-shop-owner","starter_route","Spaza Shop Owner","",""
"starter-route:special-needs-teacher","starter_route","Special Needs Teacher","",""
"starter-route:speech-therapist","starter_route","Speech Therapist","",""
"starter-route:sport-manager","starter_route","Sport Manager","",""
"starter-route:sports-administrator","starter_route","Sports Administrator","",""
"starter-route:sports-coach","starter_route","Sports Coach","",""
"starter-route:sports-coach-educational","starter_route","Sports Coach (Educational)","",""
"starter-route:sports-manager","starter_route","Sports Manager","",""
"starter-route:sports-referee","starter_route","Sports Referee","",""
"starter-route:stage-manager","starter_route","Stage Manager","",""
"starter-route:startup-founder","starter_route","Startup Founder","",""
"starter-route:state-law-advisor","starter_route","State Law Advisor","",""
"starter-route:statistician","starter_route","Statistician","",""
"starter-route:steam-engine-and-boiler-operator","starter_route","Steam Engine and Boiler Operator","",""
"starter-route:stevedore","starter_route","Stevedore","",""
"starter-route:stock-clerk","starter_route","Stock Clerk","",""
"starter-route:stock-controller","starter_route","Stock Controller","",""
"starter-route:stonemason","starter_route","Stonemason","",""
"starter-route:store-manager","starter_route","Store Manager","",""
"starter-route:strategy-manager","starter_route","Strategy Manager","",""
"starter-route:street-hairdresser","starter_route","Street Hairdresser","",""
"starter-route:street-sweeper","starter_route","Street Sweeper","",""
"starter-route:street-vendor","starter_route","Street Vendor","",""
"starter-route:structural-engineer","starter_route","Structural Engineer","",""
"starter-route:submariner","starter_route","Submariner","",""
"starter-route:substance-abuse-counsellor","starter_route","Substance Abuse Counsellor","",""
"starter-route:supply-chain-analyst","starter_route","Supply Chain Analyst","",""
"starter-route:supply-chain-director","starter_route","Supply Chain Director","",""
"starter-route:supply-chain-manager","starter_route","Supply Chain Manager","",""
"starter-route:supply-chain-planner","starter_route","Supply Chain Planner","",""
"starter-route:surgeon","starter_route","Surgeon","",""
"starter-route:surveying-technician","starter_route","Surveying Technician","",""
"starter-route:sustainability-director","starter_route","Sustainability Director","",""
"starter-route:sustainability-officer","starter_route","Sustainability Officer","",""
"starter-route:switchboard-operator","starter_route","Switchboard Operator","",""
"starter-route:systems-administrator","starter_route","Systems Administrator","",""
"starter-route:systems-analyst","starter_route","Systems Analyst","",""
"starter-route:tailor","starter_route","Tailor","",""
"starter-route:talent-manager","starter_route","Talent Manager","",""
"starter-route:tattoo-artist","starter_route","Tattoo Artist","",""
"starter-route:tax-assistant","starter_route","Tax Assistant","",""
"starter-route:tax-consultant","starter_route","Tax Consultant","",""
"starter-route:tax-inspector","starter_route","Tax Inspector","",""
"starter-route:tax-practitioner","starter_route","Tax Practitioner","",""
"starter-route:taxi-driver","starter_route","Taxi Driver","",""
"starter-route:taxi-owner-operator","starter_route","Taxi Owner-Operator","",""
"starter-route:tea-attendant","starter_route","Tea Attendant","",""
"starter-route:teacher","starter_route","Teacher","",""
"starter-route:teaching-assistant","starter_route","Teaching Assistant","",""
"starter-route:technical-artisan","starter_route","Electrician","",""
"starter-route:technical-sales-representative","starter_route","Technical Sales Representative","",""
"starter-route:technical-writer","starter_route","Technical Writer","",""
"starter-route:technology-teacher","starter_route","Technology Teacher","",""
"starter-route:telecommunications-engineer","starter_route","Telecommunications Engineer","",""
"starter-route:telecommunications-technician","starter_route","Telecommunications Technician","",""
"starter-route:telesales-agent","starter_route","Telesales Agent","",""
"starter-route:television-presenter","starter_route","Television Presenter","",""
"starter-route:tender-administrator","starter_route","Tender Administrator","",""
"starter-route:textile-designer","starter_route","Textile Designer","",""
"starter-route:theatre-nurse","starter_route","Theatre Nurse","",""
"starter-route:theatre-technician","starter_route","Theatre Technician","",""
"starter-route:theme-park-attendant","starter_route","Theme Park Attendant","",""
"starter-route:ticket-agent","starter_route","Ticket Agent","",""
"starter-route:ticket-taker","starter_route","Ticket Taker","",""
"starter-route:tiler","starter_route","Tiler","",""
"starter-route:toolmaker","starter_route","Toolmaker","",""
"starter-route:tour-guide","starter_route","Tour Guide","",""
"starter-route:tourism-officer","starter_route","Tourism Officer","",""
"starter-route:town-planning-technician","starter_route","Town Planning Technician","",""
"starter-route:toxicologist","starter_route","Toxicologist","",""
"starter-route:traditional-birth-attendant","starter_route","Traditional Birth Attendant","",""
"starter-route:traditional-healer","starter_route","Traditional Healer","",""
"starter-route:traditional-health-practitioner","starter_route","Traditional Health Practitioner","",""
"starter-route:traffic-officer","starter_route","Traffic Officer","",""
"starter-route:train-driver","starter_route","Train Driver","",""
"starter-route:training-and-development-manager","starter_route","Training and Development Manager","",""
"starter-route:training-manager","starter_route","Training Manager","",""
"starter-route:training-officer","starter_route","Training Officer","",""
"starter-route:transformation-manager","starter_route","Transformation Manager","",""
"starter-route:translator","starter_route","Translator","",""
"starter-route:transport-planner","starter_route","Transport Planner","",""
"starter-route:travel-agency-manager","starter_route","Travel Agency Manager","",""
"starter-route:travel-agent","starter_route","Travel Agent","",""
"starter-route:travel-consultant","starter_route","Travel Consultant","",""
"starter-route:treasury-manager","starter_route","Treasury Manager","",""
"starter-route:tree-surgeon","starter_route","Tree Surgeon","",""
"starter-route:trolley-collector","starter_route","Trolley Collector","",""
"starter-route:truck-driver","starter_route","Truck Driver","",""
"starter-route:tuck-shop-operator","starter_route","Tuck Shop Operator","",""
"starter-route:tutor","starter_route","Tutor","",""
"starter-route:tutor-self-employed","starter_route","Tutor (Self-Employed)","",""
"starter-route:tv-repairer","starter_route","TV Repairer","",""
"starter-route:typist","starter_route","Typist","",""
"starter-route:tyre-fitter","starter_route","Tyre Fitter","",""
"starter-route:tyre-fitter-assistant","starter_route","Tyre Fitter Assistant","",""
"starter-route:ui-designer","starter_route","UI Designer","",""
"starter-route:umpire","starter_route","Umpire","",""
"starter-route:underwriter","starter_route","Underwriter","",""
"starter-route:university-lecturer","starter_route","University Lecturer","",""
"starter-route:upholsterer","starter_route","Upholsterer","",""
"starter-route:urban-and-regional-planner","starter_route","Urban and Regional Planner","",""
"starter-route:usher","starter_route","Usher","",""
"starter-route:ux-designer","starter_route","UX Designer","",""
"starter-route:valuer","starter_route","Valuer","",""
"starter-route:vendor-relationship-manager","starter_route","Vendor Relationship Manager","",""
"starter-route:veterinarian","starter_route","Veterinarian","",""
"starter-route:veterinary-assistant","starter_route","Veterinary Assistant","",""
"starter-route:veterinary-technician","starter_route","Veterinary Technician","",""
"starter-route:video-editor","starter_route","Video Editor","",""
"starter-route:videographer","starter_route","Videographer","",""
"starter-route:vip-protection-officer","starter_route","VIP Protection Officer","",""
"starter-route:visual-merchandiser","starter_route","Visual Merchandiser","",""
"starter-route:vocational-education-teacher","starter_route","Vocational Education Teacher","",""
"starter-route:waiter","starter_route","Waiter","",""
"starter-route:warehouse-manager","starter_route","Warehouse Manager","",""
"starter-route:warehouse-supervisor","starter_route","Warehouse Supervisor","",""
"starter-route:waste-management-officer","starter_route","Waste Management Officer","",""
"starter-route:waste-picker","starter_route","Waste Picker","",""
"starter-route:waste-treatment-operator","starter_route","Waste Treatment Operator","",""
"starter-route:waste-treatment-plant-operator","starter_route","Waste Treatment Plant Operator","",""
"starter-route:water-quality-technician","starter_route","Water Quality Technician","",""
"starter-route:water-scientist","starter_route","Water Scientist","",""
"starter-route:water-treatment-operator","starter_route","Water Treatment Operator","",""
"starter-route:water-treatment-plant-operator","starter_route","Water Treatment Plant Operator","",""
"starter-route:weaver","starter_route","Weaver","",""
"starter-route:web-designer","starter_route","Web Designer","",""
"starter-route:web-developer","starter_route","Web Developer","",""
"starter-route:wedding-planner","starter_route","Wedding Planner","",""
"starter-route:welder","starter_route","Welder","",""
"starter-route:welder-self-employed","starter_route","Welder (Self-Employed)","",""
"starter-route:welding-machine-operator","starter_route","Welding Machine Operator","",""
"starter-route:wholesale-manager","starter_route","Wholesale Manager","",""
"starter-route:wine-maker","starter_route","Wine Maker","",""
"starter-route:wine-steward","starter_route","Wine Steward","",""
"starter-route:wood-machinist","starter_route","Wood Machinist","",""
"starter-route:woodcarver","starter_route","Woodcarver","",""
"starter-route:youth-worker","starter_route","Youth Worker","",""
"starter-route:zoologist","starter_route","Zoologist","",""
"starter-stream:agriculture-food-and-environment","starter_stream","Agriculture, food and environment","",""
"starter-stream:armed-forces-and-security-services","starter_stream","Armed forces and security services","",""
"starter-stream:arts-culture-heritage-and-society","starter_stream","Arts, culture, heritage and society","",""
"starter-stream:creative-media-and-design","starter_stream","Creative, media and design","",""
"starter-stream:education-training-and-youth-development","starter_stream","Education, training and youth development","",""
"starter-stream:elementary-and-entry-level-work","starter_stream","Elementary and entry-level work","",""
"starter-stream:finance-admin-and-business-operations","starter_stream","Finance, admin and business operations","",""
"starter-stream:health-care-and-social-services","starter_stream","Health, care and social services","",""
"starter-stream:hospitality-tourism-sport-and-events","starter_stream","Hospitality, tourism, sport and events","",""
"starter-stream:informal-entrepreneurship-and-community-economy","starter_stream","Informal, entrepreneurship and community economy","",""
"starter-stream:law-public-service-and-public-safety","starter_stream","Law, public service and public safety","",""
"starter-stream:logistics-transport-and-supply-chain","starter_stream","Logistics, transport and supply chain","",""
"starter-stream:management-strategy-and-leadership","starter_stream","Management, strategy and leadership","",""
"starter-stream:manufacturing-mining-and-energy","starter_stream","Manufacturing, mining and energy","",""
"starter-stream:sales-marketing-and-customer-work","starter_stream","Sales, marketing and customer work","",""
"starter-stream:science-research-and-frontier-careers","starter_stream","Science, research and frontier careers","",""
"starter-stream:skilled-trades-construction-and-engineering","starter_stream","Skilled trades, construction and engineering","",""
"starter-stream:technology-data-and-ai","starter_stream","Technology, data and AI","",""
"starter-route:abattoir-slaughterer","starter_route","Abattoir Slaughterer","Agriculture, food and environment","kind:unknown"
"starter-route:agricultural-drone-pilot","starter_route","Agricultural Drone Pilot","Agriculture, food and environment","kind:unknown"
"starter-route:aquaculture-farm-technician","starter_route","Aquaculture Farm Technician","Agriculture, food and environment","kind:unknown"
"starter-route:baker-artisan","starter_route","Baker (Artisan)","Agriculture, food and environment","kind:unknown"
"starter-route:beekeeper-apiculturist","starter_route","Beekeeper / Apiculturist","Agriculture, food and environment","kind:unknown"
"starter-route:butcher-meat-cutter","starter_route","Butcher / Meat Cutter","Agriculture, food and environment","kind:unknown"
"starter-route:carbon-farming-advisor","starter_route","Carbon Farming Advisor","Agriculture, food and environment","kind:unknown"
"starter-route:climate-adaptation-officer","starter_route","Climate Adaptation Officer","Agriculture, food and environment","kind:unknown"
"starter-route:commercial-grain-farmer","starter_route","Commercial Grain Farmer","Agriculture, food and environment","kind:unknown"
"starter-route:deckhand-fishing","starter_route","Deckhand (Fishing)","Agriculture, food and environment","kind:unknown"
"starter-route:fishing-boat-skipper","starter_route","Fishing Boat Skipper","Agriculture, food and environment","kind:unknown"
"starter-route:food-safety-officer","starter_route","Food Safety Officer","Agriculture, food and environment","kind:unknown"
"starter-route:irrigation-designer","starter_route","Irrigation Designer","Agriculture, food and environment","kind:unknown"
"starter-route:landscaper","starter_route","Landscaper","Agriculture, food and environment","kind:unknown"
"starter-route:mill-operator-grain","starter_route","Mill Operator (Grain)","Agriculture, food and environment","kind:unknown"
"starter-route:olive-farm-producer","starter_route","Olive Farm Producer","Agriculture, food and environment","kind:unknown"
"starter-route:permaculture-designer","starter_route","Permaculture Designer","Agriculture, food and environment","kind:unknown"
"starter-route:precision-agriculture-specialist","starter_route","Precision Agriculture Specialist","Agriculture, food and environment","kind:unknown"
"starter-route:shearer-livestock","starter_route","Shearer (Livestock)","Agriculture, food and environment","kind:unknown"
"starter-route:small-scale-subsistence-farmer","starter_route","Small-scale Subsistence Farmer","Agriculture, food and environment","kind:unknown"
"starter-route:state-veterinarian","starter_route","State Veterinarian","Agriculture, food and environment","kind:unknown"
"starter-route:sugar-cane-cutter-seasonal","starter_route","Sugar Cane Cutter (Seasonal)","Agriculture, food and environment","kind:unknown"
"starter-route:veterinary-nurse","starter_route","Veterinary Nurse","Agriculture, food and environment","kind:unknown"
"starter-route:viticulturist","starter_route","Viticulturist","Agriculture, food and environment","kind:unknown"
"starter-route:wine-cellar-hand","starter_route","Wine Cellar Hand","Agriculture, food and environment","kind:unknown"
"starter-route:wine-maker-winemaker","starter_route","Wine Maker / Winemaker","Agriculture, food and environment","kind:unknown"
"starter-route:wool-classer","starter_route","Wool Classer","Agriculture, food and environment","kind:unknown"
"starter-route:air-force-navigator","starter_route","Air Force Navigator","Armed forces and security services","kind:unknown"
"starter-route:armour-tank-crew-member","starter_route","Armour / Tank Crew Member","Armed forces and security services","kind:unknown"
"starter-route:border-protection-officer","starter_route","Border Protection Officer","Armed forces and security services","kind:unknown"
"starter-route:bouncer-door-security","starter_route","Bouncer / Door Security","Armed forces and security services","kind:unknown"
"starter-route:cctv-control-room-operator","starter_route","CCTV Control Room Operator","Armed forces and security services","kind:unknown"
"starter-route:chaplain-military","starter_route","Chaplain (Military)","Armed forces and security services","kind:unknown"
"starter-route:close-protection-officer-bodyguard","starter_route","Close Protection Officer / Bodyguard","Armed forces and security services","kind:unknown"
"starter-route:coast-guard-sea-rescue-volunteer","starter_route","Coast Guard / Sea Rescue Volunteer","Armed forces and security services","kind:unknown"
"starter-route:cyber-warfare-specialist-defence","starter_route","Cyber Warfare Specialist (Defence)","Armed forces and security services","kind:unknown"
"starter-route:defence-signals-communications-operator","starter_route","Defence Signals / Communications Operator","Armed forces and security services","kind:unknown"
"starter-route:drone-pilot-military-surveillance","starter_route","Drone Pilot (Military / Surveillance)","Armed forces and security services","kind:unknown"
"starter-route:eod-bomb-disposal-technician","starter_route","EOD (Bomb Disposal) Technician","Armed forces and security services","kind:unknown"
"starter-route:fire-and-rescue-services-officer","starter_route","Fire and Rescue Services Officer","Armed forces and security services","kind:unknown"
"starter-route:maritime-reaction-squadron-operator","starter_route","Maritime Reaction Squadron Operator","Armed forces and security services","kind:unknown"
"starter-route:military-band-member","starter_route","Military Band Member","Armed forces and security services","kind:unknown"
"starter-route:military-chef","starter_route","Military Chef","Armed forces and security services","kind:unknown"
"starter-route:military-dog-handler","starter_route","Military Dog Handler","Armed forces and security services","kind:unknown"
"starter-route:military-engineer-combat","starter_route","Military Engineer (Combat)","Armed forces and security services","kind:unknown"
"starter-route:military-logistics-officer","starter_route","Military Logistics Officer","Armed forces and security services","kind:unknown"
"starter-route:paratrooper-parachute-infantry","starter_route","Paratrooper / Parachute Infantry","Armed forces and security services","kind:unknown"
"starter-route:private-military-contractor-armed","starter_route","Private Military Contractor (Armed)","Armed forces and security services","kind:unknown"
"starter-route:sa-navy-sailor","starter_route","SA Navy Sailor","Armed forces and security services","kind:unknown"
"starter-route:saaf-pilot-military","starter_route","SAAF Pilot (Military)","Armed forces and security services","kind:unknown"
"starter-route:sandf-soldier-infantry","starter_route","SANDF Soldier (Infantry)","Armed forces and security services","kind:unknown"
"starter-route:search-and-rescue-ems-pilot","starter_route","Search and Rescue (EMS) Pilot","Armed forces and security services","kind:unknown"
"starter-route:actor-stage-screen","starter_route","Actor (Stage / Screen)","Arts, culture, heritage and society","kind:unknown"
"starter-route:amapiano-producer","starter_route","Amapiano Producer","Arts, culture, heritage and society","kind:unknown"
"starter-route:archivist-assistant","starter_route","Archivist Assistant","Arts, culture, heritage and society","kind:unknown"
"starter-route:art-gallery-curator","starter_route","Art Gallery Curator","Arts, culture, heritage and society","kind:unknown"
"starter-route:author-novelist","starter_route","Author / Novelist","Arts, culture, heritage and society","kind:unknown"
"starter-route:ceramicist-potter","starter_route","Ceramicist / Potter","Arts, culture, heritage and society","kind:unknown"
"starter-route:comedian-stand-up","starter_route","Comedian (Stand-up)","Arts, culture, heritage and society","kind:unknown"
"starter-route:community-radio-journalist","starter_route","Community Radio Journalist","Arts, culture, heritage and society","kind:unknown"
"starter-route:dancer-choreographer","starter_route","Dancer / Choreographer","Arts, culture, heritage and society","kind:unknown"
"starter-route:digital-artist-nft-creator","starter_route","Digital Artist / NFT Creator","Arts, culture, heritage and society","kind:unknown"
"starter-route:editor-newspaper-magazine","starter_route","Editor (Newspaper / Magazine)","Arts, culture, heritage and society","kind:unknown"
"starter-route:fine-artist-painter-sculptor","starter_route","Fine Artist (Painter / Sculptor)","Arts, culture, heritage and society","kind:unknown"
"starter-route:gospel-music-performer","starter_route","Gospel Music Performer","Arts, culture, heritage and society","kind:unknown"
"starter-route:heritage-practitioner","starter_route","Heritage Practitioner","Arts, culture, heritage and society","kind:unknown"
"starter-route:journalist-print","starter_route","Journalist (Print)","Arts, culture, heritage and society","kind:unknown"
"starter-route:librarian-public","starter_route","Librarian (Public)","Arts, culture, heritage and society","kind:unknown"
"starter-route:maskanda-traditional-musician","starter_route","Maskanda / Traditional Musician","Arts, culture, heritage and society","kind:unknown"
"starter-route:musician-session-performing","starter_route","Musician (Session / Performing)","Arts, culture, heritage and society","kind:unknown"
"starter-route:news-reporter","starter_route","News Reporter","Arts, culture, heritage and society","kind:unknown"
"starter-route:podcast-host-audio-producer","starter_route","Podcast Host / Audio Producer","Arts, culture, heritage and society","kind:unknown"
"starter-route:poet-spoken-word-artist","starter_route","Poet / Spoken-Word Artist","Arts, culture, heritage and society","kind:unknown"
"starter-route:printmaking-artist","starter_route","Printmaking Artist","Arts, culture, heritage and society","kind:unknown"
"starter-route:radio-dj-presenter","starter_route","Radio DJ / Presenter","Arts, culture, heritage and society","kind:unknown"
"starter-route:scriptwriter-tv-film","starter_route","Scriptwriter (TV / Film)","Arts, culture, heritage and society","kind:unknown"
"starter-route:sub-editor-proofreader","starter_route","Sub-Editor / Proofreader","Arts, culture, heritage and society","kind:unknown"
"starter-route:subtitle-editor","starter_route","Subtitle Editor","Arts, culture, heritage and society","kind:unknown"
"starter-route:theatre-director","starter_route","Theatre Director","Arts, culture, heritage and society","kind:unknown"
"starter-route:translator-interpreter","starter_route","Translator / Interpreter","Arts, culture, heritage and society","kind:unknown"
"starter-route:tv-presenter","starter_route","TV Presenter","Arts, culture, heritage and society","kind:unknown"
"starter-route:video-game-narrative-designer","starter_route","Video Game Narrative Designer","Arts, culture, heritage and society","kind:unknown"
"starter-route:3d-printing-technician","starter_route","3D Printing Technician","Creative, media and design","kind:unknown"
"starter-route:advertising-account-executive","starter_route","Advertising Account Executive","Creative, media and design","kind:unknown"
"starter-route:animator-2d","starter_route","Animator (2D)","Creative, media and design","kind:unknown"
"starter-route:animator-3d","starter_route","Animator (3D)","Creative, media and design","kind:unknown"
"starter-route:art-director-advertising","starter_route","Art Director (Advertising)","Creative, media and design","kind:unknown"
"starter-route:bookbinder","starter_route","Bookbinder","Creative, media and design","kind:unknown"
"starter-route:cinematographer-dop","starter_route","Cinematographer / DOP","Creative, media and design","kind:unknown"
"starter-route:comic-book-illustrator","starter_route","Comic Book Illustrator","Creative, media and design","kind:unknown"
"starter-route:content-creator-influencer","starter_route","Content Creator / Influencer","Creative, media and design","kind:unknown"
"starter-route:conversion-copywriter","starter_route","Conversion Copywriter","Creative, media and design","kind:unknown"
"starter-route:film-editor","starter_route","Film Editor","Creative, media and design","kind:unknown"
"starter-route:graphic-designer-print","starter_route","Graphic Designer (Print)","Creative, media and design","kind:unknown"
"starter-route:live-streamer-creative","starter_route","Live Streamer (Creative)","Creative, media and design","kind:unknown"
"starter-route:make-up-artist-film-tv","starter_route","Make-Up Artist (Film / TV)","Creative, media and design","kind:unknown"
"starter-route:muralist-public-artist","starter_route","Muralist / Public Artist","Creative, media and design","kind:unknown"
"starter-route:photographer-commercial","starter_route","Photographer (Commercial)","Creative, media and design","kind:unknown"
"starter-route:photojournalist","starter_route","Photojournalist","Creative, media and design","kind:unknown"
"starter-route:podcast-producer","starter_route","Podcast Producer","Creative, media and design","kind:unknown"
"starter-route:print-production-manager","starter_route","Print Production Manager","Creative, media and design","kind:unknown"
"starter-route:props-master","starter_route","Props Master","Creative, media and design","kind:unknown"
"starter-route:set-stage-designer","starter_route","Set / Stage Designer","Creative, media and design","kind:unknown"
"starter-route:sound-engineer-live","starter_route","Sound Engineer (Live)","Creative, media and design","kind:unknown"
"starter-route:tiktok-reels-editor","starter_route","TikTok / Reels Editor","Creative, media and design","kind:unknown"
"starter-route:user-researcher","starter_route","User Researcher","Creative, media and design","kind:unknown"
"starter-route:voice-actor-animation-dub","starter_route","Voice Actor (Animation / Dub)","Creative, media and design","kind:unknown"
"starter-route:voice-over-artist","starter_route","Voice-Over Artist","Creative, media and design","kind:unknown"
"starter-route:youtuber-streamer","starter_route","YouTuber / Streamer","Creative, media and design","kind:unknown"
"starter-route:abet-practitioner","starter_route","ABET Practitioner","Education, training and youth development","kind:unknown"
"starter-route:assessment-moderator","starter_route","Assessment Moderator","Education, training and youth development","kind:unknown"
"starter-route:braille-transcriber","starter_route","Braille Transcriber","Education, training and youth development","kind:unknown"
"starter-route:career-advisor-school","starter_route","Career Advisor (School)","Education, training and youth development","kind:unknown"
"starter-route:curriculum-advisor-doe","starter_route","Curriculum Advisor (DOE)","Education, training and youth development","kind:unknown"
"starter-route:deputy-principal","starter_route","Deputy Principal","Education, training and youth development","kind:unknown"
"starter-route:driving-instructor","starter_route","Driving Instructor","Education, training and youth development","kind:unknown"
"starter-route:edtech-integration-specialist","starter_route","EdTech Integration Specialist","Education, training and youth development","kind:unknown"
"starter-route:fet-phase-teacher","starter_route","FET Phase Teacher","Education, training and youth development","kind:unknown"
"starter-route:foundation-phase-teacher","starter_route","Foundation Phase Teacher","Education, training and youth development","kind:unknown"
"starter-route:grade-r-ecd-practitioner-unqualified","starter_route","Grade R / ECD Practitioner (Unqualified)","Education, training and youth development","kind:unknown"
"starter-route:head-of-department-school","starter_route","Head of Department (School)","Education, training and youth development","kind:unknown"
"starter-route:inclusive-education-specialist","starter_route","Inclusive Education Specialist","Education, training and youth development","kind:unknown"
"starter-route:intermediate-phase-teacher","starter_route","Intermediate Phase Teacher","Education, training and youth development","kind:unknown"
"starter-route:learner-support-agent","starter_route","Learner Support Agent","Education, training and youth development","kind:unknown"
"starter-route:lecturer-tvet-college","starter_route","Lecturer (TVET College)","Education, training and youth development","kind:unknown"
"starter-route:music-teacher-private","starter_route","Music Teacher (Private)","Education, training and youth development","kind:unknown"
"starter-route:online-learning-designer","starter_route","Online Learning Designer","Education, training and youth development","kind:unknown"
"starter-route:remedial-teacher","starter_route","Remedial Teacher","Education, training and youth development","kind:unknown"
"starter-route:school-librarian","starter_route","School Librarian","Education, training and youth development","kind:unknown"
"starter-route:school-sports-coach","starter_route","School Sports Coach","Education, training and youth development","kind:unknown"
"starter-route:senior-phase-teacher","starter_route","Senior Phase Teacher","Education, training and youth development","kind:unknown"
"starter-route:sign-language-teacher-sasl","starter_route","Sign Language Teacher (SASL)","Education, training and youth development","kind:unknown"
"starter-route:teacher-assistant-education-aide","starter_route","Teacher Assistant / Education Aide","Education, training and youth development","kind:unknown"
"starter-route:youth-mentor","starter_route","Youth Mentor","Education, training and youth development","kind:unknown"
"starter-route:car-parking-marshal-mall","starter_route","Car Parking Marshal (Mall)","Elementary and entry-level work","kind:unknown"
"starter-route:cleaner-janitor","starter_route","Cleaner / Janitor","Elementary and entry-level work","kind:unknown"
"starter-route:cloud-kitchen-crew-member","starter_route","Cloud Kitchen Crew Member","Elementary and entry-level work","kind:unknown"
"starter-route:data-entry-clerk-basic","starter_route","Data Entry Clerk (Basic)","Elementary and entry-level work","kind:unknown"
"starter-route:fisheries-labourer","starter_route","Fisheries Labourer","Elementary and entry-level work","kind:unknown"
"starter-route:general-worker","starter_route","General Worker","Elementary and entry-level work","kind:unknown"
"starter-route:kitchen-assistant","starter_route","Kitchen Assistant","Elementary and entry-level work","kind:unknown"
"starter-route:leaflet-pamphlet-distributor","starter_route","Leaflet / Pamphlet Distributor","Elementary and entry-level work","kind:unknown"
"starter-route:messenger-office-runner","starter_route","Messenger / Office Runner","Elementary and entry-level work","kind:unknown"
"starter-route:mine-labourer","starter_route","Mine Labourer","Elementary and entry-level work","kind:unknown"
"starter-route:newspaper-vendor","starter_route","Newspaper Vendor","Elementary and entry-level work","kind:unknown"
"starter-route:packaging-line-worker","starter_route","Packaging Line Worker","Elementary and entry-level work","kind:unknown"
"starter-route:park-attendant","starter_route","Park Attendant","Elementary and entry-level work","kind:unknown"
"starter-route:petrol-attendant","starter_route","Petrol Attendant","Elementary and entry-level work","kind:unknown"
"starter-route:porter-hospital-orderly","starter_route","Porter / Hospital Orderly","Elementary and entry-level work","kind:unknown"
"starter-route:rider-app-based-parcel-delivery","starter_route","Rider (App-based parcel delivery)","Elementary and entry-level work","kind:unknown"
"starter-route:sawmill-labourer","starter_route","Sawmill Labourer","Elementary and entry-level work","kind:unknown"
"starter-route:scullery-worker-dishwasher","starter_route","Scullery Worker / Dishwasher","Elementary and entry-level work","kind:unknown"
"starter-route:security-guard-entry-level","starter_route","Security Guard (Entry-Level)","Elementary and entry-level work","kind:unknown"
"starter-route:shop-packer-shelf-stocker","starter_route","Shop Packer / Shelf Stocker","Elementary and entry-level work","kind:unknown"
"starter-route:social-media-moderator","starter_route","Social Media Moderator","Elementary and entry-level work","kind:unknown"
"starter-route:sweeper-street-cleaner","starter_route","Sweeper / Street Cleaner","Elementary and entry-level work","kind:unknown"
"starter-route:traffic-marshal-construction","starter_route","Traffic Marshal (Construction)","Elementary and entry-level work","kind:unknown"
"starter-route:trolley-attendant-retail","starter_route","Trolley Attendant (Retail)","Elementary and entry-level work","kind:unknown"
"starter-route:warehouse-scanner-operator","starter_route","Warehouse Scanner Operator","Elementary and entry-level work","kind:unknown"
"starter-route:actuarial-analyst","starter_route","Actuarial Analyst","Finance, admin and business operations","kind:unknown"
"starter-route:bank-teller","starter_route","Bank Teller","Finance, admin and business operations","kind:unknown"
"starter-route:billing-clerk","starter_route","Billing Clerk","Finance, admin and business operations","kind:unknown"
"starter-route:bond-originator","starter_route","Bond Originator","Finance, admin and business operations","kind:unknown"
"starter-route:bookkeeper-to-trial-balance","starter_route","Bookkeeper to Trial Balance","Finance, admin and business operations","kind:unknown"
"starter-route:cost-clerk","starter_route","Cost Clerk","Finance, admin and business operations","kind:unknown"
"starter-route:credit-controller","starter_route","Credit Controller","Finance, admin and business operations","kind:unknown"
"starter-route:cryptocurrency-digital-asset-analyst","starter_route","Cryptocurrency / Digital Asset Analyst","Finance, admin and business operations","kind:unknown"
"starter-route:debt-counsellor-ncr-registered","starter_route","Debt Counsellor (NCR Registered)","Finance, admin and business operations","kind:unknown"
"starter-route:estate-agent-property-practitioner","starter_route","Estate Agent (Property Practitioner)","Finance, admin and business operations","kind:unknown"
"starter-route:external-auditor","starter_route","External Auditor","Finance, admin and business operations","kind:unknown"
"starter-route:fintech-product-analyst","starter_route","Fintech Product Analyst","Finance, admin and business operations","kind:unknown"
"starter-route:forensic-accountant","starter_route","Forensic Accountant","Finance, admin and business operations","kind:unknown"
"starter-route:insurance-underwriter","starter_route","Insurance Underwriter","Finance, admin and business operations","kind:unknown"
"starter-route:investment-analyst","starter_route","Investment Analyst","Finance, admin and business operations","kind:unknown"
"starter-route:medical-scheme-administrator","starter_route","Medical Scheme Administrator","Finance, admin and business operations","kind:unknown"
"starter-route:microfinance-loan-officer","starter_route","Microfinance Loan Officer","Finance, admin and business operations","kind:unknown"
"starter-route:municipal-billing-clerk","starter_route","Municipal Billing Clerk","Finance, admin and business operations","kind:unknown"
"starter-route:pension-fund-administrator","starter_route","Pension Fund Administrator","Finance, admin and business operations","kind:unknown"
"starter-route:sars-tax-examiner","starter_route","SARS Tax Examiner","Finance, admin and business operations","kind:unknown"
"starter-route:stockbroker","starter_route","Stockbroker","Finance, admin and business operations","kind:unknown"
"starter-route:stokvel-administrator","starter_route","Stokvel Administrator","Finance, admin and business operations","kind:unknown"
"starter-route:sustainability-reporting-accountant","starter_route","Sustainability Reporting Accountant","Finance, admin and business operations","kind:unknown"
"starter-route:tax-clerk","starter_route","Tax Clerk","Finance, admin and business operations","kind:unknown"
"starter-route:tax-practitioner-registered","starter_route","Tax Practitioner (Registered)","Finance, admin and business operations","kind:unknown"
"starter-route:treasury-analyst","starter_route","Treasury Analyst","Finance, admin and business operations","kind:unknown"
"starter-route:biokineticist","starter_route","Biokineticist","Health, care and social services","kind:unknown"
"starter-route:clinical-coder","starter_route","Clinical Coder","Health, care and social services","kind:unknown"
"starter-route:dental-therapist","starter_route","Dental Therapist","Health, care and social services","kind:unknown"
"starter-route:doctor-general-practitioner","starter_route","Doctor (General Practitioner)","Health, care and social services","kind:unknown"
"starter-route:emergency-medical-technician-basic","starter_route","Emergency Medical Technician (Basic)","Health, care and social services","kind:unknown"
"starter-route:health-data-analyst","starter_route","Health Data Analyst","Health, care and social services","kind:unknown"
"starter-route:hearing-aid-acoustician","starter_route","Hearing Aid Acoustician","Health, care and social services","kind:unknown"
"starter-route:home-based-care-worker","starter_route","Home-Based Care Worker","Health, care and social services","kind:unknown"
"starter-route:homeopath","starter_route","Homeopath","Health, care and social services","kind:unknown"
"starter-route:medical-billing-specialist","starter_route","Medical Billing Specialist","Health, care and social services","kind:unknown"
"starter-route:midwife-professional","starter_route","Midwife (Professional)","Health, care and social services","kind:unknown"
"starter-route:optician-dispensing","starter_route","Optician (Dispensing)","Health, care and social services","kind:unknown"
"starter-route:oral-hygienist","starter_route","Oral Hygienist","Health, care and social services","kind:unknown"
"starter-route:orthopaedic-technician","starter_route","Orthopaedic Technician","Health, care and social services","kind:unknown"
"starter-route:orthotist-prosthetist","starter_route","Orthotist / Prosthetist","Health, care and social services","kind:unknown"
"starter-route:paramedic-advanced-life-support","starter_route","Paramedic (Advanced Life Support)","Health, care and social services","kind:unknown"
"starter-route:pharmacist-assistant","starter_route","Pharmacist Assistant","Health, care and social services","kind:unknown"
"starter-route:phlebotomist","starter_route","Phlebotomist","Health, care and social services","kind:unknown"
"starter-route:podiatrist","starter_route","Podiatrist","Health, care and social services","kind:unknown"
"starter-route:radiographer-diagnostic","starter_route","Radiographer (Diagnostic)","Health, care and social services","kind:unknown"
"starter-route:radiographer-therapeutic","starter_route","Radiographer (Therapeutic)","Health, care and social services","kind:unknown"
"starter-route:specialist-physician","starter_route","Specialist Physician","Health, care and social services","kind:unknown"
"starter-route:speech-language-therapist","starter_route","Speech-Language Therapist","Health, care and social services","kind:unknown"
"starter-route:staff-nurse","starter_route","Staff Nurse","Health, care and social services","kind:unknown"
"starter-route:telehealth-coordinator","starter_route","Telehealth Coordinator","Health, care and social services","kind:unknown"
"starter-route:traditional-chinese-medicine-practitioner","starter_route","Traditional Chinese Medicine Practitioner","Health, care and social services","kind:unknown"
"starter-route:wellness-programme-coordinator","starter_route","Wellness Programme Coordinator","Health, care and social services","kind:unknown"
"starter-route:airbnb-short-term-rental-host","starter_route","Airbnb / Short-Term Rental Host","Hospitality, tourism, sport and events","kind:unknown"
"starter-route:bar-manager","starter_route","Bar Manager","Hospitality, tourism, sport and events","kind:unknown"
"starter-route:barista-trainer","starter_route","Barista Trainer","Hospitality, tourism, sport and events","kind:unknown"
"starter-route:brewmaster-craft-beer","starter_route","Brewmaster (Craft Beer)","Hospitality, tourism, sport and events","kind:unknown"
"starter-route:butler-lodge-host","starter_route","Butler / Lodge Host","Hospitality, tourism, sport and events","kind:unknown"
"starter-route:casino-dealer-croupier","starter_route","Casino Dealer / Croupier","Hospitality, tourism, sport and events","kind:unknown"
"starter-route:chef-head-executive","starter_route","Chef (Head / Executive)","Hospitality, tourism, sport and events","kind:unknown"
"starter-route:commodity-chef-line-cook","starter_route","Commodity Chef (Line Cook)","Hospitality, tourism, sport and events","kind:unknown"
"starter-route:concierge-porter","starter_route","Concierge / Porter","Hospitality, tourism, sport and events","kind:unknown"
"starter-route:conference-and-banqueting-manager","starter_route","Conference and Banqueting Manager","Hospitality, tourism, sport and events","kind:unknown"
"starter-route:events-coordinator","starter_route","Events Coordinator","Hospitality, tourism, sport and events","kind:unknown"
"starter-route:fast-food-crew-member","starter_route","Fast-Food Crew Member","Hospitality, tourism, sport and events","kind:unknown"
"starter-route:fast-food-restaurant-manager","starter_route","Fast-Food Restaurant Manager","Hospitality, tourism, sport and events","kind:unknown"
"starter-route:flight-attendant-cabin-crew","starter_route","Flight Attendant (Cabin Crew)","Hospitality, tourism, sport and events","kind:unknown"
"starter-route:food-delivery-rider-app-based","starter_route","Food Delivery Rider (App-based)","Hospitality, tourism, sport and events","kind:unknown"
"starter-route:game-ranger-field-guide-safari-lodge","starter_route","Game Ranger / Field Guide (Safari Lodge)","Hospitality, tourism, sport and events","kind:unknown"
"starter-route:guest-lodge-manager","starter_route","Guest Lodge Manager","Hospitality, tourism, sport and events","kind:unknown"
"starter-route:housekeeping-supervisor","starter_route","Housekeeping Supervisor","Hospitality, tourism, sport and events","kind:unknown"
"starter-route:reservation-agent","starter_route","Reservation Agent","Hospitality, tourism, sport and events","kind:unknown"
"starter-route:tourism-content-creator","starter_route","Tourism Content Creator","Hospitality, tourism, sport and events","kind:unknown"
"starter-route:travel-agent-consultant","starter_route","Travel Agent / Consultant","Hospitality, tourism, sport and events","kind:unknown"
"starter-route:waiter-waitress","starter_route","Waiter / Waitress","Hospitality, tourism, sport and events","kind:unknown"
"starter-route:waitron-trainer","starter_route","Waitron Trainer","Hospitality, tourism, sport and events","kind:unknown"
"starter-route:air-conditioning-refrigeration-technician","starter_route","Air-conditioning & Refrigeration Technician","Informal, entrepreneurship and community economy","kind:unknown"
"starter-route:app-based-delivery-courier","starter_route","App-based Delivery Courier","Informal, entrepreneurship and community economy","kind:unknown"
"starter-route:appliance-repair-technician","starter_route","Appliance Repair Technician","Informal, entrepreneurship and community economy","kind:unknown"
"starter-route:barber-township","starter_route","Barber (Township)","Informal, entrepreneurship and community economy","kind:unknown"
"starter-route:braai-shisa-nyama-stand-operator","starter_route","Braai / Shisa Nyama Stand Operator","Informal, entrepreneurship and community economy","kind:unknown"
"starter-route:brickmaker-informal","starter_route","Brickmaker (Informal)","Informal, entrepreneurship and community economy","kind:unknown"
"starter-route:child-minder-informal-cr-che","starter_route","Child-Minder (Informal Crèche)","Informal, entrepreneurship and community economy","kind:unknown"
"starter-route:content-creator-independent","starter_route","Content Creator (Independent)","Informal, entrepreneurship and community economy","kind:unknown"
"starter-route:day-labourer-general-worker","starter_route","Day Labourer (General Worker)","Informal, entrepreneurship and community economy","kind:unknown"
"starter-route:event-dj","starter_route","Event DJ","Informal, entrepreneurship and community economy","kind:unknown"
"starter-route:freelance-web-designer-gig","starter_route","Freelance Web Designer (Gig)","Informal, entrepreneurship and community economy","kind:unknown"
"starter-route:funeral-parlour-director","starter_route","Funeral Parlour Director","Informal, entrepreneurship and community economy","kind:unknown"
"starter-route:gardener-landscaping-labourer","starter_route","Gardener / Landscaping Labourer","Informal, entrepreneurship and community economy","kind:unknown"
"starter-route:hairdresser-informal-salon","starter_route","Hairdresser (Informal Salon)","Informal, entrepreneurship and community economy","kind:unknown"
"starter-route:herbalist-muti-seller","starter_route","Herbalist / Muti Seller","Informal, entrepreneurship and community economy","kind:unknown"
"starter-route:make-up-artist-freelance","starter_route","Make-Up Artist (Freelance)","Informal, entrepreneurship and community economy","kind:unknown"
"starter-route:minibus-taxi-mechanic","starter_route","Minibus Taxi Mechanic","Informal, entrepreneurship and community economy","kind:unknown"
"starter-route:mobile-car-wash-operator","starter_route","Mobile Car Wash Operator","Informal, entrepreneurship and community economy","kind:unknown"
"starter-route:mobile-phone-repair-technician","starter_route","Mobile Phone Repair Technician","Informal, entrepreneurship and community economy","kind:unknown"
"starter-route:mopani-worm-harvester-and-trader","starter_route","Mopani Worm Harvester and Trader","Informal, entrepreneurship and community economy","kind:unknown"
"starter-route:mortuary-assistant","starter_route","Mortuary Assistant","Informal, entrepreneurship and community economy","kind:unknown"
"starter-route:online-reseller-dropshipper","starter_route","Online Reseller / Dropshipper","Informal, entrepreneurship and community economy","kind:unknown"
"starter-route:recycling-collector-waste-picker","starter_route","Recycling Collector / Waste Picker","Informal, entrepreneurship and community economy","kind:unknown"
"starter-route:ride-hailing-driver-e-hailing","starter_route","Ride-Hailing Driver (e-hailing)","Informal, entrepreneurship and community economy","kind:unknown"
"starter-route:security-control-room-operator","starter_route","Security Control Room Operator","Informal, entrepreneurship and community economy","kind:unknown"
"starter-route:security-guard-unarmed","starter_route","Security Guard (Unarmed)","Informal, entrepreneurship and community economy","kind:unknown"
"starter-route:small-scale-clothing-designer","starter_route","Small-Scale Clothing Designer","Informal, entrepreneurship and community economy","kind:unknown"
"starter-route:social-media-manager-freelance","starter_route","Social Media Manager (Freelance)","Informal, entrepreneurship and community economy","kind:unknown"
"starter-route:spaza-shop-assistant","starter_route","Spaza Shop Assistant","Informal, entrepreneurship and community economy","kind:unknown"
"starter-route:street-vendor-food","starter_route","Street Vendor (Food)","Informal, entrepreneurship and community economy","kind:unknown"
"starter-route:street-vendor-goods","starter_route","Street Vendor (Goods)","Informal, entrepreneurship and community economy","kind:unknown"
"starter-route:taxi-marshal-queue-marshal","starter_route","Taxi Marshal / Queue Marshal","Informal, entrepreneurship and community economy","kind:unknown"
"starter-route:taxi-owner-fleet-operator","starter_route","Taxi Owner / Fleet Operator","Informal, entrepreneurship and community economy","kind:unknown"
"starter-route:traditional-beer-brewer-umqombothi","starter_route","Traditional Beer Brewer (Umqombothi)","Informal, entrepreneurship and community economy","kind:unknown"
"starter-route:traditional-healer-sangoma","starter_route","Traditional Healer (Sangoma)","Informal, entrepreneurship and community economy","kind:unknown"
"starter-route:waste-removal-truck-loader","starter_route","Waste Removal Truck Loader","Informal, entrepreneurship and community economy","kind:unknown"
"starter-route:candidate-attorney","starter_route","Candidate Attorney","Law, public service and public safety","kind:unknown"
"starter-route:consumer-rights-advocate","starter_route","Consumer Rights Advocate","Law, public service and public safety","kind:unknown"
"starter-route:copyright-ip-lawyer","starter_route","Copyright / IP Lawyer","Law, public service and public safety","kind:unknown"
"starter-route:cyber-law-specialist","starter_route","Cyber Law Specialist","Law, public service and public safety","kind:unknown"
"starter-route:diplomat-foreign-service-officer","starter_route","Diplomat / Foreign Service Officer","Law, public service and public safety","kind:unknown"
"starter-route:emergency-services-dispatcher","starter_route","Emergency Services Dispatcher","Law, public service and public safety","kind:unknown"
"starter-route:environmental-law-advisor","starter_route","Environmental Law Advisor","Law, public service and public safety","kind:unknown"
"starter-route:family-advocate","starter_route","Family Advocate","Law, public service and public safety","kind:unknown"
"starter-route:family-mediator","starter_route","Family Mediator","Law, public service and public safety","kind:unknown"
"starter-route:fire-brigade-officer","starter_route","Fire Brigade Officer","Law, public service and public safety","kind:unknown"
"starter-route:human-rights-lawyer","starter_route","Human Rights Lawyer","Law, public service and public safety","kind:unknown"
"starter-route:immigration-consultant","starter_route","Immigration Consultant","Law, public service and public safety","kind:unknown"
"starter-route:mediator-arbitrator","starter_route","Mediator / Arbitrator","Law, public service and public safety","kind:unknown"
"starter-route:municipal-councillor","starter_route","Municipal Councillor","Law, public service and public safety","kind:unknown"
"starter-route:notary-public","starter_route","Notary Public","Law, public service and public safety","kind:unknown"
"starter-route:para-legal-legal-secretary","starter_route","Para-Legal / Legal Secretary","Law, public service and public safety","kind:unknown"
"starter-route:police-officer-saps","starter_route","Police Officer (SAPS)","Law, public service and public safety","kind:unknown"
"starter-route:popia-data-protection-officer","starter_route","POPIA / Data Protection Officer","Law, public service and public safety","kind:unknown"
"starter-route:refugee-immigrant-rights-paralegal","starter_route","Refugee / Immigrant Rights Paralegal","Law, public service and public safety","kind:unknown"
"starter-route:sheriff-of-the-court","starter_route","Sheriff of the Court","Law, public service and public safety","kind:unknown"
"starter-route:state-legal-advisor","starter_route","State Legal Advisor","Law, public service and public safety","kind:unknown"
"starter-route:able-seafarer-deck","starter_route","Able Seafarer (Deck)","Logistics, transport and supply chain","kind:unknown"
"starter-route:airline-pilot-commercial","starter_route","Airline Pilot (Commercial)","Logistics, transport and supply chain","kind:unknown"
"starter-route:cabin-crew-member","starter_route","Cabin Crew Member","Logistics, transport and supply chain","kind:unknown"
"starter-route:cold-chain-technician","starter_route","Cold Chain Technician","Logistics, transport and supply chain","kind:unknown"
"starter-route:courier-driver","starter_route","Courier Driver","Logistics, transport and supply chain","kind:unknown"
"starter-route:customs-clearing-agent","starter_route","Customs Clearing Agent","Logistics, transport and supply chain","kind:unknown"
"starter-route:dangerous-goods-inspector","starter_route","Dangerous Goods Inspector","Logistics, transport and supply chain","kind:unknown"
"starter-route:delivery-driver-bike-ldv","starter_route","Delivery Driver (Bike / LDV)","Logistics, transport and supply chain","kind:unknown"
"starter-route:dispatch-clerk","starter_route","Dispatch Clerk","Logistics, transport and supply chain","kind:unknown"
"starter-route:dock-worker-stevedore","starter_route","Dock Worker / Stevedore","Logistics, transport and supply chain","kind:unknown"
"starter-route:e-commerce-fulfilment-specialist","starter_route","E-Commerce Fulfilment Specialist","Logistics, transport and supply chain","kind:unknown"
"starter-route:fleet-controller","starter_route","Fleet Controller","Logistics, transport and supply chain","kind:unknown"
"starter-route:fuel-tanker-driver","starter_route","Fuel Tanker Driver","Logistics, transport and supply chain","kind:unknown"
"starter-route:last-mile-logistics-coordinator","starter_route","Last-Mile Logistics Coordinator","Logistics, transport and supply chain","kind:unknown"
"starter-route:marine-pilot","starter_route","Marine Pilot","Logistics, transport and supply chain","kind:unknown"
"starter-route:port-operations-worker","starter_route","Port Operations Worker","Logistics, transport and supply chain","kind:unknown"
"starter-route:postal-delivery-worker","starter_route","Postal Delivery Worker","Logistics, transport and supply chain","kind:unknown"
"starter-route:railway-signalling-technician","starter_route","Railway Signalling Technician","Logistics, transport and supply chain","kind:unknown"
"starter-route:reach-truck-operator","starter_route","Reach Truck Operator","Logistics, transport and supply chain","kind:unknown"
"starter-route:ride-hailing-driver","starter_route","Ride-Hailing Driver","Logistics, transport and supply chain","kind:unknown"
"starter-route:rolling-stock-electrician","starter_route","Rolling Stock Electrician","Logistics, transport and supply chain","kind:unknown"
"starter-route:ship-chandlers-agent","starter_route","Ship Chandlers Agent","Logistics, transport and supply chain","kind:unknown"
"starter-route:ship-s-master-coastal","starter_route","Ship's Master (Coastal)","Logistics, transport and supply chain","kind:unknown"
"starter-route:ships-agent","starter_route","Ships Agent","Logistics, transport and supply chain","kind:unknown"
"starter-route:shunting-yard-operator","starter_route","Shunting Yard Operator","Logistics, transport and supply chain","kind:unknown"
"starter-route:supply-chain-sustainability-analyst","starter_route","Supply Chain Sustainability Analyst","Logistics, transport and supply chain","kind:unknown"
"starter-route:taxi-driver-minibus","starter_route","Taxi Driver (Minibus)","Logistics, transport and supply chain","kind:unknown"
"starter-route:train-conductor-shunter","starter_route","Train Conductor / Shunter","Logistics, transport and supply chain","kind:unknown"
"starter-route:truck-driver-code-c1-ec","starter_route","Truck Driver (Code C1 / EC)","Logistics, transport and supply chain","kind:unknown"
"starter-route:warehouse-picker-packer","starter_route","Warehouse Picker / Packer","Logistics, transport and supply chain","kind:unknown"
"starter-route:buyer-procurement-officer","starter_route","Buyer / Procurement Officer","Management, strategy and leadership","kind:unknown"
"starter-route:co-operative-registrar-advisor","starter_route","Co-operative Registrar Advisor","Management, strategy and leadership","kind:unknown"
"starter-route:communications-manager","starter_route","Communications Manager","Management, strategy and leadership","kind:unknown"
"starter-route:diversity-and-inclusion-officer","starter_route","Diversity and Inclusion Officer","Management, strategy and leadership","kind:unknown"
"starter-route:enterprise-development-officer-smme","starter_route","Enterprise Development Officer (SMME)","Management, strategy and leadership","kind:unknown"
"starter-route:esg-sustainability-manager","starter_route","ESG / Sustainability Manager","Management, strategy and leadership","kind:unknown"
"starter-route:general-manager-sme","starter_route","General Manager (SME)","Management, strategy and leadership","kind:unknown"
"starter-route:hr-generalist-practitioner","starter_route","HR Generalist / Practitioner","Management, strategy and leadership","kind:unknown"
"starter-route:human-resources-manager","starter_route","Human Resources Manager","Management, strategy and leadership","kind:unknown"
"starter-route:incubation-hub-manager","starter_route","Incubation Hub Manager","Management, strategy and leadership","kind:unknown"
"starter-route:managing-director-ceo","starter_route","Managing Director / CEO","Management, strategy and leadership","kind:unknown"
"starter-route:ohs-manager-she-manager","starter_route","OHS Manager / SHE Manager","Management, strategy and leadership","kind:unknown"
"starter-route:personal-assistant-to-director","starter_route","Personal Assistant to Director","Management, strategy and leadership","kind:unknown"
"starter-route:programme-manager-ngo-npo","starter_route","Programme Manager (NGO / NPO)","Management, strategy and leadership","kind:unknown"
"starter-route:recruitment-consultant","starter_route","Recruitment Consultant","Management, strategy and leadership","kind:unknown"
"starter-route:remote-work-hybrid-work-coordinator","starter_route","Remote Work / Hybrid Work Coordinator","Management, strategy and leadership","kind:unknown"
"starter-route:strategy-consultant","starter_route","Strategy Consultant","Management, strategy and leadership","kind:unknown"
"starter-route:training-and-development-officer","starter_route","Training and Development Officer","Management, strategy and leadership","kind:unknown"
"starter-route:additive-manufacturing-3d-print-technician","starter_route","Additive Manufacturing (3D Print) Technician","Manufacturing, mining and energy","kind:unknown"
"starter-route:battery-storage-technician","starter_route","Battery Storage Technician","Manufacturing, mining and energy","kind:unknown"
"starter-route:boiler-maker-heavy","starter_route","Boiler Maker (Heavy)","Manufacturing, mining and energy","kind:unknown"
"starter-route:cnc-machine-operator","starter_route","CNC Machine Operator","Manufacturing, mining and energy","kind:unknown"
"starter-route:cnc-programmer","starter_route","CNC Programmer","Manufacturing, mining and energy","kind:unknown"
"starter-route:dump-truck-driver-mining","starter_route","Dump Truck Driver (Mining)","Manufacturing, mining and energy","kind:unknown"
"starter-route:electrician-industrial","starter_route","Electrician (Industrial)","Manufacturing, mining and energy","kind:unknown"
"starter-route:energy-plant-operator-solar-wind","starter_route","Energy Plant Operator (Solar/Wind)","Manufacturing, mining and energy","kind:unknown"
"starter-route:footwear-stitcher","starter_route","Footwear Stitcher","Manufacturing, mining and energy","kind:unknown"
"starter-route:garment-cutter","starter_route","Garment Cutter","Manufacturing, mining and energy","kind:unknown"
"starter-route:instrument-mechanician","starter_route","Instrument Mechanician","Manufacturing, mining and energy","kind:unknown"
"starter-route:lean-manufacturing-specialist","starter_route","Lean Manufacturing Specialist","Manufacturing, mining and energy","kind:unknown"
"starter-route:machine-operator-manufacturing","starter_route","Machine Operator (Manufacturing)","Manufacturing, mining and energy","kind:unknown"
"starter-route:metallurgist-plant","starter_route","Metallurgist (Plant)","Manufacturing, mining and energy","kind:unknown"
"starter-route:millwright-plant","starter_route","Millwright (Plant)","Manufacturing, mining and energy","kind:unknown"
"starter-route:miner-production-stoping","starter_route","Miner (Production / Stoping)","Manufacturing, mining and energy","kind:unknown"
"starter-route:mineral-processing-operator","starter_route","Mineral Processing Operator","Manufacturing, mining and energy","kind:unknown"
"starter-route:motor-mechanic","starter_route","Motor Mechanic","Manufacturing, mining and energy","kind:unknown"
"starter-route:panel-beater-spray-painter","starter_route","Panel Beater / Spray Painter","Manufacturing, mining and energy","kind:unknown"
"starter-route:petrochemical-refinery-operator","starter_route","Petrochemical Refinery Operator","Manufacturing, mining and energy","kind:unknown"
"starter-route:petrol-diesel-attendant","starter_route","Petrol/Diesel Attendant","Manufacturing, mining and energy","kind:unknown"
"starter-route:plant-operator-excavator-bulldozer","starter_route","Plant Operator (Excavator / Bulldozer)","Manufacturing, mining and energy","kind:unknown"
"starter-route:production-line-worker","starter_route","Production Line Worker","Manufacturing, mining and energy","kind:unknown"
"starter-route:quality-assurance-inspector","starter_route","Quality Assurance Inspector","Manufacturing, mining and energy","kind:unknown"
"starter-route:quality-systems-auditor-iso","starter_route","Quality Systems Auditor (ISO)","Manufacturing, mining and energy","kind:unknown"
"starter-route:robotics-cell-operator","starter_route","Robotics Cell Operator","Manufacturing, mining and energy","kind:unknown"
"starter-route:sewing-machinist","starter_route","Sewing Machinist","Manufacturing, mining and energy","kind:unknown"
"starter-route:textile-machine-operator","starter_route","Textile Machine Operator","Manufacturing, mining and energy","kind:unknown"
"starter-route:welder-arc-mig-tig","starter_route","Welder (Arc, MIG, TIG)","Manufacturing, mining and energy","kind:unknown"
"starter-route:affiliate-marketing-coordinator","starter_route","Affiliate Marketing Coordinator","Sales, marketing and customer work","kind:unknown"
"starter-route:call-centre-agent-inbound","starter_route","Call Centre Agent (Inbound)","Sales, marketing and customer work","kind:unknown"
"starter-route:call-centre-agent-outbound","starter_route","Call Centre Agent (Outbound)","Sales, marketing and customer work","kind:unknown"
"starter-route:call-centre-team-leader","starter_route","Call Centre Team Leader","Sales, marketing and customer work","kind:unknown"
"starter-route:car-sales-executive","starter_route","Car Sales Executive","Sales, marketing and customer work","kind:unknown"
"starter-route:customer-success-manager","starter_route","Customer Success Manager","Sales, marketing and customer work","kind:unknown"
"starter-route:direct-marketing-distributor","starter_route","Direct Marketing Distributor","Sales, marketing and customer work","kind:unknown"
"starter-route:e-commerce-customer-support","starter_route","E-Commerce Customer Support","Sales, marketing and customer work","kind:unknown"
"starter-route:e-commerce-store-manager","starter_route","E-Commerce Store Manager","Sales, marketing and customer work","kind:unknown"
"starter-route:field-sales-agent-township","starter_route","Field Sales Agent (Township)","Sales, marketing and customer work","kind:unknown"
"starter-route:franchise-owner-operator","starter_route","Franchise Owner/Operator","Sales, marketing and customer work","kind:unknown"
"starter-route:medical-sales-representative","starter_route","Medical Sales Representative","Sales, marketing and customer work","kind:unknown"
"starter-route:network-marketer-direct-selling-agent","starter_route","Network Marketer / Direct Selling Agent","Sales, marketing and customer work","kind:unknown"
"starter-route:personal-assistant-secretary","starter_route","Personal Assistant / Secretary","Sales, marketing and customer work","kind:unknown"
"starter-route:pharmaceutical-representative","starter_route","Pharmaceutical Representative","Sales, marketing and customer work","kind:unknown"
"starter-route:promoter-field-marketer","starter_route","Promoter / Field Marketer","Sales, marketing and customer work","kind:unknown"
"starter-route:real-estate-agent-intern","starter_route","Real Estate Agent (Intern)","Sales, marketing and customer work","kind:unknown"
"starter-route:real-estate-principal","starter_route","Real Estate Principal","Sales, marketing and customer work","kind:unknown"
"starter-route:receptionist-front-desk","starter_route","Receptionist / Front Desk","Sales, marketing and customer work","kind:unknown"
"starter-route:retail-buyer-merchandiser","starter_route","Retail Buyer / Merchandiser","Sales, marketing and customer work","kind:unknown"
"starter-route:retail-store-manager","starter_route","Retail Store Manager","Sales, marketing and customer work","kind:unknown"
"starter-route:sales-representative-fmcg","starter_route","Sales Representative (FMCG)","Sales, marketing and customer work","kind:unknown"
"starter-route:sdr-bdr-software-sales","starter_route","SDR / BDR (Software Sales)","Sales, marketing and customer work","kind:unknown"
"starter-route:shop-assistant-cashier","starter_route","Shop Assistant / Cashier","Sales, marketing and customer work","kind:unknown"
"starter-route:social-media-sales-funnel-specialist","starter_route","Social Media Sales Funnel Specialist","Sales, marketing and customer work","kind:unknown"
"starter-route:trade-marketer-fmcg","starter_route","Trade Marketer (FMCG)","Sales, marketing and customer work","kind:unknown"
"starter-route:wholesale-sales-representative","starter_route","Wholesale Sales Representative","Sales, marketing and customer work","kind:unknown"
"starter-route:air-quality-officer","starter_route","Air Quality Officer","Science, research and frontier careers","kind:unknown"
"starter-route:bioinformatics-scientist","starter_route","Bioinformatics Scientist","Science, research and frontier careers","kind:unknown"
"starter-route:chemist-laboratory-analyst","starter_route","Chemist (Laboratory Analyst)","Science, research and frontier careers","kind:unknown"
"starter-route:conservation-science-officer","starter_route","Conservation Science Officer","Science, research and frontier careers","kind:unknown"
"starter-route:dna-analyst-forensic","starter_route","DNA Analyst (Forensic)","Science, research and frontier careers","kind:unknown"
"starter-route:entomologist","starter_route","Entomologist","Science, research and frontier careers","kind:unknown"
"starter-route:environmental-impact-assessment-practitioner","starter_route","Environmental Impact Assessment Practitioner","Science, research and frontier careers","kind:unknown"
"starter-route:forensic-science-analyst","starter_route","Forensic Science Analyst","Science, research and frontier careers","kind:unknown"
"starter-route:herpetologist","starter_route","Herpetologist","Science, research and frontier careers","kind:unknown"
"starter-route:laboratory-assistant","starter_route","Laboratory Assistant","Science, research and frontier careers","kind:unknown"
"starter-route:marine-biologist","starter_route","Marine Biologist","Science, research and frontier careers","kind:unknown"
"starter-route:mathematician-applied","starter_route","Mathematician (Applied)","Science, research and frontier careers","kind:unknown"
"starter-route:ornithologist","starter_route","Ornithologist","Science, research and frontier careers","kind:unknown"
"starter-route:palaeontologist","starter_route","Palaeontologist","Science, research and frontier careers","kind:unknown"
"starter-route:phd-researcher-candidate","starter_route","PhD Researcher / Candidate","Science, research and frontier careers","kind:unknown"
"starter-route:renewable-energy-researcher","starter_route","Renewable Energy Researcher","Science, research and frontier careers","kind:unknown"
"starter-route:research-assistant-university","starter_route","Research Assistant (University)","Science, research and frontier careers","kind:unknown"
"starter-route:science-communicator-journalist","starter_route","Science Communicator / Journalist","Science, research and frontier careers","kind:unknown"
"starter-route:science-lab-safety-officer","starter_route","Science Lab Safety Officer","Science, research and frontier careers","kind:unknown"
"starter-route:volcanologist","starter_route","Volcanologist","Science, research and frontier careers","kind:unknown"
"starter-route:volcanology-field-technician","starter_route","Volcanology Field Technician","Science, research and frontier careers","kind:unknown"
"starter-route:water-quality-scientist","starter_route","Water Quality Scientist","Science, research and frontier careers","kind:unknown"
"starter-route:boat-builder","starter_route","Boat Builder","Skilled trades, construction and engineering","kind:unknown"
"starter-route:cabinetmaker","starter_route","Cabinetmaker","Skilled trades, construction and engineering","kind:unknown"
"starter-route:carpet-and-flooring-estimator","starter_route","Carpet and Flooring Estimator","Skilled trades, construction and engineering","kind:unknown"
"starter-route:ceiling-and-partition-installer","starter_route","Ceiling and Partition Installer","Skilled trades, construction and engineering","kind:unknown"
"starter-route:diver-construction-inspection","starter_route","Diver (Construction / Inspection)","Skilled trades, construction and engineering","kind:unknown"
"starter-route:ev-electric-vehicle-technician","starter_route","EV (Electric Vehicle) Technician","Skilled trades, construction and engineering","kind:unknown"
"starter-route:fibre-optic-splicer","starter_route","Fibre Optic Splicer","Skilled trades, construction and engineering","kind:unknown"
"starter-route:floor-layer","starter_route","Floor Layer","Skilled trades, construction and engineering","kind:unknown"
"starter-route:gunsmith","starter_route","Gunsmith","Skilled trades, construction and engineering","kind:unknown"
"starter-route:heat-pump-installer","starter_route","Heat Pump Installer","Skilled trades, construction and engineering","kind:unknown"
"starter-route:jeweller","starter_route","Jeweller","Skilled trades, construction and engineering","kind:unknown"
"starter-route:joiner","starter_route","Joiner","Skilled trades, construction and engineering","kind:unknown"
"starter-route:leatherworker-saddler","starter_route","Leatherworker / Saddler","Skilled trades, construction and engineering","kind:unknown"
"starter-route:patternmaker-metal","starter_route","Patternmaker (Metal)","Skilled trades, construction and engineering","kind:unknown"
"starter-route:renewable-energy-installer-solar-pv","starter_route","Renewable Energy Installer (Solar PV)","Skilled trades, construction and engineering","kind:unknown"
"starter-route:sailmaker-canvas-worker","starter_route","Sailmaker / Canvas Worker","Skilled trades, construction and engineering","kind:unknown"
"starter-route:sheetmetal-worker","starter_route","Sheetmetal Worker","Skilled trades, construction and engineering","kind:unknown"
"starter-route:signwriter","starter_route","Signwriter","Skilled trades, construction and engineering","kind:unknown"
"starter-route:solar-geyser-installer","starter_route","Solar Geyser Installer","Skilled trades, construction and engineering","kind:unknown"
"starter-route:swimming-pool-technician","starter_route","Swimming Pool Technician","Skilled trades, construction and engineering","kind:unknown"
"starter-route:taxidermist","starter_route","Taxidermist","Skilled trades, construction and engineering","kind:unknown"
"starter-route:thatcher","starter_route","Thatcher","Skilled trades, construction and engineering","kind:unknown"
"starter-route:tiler-wall-and-floor","starter_route","Tiler (Wall and Floor)","Skilled trades, construction and engineering","kind:unknown"
"starter-route:watch-and-clock-repairer","starter_route","Watch and Clock Repairer","Skilled trades, construction and engineering","kind:unknown"
"starter-route:welding-inspector","starter_route","Welding Inspector","Skilled trades, construction and engineering","kind:unknown"
"starter-route:wig-maker","starter_route","Wig Maker","Skilled trades, construction and engineering","kind:unknown"
"starter-route:wind-turbine-service-technician","starter_route","Wind Turbine Service Technician","Skilled trades, construction and engineering","kind:unknown"
"starter-route:accessibility-consultant-digital","starter_route","Accessibility Consultant (Digital)","Technology, data and AI","kind:unknown"
"starter-route:ai-ethics-and-compliance-officer","starter_route","AI Ethics and Compliance Officer","Technology, data and AI","kind:unknown"
"starter-route:ai-ethics-reviewer","starter_route","AI Ethics Reviewer","Technology, data and AI","kind:unknown"
"starter-route:ai-training-data-specialist","starter_route","AI Training Data Specialist","Technology, data and AI","kind:unknown"
"starter-route:ar-vr-developer","starter_route","AR/VR Developer","Technology, data and AI","kind:unknown"
"starter-route:cartographic-technician","starter_route","Cartographic Technician","Technology, data and AI","kind:unknown"
"starter-route:cloud-security-engineer","starter_route","Cloud Security Engineer","Technology, data and AI","kind:unknown"
"starter-route:computer-operator","starter_route","Computer Operator","Technology, data and AI","kind:unknown"
"starter-route:customer-data-platform-specialist","starter_route","Customer Data Platform Specialist","Technology, data and AI","kind:unknown"
"starter-route:cyber-threat-intelligence-analyst","starter_route","Cyber Threat Intelligence Analyst","Technology, data and AI","kind:unknown"
"starter-route:data-capturer","starter_route","Data Capturer","Technology, data and AI","kind:unknown"
"starter-route:data-governance-lead","starter_route","Data Governance Lead","Technology, data and AI","kind:unknown"
"starter-route:developer-relations-engineer","starter_route","Developer Relations Engineer","Technology, data and AI","kind:unknown"
"starter-route:digital-product-designer-growth","starter_route","Digital Product Designer (Growth)","Technology, data and AI","kind:unknown"
"starter-route:digital-twin-engineer","starter_route","Digital Twin Engineer","Technology, data and AI","kind:unknown"
"starter-route:edge-computing-specialist","starter_route","Edge Computing Specialist","Technology, data and AI","kind:unknown"
"starter-route:edp-auditor","starter_route","EDP Auditor","Technology, data and AI","kind:unknown"
"starter-route:low-code-no-code-developer","starter_route","Low-Code / No-Code Developer","Technology, data and AI","kind:unknown"
"starter-route:low-code-mobile-app-builder","starter_route","Low-Code Mobile App Builder","Technology, data and AI","kind:unknown"
"starter-route:mainframe-programmer","starter_route","Mainframe Programmer","Technology, data and AI","kind:unknown"
"starter-route:microcomputer-support-assistant","starter_route","Microcomputer Support Assistant","Technology, data and AI","kind:unknown"
"starter-route:mlops-engineer","starter_route","MLOps Engineer","Technology, data and AI","kind:unknown"
"starter-route:observability-engineer","starter_route","Observability Engineer","Technology, data and AI","kind:unknown"
"starter-route:office-systems-coordinator","starter_route","Office Systems Coordinator","Technology, data and AI","kind:unknown"
"starter-route:open-source-community-manager","starter_route","Open Source Community Manager","Technology, data and AI","kind:unknown"
"starter-route:platform-engineer","starter_route","Platform Engineer","Technology, data and AI","kind:unknown"
"starter-route:printing-prepress-technician-digital","starter_route","Printing Prepress Technician (Digital)","Technology, data and AI","kind:unknown"
"starter-route:prompt-library-curator","starter_route","Prompt Library Curator","Technology, data and AI","kind:unknown"
"starter-route:rpa-developer","starter_route","RPA Developer","Technology, data and AI","kind:unknown"
"starter-route:saas-implementation-consultant","starter_route","SaaS Implementation Consultant","Technology, data and AI","kind:unknown"
"starter-route:telephonist-pabx-operator","starter_route","Telephonist / PABX Operator","Technology, data and AI","kind:unknown"
"starter-route:web3-smart-contract-developer","starter_route","Web3 / Smart Contract Developer","Technology, data and AI","kind:unknown"
"starter-route:abalone-farmer","starter_route","Abalone Farmer","Agriculture, food and environment","kind:unknown"
"starter-route:abattoir-meat-inspector","starter_route","Abattoir Meat Inspector","Agriculture, food and environment","kind:unknown"
"starter-route:agricultural-engineer","starter_route","Agricultural Engineer","Agriculture, food and environment","kind:unknown"
"starter-route:agricultural-mechanic-field","starter_route","Agricultural Mechanic (Field)","Agriculture, food and environment","kind:unknown"
"starter-route:agroecology-extension-officer","starter_route","Agroecology Extension Officer","Agriculture, food and environment","kind:unknown"
"starter-route:agronomist","starter_route","Agronomist","Agriculture, food and environment","kind:unknown"
"starter-route:animal-scientist","starter_route","Animal Scientist","Agriculture, food and environment","kind:unknown"
"starter-route:anti-poaching-ranger","starter_route","Anti-Poaching Ranger","Agriculture, food and environment","kind:unknown"
"starter-route:aquaculture-tilapia-farmer","starter_route","Aquaculture Tilapia Farmer","Agriculture, food and environment","kind:unknown"
"starter-route:bakery-plant-manager","starter_route","Bakery Plant Manager","Agriculture, food and environment","kind:unknown"
"starter-route:beef-cattle-rancher","starter_route","Beef Cattle Rancher","Agriculture, food and environment","kind:unknown"
"starter-route:biltong-maker-curer","starter_route","Biltong Maker / Curer","Agriculture, food and environment","kind:unknown"
"starter-route:broiler-chicken-farmer","starter_route","Broiler Chicken Farmer","Agriculture, food and environment","kind:unknown"
"starter-route:butter-maker","starter_route","Butter Maker","Agriculture, food and environment","kind:unknown"
"starter-route:cheese-maker","starter_route","Cheese Maker","Agriculture, food and environment","kind:unknown"
"starter-route:chicken-layer-farmer","starter_route","Chicken Layer Farmer","Agriculture, food and environment","kind:unknown"
"starter-route:chocolatier","starter_route","Chocolatier","Agriculture, food and environment","kind:unknown"
"starter-route:cider-maker","starter_route","Cider Maker","Agriculture, food and environment","kind:unknown"
"starter-route:citrus-farmer","starter_route","Citrus Farmer","Agriculture, food and environment","kind:unknown"
"starter-route:confectioner","starter_route","Confectioner","Agriculture, food and environment","kind:unknown"
"starter-route:conservation-agriculture-trainer","starter_route","Conservation Agriculture Trainer","Agriculture, food and environment","kind:unknown"
"starter-route:cotton-farmer","starter_route","Cotton Farmer","Agriculture, food and environment","kind:unknown"
"starter-route:craft-brewer","starter_route","Craft Brewer","Agriculture, food and environment","kind:unknown"
"starter-route:crocodile-farmer","starter_route","Crocodile Farmer","Agriculture, food and environment","kind:unknown"
"starter-route:dairy-herd-manager","starter_route","Dairy Herd Manager","Agriculture, food and environment","kind:unknown"
"starter-route:deciduous-fruit-farmer","starter_route","Deciduous Fruit Farmer","Agriculture, food and environment","kind:unknown"
"starter-route:distiller-wine-brandy","starter_route","Distiller (Wine / Brandy)","Agriculture, food and environment","kind:unknown"
"starter-route:egg-production-manager","starter_route","Egg Production Manager","Agriculture, food and environment","kind:unknown"
"starter-route:entomologist-agricultural","starter_route","Entomologist (Agricultural)","Agriculture, food and environment","kind:unknown"
"starter-route:farm-administration-clerk","starter_route","Farm Administration Clerk","Agriculture, food and environment","kind:unknown"
"starter-route:farm-bookkeeper","starter_route","Farm Bookkeeper","Agriculture, food and environment","kind:unknown"
"starter-route:farm-foreman-supervisor","starter_route","Farm Foreman / Supervisor","Agriculture, food and environment","kind:unknown"
"starter-route:field-guide-nature-reserve","starter_route","Field Guide (Nature Reserve)","Agriculture, food and environment","kind:unknown"
"starter-route:fish-hatchery-technician","starter_route","Fish Hatchery Technician","Agriculture, food and environment","kind:unknown"
"starter-route:flower-farmer-floriculturist","starter_route","Flower Farmer / Floriculturist","Agriculture, food and environment","kind:unknown"
"starter-route:fresh-produce-market-agent","starter_route","Fresh Produce Market Agent","Agriculture, food and environment","kind:unknown"
"starter-route:fruit-and-vegetable-inspector","starter_route","Fruit and Vegetable Inspector","Agriculture, food and environment","kind:unknown"
"starter-route:fruit-packhouse-manager","starter_route","Fruit Packhouse Manager","Agriculture, food and environment","kind:unknown"
"starter-route:game-meat-processor","starter_route","Game Meat Processor","Agriculture, food and environment","kind:unknown"
"starter-route:goat-farmer","starter_route","Goat Farmer","Agriculture, food and environment","kind:unknown"
"starter-route:golf-course-greenkeeper","starter_route","Golf Course Greenkeeper","Agriculture, food and environment","kind:unknown"
"starter-route:grain-silo-manager","starter_route","Grain Silo Manager","Agriculture, food and environment","kind:unknown"
"starter-route:irrigation-engineer","starter_route","Irrigation Engineer","Agriculture, food and environment","kind:unknown"
"starter-route:landscape-contractor","starter_route","Landscape Contractor","Agriculture, food and environment","kind:unknown"
"starter-route:livestock-nutritionist","starter_route","Livestock Nutritionist","Agriculture, food and environment","kind:unknown"
"starter-route:macadamia-nut-farmer","starter_route","Macadamia Nut Farmer","Agriculture, food and environment","kind:unknown"
"starter-route:maize-farmer","starter_route","Maize Farmer","Agriculture, food and environment","kind:unknown"
"starter-route:master-pastry-chef-bakery","starter_route","Master Pastry Chef (Bakery)","Agriculture, food and environment","kind:unknown"
"starter-route:meat-inspector","starter_route","Meat Inspector","Agriculture, food and environment","kind:unknown"
"starter-route:milk-tester-dairy-quality-controller","starter_route","Milk Tester / Dairy Quality Controller","Agriculture, food and environment","kind:unknown"
"starter-route:mussel-oyster-farmer","starter_route","Mussel / Oyster Farmer","Agriculture, food and environment","kind:unknown"
"starter-route:ostrich-farmer","starter_route","Ostrich Farmer","Agriculture, food and environment","kind:unknown"
"starter-route:pasture-scientist","starter_route","Pasture Scientist","Agriculture, food and environment","kind:unknown"
"starter-route:pecan-nut-farmer","starter_route","Pecan Nut Farmer","Agriculture, food and environment","kind:unknown"
"starter-route:pig-farmer","starter_route","Pig Farmer","Agriculture, food and environment","kind:unknown"
"starter-route:plant-pathologist","starter_route","Plant Pathologist","Agriculture, food and environment","kind:unknown"
"starter-route:potato-farmer","starter_route","Potato Farmer","Agriculture, food and environment","kind:unknown"
"starter-route:poultry-nutritionist","starter_route","Poultry Nutritionist","Agriculture, food and environment","kind:unknown"
"starter-route:produce-buyer-marketer-fresh-produce","starter_route","Produce Buyer / Marketer (Fresh Produce)","Agriculture, food and environment","kind:unknown"
"starter-route:range-ecologist","starter_route","Range Ecologist","Agriculture, food and environment","kind:unknown"
"starter-route:rooibos-tea-farmer","starter_route","Rooibos Tea Farmer","Agriculture, food and environment","kind:unknown"
"starter-route:sheep-farmer-wool-mutton","starter_route","Sheep Farmer (Wool / Mutton)","Agriculture, food and environment","kind:unknown"
"starter-route:subtropical-fruit-farmer-mango-avocado","starter_route","Subtropical Fruit Farmer (Mango / Avocado)","Agriculture, food and environment","kind:unknown"
"starter-route:sunflower-oilseed-farmer","starter_route","Sunflower / Oilseed Farmer","Agriculture, food and environment","kind:unknown"
"starter-route:table-grape-producer","starter_route","Table Grape Producer","Agriculture, food and environment","kind:unknown"
"starter-route:tobacco-farmer","starter_route","Tobacco Farmer","Agriculture, food and environment","kind:unknown"
"starter-route:tomato-producer","starter_route","Tomato Producer","Agriculture, food and environment","kind:unknown"
"starter-route:tracks-and-signs-guide","starter_route","Tracks and Signs Guide","Agriculture, food and environment","kind:unknown"
"starter-route:urban-farmer","starter_route","Urban Farmer","Agriculture, food and environment","kind:unknown"
"starter-route:vegetable-farmer","starter_route","Vegetable Farmer","Agriculture, food and environment","kind:unknown"
"starter-route:veld-fire-manager","starter_route","Veld Fire Manager","Agriculture, food and environment","kind:unknown"
"starter-route:wheat-farmer","starter_route","Wheat Farmer","Agriculture, food and environment","kind:unknown"
"starter-route:wholesale-florist","starter_route","Wholesale Florist","Agriculture, food and environment","kind:unknown"
"starter-route:wildlife-manager","starter_route","Wildlife Manager","Agriculture, food and environment","kind:unknown"
"starter-route:wine-blender","starter_route","Wine Blender","Agriculture, food and environment","kind:unknown"
"starter-route:wine-cellar-master","starter_route","Wine Cellar Master","Agriculture, food and environment","kind:unknown"
"starter-route:wine-grape-farmer","starter_route","Wine Grape Farmer","Agriculture, food and environment","kind:unknown"
"starter-route:yoghurt-dairy-product-maker","starter_route","Yoghurt / Dairy Product Maker","Agriculture, food and environment","kind:unknown"
"starter-route:air-defence-artillery-operator","starter_route","Air Defence Artillery Operator","Armed forces and security services","kind:unknown"
"starter-route:air-mercy-service-ams-pilot","starter_route","Air Mercy Service (AMS) Pilot","Armed forces and security services","kind:unknown"
"starter-route:armoured-corps-driver","starter_route","Armoured Corps Driver","Armed forces and security services","kind:unknown"
"starter-route:armoured-vehicle-driver-cvs","starter_route","Armoured Vehicle Driver (CVS)","Armed forces and security services","kind:unknown"
"starter-route:army-combat-medic","starter_route","Army Combat Medic","Armed forces and security services","kind:unknown"
"starter-route:artillery-gun-layer","starter_route","Artillery Gun Layer","Armed forces and security services","kind:unknown"
"starter-route:bomb-disposal-eod-operator","starter_route","Bomb Disposal (EOD) Operator","Armed forces and security services","kind:unknown"
"starter-route:bomb-squad-saps-member","starter_route","Bomb Squad (SAPS) Member","Armed forces and security services","kind:unknown"
"starter-route:celebrity-bodyguard","starter_route","Celebrity Bodyguard","Armed forces and security services","kind:unknown"
"starter-route:close-protection-team-leader","starter_route","Close Protection Team Leader","Armed forces and security services","kind:unknown"
"starter-route:counter-intelligence-officer","starter_route","Counter-Intelligence Officer","Armed forces and security services","kind:unknown"
"starter-route:cyber-operator-defensive","starter_route","Cyber Operator (Defensive)","Armed forces and security services","kind:unknown"
"starter-route:cyber-operator-offensive","starter_route","Cyber Operator (Offensive)","Armed forces and security services","kind:unknown"
"starter-route:demolitions-expert-military","starter_route","Demolitions Expert (Military)","Armed forces and security services","kind:unknown"
"starter-route:drill-sergeant","starter_route","Drill Sergeant","Armed forces and security services","kind:unknown"
"starter-route:ems-rescue-technician","starter_route","EMS Rescue Technician","Armed forces and security services","kind:unknown"
"starter-route:field-engineer-combat","starter_route","Field Engineer (Combat)","Armed forces and security services","kind:unknown"
"starter-route:forensic-fire-investigator","starter_route","Forensic Fire Investigator","Armed forces and security services","kind:unknown"
"starter-route:military-chaplain-all-faiths","starter_route","Military Chaplain (All Faiths)","Armed forces and security services","kind:unknown"
"starter-route:military-chef-uniformed","starter_route","Military Chef (Uniformed)","Armed forces and security services","kind:unknown"
"starter-route:military-doctor","starter_route","Military Doctor","Armed forces and security services","kind:unknown"
"starter-route:military-drone-operator-uav","starter_route","Military Drone Operator (UAV)","Armed forces and security services","kind:unknown"
"starter-route:military-finance-officer","starter_route","Military Finance Officer","Armed forces and security services","kind:unknown"
"starter-route:military-intelligence-analyst","starter_route","Military Intelligence Analyst","Armed forces and security services","kind:unknown"
"starter-route:military-nursing-sister","starter_route","Military Nursing Sister","Armed forces and security services","kind:unknown"
"starter-route:military-police-dog-handler","starter_route","Military Police Dog Handler","Armed forces and security services","kind:unknown"
"starter-route:military-police-investigator","starter_route","Military Police Investigator","Armed forces and security services","kind:unknown"
"starter-route:military-procurement-officer","starter_route","Military Procurement Officer","Armed forces and security services","kind:unknown"
"starter-route:military-psychologist","starter_route","Military Psychologist","Armed forces and security services","kind:unknown"
"starter-route:military-satellite-communications-technician","starter_route","Military Satellite Communications Technician","Armed forces and security services","kind:unknown"
"starter-route:military-storeman-quartermaster","starter_route","Military Storeman / Quartermaster","Armed forces and security services","kind:unknown"
"starter-route:military-training-instructor","starter_route","Military Training Instructor","Armed forces and security services","kind:unknown"
"starter-route:military-transport-driver","starter_route","Military Transport Driver","Armed forces and security services","kind:unknown"
"starter-route:military-working-dog-handler","starter_route","Military Working Dog Handler","Armed forces and security services","kind:unknown"
"starter-route:mountain-search-and-rescue-volunteer","starter_route","Mountain Search and Rescue Volunteer","Armed forces and security services","kind:unknown"
"starter-route:nsri-sea-rescue-volunteer","starter_route","NSRI (Sea Rescue) Volunteer","Armed forces and security services","kind:unknown"
"starter-route:polygraph-examiner","starter_route","Polygraph Examiner","Armed forces and security services","kind:unknown"
"starter-route:private-investigation-detective","starter_route","Private Investigation Detective","Armed forces and security services","kind:unknown"
"starter-route:reserve-force-member-part-time","starter_route","Reserve Force Member (Part-Time)","Armed forces and security services","kind:unknown"
"starter-route:sa-navy-combat-officer","starter_route","SA Navy Combat Officer","Armed forces and security services","kind:unknown"
"starter-route:sa-navy-deck-hand","starter_route","SA Navy Deck Hand","Armed forces and security services","kind:unknown"
"starter-route:sa-navy-engineering-mechanic","starter_route","SA Navy Engineering Mechanic","Armed forces and security services","kind:unknown"
"starter-route:sa-navy-marine-soldier","starter_route","SA Navy Marine Soldier","Armed forces and security services","kind:unknown"
"starter-route:sa-navy-navigator","starter_route","SA Navy Navigator","Armed forces and security services","kind:unknown"
"starter-route:saaf-air-traffic-controller-military","starter_route","SAAF Air Traffic Controller (Military)","Armed forces and security services","kind:unknown"
"starter-route:saaf-aircraft-maintenance-technician","starter_route","SAAF Aircraft Maintenance Technician","Armed forces and security services","kind:unknown"
"starter-route:saaf-fighter-pilot","starter_route","SAAF Fighter Pilot","Armed forces and security services","kind:unknown"
"starter-route:saaf-helicopter-pilot","starter_route","SAAF Helicopter Pilot","Armed forces and security services","kind:unknown"
"starter-route:saaf-loadmaster","starter_route","SAAF Loadmaster","Armed forces and security services","kind:unknown"
"starter-route:saaf-transport-pilot","starter_route","SAAF Transport Pilot","Armed forces and security services","kind:unknown"
"starter-route:sandf-ammunition-technician","starter_route","SANDF Ammunition Technician","Armed forces and security services","kind:unknown"
"starter-route:sandf-army-company-commander-captain","starter_route","SANDF Army Company Commander (Captain)","Armed forces and security services","kind:unknown"
"starter-route:sandf-army-corporal","starter_route","SANDF Army Corporal","Armed forces and security services","kind:unknown"
"starter-route:sandf-army-sergeant","starter_route","SANDF Army Sergeant","Armed forces and security services","kind:unknown"
"starter-route:sandf-battalion-commander-lieutenant-colonel","starter_route","SANDF Battalion Commander (Lieutenant Colonel)","Armed forces and security services","kind:unknown"
"starter-route:sandf-legal-officer","starter_route","SANDF Legal Officer","Armed forces and security services","kind:unknown"
"starter-route:sandf-logistics-supply-officer","starter_route","SANDF Logistics Supply Officer","Armed forces and security services","kind:unknown"
"starter-route:sandf-parabat-recce-operator","starter_route","SANDF Parabat Recce Operator","Armed forces and security services","kind:unknown"
"starter-route:signals-intelligence-sigint-operator","starter_route","Signals Intelligence (SIGINT) Operator","Armed forces and security services","kind:unknown"
"starter-route:special-forces-operator-recces","starter_route","Special Forces Operator (Recces)","Armed forces and security services","kind:unknown"
"starter-route:swift-water-rescue-technician","starter_route","Swift Water Rescue Technician","Armed forces and security services","kind:unknown"
"starter-route:technical-rescue-high-angle-rope-rescue","starter_route","Technical Rescue (High Angle / Rope Rescue)","Armed forces and security services","kind:unknown"
"starter-route:war-college-student-candidate-officer","starter_route","War College Student / Candidate Officer","Armed forces and security services","kind:unknown"
"starter-route:afro-pop-musician","starter_route","Afro-Pop Musician","Arts, culture, heritage and society","kind:unknown"
"starter-route:archival-assistant-archive","starter_route","Archival Assistant (Archive)","Arts, culture, heritage and society","kind:unknown"
"starter-route:art-auction-house-specialist","starter_route","Art Auction House Specialist","Arts, culture, heritage and society","kind:unknown"
"starter-route:art-restorer-conservator","starter_route","Art Restorer / Conservator","Arts, culture, heritage and society","kind:unknown"
"starter-route:ballet-dancer","starter_route","Ballet Dancer","Arts, culture, heritage and society","kind:unknown"
"starter-route:blogger-independent","starter_route","Blogger (Independent)","Arts, culture, heritage and society","kind:unknown"
"starter-route:book-conservator","starter_route","Book Conservator","Arts, culture, heritage and society","kind:unknown"
"starter-route:business-journalist","starter_route","Business Journalist","Arts, culture, heritage and society","kind:unknown"
"starter-route:children-s-librarian","starter_route","Children's Librarian","Arts, culture, heritage and society","kind:unknown"
"starter-route:choir-director","starter_route","Choir Director","Arts, culture, heritage and society","kind:unknown"
"starter-route:circus-performer","starter_route","Circus Performer","Arts, culture, heritage and society","kind:unknown"
"starter-route:classical-musician-orchestral","starter_route","Classical Musician (Orchestral)","Arts, culture, heritage and society","kind:unknown"
"starter-route:closed-captioner","starter_route","Closed Captioner","Arts, culture, heritage and society","kind:unknown"
"starter-route:clown-children-s-entertainment","starter_route","Clown (Children's Entertainment)","Arts, culture, heritage and society","kind:unknown"
"starter-route:composer-film-television","starter_route","Composer (Film / Television)","Arts, culture, heritage and society","kind:unknown"
"starter-route:copy-editor","starter_route","Copy Editor","Arts, culture, heritage and society","kind:unknown"
"starter-route:copyright-librarian","starter_route","Copyright Librarian","Arts, culture, heritage and society","kind:unknown"
"starter-route:cultural-dancer-indigenous","starter_route","Cultural Dancer (Indigenous)","Arts, culture, heritage and society","kind:unknown"
"starter-route:cultural-journalist","starter_route","Cultural Journalist","Arts, culture, heritage and society","kind:unknown"
"starter-route:digital-archivist","starter_route","Digital Archivist","Arts, culture, heritage and society","kind:unknown"
"starter-route:entertainment-journalist","starter_route","Entertainment Journalist","Arts, culture, heritage and society","kind:unknown"
"starter-route:event-mc-master-of-ceremonies","starter_route","Event MC / Master of Ceremonies","Arts, culture, heritage and society","kind:unknown"
"starter-route:fashion-journalist","starter_route","Fashion Journalist","Arts, culture, heritage and society","kind:unknown"
"starter-route:food-writer-critic","starter_route","Food Writer / Critic","Arts, culture, heritage and society","kind:unknown"
"starter-route:frame-maker-gilder","starter_route","Frame Maker / Gilder","Arts, culture, heritage and society","kind:unknown"
"starter-route:freelance-editor","starter_route","Freelance Editor","Arts, culture, heritage and society","kind:unknown"
"starter-route:genealogist","starter_route","Genealogist","Arts, culture, heritage and society","kind:unknown"
"starter-route:ghostwriter","starter_route","Ghostwriter","Arts, culture, heritage and society","kind:unknown"
"starter-route:gqom-producer","starter_route","Gqom Producer","Arts, culture, heritage and society","kind:unknown"
"starter-route:healthcare-interpreter","starter_route","Healthcare Interpreter","Arts, culture, heritage and society","kind:unknown"
"starter-route:hip-hop-producer","starter_route","Hip-Hop Producer","Arts, culture, heritage and society","kind:unknown"
"starter-route:historical-researcher","starter_route","Historical Researcher","Arts, culture, heritage and society","kind:unknown"
"starter-route:installation-artist","starter_route","Installation Artist","Arts, culture, heritage and society","kind:unknown"
"starter-route:investigative-journalist","starter_route","Investigative Journalist","Arts, culture, heritage and society","kind:unknown"
"starter-route:jazz-musician","starter_route","Jazz Musician","Arts, culture, heritage and society","kind:unknown"
"starter-route:knowledge-manager","starter_route","Knowledge Manager","Arts, culture, heritage and society","kind:unknown"
"starter-route:kwaito-producer","starter_route","Kwaito Producer","Arts, culture, heritage and society","kind:unknown"
"starter-route:lighting-designer-theatre","starter_route","Lighting Designer (Theatre)","Arts, culture, heritage and society","kind:unknown"
"starter-route:literary-agent","starter_route","Literary Agent","Arts, culture, heritage and society","kind:unknown"
"starter-route:literary-translator","starter_route","Literary Translator","Arts, culture, heritage and society","kind:unknown"
"starter-route:live-sound-engineer","starter_route","Live Sound Engineer","Arts, culture, heritage and society","kind:unknown"
"starter-route:localisation-specialist","starter_route","Localisation Specialist","Arts, culture, heritage and society","kind:unknown"
"starter-route:magician-illusionist","starter_route","Magician / Illusionist","Arts, culture, heritage and society","kind:unknown"
"starter-route:mastering-engineer-audio","starter_route","Mastering Engineer (Audio)","Arts, culture, heritage and society","kind:unknown"
"starter-route:metadata-librarian","starter_route","Metadata Librarian","Arts, culture, heritage and society","kind:unknown"
"starter-route:mosaic-artist","starter_route","Mosaic Artist","Arts, culture, heritage and society","kind:unknown"
"starter-route:museum-education-officer","starter_route","Museum Education Officer","Arts, culture, heritage and society","kind:unknown"
"starter-route:music-dj-club","starter_route","Music DJ (Club)","Arts, culture, heritage and society","kind:unknown"
"starter-route:music-producer-recording-studio","starter_route","Music Producer (Recording Studio)","Arts, culture, heritage and society","kind:unknown"
"starter-route:opera-singer","starter_route","Opera Singer","Arts, culture, heritage and society","kind:unknown"
"starter-route:oral-historian","starter_route","Oral Historian","Arts, culture, heritage and society","kind:unknown"
"starter-route:orchestral-conductor","starter_route","Orchestral Conductor","Arts, culture, heritage and society","kind:unknown"
"starter-route:performance-artist","starter_route","Performance Artist","Arts, culture, heritage and society","kind:unknown"
"starter-route:poet-laureate","starter_route","Poet Laureate","Arts, culture, heritage and society","kind:unknown"
"starter-route:political-journalist","starter_route","Political Journalist","Arts, culture, heritage and society","kind:unknown"
"starter-route:public-art-project-manager","starter_route","Public Art Project Manager","Arts, culture, heritage and society","kind:unknown"
"starter-route:publishing-editor","starter_route","Publishing Editor","Arts, culture, heritage and society","kind:unknown"
"starter-route:puppeteer","starter_route","Puppeteer","Arts, culture, heritage and society","kind:unknown"
"starter-route:radio-news-reader","starter_route","Radio News Reader","Arts, culture, heritage and society","kind:unknown"
"starter-route:radio-programmes-manager","starter_route","Radio Programmes Manager","Arts, culture, heritage and society","kind:unknown"
"starter-route:rare-books-librarian","starter_route","Rare Books Librarian","Arts, culture, heritage and society","kind:unknown"
"starter-route:research-librarian","starter_route","Research Librarian","Arts, culture, heritage and society","kind:unknown"
"starter-route:session-guitarist-band-musician","starter_route","Session Guitarist / Band Musician","Arts, culture, heritage and society","kind:unknown"
"starter-route:sound-designer-theatre","starter_route","Sound Designer (Theatre)","Arts, culture, heritage and society","kind:unknown"
"starter-route:sports-commentator","starter_route","Sports Commentator","Arts, culture, heritage and society","kind:unknown"
"starter-route:sports-journalist","starter_route","Sports Journalist","Arts, culture, heritage and society","kind:unknown"
"starter-route:stage-manager-theatre","starter_route","Stage Manager (Theatre)","Arts, culture, heritage and society","kind:unknown"
"starter-route:studio-recording-engineer","starter_route","Studio Recording Engineer","Arts, culture, heritage and society","kind:unknown"
"starter-route:subtitler","starter_route","Subtitler","Arts, culture, heritage and society","kind:unknown"
"starter-route:talk-show-host","starter_route","Talk Show Host","Arts, culture, heritage and society","kind:unknown"
"starter-route:technical-author-manual-writer","starter_route","Technical Author / Manual Writer","Arts, culture, heritage and society","kind:unknown"
"starter-route:technical-translator","starter_route","Technical Translator","Arts, culture, heritage and society","kind:unknown"
"starter-route:television-news-anchor","starter_route","Television News Anchor","Arts, culture, heritage and society","kind:unknown"
"starter-route:textile-artist","starter_route","Textile Artist","Arts, culture, heritage and society","kind:unknown"
"starter-route:theatre-producer","starter_route","Theatre Producer","Arts, culture, heritage and society","kind:unknown"
"starter-route:traditional-dancer","starter_route","Traditional Dancer","Arts, culture, heritage and society","kind:unknown"
"starter-route:travel-writer","starter_route","Travel Writer","Arts, culture, heritage and society","kind:unknown"
"starter-route:voice-over-talent-radio-tv-ads","starter_route","Voice-Over Talent (Radio / TV Ads)","Arts, culture, heritage and society","kind:unknown"
"starter-route:weather-presenter","starter_route","Weather Presenter","Arts, culture, heritage and society","kind:unknown"
"starter-route:adr-recordist","starter_route","ADR Recordist","Creative, media and design","kind:unknown"
"starter-route:art-department-assistant","starter_route","Art Department Assistant","Creative, media and design","kind:unknown"
"starter-route:best-boy-lighting","starter_route","Best Boy (Lighting)","Creative, media and design","kind:unknown"
"starter-route:boom-operator","starter_route","Boom Operator","Creative, media and design","kind:unknown"
"starter-route:casting-assistant","starter_route","Casting Assistant","Creative, media and design","kind:unknown"
"starter-route:casting-director","starter_route","Casting Director","Creative, media and design","kind:unknown"
"starter-route:character-designer-animation","starter_route","Character Designer (Animation)","Creative, media and design","kind:unknown"
"starter-route:children-s-book-illustrator","starter_route","Children's Book Illustrator","Creative, media and design","kind:unknown"
"starter-route:colourist-film-video","starter_route","Colourist (Film / Video)","Creative, media and design","kind:unknown"
"starter-route:compositor-post-production","starter_route","Compositor (Post Production)","Creative, media and design","kind:unknown"
"starter-route:concept-artist-games-film","starter_route","Concept Artist (Games / Film)","Creative, media and design","kind:unknown"
"starter-route:content-strategist","starter_route","Content Strategist","Creative, media and design","kind:unknown"
"starter-route:continuity-script-supervisor","starter_route","Continuity / Script Supervisor","Creative, media and design","kind:unknown"
"starter-route:copy-chief-agency","starter_route","Copy Chief (Agency)","Creative, media and design","kind:unknown"
"starter-route:corporate-photographer","starter_route","Corporate Photographer","Creative, media and design","kind:unknown"
"starter-route:costume-supervisor","starter_route","Costume Supervisor","Creative, media and design","kind:unknown"
"starter-route:creative-technologist","starter_route","Creative Technologist","Creative, media and design","kind:unknown"
"starter-route:digital-marketing-designer","starter_route","Digital Marketing Designer","Creative, media and design","kind:unknown"
"starter-route:drone-photographer-aerial-cinematographer","starter_route","Drone Photographer / Aerial Cinematographer","Creative, media and design","kind:unknown"
"starter-route:dubbing-mixer","starter_route","Dubbing Mixer","Creative, media and design","kind:unknown"
"starter-route:editorial-illustrator","starter_route","Editorial Illustrator","Creative, media and design","kind:unknown"
"starter-route:fashion-photographer","starter_route","Fashion Photographer","Creative, media and design","kind:unknown"
"starter-route:film-tv-producer","starter_route","Film / TV Producer","Creative, media and design","kind:unknown"
"starter-route:foley-artist","starter_route","Foley Artist","Creative, media and design","kind:unknown"
"starter-route:gaffer-lighting-technician","starter_route","Gaffer (Lighting Technician)","Creative, media and design","kind:unknown"
"starter-route:hair-stylist-film-tv","starter_route","Hair Stylist (Film / TV)","Creative, media and design","kind:unknown"
"starter-route:infographic-designer","starter_route","Infographic Designer","Creative, media and design","kind:unknown"
"starter-route:jingle-writer-commercial-music-composer","starter_route","Jingle Writer / Commercial Music Composer","Creative, media and design","kind:unknown"
"starter-route:key-grip-film","starter_route","Key Grip (Film)","Creative, media and design","kind:unknown"
"starter-route:line-producer","starter_route","Line Producer","Creative, media and design","kind:unknown"
"starter-route:location-manager","starter_route","Location Manager","Creative, media and design","kind:unknown"
"starter-route:location-sound-recordist","starter_route","Location Sound Recordist","Creative, media and design","kind:unknown"
"starter-route:logo-identity-designer","starter_route","Logo / Identity Designer","Creative, media and design","kind:unknown"
"starter-route:packaging-designer","starter_route","Packaging Designer","Creative, media and design","kind:unknown"
"starter-route:photo-editor","starter_route","Photo Editor","Creative, media and design","kind:unknown"
"starter-route:photo-retoucher","starter_route","Photo Retoucher","Creative, media and design","kind:unknown"
"starter-route:photographic-studio-assistant","starter_route","Photographic Studio Assistant","Creative, media and design","kind:unknown"
"starter-route:production-coordinator","starter_route","Production Coordinator","Creative, media and design","kind:unknown"
"starter-route:production-manager-film","starter_route","Production Manager (Film)","Creative, media and design","kind:unknown"
"starter-route:props-buyer","starter_route","Props Buyer","Creative, media and design","kind:unknown"
"starter-route:publication-designer-book-layout","starter_route","Publication Designer (Book Layout)","Creative, media and design","kind:unknown"
"starter-route:radio-producer","starter_route","Radio Producer","Creative, media and design","kind:unknown"
"starter-route:set-dresser","starter_route","Set Dresser","Creative, media and design","kind:unknown"
"starter-route:special-effects-make-up-artist","starter_route","Special Effects Make-Up Artist","Creative, media and design","kind:unknown"
"starter-route:storyboard-artist","starter_route","Storyboard Artist","Creative, media and design","kind:unknown"
"starter-route:stunt-coordinator","starter_route","Stunt Coordinator","Creative, media and design","kind:unknown"
"starter-route:stunt-performer","starter_route","Stunt Performer","Creative, media and design","kind:unknown"
"starter-route:talent-agent","starter_route","Talent Agent","Creative, media and design","kind:unknown"
"starter-route:typography-designer","starter_route","Typography Designer","Creative, media and design","kind:unknown"
"starter-route:unit-production-manager","starter_route","Unit Production Manager","Creative, media and design","kind:unknown"
"starter-route:vfx-artist","starter_route","VFX Artist","Creative, media and design","kind:unknown"
"starter-route:vfx-supervisor","starter_route","VFX Supervisor","Creative, media and design","kind:unknown"
"starter-route:video-game-audio-designer","starter_route","Video Game Audio Designer","Creative, media and design","kind:unknown"
"starter-route:voice-casting-director","starter_route","Voice Casting Director","Creative, media and design","kind:unknown"
"starter-route:wardrobe-assistant","starter_route","Wardrobe Assistant","Creative, media and design","kind:unknown"
"starter-route:wedding-photographer","starter_route","Wedding Photographer","Creative, media and design","kind:unknown"
"starter-route:wildlife-photographer","starter_route","Wildlife Photographer","Creative, media and design","kind:unknown"
"starter-route:academic-development-practitioner","starter_route","Academic Development Practitioner","Education, training and youth development","kind:unknown"
"starter-route:accounting-teacher","starter_route","Accounting Teacher","Education, training and youth development","kind:unknown"
"starter-route:adult-education-abet-teacher","starter_route","Adult Education (ABET) Teacher","Education, training and youth development","kind:unknown"
"starter-route:afrikaans-home-language-teacher","starter_route","Afrikaans Home Language Teacher","Education, training and youth development","kind:unknown"
"starter-route:artisan-rpl-advisor","starter_route","Artisan RPL Advisor","Education, training and youth development","kind:unknown"
"starter-route:assessor-etqa","starter_route","Assessor (ETQA)","Education, training and youth development","kind:unknown"
"starter-route:athletics-coach","starter_route","Athletics Coach","Education, training and youth development","kind:unknown"
"starter-route:autism-support-teacher","starter_route","Autism Support Teacher","Education, training and youth development","kind:unknown"
"starter-route:braille-teacher","starter_route","Braille Teacher","Education, training and youth development","kind:unknown"
"starter-route:business-studies-teacher","starter_route","Business Studies Teacher","Education, training and youth development","kind:unknown"
"starter-route:career-coach","starter_route","Career Coach","Education, training and youth development","kind:unknown"
"starter-route:coach-life-business","starter_route","Coach (Life / Business)","Education, training and youth development","kind:unknown"
"starter-route:computer-applications-technology-cat-teacher","starter_route","Computer Applications Technology (CAT) Teacher","Education, training and youth development","kind:unknown"
"starter-route:consumer-studies-hospitality-teacher","starter_route","Consumer Studies / Hospitality Teacher","Education, training and youth development","kind:unknown"
"starter-route:creche-assistant","starter_route","Creche Assistant","Education, training and youth development","kind:unknown"
"starter-route:cricket-coach","starter_route","Cricket Coach","Education, training and youth development","kind:unknown"
"starter-route:dance-teacher","starter_route","Dance Teacher","Education, training and youth development","kind:unknown"
"starter-route:dean-of-faculty","starter_route","Dean of Faculty","Education, training and youth development","kind:unknown"
"starter-route:ecd-centre-principal","starter_route","ECD Centre Principal","Education, training and youth development","kind:unknown"
"starter-route:economics-teacher","starter_route","Economics Teacher","Education, training and youth development","kind:unknown"
"starter-route:engineering-graphics-and-design-teacher","starter_route","Engineering Graphics and Design Teacher","Education, training and youth development","kind:unknown"
"starter-route:english-home-language-teacher","starter_route","English Home Language Teacher","Education, training and youth development","kind:unknown"
"starter-route:english-second-language-esl-teacher","starter_route","English Second Language (ESL) Teacher","Education, training and youth development","kind:unknown"
"starter-route:exam-marker-matric","starter_route","Exam Marker (Matric)","Education, training and youth development","kind:unknown"
"starter-route:examination-invigilator","starter_route","Examination Invigilator","Education, training and youth development","kind:unknown"
"starter-route:grade-r-teacher-qualified","starter_route","Grade R Teacher (Qualified)","Education, training and youth development","kind:unknown"
"starter-route:higher-education-administrator","starter_route","Higher Education Administrator","Education, training and youth development","kind:unknown"
"starter-route:home-school-tutor","starter_route","Home School Tutor","Education, training and youth development","kind:unknown"
"starter-route:information-technology-it-teacher","starter_route","Information Technology (IT) Teacher","Education, training and youth development","kind:unknown"
"starter-route:instructional-designer-corporate","starter_route","Instructional Designer (Corporate)","Education, training and youth development","kind:unknown"
"starter-route:isizulu-african-language-teacher","starter_route","IsiZulu / African Language Teacher","Education, training and youth development","kind:unknown"
"starter-route:life-sciences-teacher","starter_route","Life Sciences Teacher","Education, training and youth development","kind:unknown"
"starter-route:mathematical-literacy-teacher","starter_route","Mathematical Literacy Teacher","Education, training and youth development","kind:unknown"
"starter-route:mathematics-teacher-fet","starter_route","Mathematics Teacher (FET)","Education, training and youth development","kind:unknown"
"starter-route:moderator-etqa","starter_route","Moderator (ETQA)","Education, training and youth development","kind:unknown"
"starter-route:physical-sciences-teacher","starter_route","Physical Sciences Teacher","Education, training and youth development","kind:unknown"
"starter-route:postdoctoral-research-fellow","starter_route","Postdoctoral Research Fellow","Education, training and youth development","kind:unknown"
"starter-route:research-professor","starter_route","Research Professor","Education, training and youth development","kind:unknown"
"starter-route:rugby-coach","starter_route","Rugby Coach","Education, training and youth development","kind:unknown"
"starter-route:school-administrator","starter_route","School Administrator","Education, training and youth development","kind:unknown"
"starter-route:school-bursar","starter_route","School Bursar","Education, training and youth development","kind:unknown"
"starter-route:school-governing-body-sgb-member","starter_route","School Governing Body (SGB) Member","Education, training and youth development","kind:unknown"
"starter-route:school-psychometrist","starter_route","School Psychometrist","Education, training and youth development","kind:unknown"
"starter-route:school-social-worker","starter_route","School Social Worker","Education, training and youth development","kind:unknown"
"starter-route:seta-skills-development-facilitator","starter_route","SETA Skills Development Facilitator","Education, training and youth development","kind:unknown"
"starter-route:skills-development-facilitator-sdf","starter_route","Skills Development Facilitator (SDF)","Education, training and youth development","kind:unknown"
"starter-route:soccer-coach","starter_route","Soccer Coach","Education, training and youth development","kind:unknown"
"starter-route:special-needs-teacher-lsen","starter_route","Special Needs Teacher (LSEN)","Education, training and youth development","kind:unknown"
"starter-route:sports-coach-high-school","starter_route","Sports Coach (High School)","Education, training and youth development","kind:unknown"
"starter-route:study-skills-tutor","starter_route","Study Skills Tutor","Education, training and youth development","kind:unknown"
"starter-route:swimming-coach","starter_route","Swimming Coach","Education, training and youth development","kind:unknown"
"starter-route:tefl-teacher-online","starter_route","TEFL Teacher (Online)","Education, training and youth development","kind:unknown"
"starter-route:textbook-author-education-publisher","starter_route","Textbook Author / Education Publisher","Education, training and youth development","kind:unknown"
"starter-route:trade-test-officer","starter_route","Trade Test Officer","Education, training and youth development","kind:unknown"
"starter-route:training-facilitator-corporate","starter_route","Training Facilitator (Corporate)","Education, training and youth development","kind:unknown"
"starter-route:tvet-college-principal","starter_route","TVET College Principal","Education, training and youth development","kind:unknown"
"starter-route:tvet-college-subject-head","starter_route","TVET College Subject Head","Education, training and youth development","kind:unknown"
"starter-route:tvet-practical-lecturer","starter_route","TVET Practical Lecturer","Education, training and youth development","kind:unknown"
"starter-route:visual-arts-teacher","starter_route","Visual Arts Teacher","Education, training and youth development","kind:unknown"
"starter-route:workplace-skills-plan-wsp-coordinator","starter_route","Workplace Skills Plan (WSP) Coordinator","Education, training and youth development","kind:unknown"
"starter-route:ambulance-porter","starter_route","Ambulance Porter","Elementary and entry-level work","kind:unknown"
"starter-route:apartment-block-caretaker","starter_route","Apartment Block Caretaker","Elementary and entry-level work","kind:unknown"
"starter-route:asphalt-labourer-roadworks","starter_route","Asphalt Labourer (Roadworks)","Elementary and entry-level work","kind:unknown"
"starter-route:bicycle-parcel-delivery-rider","starter_route","Bicycle Parcel Delivery Rider","Elementary and entry-level work","kind:unknown"
"starter-route:bill-poster","starter_route","Bill Poster","Elementary and entry-level work","kind:unknown"
"starter-route:bottle-recycling-sorter","starter_route","Bottle Recycling Sorter","Elementary and entry-level work","kind:unknown"
"starter-route:box-folding-packaging-worker","starter_route","Box Folding / Packaging Worker","Elementary and entry-level work","kind:unknown"
"starter-route:brickyard-labourer","starter_route","Brickyard Labourer","Elementary and entry-level work","kind:unknown"
"starter-route:car-park-attendant","starter_route","Car Park Attendant","Elementary and entry-level work","kind:unknown"
"starter-route:car-wash-assistant","starter_route","Car Wash Assistant","Elementary and entry-level work","kind:unknown"
"starter-route:car-wash-worker","starter_route","Car Wash Worker","Elementary and entry-level work","kind:unknown"
"starter-route:cement-bagging-worker","starter_route","Cement Bagging Worker","Elementary and entry-level work","kind:unknown"
"starter-route:chimney-sweeper","starter_route","Chimney Sweeper","Elementary and entry-level work","kind:unknown"
"starter-route:citrus-picker","starter_route","Citrus Picker","Elementary and entry-level work","kind:unknown"
"starter-route:construction-site-clean-up-worker","starter_route","Construction Site Clean-up Worker","Elementary and entry-level work","kind:unknown"
"starter-route:conveyor-belt-attendant","starter_route","Conveyor Belt Attendant","Elementary and entry-level work","kind:unknown"
"starter-route:demolition-worker","starter_route","Demolition Worker","Elementary and entry-level work","kind:unknown"
"starter-route:dry-cleaning-presser","starter_route","Dry Cleaning Presser","Elementary and entry-level work","kind:unknown"
"starter-route:factory-general-worker","starter_route","Factory General Worker","Elementary and entry-level work","kind:unknown"
"starter-route:farm-hand-general","starter_route","Farm Hand (General)","Elementary and entry-level work","kind:unknown"
"starter-route:fence-construction-labourer","starter_route","Fence Construction Labourer","Elementary and entry-level work","kind:unknown"
"starter-route:filling-station-assistant","starter_route","Filling Station Assistant","Elementary and entry-level work","kind:unknown"
"starter-route:fish-cleaner-packer","starter_route","Fish Cleaner / Packer","Elementary and entry-level work","kind:unknown"
"starter-route:fishery-worker","starter_route","Fishery Worker","Elementary and entry-level work","kind:unknown"
"starter-route:flyer-distributor","starter_route","Flyer Distributor","Elementary and entry-level work","kind:unknown"
"starter-route:forestry-labourer","starter_route","Forestry Labourer","Elementary and entry-level work","kind:unknown"
"starter-route:fruit-picker-seasonal-farm-worker","starter_route","Fruit Picker (Seasonal Farm Worker)","Elementary and entry-level work","kind:unknown"
"starter-route:funeral-pallbearer","starter_route","Funeral Pallbearer","Elementary and entry-level work","kind:unknown"
"starter-route:garden-service-worker-mowing-weeding","starter_route","Garden Service Worker (Mowing / Weeding)","Elementary and entry-level work","kind:unknown"
"starter-route:grape-harvester","starter_route","Grape Harvester","Elementary and entry-level work","kind:unknown"
"starter-route:hospital-cleaner-casualty-porter","starter_route","Hospital Cleaner / Casualty Porter","Elementary and entry-level work","kind:unknown"
"starter-route:hospital-porter","starter_route","Hospital Porter","Elementary and entry-level work","kind:unknown"
"starter-route:hotel-laundry-worker","starter_route","Hotel Laundry Worker","Elementary and entry-level work","kind:unknown"
"starter-route:hotel-room-cleaner","starter_route","Hotel Room Cleaner","Elementary and entry-level work","kind:unknown"
"starter-route:hunting-and-trapping-assistant","starter_route","Hunting and Trapping Assistant","Elementary and entry-level work","kind:unknown"
"starter-route:industrial-laundry-worker","starter_route","Industrial Laundry Worker","Elementary and entry-level work","kind:unknown"
"starter-route:ironing-service-provider","starter_route","Ironing Service Provider","Elementary and entry-level work","kind:unknown"
"starter-route:kitchen-hand-hospital","starter_route","Kitchen Hand (Hospital)","Elementary and entry-level work","kind:unknown"
"starter-route:landfill-site-worker","starter_route","Landfill Site Worker","Elementary and entry-level work","kind:unknown"
"starter-route:leaflet-newspaper-deliverer","starter_route","Leaflet / Newspaper Deliverer","Elementary and entry-level work","kind:unknown"
"starter-route:logging-worker","starter_route","Logging Worker","Elementary and entry-level work","kind:unknown"
"starter-route:messenger-bike-courier","starter_route","Messenger / Bike Courier","Elementary and entry-level work","kind:unknown"
"starter-route:mine-general-worker","starter_route","Mine General Worker","Elementary and entry-level work","kind:unknown"
"starter-route:mortuary-porter","starter_route","Mortuary Porter","Elementary and entry-level work","kind:unknown"
"starter-route:office-tea-assistant-kitchen-runner","starter_route","Office Tea Assistant / Kitchen Runner","Elementary and entry-level work","kind:unknown"
"starter-route:patient-transport-attendant","starter_route","Patient Transport Attendant","Elementary and entry-level work","kind:unknown"
"starter-route:pipeline-labourer","starter_route","Pipeline Labourer","Elementary and entry-level work","kind:unknown"
"starter-route:plantation-worker","starter_route","Plantation Worker","Elementary and entry-level work","kind:unknown"
"starter-route:pothole-patch-worker","starter_route","Pothole Patch Worker","Elementary and entry-level work","kind:unknown"
"starter-route:public-toilet-cleaner","starter_route","Public Toilet Cleaner","Elementary and entry-level work","kind:unknown"
"starter-route:railway-track-worker","starter_route","Railway Track Worker","Elementary and entry-level work","kind:unknown"
"starter-route:recycling-sorter-materials-recovery","starter_route","Recycling Sorter (Materials Recovery)","Elementary and entry-level work","kind:unknown"
"starter-route:refuse-waste-collector","starter_route","Refuse / Waste Collector","Elementary and entry-level work","kind:unknown"
"starter-route:restaurant-kitchen-worker","starter_route","Restaurant Kitchen Worker","Elementary and entry-level work","kind:unknown"
"starter-route:retail-trolley-collector","starter_route","Retail Trolley Collector","Elementary and entry-level work","kind:unknown"
"starter-route:school-cleaner","starter_route","School Cleaner","Elementary and entry-level work","kind:unknown"
"starter-route:scullery-worker-hotel","starter_route","Scullery Worker (Hotel)","Elementary and entry-level work","kind:unknown"
"starter-route:security-gate-guard-estate","starter_route","Security Gate Guard (Estate)","Elementary and entry-level work","kind:unknown"
"starter-route:service-station-convenience-store-cashier","starter_route","Service Station Convenience Store Cashier","Elementary and entry-level work","kind:unknown"
"starter-route:service-station-petrol-attendant","starter_route","Service Station Petrol Attendant","Elementary and entry-level work","kind:unknown"
"starter-route:shop-shelf-packer-night-shift","starter_route","Shop Shelf Packer (Night Shift)","Elementary and entry-level work","kind:unknown"
"starter-route:shopping-mall-cleaner","starter_route","Shopping Mall Cleaner","Elementary and entry-level work","kind:unknown"
"starter-route:street-sweeper-municipal","starter_route","Street Sweeper (Municipal)","Elementary and entry-level work","kind:unknown"
"starter-route:university-cleaner","starter_route","University Cleaner","Elementary and entry-level work","kind:unknown"
"starter-route:vegetable-harvester","starter_route","Vegetable Harvester","Elementary and entry-level work","kind:unknown"
"starter-route:warehouse-sweeper-cleaner","starter_route","Warehouse Sweeper / Cleaner","Elementary and entry-level work","kind:unknown"
"starter-route:winch-operator-surface-mine","starter_route","Winch Operator (Surface Mine)","Elementary and entry-level work","kind:unknown"
"starter-route:window-washer","starter_route","Window Washer","Elementary and entry-level work","kind:unknown"
"starter-route:accountant-ca-sa","starter_route","Accountant (CA(SA))","Finance, admin and business operations","kind:unknown"
"starter-route:accounting-technician","starter_route","Accounting Technician","Finance, admin and business operations","kind:unknown"
"starter-route:angel-investor","starter_route","Angel Investor","Finance, admin and business operations","kind:unknown"
"starter-route:anti-money-laundering-aml-analyst","starter_route","Anti-Money Laundering (AML) Analyst","Finance, admin and business operations","kind:unknown"
"starter-route:b-bbee-consultant","starter_route","B-BBEE Consultant","Finance, admin and business operations","kind:unknown"
"starter-route:b-bbee-scorecard-verification-analyst","starter_route","B-BBEE Scorecard Verification Analyst","Finance, admin and business operations","kind:unknown"
"starter-route:bank-branch-manager","starter_route","Bank Branch Manager","Finance, admin and business operations","kind:unknown"
"starter-route:body-corporate-trustee-voluntary","starter_route","Body Corporate Trustee (Voluntary)","Finance, admin and business operations","kind:unknown"
"starter-route:business-banker-sme","starter_route","Business Banker (SME)","Finance, admin and business operations","kind:unknown"
"starter-route:cash-management-specialist","starter_route","Cash Management Specialist","Finance, admin and business operations","kind:unknown"
"starter-route:chartered-management-accountant-cima","starter_route","Chartered Management Accountant (CIMA)","Finance, admin and business operations","kind:unknown"
"starter-route:commodities-trader","starter_route","Commodities Trader","Finance, admin and business operations","kind:unknown"
"starter-route:compliance-manager-financial-services","starter_route","Compliance Manager (Financial Services)","Finance, admin and business operations","kind:unknown"
"starter-route:conveyancing-secretary","starter_route","Conveyancing Secretary","Finance, admin and business operations","kind:unknown"
"starter-route:cost-and-management-accountant","starter_route","Cost and Management Accountant","Finance, admin and business operations","kind:unknown"
"starter-route:credit-risk-analyst","starter_route","Credit Risk Analyst","Finance, admin and business operations","kind:unknown"
"starter-route:customs-and-excise-officer-sars","starter_route","Customs and Excise Officer (SARS)","Finance, admin and business operations","kind:unknown"
"starter-route:deeds-office-registrar","starter_route","Deeds Office Registrar","Finance, admin and business operations","kind:unknown"
"starter-route:derivatives-trader","starter_route","Derivatives Trader","Finance, admin and business operations","kind:unknown"
"starter-route:equity-research-analyst","starter_route","Equity Research Analyst","Finance, admin and business operations","kind:unknown"
"starter-route:estate-planner","starter_route","Estate Planner","Finance, admin and business operations","kind:unknown"
"starter-route:fais-compliance-officer","starter_route","FAIS Compliance Officer","Finance, admin and business operations","kind:unknown"
"starter-route:financial-modelling-analyst","starter_route","Financial Modelling Analyst","Finance, admin and business operations","kind:unknown"
"starter-route:financial-planner-advisor","starter_route","Financial Planner / Advisor","Finance, admin and business operations","kind:unknown"
"starter-route:fixed-asset-clerk","starter_route","Fixed Asset Clerk","Finance, admin and business operations","kind:unknown"
"starter-route:fixed-income-analyst","starter_route","Fixed Income Analyst","Finance, admin and business operations","kind:unknown"
"starter-route:foreign-exchange-dealer","starter_route","Foreign Exchange Dealer","Finance, admin and business operations","kind:unknown"
"starter-route:forensic-auditor","starter_route","Forensic Auditor","Finance, admin and business operations","kind:unknown"
"starter-route:funeral-insurance-agent","starter_route","Funeral Insurance Agent","Finance, admin and business operations","kind:unknown"
"starter-route:government-accountant","starter_route","Government Accountant","Finance, admin and business operations","kind:unknown"
"starter-route:hedge-fund-manager","starter_route","Hedge Fund Manager","Finance, admin and business operations","kind:unknown"
"starter-route:home-loans-consultant","starter_route","Home Loans Consultant","Finance, admin and business operations","kind:unknown"
"starter-route:insurance-claims-handler","starter_route","Insurance Claims Handler","Finance, admin and business operations","kind:unknown"
"starter-route:investment-banking-analyst","starter_route","Investment Banking Analyst","Finance, admin and business operations","kind:unknown"
"starter-route:long-term-insurance-advisor","starter_route","Long-Term Insurance Advisor","Finance, admin and business operations","kind:unknown"
"starter-route:loss-adjuster","starter_route","Loss Adjuster","Finance, admin and business operations","kind:unknown"
"starter-route:market-risk-analyst","starter_route","Market Risk Analyst","Finance, admin and business operations","kind:unknown"
"starter-route:master-of-the-high-court-registrar-officer","starter_route","Master of the High Court Registrar Officer","Finance, admin and business operations","kind:unknown"
"starter-route:medical-scheme-broker","starter_route","Medical Scheme Broker","Finance, admin and business operations","kind:unknown"
"starter-route:operational-risk-officer","starter_route","Operational Risk Officer","Finance, admin and business operations","kind:unknown"
"starter-route:payroll-manager","starter_route","Payroll Manager","Finance, admin and business operations","kind:unknown"
"starter-route:performance-auditor-agsa","starter_route","Performance Auditor (AGSA)","Finance, admin and business operations","kind:unknown"
"starter-route:personal-banker-consultant","starter_route","Personal Banker / Consultant","Finance, admin and business operations","kind:unknown"
"starter-route:private-banker-affluent","starter_route","Private Banker (Affluent)","Finance, admin and business operations","kind:unknown"
"starter-route:private-equity-associate","starter_route","Private Equity Associate","Finance, admin and business operations","kind:unknown"
"starter-route:professional-accountant-saipa","starter_route","Professional Accountant (SAIPA)","Finance, admin and business operations","kind:unknown"
"starter-route:property-portfolio-manager","starter_route","Property Portfolio Manager","Finance, admin and business operations","kind:unknown"
"starter-route:property-valuer","starter_route","Property Valuer","Finance, admin and business operations","kind:unknown"
"starter-route:reinsurance-specialist","starter_route","Reinsurance Specialist","Finance, admin and business operations","kind:unknown"
"starter-route:retirement-fund-consultant","starter_route","Retirement Fund Consultant","Finance, admin and business operations","kind:unknown"
"starter-route:revenue-manager-hospitality-retail","starter_route","Revenue Manager (Hospitality / Retail)","Finance, admin and business operations","kind:unknown"
"starter-route:risk-surveyor-insurance","starter_route","Risk Surveyor (Insurance)","Finance, admin and business operations","kind:unknown"
"starter-route:salaries-and-wages-administrator","starter_route","Salaries and Wages Administrator","Finance, admin and business operations","kind:unknown"
"starter-route:sectional-title-managing-agent","starter_route","Sectional Title Managing Agent","Finance, admin and business operations","kind:unknown"
"starter-route:short-term-insurance-broker","starter_route","Short-Term Insurance Broker","Finance, admin and business operations","kind:unknown"
"starter-route:tax-advisor-vat-paye-cit","starter_route","Tax Advisor (VAT / PAYE / CIT)","Finance, admin and business operations","kind:unknown"
"starter-route:transfer-pricing-specialist","starter_route","Transfer Pricing Specialist","Finance, admin and business operations","kind:unknown"
"starter-route:treasury-dealer","starter_route","Treasury Dealer","Finance, admin and business operations","kind:unknown"
"starter-route:trust-administrator","starter_route","Trust Administrator","Finance, admin and business operations","kind:unknown"
"starter-route:vat-clerk","starter_route","VAT Clerk","Finance, admin and business operations","kind:unknown"
"starter-route:vehicle-finance-consultant","starter_route","Vehicle Finance Consultant","Finance, admin and business operations","kind:unknown"
"starter-route:venture-capital-associate","starter_route","Venture Capital Associate","Finance, admin and business operations","kind:unknown"
"starter-route:wealth-manager","starter_route","Wealth Manager","Finance, admin and business operations","kind:unknown"
"starter-route:anaesthetic-technician","starter_route","Anaesthetic Technician","Health, care and social services","kind:unknown"
"starter-route:animal-health-technician","starter_route","Animal Health Technician","Health, care and social services","kind:unknown"
"starter-route:aromatherapist","starter_route","Aromatherapist","Health, care and social services","kind:unknown"
"starter-route:audiometry-technician","starter_route","Audiometry Technician","Health, care and social services","kind:unknown"
"starter-route:basic-ambulance-assistant-baa","starter_route","Basic Ambulance Assistant (BAA)","Health, care and social services","kind:unknown"
"starter-route:biokinetics-assistant","starter_route","Biokinetics Assistant","Health, care and social services","kind:unknown"
"starter-route:cardiologist","starter_route","Cardiologist","Health, care and social services","kind:unknown"
"starter-route:child-and-youth-care-worker","starter_route","Child and Youth Care Worker","Health, care and social services","kind:unknown"
"starter-route:clinical-associate","starter_route","Clinical Associate","Health, care and social services","kind:unknown"
"starter-route:clinical-pharmacologist","starter_route","Clinical Pharmacologist","Health, care and social services","kind:unknown"
"starter-route:community-development-health-worker","starter_route","Community Development Health Worker","Health, care and social services","kind:unknown"
"starter-route:community-service-medical-officer","starter_route","Community Service Medical Officer","Health, care and social services","kind:unknown"
"starter-route:critical-care-paramedic-cca","starter_route","Critical Care Paramedic (CCA)","Health, care and social services","kind:unknown"
"starter-route:dental-technician","starter_route","Dental Technician","Health, care and social services","kind:unknown"
"starter-route:dental-technologist","starter_route","Dental Technologist","Health, care and social services","kind:unknown"
"starter-route:dermatologist","starter_route","Dermatologist","Health, care and social services","kind:unknown"
"starter-route:emergency-care-technician-ect","starter_route","Emergency Care Technician (ECT)","Health, care and social services","kind:unknown"
"starter-route:emergency-medicine-specialist","starter_route","Emergency Medicine Specialist","Health, care and social services","kind:unknown"
"starter-route:ent-specialist-otorhinolaryngologist","starter_route","ENT Specialist (Otorhinolaryngologist)","Health, care and social services","kind:unknown"
"starter-route:family-physician","starter_route","Family Physician","Health, care and social services","kind:unknown"
"starter-route:forensic-pathologist","starter_route","Forensic Pathologist","Health, care and social services","kind:unknown"
"starter-route:general-surgeon","starter_route","General Surgeon","Health, care and social services","kind:unknown"
"starter-route:haematologist","starter_route","Haematologist","Health, care and social services","kind:unknown"
"starter-route:hand-therapist","starter_route","Hand Therapist","Health, care and social services","kind:unknown"
"starter-route:hearing-aid-technician","starter_route","Hearing Aid Technician","Health, care and social services","kind:unknown"
"starter-route:hiv-aids-counsellor","starter_route","HIV/AIDS Counsellor","Health, care and social services","kind:unknown"
"starter-route:hospital-pharmacist","starter_route","Hospital Pharmacist","Health, care and social services","kind:unknown"
"starter-route:malaria-control-officer","starter_route","Malaria Control Officer","Health, care and social services","kind:unknown"
"starter-route:massage-therapist-registered","starter_route","Massage Therapist (Registered)","Health, care and social services","kind:unknown"
"starter-route:medical-intern","starter_route","Medical Intern","Health, care and social services","kind:unknown"
"starter-route:midwife-advanced","starter_route","Midwife (Advanced)","Health, care and social services","kind:unknown"
"starter-route:nephrology-dialysis-nurse","starter_route","Nephrology / Dialysis Nurse","Health, care and social services","kind:unknown"
"starter-route:neurosurgeon","starter_route","Neurosurgeon","Health, care and social services","kind:unknown"
"starter-route:nurse-manager","starter_route","Nurse Manager","Health, care and social services","kind:unknown"
"starter-route:nursing-auxiliary","starter_route","Nursing Auxiliary","Health, care and social services","kind:unknown"
"starter-route:obstetrician-and-gynaecologist","starter_route","Obstetrician and Gynaecologist","Health, care and social services","kind:unknown"
"starter-route:oncologist","starter_route","Oncologist","Health, care and social services","kind:unknown"
"starter-route:oncology-nurse","starter_route","Oncology Nurse","Health, care and social services","kind:unknown"
"starter-route:operating-department-practitioner","starter_route","Operating Department Practitioner","Health, care and social services","kind:unknown"
"starter-route:ophthalmologist","starter_route","Ophthalmologist","Health, care and social services","kind:unknown"
"starter-route:orthopaedic-surgeon","starter_route","Orthopaedic Surgeon","Health, care and social services","kind:unknown"
"starter-route:paediatric-physiotherapist","starter_route","Paediatric Physiotherapist","Health, care and social services","kind:unknown"
"starter-route:pathologist-anatomical","starter_route","Pathologist (Anatomical)","Health, care and social services","kind:unknown"
"starter-route:perfusionist","starter_route","Perfusionist","Health, care and social services","kind:unknown"
"starter-route:pharmacy-technician","starter_route","Pharmacy Technician","Health, care and social services","kind:unknown"
"starter-route:plastic-and-reconstructive-surgeon","starter_route","Plastic and Reconstructive Surgeon","Health, care and social services","kind:unknown"
"starter-route:post-basic-pharmacist-assistant","starter_route","Post-Basic Pharmacist Assistant","Health, care and social services","kind:unknown"
"starter-route:psychiatric-nurse","starter_route","Psychiatric Nurse","Health, care and social services","kind:unknown"
"starter-route:reflexologist","starter_route","Reflexologist","Health, care and social services","kind:unknown"
"starter-route:registered-nurse-critical-care","starter_route","Registered Nurse (Critical Care)","Health, care and social services","kind:unknown"
"starter-route:registered-nurse-general","starter_route","Registered Nurse (General)","Health, care and social services","kind:unknown"
"starter-route:registered-nurse-midwifery","starter_route","Registered Nurse (Midwifery)","Health, care and social services","kind:unknown"
"starter-route:registered-nurse-operating-theatre","starter_route","Registered Nurse (Operating Theatre)","Health, care and social services","kind:unknown"
"starter-route:registered-nurse-paediatrics","starter_route","Registered Nurse (Paediatrics)","Health, care and social services","kind:unknown"
"starter-route:registered-nurse-psychiatric","starter_route","Registered Nurse (Psychiatric)","Health, care and social services","kind:unknown"
"starter-route:rural-doctor-community-service","starter_route","Rural Doctor (Community Service)","Health, care and social services","kind:unknown"
"starter-route:speech-therapy-assistant","starter_route","Speech Therapy Assistant","Health, care and social services","kind:unknown"
"starter-route:sports-physiotherapist","starter_route","Sports Physiotherapist","Health, care and social services","kind:unknown"
"starter-route:tb-nurse","starter_route","TB Nurse","Health, care and social services","kind:unknown"
"starter-route:urologist","starter_route","Urologist","Health, care and social services","kind:unknown"
"starter-route:veterinarian-large-stock-wildlife","starter_route","Veterinarian (Large Stock / Wildlife)","Health, care and social services","kind:unknown"
"starter-route:veterinarian-small-animal","starter_route","Veterinarian (Small Animal)","Health, care and social services","kind:unknown"
"starter-route:veterinary-technologist","starter_route","Veterinary Technologist","Health, care and social services","kind:unknown"
"starter-route:banqueting-chef","starter_route","Banqueting Chef","Hospitality, tourism, sport and events","kind:unknown"
"starter-route:bar-back","starter_route","Bar Back","Hospitality, tourism, sport and events","kind:unknown"
"starter-route:barman-pub-tavern","starter_route","Barman (Pub / Tavern)","Hospitality, tourism, sport and events","kind:unknown"
"starter-route:bellman-porter","starter_route","Bellman / Porter","Hospitality, tourism, sport and events","kind:unknown"
"starter-route:butcher-chef","starter_route","Butcher Chef","Hospitality, tourism, sport and events","kind:unknown"
"starter-route:casino-gaming-manager","starter_route","Casino Gaming Manager","Hospitality, tourism, sport and events","kind:unknown"
"starter-route:casino-pit-boss","starter_route","Casino Pit Boss","Hospitality, tourism, sport and events","kind:unknown"
"starter-route:chef-de-cuisine","starter_route","Chef de Cuisine","Hospitality, tourism, sport and events","kind:unknown"
"starter-route:chef-de-partie","starter_route","Chef de Partie","Hospitality, tourism, sport and events","kind:unknown"
"starter-route:cocktail-bartender","starter_route","Cocktail Bartender","Hospitality, tourism, sport and events","kind:unknown"
"starter-route:commis-chef","starter_route","Commis Chef","Hospitality, tourism, sport and events","kind:unknown"
"starter-route:conference-coordinator","starter_route","Conference Coordinator","Hospitality, tourism, sport and events","kind:unknown"
"starter-route:demi-chef","starter_route","Demi-Chef","Hospitality, tourism, sport and events","kind:unknown"
"starter-route:destination-marketing-manager","starter_route","Destination Marketing Manager","Hospitality, tourism, sport and events","kind:unknown"
"starter-route:event-set-up-crew","starter_route","Event Set-up Crew","Hospitality, tourism, sport and events","kind:unknown"
"starter-route:events-manager-corporate","starter_route","Events Manager (Corporate)","Hospitality, tourism, sport and events","kind:unknown"
"starter-route:executive-chef","starter_route","Executive Chef","Hospitality, tourism, sport and events","kind:unknown"
"starter-route:function-coordinator","starter_route","Function Coordinator","Hospitality, tourism, sport and events","kind:unknown"
"starter-route:game-lodge-general-manager","starter_route","Game Lodge General Manager","Hospitality, tourism, sport and events","kind:unknown"
"starter-route:game-lodge-tracker","starter_route","Game Lodge Tracker","Hospitality, tourism, sport and events","kind:unknown"
"starter-route:game-reserve-hospitality-host","starter_route","Game Reserve Hospitality Host","Hospitality, tourism, sport and events","kind:unknown"
"starter-route:grill-chef","starter_route","Grill Chef","Hospitality, tourism, sport and events","kind:unknown"
"starter-route:host-hostess-restaurant","starter_route","Host / Hostess (Restaurant)","Hospitality, tourism, sport and events","kind:unknown"
"starter-route:hotel-duty-manager","starter_route","Hotel Duty Manager","Hospitality, tourism, sport and events","kind:unknown"
"starter-route:hotel-front-office-manager","starter_route","Hotel Front Office Manager","Hospitality, tourism, sport and events","kind:unknown"
"starter-route:hotel-group-executive-chef","starter_route","Hotel Group Executive Chef","Hospitality, tourism, sport and events","kind:unknown"
"starter-route:hotel-night-manager","starter_route","Hotel Night Manager","Hospitality, tourism, sport and events","kind:unknown"
"starter-route:housekeeping-manager","starter_route","Housekeeping Manager","Hospitality, tourism, sport and events","kind:unknown"
"starter-route:kitchen-porter-steward","starter_route","Kitchen Porter / Steward","Hospitality, tourism, sport and events","kind:unknown"
"starter-route:lodge-field-guide-fgasa-level-1","starter_route","Lodge Field Guide (FGASA Level 1)","Hospitality, tourism, sport and events","kind:unknown"
"starter-route:mixologist","starter_route","Mixologist","Hospitality, tourism, sport and events","kind:unknown"
"starter-route:overland-tour-guide","starter_route","Overland Tour Guide","Hospitality, tourism, sport and events","kind:unknown"
"starter-route:pastry-cook-hotel","starter_route","Pastry Cook (Hotel)","Hospitality, tourism, sport and events","kind:unknown"
"starter-route:patisserie-chef","starter_route","Patisserie Chef","Hospitality, tourism, sport and events","kind:unknown"
"starter-route:pizza-chef","starter_route","Pizza Chef","Hospitality, tourism, sport and events","kind:unknown"
"starter-route:reservations-manager","starter_route","Reservations Manager","Hospitality, tourism, sport and events","kind:unknown"
"starter-route:restaurant-cashier","starter_route","Restaurant Cashier","Hospitality, tourism, sport and events","kind:unknown"
"starter-route:restaurant-floor-manager","starter_route","Restaurant Floor Manager","Hospitality, tourism, sport and events","kind:unknown"
"starter-route:restaurant-head-waiter-ma-tre-d","starter_route","Restaurant Head Waiter / Maître d'","Hospitality, tourism, sport and events","kind:unknown"
"starter-route:revenue-manager-hotel","starter_route","Revenue Manager (Hotel)","Hospitality, tourism, sport and events","kind:unknown"
"starter-route:rooms-division-manager","starter_route","Rooms Division Manager","Hospitality, tourism, sport and events","kind:unknown"
"starter-route:safari-camp-manager","starter_route","Safari Camp Manager","Hospitality, tourism, sport and events","kind:unknown"
"starter-route:shebeen-tavern-owner","starter_route","Shebeen / Tavern Owner","Hospitality, tourism, sport and events","kind:unknown"
"starter-route:sommelier-wine-steward","starter_route","Sommelier / Wine Steward","Hospitality, tourism, sport and events","kind:unknown"
"starter-route:sushi-chef","starter_route","Sushi Chef","Hospitality, tourism, sport and events","kind:unknown"
"starter-route:tour-operator-consultant","starter_route","Tour Operator Consultant","Hospitality, tourism, sport and events","kind:unknown"
"starter-route:tour-operator-manager","starter_route","Tour Operator Manager","Hospitality, tourism, sport and events","kind:unknown"
"starter-route:tourism-information-officer","starter_route","Tourism Information Officer","Hospitality, tourism, sport and events","kind:unknown"
"starter-route:trail-guide-horse-hiking","starter_route","Trail Guide (Horse / Hiking)","Hospitality, tourism, sport and events","kind:unknown"
"starter-route:valet-parking-attendant","starter_route","Valet Parking Attendant","Hospitality, tourism, sport and events","kind:unknown"
"starter-route:vegetarian-vegan-chef","starter_route","Vegetarian / Vegan Chef","Hospitality, tourism, sport and events","kind:unknown"
"starter-route:venue-manager","starter_route","Venue Manager","Hospitality, tourism, sport and events","kind:unknown"
"starter-route:wedding-coordinator","starter_route","Wedding Coordinator","Hospitality, tourism, sport and events","kind:unknown"
"starter-route:wine-estate-tour-guide","starter_route","Wine Estate Tour Guide","Hospitality, tourism, sport and events","kind:unknown"
"starter-route:aftercare-assistant","starter_route","Aftercare Assistant","Informal, entrepreneurship and community economy","kind:unknown"
"starter-route:amagwinya-vetkoek-seller","starter_route","Amagwinya (Vetkoek) Seller","Informal, entrepreneurship and community economy","kind:unknown"
"starter-route:amapiano-event-organiser","starter_route","Amapiano Event Organiser","Informal, entrepreneurship and community economy","kind:unknown"
"starter-route:boerewors-roll-stand-operator","starter_route","Boerewors Roll Stand Operator","Informal, entrepreneurship and community economy","kind:unknown"
"starter-route:bottle-store-owner","starter_route","Bottle Store Owner","Informal, entrepreneurship and community economy","kind:unknown"
"starter-route:bouncer-event-door-supervisor","starter_route","Bouncer / Event Door Supervisor","Informal, entrepreneurship and community economy","kind:unknown"
"starter-route:car-boot-sale-vendor","starter_route","Car Boot Sale Vendor","Informal, entrepreneurship and community economy","kind:unknown"
"starter-route:car-wash-bay-owner","starter_route","Car Wash Bay Owner","Informal, entrepreneurship and community economy","kind:unknown"
"starter-route:caretaker-building-superintendent","starter_route","Caretaker (Building Superintendent)","Informal, entrepreneurship and community economy","kind:unknown"
"starter-route:cargo-guard-armed","starter_route","Cargo Guard (Armed)","Informal, entrepreneurship and community economy","kind:unknown"
"starter-route:carpet-cleaner","starter_route","Carpet Cleaner","Informal, entrepreneurship and community economy","kind:unknown"
"starter-route:catering-equipment-hirer","starter_route","Catering Equipment Hirer","Informal, entrepreneurship and community economy","kind:unknown"
"starter-route:cctv-monitor-officer","starter_route","CCTV Monitor Officer","Informal, entrepreneurship and community economy","kind:unknown"
"starter-route:cell-phone-accessories-seller","starter_route","Cell Phone Accessories Seller","Informal, entrepreneurship and community economy","kind:unknown"
"starter-route:cell-phone-charging-service-operator","starter_route","Cell Phone Charging Service Operator","Informal, entrepreneurship and community economy","kind:unknown"
"starter-route:child-minder-au-pair","starter_route","Child Minder (Au Pair)","Informal, entrepreneurship and community economy","kind:unknown"
"starter-route:clothing-alterations-tailor","starter_route","Clothing Alterations Tailor","Informal, entrepreneurship and community economy","kind:unknown"
"starter-route:cold-drink-ice-seller","starter_route","Cold Drink / Ice Seller","Informal, entrepreneurship and community economy","kind:unknown"
"starter-route:cross-border-trader-informal-importer","starter_route","Cross-Border Trader (Informal Importer)","Informal, entrepreneurship and community economy","kind:unknown"
"starter-route:diviner-spiritual-healer","starter_route","Diviner / Spiritual Healer","Informal, entrepreneurship and community economy","kind:unknown"
"starter-route:dj-weddings-parties","starter_route","DJ (Weddings / Parties)","Informal, entrepreneurship and community economy","kind:unknown"
"starter-route:dog-trainer","starter_route","Dog Trainer","Informal, entrepreneurship and community economy","kind:unknown"
"starter-route:event-security-guard","starter_route","Event Security Guard","Informal, entrepreneurship and community economy","kind:unknown"
"starter-route:eyelash-brow-technician","starter_route","Eyelash / Brow Technician","Informal, entrepreneurship and community economy","kind:unknown"
"starter-route:factory-canteen-food-seller","starter_route","Factory Canteen Food Seller","Informal, entrepreneurship and community economy","kind:unknown"
"starter-route:farrier-horse-shoeing","starter_route","Farrier (Horse Shoeing)","Informal, entrepreneurship and community economy","kind:unknown"
"starter-route:flea-market-trader","starter_route","Flea Market Trader","Informal, entrepreneurship and community economy","kind:unknown"
"starter-route:fried-chips-vetkoek-vendor","starter_route","Fried Chips / Vetkoek Vendor","Informal, entrepreneurship and community economy","kind:unknown"
"starter-route:fruit-and-vegetable-hawker","starter_route","Fruit and Vegetable Hawker","Informal, entrepreneurship and community economy","kind:unknown"
"starter-route:funeral-parlour-assistant","starter_route","Funeral Parlour Assistant","Informal, entrepreneurship and community economy","kind:unknown"
"starter-route:garden-refuse-remover","starter_route","Garden Refuse Remover","Informal, entrepreneurship and community economy","kind:unknown"
"starter-route:grass-cutter-lawn-care-operator","starter_route","Grass Cutter / Lawn Care Operator","Informal, entrepreneurship and community economy","kind:unknown"
"starter-route:gutter-cleaner-repairer","starter_route","Gutter Cleaner / Repairer","Informal, entrepreneurship and community economy","kind:unknown"
"starter-route:hair-braider-plaiter-salon","starter_route","Hair Braider / Plaiter (Salon)","Informal, entrepreneurship and community economy","kind:unknown"
"starter-route:handyman-general","starter_route","Handyman (General)","Informal, entrepreneurship and community economy","kind:unknown"
"starter-route:horse-groom","starter_route","Horse Groom","Informal, entrepreneurship and community economy","kind:unknown"
"starter-route:house-sitter-pet-sitter","starter_route","House Sitter / Pet Sitter","Informal, entrepreneurship and community economy","kind:unknown"
"starter-route:housekeeper-private-home","starter_route","Housekeeper (Private Home)","Informal, entrepreneurship and community economy","kind:unknown"
"starter-route:inyanga-herbalist-practitioner","starter_route","Inyanga / Herbalist Practitioner","Informal, entrepreneurship and community economy","kind:unknown"
"starter-route:jockey","starter_route","Jockey","Informal, entrepreneurship and community economy","kind:unknown"
"starter-route:jumping-castle-hire-operator","starter_route","Jumping Castle Hire Operator","Informal, entrepreneurship and community economy","kind:unknown"
"starter-route:kennel-assistant","starter_route","Kennel Assistant","Informal, entrepreneurship and community economy","kind:unknown"
"starter-route:key-cutter-locksmith-street-operator","starter_route","Key Cutter / Locksmith Street Operator","Informal, entrepreneurship and community economy","kind:unknown"
"starter-route:kota-bunny-chow-stand-owner","starter_route","Kota / Bunny Chow Stand Owner","Informal, entrepreneurship and community economy","kind:unknown"
"starter-route:liquor-store-clerk","starter_route","Liquor Store Clerk","Informal, entrepreneurship and community economy","kind:unknown"
"starter-route:magwinya-fat-cake-seller","starter_route","Magwinya / Fat Cake Seller","Informal, entrepreneurship and community economy","kind:unknown"
"starter-route:mielie-mealies-seller","starter_route","Mielie (Mealies) Seller","Informal, entrepreneurship and community economy","kind:unknown"
"starter-route:mobile-spray-tan-technician","starter_route","Mobile Spray Tan Technician","Informal, entrepreneurship and community economy","kind:unknown"
"starter-route:money-transfer-cash-send-agent","starter_route","Money Transfer / Cash Send Agent","Informal, entrepreneurship and community economy","kind:unknown"
"starter-route:mortuary-mortuary-attendant","starter_route","Mortuary / Mortuary Attendant","Informal, entrepreneurship and community economy","kind:unknown"
"starter-route:movers-furniture-removal-assistant","starter_route","Movers / Furniture Removal Assistant","Informal, entrepreneurship and community economy","kind:unknown"
"starter-route:nanny-baby-nurse","starter_route","Nanny (Baby Nurse)","Informal, entrepreneurship and community economy","kind:unknown"
"starter-route:painter-house-painter-independent","starter_route","Painter (House Painter, Independent)","Informal, entrepreneurship and community economy","kind:unknown"
"starter-route:photobooth-rental-operator","starter_route","Photobooth Rental Operator","Informal, entrepreneurship and community economy","kind:unknown"
"starter-route:pool-cleaner-monthly-service","starter_route","Pool Cleaner (Monthly Service)","Informal, entrepreneurship and community economy","kind:unknown"
"starter-route:prepaid-airtime-and-electricity-vendor","starter_route","Prepaid Airtime and Electricity Vendor","Informal, entrepreneurship and community economy","kind:unknown"
"starter-route:private-security-patrol-officer","starter_route","Private Security Patrol Officer","Informal, entrepreneurship and community economy","kind:unknown"
"starter-route:retail-security-guard","starter_route","Retail Security Guard","Informal, entrepreneurship and community economy","kind:unknown"
"starter-route:school-tuck-shop-operator","starter_route","School Tuck Shop Operator","Informal, entrepreneurship and community economy","kind:unknown"
"starter-route:seamstress-dressmaker","starter_route","Seamstress (Dressmaker)","Informal, entrepreneurship and community economy","kind:unknown"
"starter-route:second-hand-clothing-seller","starter_route","Second-Hand Clothing Seller","Informal, entrepreneurship and community economy","kind:unknown"
"starter-route:shebeen-operator-unlicensed","starter_route","Shebeen Operator (Unlicensed)","Informal, entrepreneurship and community economy","kind:unknown"
"starter-route:shisa-nyama-braai-stand-owner","starter_route","Shisa Nyama (Braai) Stand Owner","Informal, entrepreneurship and community economy","kind:unknown"
"starter-route:shoe-repairer-cobbler","starter_route","Shoe Repairer (Cobbler)","Informal, entrepreneurship and community economy","kind:unknown"
"starter-route:sim-card-rica-agent","starter_route","SIM Card RICA Agent","Informal, entrepreneurship and community economy","kind:unknown"
"starter-route:snoek-and-chips-vendor","starter_route","Snoek and Chips Vendor","Informal, entrepreneurship and community economy","kind:unknown"
"starter-route:sound-hire-event-pa-operator","starter_route","Sound Hire (Event PA) Operator","Informal, entrepreneurship and community economy","kind:unknown"
"starter-route:spaza-shop-delivery-helper","starter_route","Spaza Shop Delivery Helper","Informal, entrepreneurship and community economy","kind:unknown"
"starter-route:spaza-shop-stock-controller","starter_route","Spaza Shop Stock Controller","Informal, entrepreneurship and community economy","kind:unknown"
"starter-route:street-barber-hair-clipper","starter_route","Street Barber / Hair Clipper","Informal, entrepreneurship and community economy","kind:unknown"
"starter-route:tailor-informal-sewing","starter_route","Tailor (Informal Sewing)","Informal, entrepreneurship and community economy","kind:unknown"
"starter-route:tavern-owner","starter_route","Tavern Owner","Informal, entrepreneurship and community economy","kind:unknown"
"starter-route:taxi-rank-food-vendor","starter_route","Taxi Rank Food Vendor","Informal, entrepreneurship and community economy","kind:unknown"
"starter-route:tent-and-marquee-hire-erector","starter_route","Tent and Marquee Hire Erector","Informal, entrepreneurship and community economy","kind:unknown"
"starter-route:traditional-attire-designer-imibhaco","starter_route","Traditional Attire Designer (Imibhaco)","Informal, entrepreneurship and community economy","kind:unknown"
"starter-route:traditional-surgeon-ingcibi","starter_route","Traditional Surgeon (Ingcibi)","Informal, entrepreneurship and community economy","kind:unknown"
"starter-route:tree-feller-independent","starter_route","Tree Feller (Independent)","Informal, entrepreneurship and community economy","kind:unknown"
"starter-route:umbrella-and-plastic-goods-trader","starter_route","Umbrella and Plastic Goods Trader","Informal, entrepreneurship and community economy","kind:unknown"
"starter-route:weave-extension-stylist","starter_route","Weave / Extension Stylist","Informal, entrepreneurship and community economy","kind:unknown"
"starter-route:wedding-makeup-artist-mobile","starter_route","Wedding Makeup Artist (Mobile)","Informal, entrepreneurship and community economy","kind:unknown"
"starter-route:window-cleaner-high-rise-regular","starter_route","Window Cleaner (High-Rise / Regular)","Informal, entrepreneurship and community economy","kind:unknown"
"starter-route:zionist-church-garment-maker","starter_route","Zionist Church Garment Maker","Informal, entrepreneurship and community economy","kind:unknown"
"starter-route:10111-call-taker","starter_route","10111 Call Taker","Law, public service and public safety","kind:unknown"
"starter-route:candidate-attorney-candidate","starter_route","Candidate Attorney (Candidate)","Law, public service and public safety","kind:unknown"
"starter-route:constitutional-court-judge","starter_route","Constitutional Court Judge","Law, public service and public safety","kind:unknown"
"starter-route:construction-law-advisor","starter_route","Construction Law Advisor","Law, public service and public safety","kind:unknown"
"starter-route:corporate-commercial-lawyer","starter_route","Corporate / Commercial Lawyer","Law, public service and public safety","kind:unknown"
"starter-route:correctional-services-commissioner","starter_route","Correctional Services Commissioner","Law, public service and public safety","kind:unknown"
"starter-route:correctional-services-nurse","starter_route","Correctional Services Nurse","Law, public service and public safety","kind:unknown"
"starter-route:director-general-dg","starter_route","Director-General (DG)","Law, public service and public safety","kind:unknown"
"starter-route:disaster-risk-management-officer","starter_route","Disaster Risk Management Officer","Law, public service and public safety","kind:unknown"
"starter-route:district-court-magistrate","starter_route","District Court Magistrate","Law, public service and public safety","kind:unknown"
"starter-route:elections-officer-iec","starter_route","Elections Officer (IEC)","Law, public service and public safety","kind:unknown"
"starter-route:emergency-control-room-dispatcher","starter_route","Emergency Control Room Dispatcher","Law, public service and public safety","kind:unknown"
"starter-route:environmental-management-inspector-green-scorpion","starter_route","Environmental Management Inspector (Green Scorpion)","Law, public service and public safety","kind:unknown"
"starter-route:fire-chief-municipal","starter_route","Fire Chief (Municipal)","Law, public service and public safety","kind:unknown"
"starter-route:fire-crew-commander","starter_route","Fire Crew Commander","Law, public service and public safety","kind:unknown"
"starter-route:fire-fighter-volunteer-wildfire","starter_route","Fire Fighter (Volunteer / Wildfire)","Law, public service and public safety","kind:unknown"
"starter-route:government-minister","starter_route","Government Minister","Law, public service and public safety","kind:unknown"
"starter-route:hazmat-emergency-responder","starter_route","Hazmat Emergency Responder","Law, public service and public safety","kind:unknown"
"starter-route:high-court-judge","starter_route","High Court Judge","Law, public service and public safety","kind:unknown"
"starter-route:home-affairs-immigration-officer","starter_route","Home Affairs Immigration Officer","Law, public service and public safety","kind:unknown"
"starter-route:insolvency-business-rescue-practitioner","starter_route","Insolvency / Business Rescue Practitioner","Law, public service and public safety","kind:unknown"
"starter-route:labour-inspector-dol","starter_route","Labour Inspector (DoL)","Law, public service and public safety","kind:unknown"
"starter-route:labour-lawyer","starter_route","Labour Lawyer","Law, public service and public safety","kind:unknown"
"starter-route:legal-aid-sa-attorney","starter_route","Legal Aid SA Attorney","Law, public service and public safety","kind:unknown"
"starter-route:legislative-drafter","starter_route","Legislative Drafter","Law, public service and public safety","kind:unknown"
"starter-route:liquidator","starter_route","Liquidator","Law, public service and public safety","kind:unknown"
"starter-route:master-of-the-high-court","starter_route","Master of the High Court","Law, public service and public safety","kind:unknown"
"starter-route:mayor-municipal-metropolitan","starter_route","Mayor (Municipal / Metropolitan)","Law, public service and public safety","kind:unknown"
"starter-route:medical-malpractice-lawyer","starter_route","Medical Malpractice Lawyer","Law, public service and public safety","kind:unknown"
"starter-route:member-of-parliament-mp","starter_route","Member of Parliament (MP)","Law, public service and public safety","kind:unknown"
"starter-route:member-of-provincial-legislature-mpl","starter_route","Member of Provincial Legislature (MPL)","Law, public service and public safety","kind:unknown"
"starter-route:metro-police-by-law-enforcement-officer","starter_route","Metro Police By-Law Enforcement Officer","Law, public service and public safety","kind:unknown"
"starter-route:metro-police-chief","starter_route","Metro Police Chief","Law, public service and public safety","kind:unknown"
"starter-route:mine-health-and-safety-inspector","starter_route","Mine Health and Safety Inspector","Law, public service and public safety","kind:unknown"
"starter-route:mining-and-mineral-rights-lawyer","starter_route","Mining and Mineral Rights Lawyer","Law, public service and public safety","kind:unknown"
"starter-route:occupational-health-and-safety-inspector","starter_route","Occupational Health and Safety Inspector","Law, public service and public safety","kind:unknown"
"starter-route:paralegal-community-legal-clinic","starter_route","Paralegal (Community Legal Clinic)","Law, public service and public safety","kind:unknown"
"starter-route:passport-control-officer","starter_route","Passport Control Officer","Law, public service and public safety","kind:unknown"
"starter-route:policy-analyst-government","starter_route","Policy Analyst (Government)","Law, public service and public safety","kind:unknown"
"starter-route:premier","starter_route","Premier","Law, public service and public safety","kind:unknown"
"starter-route:probation-services-assistant","starter_route","Probation Services Assistant","Law, public service and public safety","kind:unknown"
"starter-route:public-defender-legal-aid","starter_route","Public Defender (Legal Aid)","Law, public service and public safety","kind:unknown"
"starter-route:public-service-administrator-national","starter_route","Public Service Administrator (National)","Law, public service and public safety","kind:unknown"
"starter-route:pupil-advocate","starter_route","Pupil Advocate","Law, public service and public safety","kind:unknown"
"starter-route:regional-court-magistrate","starter_route","Regional Court Magistrate","Law, public service and public safety","kind:unknown"
"starter-route:saps-air-wing-pilot","starter_route","SAPS Air Wing Pilot","Law, public service and public safety","kind:unknown"
"starter-route:saps-captain","starter_route","SAPS Captain","Law, public service and public safety","kind:unknown"
"starter-route:saps-colonel","starter_route","SAPS Colonel","Law, public service and public safety","kind:unknown"
"starter-route:saps-detective-colonel","starter_route","SAPS Detective Colonel","Law, public service and public safety","kind:unknown"
"starter-route:saps-forensic-analyst","starter_route","SAPS Forensic Analyst","Law, public service and public safety","kind:unknown"
"starter-route:saps-general-lieutenant","starter_route","SAPS General / Lieutenant","Law, public service and public safety","kind:unknown"
"starter-route:saps-k9-unit-handler","starter_route","SAPS K9 Unit Handler","Law, public service and public safety","kind:unknown"
"starter-route:saps-public-order-policing-member","starter_route","SAPS Public Order Policing Member","Law, public service and public safety","kind:unknown"
"starter-route:saps-reservist","starter_route","SAPS Reservist","Law, public service and public safety","kind:unknown"
"starter-route:saps-tactical-response-team-trt-member","starter_route","SAPS Tactical Response Team (TRT) Member","Law, public service and public safety","kind:unknown"
"starter-route:sars-customs-officer","starter_route","SARS Customs Officer","Law, public service and public safety","kind:unknown"
"starter-route:state-attorney","starter_route","State Attorney","Law, public service and public safety","kind:unknown"
"starter-route:supreme-court-of-appeal-judge","starter_route","Supreme Court of Appeal Judge","Law, public service and public safety","kind:unknown"
"starter-route:tax-lawyer","starter_route","Tax Lawyer","Law, public service and public safety","kind:unknown"
"starter-route:traffic-department-clerk","starter_route","Traffic Department Clerk","Law, public service and public safety","kind:unknown"
"starter-route:vehicle-registration-clerk","starter_route","Vehicle Registration Clerk","Law, public service and public safety","kind:unknown"
"starter-route:ward-committee-member","starter_route","Ward Committee Member","Law, public service and public safety","kind:unknown"
"starter-route:ward-councillor","starter_route","Ward Councillor","Law, public service and public safety","kind:unknown"
"starter-route:wildland-fire-fighter","starter_route","Wildland Fire Fighter","Law, public service and public safety","kind:unknown"
"starter-route:abnormal-load-driver","starter_route","Abnormal Load Driver","Logistics, transport and supply chain","kind:unknown"
"starter-route:agricultural-pilot-crop-spraying","starter_route","Agricultural Pilot (Crop Spraying)","Logistics, transport and supply chain","kind:unknown"
"starter-route:air-cargo-agent","starter_route","Air Cargo Agent","Logistics, transport and supply chain","kind:unknown"
"starter-route:air-freight-forwarder","starter_route","Air Freight Forwarder","Logistics, transport and supply chain","kind:unknown"
"starter-route:aircraft-loadmaster","starter_route","Aircraft Loadmaster","Logistics, transport and supply chain","kind:unknown"
"starter-route:airline-dispatcher","starter_route","Airline Dispatcher","Logistics, transport and supply chain","kind:unknown"
"starter-route:baggage-handler","starter_route","Baggage Handler","Logistics, transport and supply chain","kind:unknown"
"starter-route:bonded-warehouse-controller","starter_route","Bonded Warehouse Controller","Logistics, transport and supply chain","kind:unknown"
"starter-route:bulk-tanker-driver-fuel-chemicals","starter_route","Bulk Tanker Driver (Fuel / Chemicals)","Logistics, transport and supply chain","kind:unknown"
"starter-route:bus-driver-intercity","starter_route","Bus Driver (Intercity)","Logistics, transport and supply chain","kind:unknown"
"starter-route:bus-driver-metro-myciti-rea-vaya","starter_route","Bus Driver (Metro / MyCiti / Rea Vaya)","Logistics, transport and supply chain","kind:unknown"
"starter-route:container-terminal-planner","starter_route","Container Terminal Planner","Logistics, transport and supply chain","kind:unknown"
"starter-route:courier-parcel-sorter","starter_route","Courier / Parcel Sorter","Logistics, transport and supply chain","kind:unknown"
"starter-route:customs-compliance-manager","starter_route","Customs Compliance Manager","Logistics, transport and supply chain","kind:unknown"
"starter-route:demand-planner-fmcg","starter_route","Demand Planner (FMCG)","Logistics, transport and supply chain","kind:unknown"
"starter-route:distribution-centre-manager","starter_route","Distribution Centre Manager","Logistics, transport and supply chain","kind:unknown"
"starter-route:driving-licence-examiner","starter_route","Driving Licence Examiner","Logistics, transport and supply chain","kind:unknown"
"starter-route:drone-pilot-commercial","starter_route","Drone Pilot (Commercial)","Logistics, transport and supply chain","kind:unknown"
"starter-route:drone-survey-operator","starter_route","Drone Survey Operator","Logistics, transport and supply chain","kind:unknown"
"starter-route:export-clerk","starter_route","Export Clerk","Logistics, transport and supply chain","kind:unknown"
"starter-route:fleet-maintenance-controller","starter_route","Fleet Maintenance Controller","Logistics, transport and supply chain","kind:unknown"
"starter-route:flight-operations-officer","starter_route","Flight Operations Officer","Logistics, transport and supply chain","kind:unknown"
"starter-route:furniture-removal-assistant","starter_route","Furniture Removal Assistant","Logistics, transport and supply chain","kind:unknown"
"starter-route:gantry-crane-operator","starter_route","Gantry Crane Operator","Logistics, transport and supply chain","kind:unknown"
"starter-route:harbour-master","starter_route","Harbour Master","Logistics, transport and supply chain","kind:unknown"
"starter-route:harbour-pilot","starter_route","Harbour Pilot","Logistics, transport and supply chain","kind:unknown"
"starter-route:hazchem-dangerous-goods-driver","starter_route","Hazchem (Dangerous Goods) Driver","Logistics, transport and supply chain","kind:unknown"
"starter-route:helicopter-pilot","starter_route","Helicopter Pilot","Logistics, transport and supply chain","kind:unknown"
"starter-route:import-clerk","starter_route","Import Clerk","Logistics, transport and supply chain","kind:unknown"
"starter-route:lashing-securing-hand","starter_route","Lashing / Securing Hand","Logistics, transport and supply chain","kind:unknown"
"starter-route:local-delivery-driver","starter_route","Local Delivery Driver","Logistics, transport and supply chain","kind:unknown"
"starter-route:logistics-coordinator-road-freight","starter_route","Logistics Coordinator (Road Freight)","Logistics, transport and supply chain","kind:unknown"
"starter-route:logistics-sales-consultant","starter_route","Logistics Sales Consultant","Logistics, transport and supply chain","kind:unknown"
"starter-route:long-haul-truck-driver","starter_route","Long-Haul Truck Driver","Logistics, transport and supply chain","kind:unknown"
"starter-route:marshalling-yard-controller","starter_route","Marshalling Yard Controller","Logistics, transport and supply chain","kind:unknown"
"starter-route:minibus-taxi-driver","starter_route","Minibus Taxi Driver","Logistics, transport and supply chain","kind:unknown"
"starter-route:order-fulfilment-clerk","starter_route","Order Fulfilment Clerk","Logistics, transport and supply chain","kind:unknown"
"starter-route:passenger-rail-service-operator-prasa","starter_route","Passenger Rail Service Operator (PRASA)","Logistics, transport and supply chain","kind:unknown"
"starter-route:port-captain","starter_route","Port Captain","Logistics, transport and supply chain","kind:unknown"
"starter-route:post-office-clerk","starter_route","Post Office Clerk","Logistics, transport and supply chain","kind:unknown"
"starter-route:postal-service-mail-carrier","starter_route","Postal Service Mail Carrier","Logistics, transport and supply chain","kind:unknown"
"starter-route:pothole-repair-operator-roads","starter_route","Pothole Repair Operator (Roads)","Logistics, transport and supply chain","kind:unknown"
"starter-route:railway-points-operator","starter_route","Railway Points Operator","Logistics, transport and supply chain","kind:unknown"
"starter-route:ramp-agent-ground-handling","starter_route","Ramp Agent (Ground Handling)","Logistics, transport and supply chain","kind:unknown"
"starter-route:reach-stacker-operator","starter_route","Reach Stacker Operator","Logistics, transport and supply chain","kind:unknown"
"starter-route:removals-furniture-truck-driver","starter_route","Removals Furniture Truck Driver","Logistics, transport and supply chain","kind:unknown"
"starter-route:returns-processor-reverse-logistics","starter_route","Returns Processor (Reverse Logistics)","Logistics, transport and supply chain","kind:unknown"
"starter-route:road-traffic-officer","starter_route","Road Traffic Officer","Logistics, transport and supply chain","kind:unknown"
"starter-route:road-transport-manager","starter_route","Road Transport Manager","Logistics, transport and supply chain","kind:unknown"
"starter-route:school-bus-driver","starter_route","School Bus Driver","Logistics, transport and supply chain","kind:unknown"
"starter-route:ship-agent-s-clerk","starter_route","Ship Agent's Clerk","Logistics, transport and supply chain","kind:unknown"
"starter-route:ship-planner","starter_route","Ship Planner","Logistics, transport and supply chain","kind:unknown"
"starter-route:straddle-carrier-operator","starter_route","Straddle Carrier Operator","Logistics, transport and supply chain","kind:unknown"
"starter-route:tariff-specialist-customs","starter_route","Tariff Specialist (Customs)","Logistics, transport and supply chain","kind:unknown"
"starter-route:tour-bus-driver","starter_route","Tour Bus Driver","Logistics, transport and supply chain","kind:unknown"
"starter-route:train-station-master","starter_route","Train Station Master","Logistics, transport and supply chain","kind:unknown"
"starter-route:tug-master","starter_route","Tug Master","Logistics, transport and supply chain","kind:unknown"
"starter-route:vehicle-testing-station-examiner","starter_route","Vehicle Testing Station Examiner","Logistics, transport and supply chain","kind:unknown"
"starter-route:vehicle-tracker-recovery-agent","starter_route","Vehicle Tracker / Recovery Agent","Logistics, transport and supply chain","kind:unknown"
"starter-route:administration-clerk","starter_route","Administration Clerk","Management, strategy and leadership","kind:unknown"
"starter-route:bid-committee-member","starter_route","Bid Committee Member","Management, strategy and leadership","kind:unknown"
"starter-route:board-chairperson-non-executive-director","starter_route","Board Chairperson / Non-Executive Director","Management, strategy and leadership","kind:unknown"
"starter-route:board-member-non-profit","starter_route","Board Member (Non-Profit)","Management, strategy and leadership","kind:unknown"
"starter-route:business-continuity-planner","starter_route","Business Continuity Planner","Management, strategy and leadership","kind:unknown"
"starter-route:business-incubator-manager","starter_route","Business Incubator Manager","Management, strategy and leadership","kind:unknown"
"starter-route:business-process-re-engineering-consultant","starter_route","Business Process Re-engineering Consultant","Management, strategy and leadership","kind:unknown"
"starter-route:chief-financial-officer-cfo","starter_route","Chief Financial Officer (CFO)","Management, strategy and leadership","kind:unknown"
"starter-route:chief-human-resources-officer-chro","starter_route","Chief Human Resources Officer (CHRO)","Management, strategy and leadership","kind:unknown"
"starter-route:chief-marketing-officer-cmo","starter_route","Chief Marketing Officer (CMO)","Management, strategy and leadership","kind:unknown"
"starter-route:chief-operations-officer-coo","starter_route","Chief Operations Officer (COO)","Management, strategy and leadership","kind:unknown"
"starter-route:co-operative-development-officer","starter_route","Co-operative Development Officer","Management, strategy and leadership","kind:unknown"
"starter-route:compensation-and-benefits-analyst","starter_route","Compensation and Benefits Analyst","Management, strategy and leadership","kind:unknown"
"starter-route:continuous-improvement-manager","starter_route","Continuous Improvement Manager","Management, strategy and leadership","kind:unknown"
"starter-route:contract-manager","starter_route","Contract Manager","Management, strategy and leadership","kind:unknown"
"starter-route:data-protection-officer-dpo-popia","starter_route","Data Protection Officer (DPO / POPIA)","Management, strategy and leadership","kind:unknown"
"starter-route:deal-origination-analyst","starter_route","Deal Origination Analyst","Management, strategy and leadership","kind:unknown"
"starter-route:employee-wellness-coordinator","starter_route","Employee Wellness Coordinator","Management, strategy and leadership","kind:unknown"
"starter-route:enterprise-risk-manager","starter_route","Enterprise Risk Manager","Management, strategy and leadership","kind:unknown"
"starter-route:environmental-management-system-coordinator","starter_route","Environmental Management System Coordinator","Management, strategy and leadership","kind:unknown"
"starter-route:executive-assistant-to-ceo","starter_route","Executive Assistant to CEO","Management, strategy and leadership","kind:unknown"
"starter-route:franchise-development-manager","starter_route","Franchise Development Manager","Management, strategy and leadership","kind:unknown"
"starter-route:fraud-prevention-officer","starter_route","Fraud Prevention Officer","Management, strategy and leadership","kind:unknown"
"starter-route:headhunter-executive-search-consultant","starter_route","Headhunter / Executive Search Consultant","Management, strategy and leadership","kind:unknown"
"starter-route:health-and-safety-representative","starter_route","Health and Safety Representative","Management, strategy and leadership","kind:unknown"
"starter-route:hr-business-partner","starter_route","HR Business Partner","Management, strategy and leadership","kind:unknown"
"starter-route:hr-consultant","starter_route","HR Consultant","Management, strategy and leadership","kind:unknown"
"starter-route:industrial-psychologist-registered","starter_route","Industrial Psychologist (Registered)","Management, strategy and leadership","kind:unknown"
"starter-route:internal-control-manager","starter_route","Internal Control Manager","Management, strategy and leadership","kind:unknown"
"starter-route:labour-relations-specialist","starter_route","Labour Relations Specialist","Management, strategy and leadership","kind:unknown"
"starter-route:learning-and-development-manager","starter_route","Learning and Development Manager","Management, strategy and leadership","kind:unknown"
"starter-route:local-economic-development-led-officer","starter_route","Local Economic Development (LED) Officer","Management, strategy and leadership","kind:unknown"
"starter-route:m-a-advisory-associate","starter_route","M&A Advisory Associate","Management, strategy and leadership","kind:unknown"
"starter-route:management-trainee-graduate-programme","starter_route","Management Trainee (Graduate Programme)","Management, strategy and leadership","kind:unknown"
"starter-route:organisational-change-consultant","starter_route","Organisational Change Consultant","Management, strategy and leadership","kind:unknown"
"starter-route:organisational-development-consultant","starter_route","Organisational Development Consultant","Management, strategy and leadership","kind:unknown"
"starter-route:organisational-psychologist","starter_route","Organisational Psychologist","Management, strategy and leadership","kind:unknown"
"starter-route:portfolio-manager-corporate-strategy","starter_route","Portfolio Manager (Corporate Strategy)","Management, strategy and leadership","kind:unknown"
"starter-route:prince2-pmp-project-manager","starter_route","Prince2 / PMP Project Manager","Management, strategy and leadership","kind:unknown"
"starter-route:procurement-officer-government","starter_route","Procurement Officer (Government)","Management, strategy and leadership","kind:unknown"
"starter-route:product-owner-agile","starter_route","Product Owner (Agile)","Management, strategy and leadership","kind:unknown"
"starter-route:program-manager-corporate","starter_route","Program Manager (Corporate)","Management, strategy and leadership","kind:unknown"
"starter-route:project-management-office-pmo-manager","starter_route","Project Management Office (PMO) Manager","Management, strategy and leadership","kind:unknown"
"starter-route:psychometrist-independent-practice","starter_route","Psychometrist (Independent Practice)","Management, strategy and leadership","kind:unknown"
"starter-route:quality-assurance-manager-iso-9001","starter_route","Quality Assurance Manager (ISO 9001)","Management, strategy and leadership","kind:unknown"
"starter-route:records-filing-clerk","starter_route","Records / Filing Clerk","Management, strategy and leadership","kind:unknown"
"starter-route:risk-compliance-officer","starter_route","Risk Compliance Officer","Management, strategy and leadership","kind:unknown"
"starter-route:safety-officer-construction","starter_route","Safety Officer (Construction)","Management, strategy and leadership","kind:unknown"
"starter-route:scrum-master-agile-practitioner","starter_route","Scrum Master / Agile Practitioner","Management, strategy and leadership","kind:unknown"
"starter-route:six-sigma-black-belt","starter_route","Six Sigma Black Belt","Management, strategy and leadership","kind:unknown"
"starter-route:smme-development-advisor","starter_route","SMME Development Advisor","Management, strategy and leadership","kind:unknown"
"starter-route:strategy-director","starter_route","Strategy Director","Management, strategy and leadership","kind:unknown"
"starter-route:talent-acquisition-specialist","starter_route","Talent Acquisition Specialist","Management, strategy and leadership","kind:unknown"
"starter-route:vendor-manager","starter_route","Vendor Manager","Management, strategy and leadership","kind:unknown"
"starter-route:artisan-fitter","starter_route","Artisan Fitter","Manufacturing, mining and energy","kind:unknown"
"starter-route:beverage-bottling-line-operator","starter_route","Beverage Bottling Line Operator","Manufacturing, mining and energy","kind:unknown"
"starter-route:boilermaker-artisan","starter_route","Boilermaker (Artisan)","Manufacturing, mining and energy","kind:unknown"
"starter-route:brewery-operator","starter_route","Brewery Operator","Manufacturing, mining and energy","kind:unknown"
"starter-route:brickmaking-machine-operator","starter_route","Brickmaking Machine Operator","Manufacturing, mining and energy","kind:unknown"
"starter-route:calibration-technician","starter_route","Calibration Technician","Manufacturing, mining and energy","kind:unknown"
"starter-route:canning-preserving-line-worker","starter_route","Canning / Preserving Line Worker","Manufacturing, mining and energy","kind:unknown"
"starter-route:cement-plant-operator","starter_route","Cement Plant Operator","Manufacturing, mining and energy","kind:unknown"
"starter-route:clothing-pattern-grader","starter_route","Clothing Pattern Grader","Manufacturing, mining and energy","kind:unknown"
"starter-route:clothing-quality-controller","starter_route","Clothing Quality Controller","Manufacturing, mining and energy","kind:unknown"
"starter-route:coal-miner-underground","starter_route","Coal Miner (Underground)","Manufacturing, mining and energy","kind:unknown"
"starter-route:dairy-plant-operator","starter_route","Dairy Plant Operator","Manufacturing, mining and energy","kind:unknown"
"starter-route:diamond-sorter-digger","starter_route","Diamond Sorter / Digger","Manufacturing, mining and energy","kind:unknown"
"starter-route:electrical-engineer-plant","starter_route","Electrical Engineer (Plant)","Manufacturing, mining and energy","kind:unknown"
"starter-route:electricity-distribution-linesman","starter_route","Electricity Distribution Linesman","Manufacturing, mining and energy","kind:unknown"
"starter-route:electronics-technician","starter_route","Electronics Technician","Manufacturing, mining and energy","kind:unknown"
"starter-route:energy-efficiency-auditor","starter_route","Energy Efficiency Auditor","Manufacturing, mining and energy","kind:unknown"
"starter-route:ev-battery-assembly-technician","starter_route","EV Battery Assembly Technician","Manufacturing, mining and energy","kind:unknown"
"starter-route:factory-manager","starter_route","Factory Manager","Manufacturing, mining and energy","kind:unknown"
"starter-route:food-processing-operator","starter_route","Food Processing Operator","Manufacturing, mining and energy","kind:unknown"
"starter-route:furniture-manufacturing-operator","starter_route","Furniture Manufacturing Operator","Manufacturing, mining and energy","kind:unknown"
"starter-route:glass-manufacturing-operator","starter_route","Glass Manufacturing Operator","Manufacturing, mining and energy","kind:unknown"
"starter-route:gold-miner-underground","starter_route","Gold Miner (Underground)","Manufacturing, mining and energy","kind:unknown"
"starter-route:instrumentation-technician","starter_route","Instrumentation Technician","Manufacturing, mining and energy","kind:unknown"
"starter-route:knitting-machine-operator","starter_route","Knitting Machine Operator","Manufacturing, mining and energy","kind:unknown"
"starter-route:leather-goods-maker","starter_route","Leather Goods Maker","Manufacturing, mining and energy","kind:unknown"
"starter-route:loco-driver-underground-mine","starter_route","Loco Driver (Underground Mine)","Manufacturing, mining and energy","kind:unknown"
"starter-route:maintenance-fitter","starter_route","Maintenance Fitter","Manufacturing, mining and energy","kind:unknown"
"starter-route:maintenance-planner","starter_route","Maintenance Planner","Manufacturing, mining and energy","kind:unknown"
"starter-route:manufacturing-engineer","starter_route","Manufacturing Engineer","Manufacturing, mining and energy","kind:unknown"
"starter-route:mechanical-engineer-plant","starter_route","Mechanical Engineer (Plant)","Manufacturing, mining and energy","kind:unknown"
"starter-route:mechanical-fitter","starter_route","Mechanical Fitter","Manufacturing, mining and energy","kind:unknown"
"starter-route:metallurgical-engineer-extractive","starter_route","Metallurgical Engineer (Extractive)","Manufacturing, mining and energy","kind:unknown"
"starter-route:meter-reader-electricity-water","starter_route","Meter Reader (Electricity / Water)","Manufacturing, mining and energy","kind:unknown"
"starter-route:non-destructive-testing-ndt-technician","starter_route","Non-Destructive Testing (NDT) Technician","Manufacturing, mining and energy","kind:unknown"
"starter-route:nuclear-plant-operator-koeberg","starter_route","Nuclear Plant Operator (Koeberg)","Manufacturing, mining and energy","kind:unknown"
"starter-route:plant-manager-manufacturing","starter_route","Plant Manager (Manufacturing)","Manufacturing, mining and energy","kind:unknown"
"starter-route:plastic-injection-moulder-operator","starter_route","Plastic Injection Moulder Operator","Manufacturing, mining and energy","kind:unknown"
"starter-route:plastics-extrusion-operator","starter_route","Plastics Extrusion Operator","Manufacturing, mining and energy","kind:unknown"
"starter-route:platinum-miner-ug","starter_route","Platinum Miner (UG)","Manufacturing, mining and energy","kind:unknown"
"starter-route:power-line-worker-high-voltage","starter_route","Power Line Worker (High Voltage)","Manufacturing, mining and energy","kind:unknown"
"starter-route:power-station-operator","starter_route","Power Station Operator","Manufacturing, mining and energy","kind:unknown"
"starter-route:process-engineer-chemical","starter_route","Process Engineer (Chemical)","Manufacturing, mining and energy","kind:unknown"
"starter-route:production-assembly-worker-electronics","starter_route","Production Assembly Worker (Electronics)","Manufacturing, mining and energy","kind:unknown"
"starter-route:production-engineer","starter_route","Production Engineer","Manufacturing, mining and energy","kind:unknown"
"starter-route:production-planner","starter_route","Production Planner","Manufacturing, mining and energy","kind:unknown"
"starter-route:pulp-and-paper-mill-operator","starter_route","Pulp and Paper Mill Operator","Manufacturing, mining and energy","kind:unknown"
"starter-route:recycling-plant-sorter","starter_route","Recycling Plant Sorter","Manufacturing, mining and energy","kind:unknown"
"starter-route:refinery-process-operator","starter_route","Refinery Process Operator","Manufacturing, mining and energy","kind:unknown"
"starter-route:rigger-construction","starter_route","Rigger (Construction)","Manufacturing, mining and energy","kind:unknown"
"starter-route:rock-drill-operator","starter_route","Rock Drill Operator","Manufacturing, mining and energy","kind:unknown"
"starter-route:rock-engineer-mining","starter_route","Rock Engineer (Mining)","Manufacturing, mining and energy","kind:unknown"
"starter-route:rubber-goods-maker","starter_route","Rubber Goods Maker","Manufacturing, mining and energy","kind:unknown"
"starter-route:sawmill-operator","starter_route","Sawmill Operator","Manufacturing, mining and energy","kind:unknown"
"starter-route:scrap-metal-processor","starter_route","Scrap Metal Processor","Manufacturing, mining and energy","kind:unknown"
"starter-route:scrap-metal-yard-worker","starter_route","Scrap Metal Yard Worker","Manufacturing, mining and energy","kind:unknown"
"starter-route:shift-supervisor","starter_route","Shift Supervisor","Manufacturing, mining and energy","kind:unknown"
"starter-route:shoe-footwear-maker","starter_route","Shoe / Footwear Maker","Manufacturing, mining and energy","kind:unknown"
"starter-route:slinging-and-signalling-crew","starter_route","Slinging and Signalling Crew","Manufacturing, mining and energy","kind:unknown"
"starter-route:soft-drink-cooldrink-plant-operator","starter_route","Soft Drink / Cooldrink Plant Operator","Manufacturing, mining and energy","kind:unknown"
"starter-route:solar-panel-assembler","starter_route","Solar Panel Assembler","Manufacturing, mining and energy","kind:unknown"
"starter-route:substation-operator","starter_route","Substation Operator","Manufacturing, mining and energy","kind:unknown"
"starter-route:textile-dyer","starter_route","Textile Dyer","Manufacturing, mining and energy","kind:unknown"
"starter-route:timber-treater","starter_route","Timber Treater","Manufacturing, mining and energy","kind:unknown"
"starter-route:tyre-builder","starter_route","Tyre Builder","Manufacturing, mining and energy","kind:unknown"
"starter-route:ventilation-officer-mine","starter_route","Ventilation Officer (Mine)","Manufacturing, mining and energy","kind:unknown"
"starter-route:water-treatment-process-controller","starter_route","Water Treatment Process Controller","Manufacturing, mining and energy","kind:unknown"
"starter-route:weaver-textiles","starter_route","Weaver (Textiles)","Manufacturing, mining and energy","kind:unknown"
"starter-route:welder-code-pressure","starter_route","Welder (Code / Pressure)","Manufacturing, mining and energy","kind:unknown"
"starter-route:welding-co-ordinator","starter_route","Welding Co-ordinator","Manufacturing, mining and energy","kind:unknown"
"starter-route:account-manager-agency","starter_route","Account Manager (Agency)","Sales, marketing and customer work","kind:unknown"
"starter-route:agricultural-equipment-sales-rep","starter_route","Agricultural Equipment Sales Rep","Sales, marketing and customer work","kind:unknown"
"starter-route:beauty-consultant-retail","starter_route","Beauty Consultant (Retail)","Sales, marketing and customer work","kind:unknown"
"starter-route:brand-strategist","starter_route","Brand Strategist","Sales, marketing and customer work","kind:unknown"
"starter-route:building-hardware-sales-advisor","starter_route","Building / Hardware Sales Advisor","Sales, marketing and customer work","kind:unknown"
"starter-route:call-centre-quality-assurance-assessor","starter_route","Call Centre Quality Assurance Assessor","Sales, marketing and customer work","kind:unknown"
"starter-route:call-centre-trainer","starter_route","Call Centre Trainer","Sales, marketing and customer work","kind:unknown"
"starter-route:call-centre-workforce-planner","starter_route","Call Centre Workforce Planner","Sales, marketing and customer work","kind:unknown"
"starter-route:cellular-mobile-phone-sales-consultant","starter_route","Cellular / Mobile Phone Sales Consultant","Sales, marketing and customer work","kind:unknown"
"starter-route:channel-sales-manager","starter_route","Channel Sales Manager","Sales, marketing and customer work","kind:unknown"
"starter-route:community-manager-online-brand","starter_route","Community Manager (Online Brand)","Sales, marketing and customer work","kind:unknown"
"starter-route:corporate-communications-officer","starter_route","Corporate Communications Officer","Sales, marketing and customer work","kind:unknown"
"starter-route:cosmetics-sales-assistant","starter_route","Cosmetics Sales Assistant","Sales, marketing and customer work","kind:unknown"
"starter-route:crisis-communications-advisor","starter_route","Crisis Communications Advisor","Sales, marketing and customer work","kind:unknown"
"starter-route:customer-experience-cx-manager","starter_route","Customer Experience (CX) Manager","Sales, marketing and customer work","kind:unknown"
"starter-route:customer-onboarding-specialist","starter_route","Customer Onboarding Specialist","Sales, marketing and customer work","kind:unknown"
"starter-route:customer-support-manager","starter_route","Customer Support Manager","Sales, marketing and customer work","kind:unknown"
"starter-route:customer-support-team-leader","starter_route","Customer Support Team Leader","Sales, marketing and customer work","kind:unknown"
"starter-route:donor-relations-officer","starter_route","Donor Relations Officer","Sales, marketing and customer work","kind:unknown"
"starter-route:door-to-door-sales-representative","starter_route","Door-to-Door Sales Representative","Sales, marketing and customer work","kind:unknown"
"starter-route:electronics-sales-consultant","starter_route","Electronics Sales Consultant","Sales, marketing and customer work","kind:unknown"
"starter-route:events-marketing-manager","starter_route","Events Marketing Manager","Sales, marketing and customer work","kind:unknown"
"starter-route:exhibition-stand-coordinator","starter_route","Exhibition Stand Coordinator","Sales, marketing and customer work","kind:unknown"
"starter-route:fashion-buyer","starter_route","Fashion Buyer","Sales, marketing and customer work","kind:unknown"
"starter-route:field-marketing-manager","starter_route","Field Marketing Manager","Sales, marketing and customer work","kind:unknown"
"starter-route:fragrance-promoter","starter_route","Fragrance Promoter","Sales, marketing and customer work","kind:unknown"
"starter-route:fundraiser-ngo-npo","starter_route","Fundraiser (NGO / NPO)","Sales, marketing and customer work","kind:unknown"
"starter-route:furniture-sales-consultant","starter_route","Furniture Sales Consultant","Sales, marketing and customer work","kind:unknown"
"starter-route:industrial-sales-engineer","starter_route","Industrial Sales Engineer","Sales, marketing and customer work","kind:unknown"
"starter-route:influencer-marketing-coordinator","starter_route","Influencer Marketing Coordinator","Sales, marketing and customer work","kind:unknown"
"starter-route:it-software-account-executive","starter_route","IT / Software Account Executive","Sales, marketing and customer work","kind:unknown"
"starter-route:laboratory-equipment-sales-rep","starter_route","Laboratory Equipment Sales Rep","Sales, marketing and customer work","kind:unknown"
"starter-route:media-buyer","starter_route","Media Buyer","Sales, marketing and customer work","kind:unknown"
"starter-route:media-planner","starter_route","Media Planner","Sales, marketing and customer work","kind:unknown"
"starter-route:medical-device-sales-specialist","starter_route","Medical Device Sales Specialist","Sales, marketing and customer work","kind:unknown"
"starter-route:motorcycle-sales-representative","starter_route","Motorcycle Sales Representative","Sales, marketing and customer work","kind:unknown"
"starter-route:mystery-shopper","starter_route","Mystery Shopper","Sales, marketing and customer work","kind:unknown"
"starter-route:office-equipment-sales-rep","starter_route","Office Equipment Sales Rep","Sales, marketing and customer work","kind:unknown"
"starter-route:partner-success-manager","starter_route","Partner Success Manager","Sales, marketing and customer work","kind:unknown"
"starter-route:pharmaceutical-sales-rep-ethical","starter_route","Pharmaceutical Sales Rep (Ethical)","Sales, marketing and customer work","kind:unknown"
"starter-route:product-marketing-manager","starter_route","Product Marketing Manager","Sales, marketing and customer work","kind:unknown"
"starter-route:public-relations-account-manager","starter_route","Public Relations Account Manager","Sales, marketing and customer work","kind:unknown"
"starter-route:retail-area-manager","starter_route","Retail Area Manager","Sales, marketing and customer work","kind:unknown"
"starter-route:retail-department-manager","starter_route","Retail Department Manager","Sales, marketing and customer work","kind:unknown"
"starter-route:retail-marketing-coordinator","starter_route","Retail Marketing Coordinator","Sales, marketing and customer work","kind:unknown"
"starter-route:saas-sales-representative","starter_route","SaaS Sales Representative","Sales, marketing and customer work","kind:unknown"
"starter-route:sales-associate-luxury-goods","starter_route","Sales Associate (Luxury Goods)","Sales, marketing and customer work","kind:unknown"
"starter-route:sales-enablement-specialist","starter_route","Sales Enablement Specialist","Sales, marketing and customer work","kind:unknown"
"starter-route:sales-operations-analyst","starter_route","Sales Operations Analyst","Sales, marketing and customer work","kind:unknown"
"starter-route:sponsorship-coordinator","starter_route","Sponsorship Coordinator","Sales, marketing and customer work","kind:unknown"
"starter-route:stock-inventory-planner-retail","starter_route","Stock / Inventory Planner (Retail)","Sales, marketing and customer work","kind:unknown"
"starter-route:technical-support-agent-helpdesk","starter_route","Technical Support Agent (Helpdesk)","Sales, marketing and customer work","kind:unknown"
"starter-route:trade-show-sales-representative","starter_route","Trade Show Sales Representative","Sales, marketing and customer work","kind:unknown"
"starter-route:truck-sales-representative","starter_route","Truck Sales Representative","Sales, marketing and customer work","kind:unknown"
"starter-route:used-car-sales-executive","starter_route","Used Car Sales Executive","Sales, marketing and customer work","kind:unknown"
"starter-route:vehicle-finance-and-insurance-f-i-consultant","starter_route","Vehicle Finance and Insurance (F&I) Consultant","Sales, marketing and customer work","kind:unknown"
"starter-route:visual-merchandising-manager","starter_route","Visual Merchandising Manager","Sales, marketing and customer work","kind:unknown"
"starter-route:air-quality-monitoring-technician","starter_route","Air Quality Monitoring Technician","Science, research and frontier careers","kind:unknown"
"starter-route:astronautical-engineer","starter_route","Astronautical Engineer","Science, research and frontier careers","kind:unknown"
"starter-route:ballistics-expert","starter_route","Ballistics Expert","Science, research and frontier careers","kind:unknown"
"starter-route:biodiversity-officer","starter_route","Biodiversity Officer","Science, research and frontier careers","kind:unknown"
"starter-route:biomedical-technologist","starter_route","Biomedical Technologist","Science, research and frontier careers","kind:unknown"
"starter-route:cartographer","starter_route","Cartographer","Science, research and frontier careers","kind:unknown"
"starter-route:cell-biologist","starter_route","Cell Biologist","Science, research and frontier careers","kind:unknown"
"starter-route:chromatography-analyst","starter_route","Chromatography Analyst","Science, research and frontier careers","kind:unknown"
"starter-route:climate-change-scientist","starter_route","Climate Change Scientist","Science, research and frontier careers","kind:unknown"
"starter-route:clinical-technologist","starter_route","Clinical Technologist","Science, research and frontier careers","kind:unknown"
"starter-route:coastal-management-officer","starter_route","Coastal Management Officer","Science, research and frontier careers","kind:unknown"
"starter-route:crime-scene-investigator-forensic","starter_route","Crime Scene Investigator (Forensic)","Science, research and frontier careers","kind:unknown"
"starter-route:data-scientist-research","starter_route","Data Scientist (Research)","Science, research and frontier careers","kind:unknown"
"starter-route:earth-science-technician","starter_route","Earth Science Technician","Science, research and frontier careers","kind:unknown"
"starter-route:energy-storage-engineer","starter_route","Energy Storage Engineer","Science, research and frontier careers","kind:unknown"
"starter-route:environmental-auditor","starter_route","Environmental Auditor","Science, research and frontier careers","kind:unknown"
"starter-route:environmental-compliance-officer","starter_route","Environmental Compliance Officer","Science, research and frontier careers","kind:unknown"
"starter-route:environmental-consultant","starter_route","Environmental Consultant","Science, research and frontier careers","kind:unknown"
"starter-route:ergonomist","starter_route","Ergonomist","Science, research and frontier careers","kind:unknown"
"starter-route:food-microbiologist","starter_route","Food Microbiologist","Science, research and frontier careers","kind:unknown"
"starter-route:forensic-anthropologist","starter_route","Forensic Anthropologist","Science, research and frontier careers","kind:unknown"
"starter-route:gis-specialist","starter_route","GIS Specialist","Science, research and frontier careers","kind:unknown"
"starter-route:hydrogen-fuel-cell-researcher","starter_route","Hydrogen Fuel Cell Researcher","Science, research and frontier careers","kind:unknown"
"starter-route:immunologist","starter_route","Immunologist","Science, research and frontier careers","kind:unknown"
"starter-route:invasive-species-officer","starter_route","Invasive Species Officer","Science, research and frontier careers","kind:unknown"
"starter-route:marine-scientist","starter_route","Marine Scientist","Science, research and frontier careers","kind:unknown"
"starter-route:medical-physicist","starter_route","Medical Physicist","Science, research and frontier careers","kind:unknown"
"starter-route:medical-scientist-pathology","starter_route","Medical Scientist (Pathology)","Science, research and frontier careers","kind:unknown"
"starter-route:metallurgical-assayer","starter_route","Metallurgical Assayer","Science, research and frontier careers","kind:unknown"
"starter-route:microbiology-laboratory-analyst","starter_route","Microbiology Laboratory Analyst","Science, research and frontier careers","kind:unknown"
"starter-route:molecular-biologist","starter_route","Molecular Biologist","Science, research and frontier careers","kind:unknown"
"starter-route:nuclear-medicine-technologist","starter_route","Nuclear Medicine Technologist","Science, research and frontier careers","kind:unknown"
"starter-route:nuclear-scientist-reactor","starter_route","Nuclear Scientist (Reactor)","Science, research and frontier careers","kind:unknown"
"starter-route:occupational-hygienist","starter_route","Occupational Hygienist","Science, research and frontier careers","kind:unknown"
"starter-route:protected-areas-manager","starter_route","Protected Areas Manager","Science, research and frontier careers","kind:unknown"
"starter-route:public-health-medicine-specialist","starter_route","Public Health Medicine Specialist","Science, research and frontier careers","kind:unknown"
"starter-route:quality-control-laboratory-analyst","starter_route","Quality Control Laboratory Analyst","Science, research and frontier careers","kind:unknown"
"starter-route:radiotherapy-dosimetrist","starter_route","Radiotherapy Dosimetrist","Science, research and frontier careers","kind:unknown"
"starter-route:regional-planner","starter_route","Regional Planner","Science, research and frontier careers","kind:unknown"
"starter-route:remote-sensing-scientist","starter_route","Remote Sensing Scientist","Science, research and frontier careers","kind:unknown"
"starter-route:renewable-energy-engineer-solar","starter_route","Renewable Energy Engineer (Solar)","Science, research and frontier careers","kind:unknown"
"starter-route:research-methodologist","starter_route","Research Methodologist","Science, research and frontier careers","kind:unknown"
"starter-route:research-scientist-applied","starter_route","Research Scientist (Applied)","Science, research and frontier careers","kind:unknown"
"starter-route:science-grant-writer","starter_route","Science Grant Writer","Science, research and frontier careers","kind:unknown"
"starter-route:solid-waste-manager","starter_route","Solid Waste Manager","Science, research and frontier careers","kind:unknown"
"starter-route:space-weather-scientist","starter_route","Space Weather Scientist","Science, research and frontier careers","kind:unknown"
"starter-route:spectroscopist","starter_route","Spectroscopist","Science, research and frontier careers","kind:unknown"
"starter-route:surveyor-land","starter_route","Surveyor (Land)","Science, research and frontier careers","kind:unknown"
"starter-route:town-planner","starter_route","Town Planner","Science, research and frontier careers","kind:unknown"
"starter-route:urban-designer","starter_route","Urban Designer","Science, research and frontier careers","kind:unknown"
"starter-route:virologist","starter_route","Virologist","Science, research and frontier careers","kind:unknown"
"starter-route:water-microbiologist","starter_route","Water Microbiologist","Science, research and frontier careers","kind:unknown"
"starter-route:water-quality-sampling-officer","starter_route","Water Quality Sampling Officer","Science, research and frontier careers","kind:unknown"
"starter-route:wetland-ecologist","starter_route","Wetland Ecologist","Science, research and frontier careers","kind:unknown"
"starter-route:wind-energy-engineer","starter_route","Wind Energy Engineer","Science, research and frontier careers","kind:unknown"
"starter-route:access-control-technician","starter_route","Access Control Technician","Skilled trades, construction and engineering","kind:unknown"
"starter-route:aeronautical-avionics-technician","starter_route","Aeronautical Avionics Technician","Skilled trades, construction and engineering","kind:unknown"
"starter-route:agricultural-mechanic","starter_route","Agricultural Mechanic","Skilled trades, construction and engineering","kind:unknown"
"starter-route:aircraft-sheetmetal-technician","starter_route","Aircraft Sheetmetal Technician","Skilled trades, construction and engineering","kind:unknown"
"starter-route:auto-body-repair-technician","starter_route","Auto Body Repair Technician","Skilled trades, construction and engineering","kind:unknown"
"starter-route:auto-trim-upholstery-technician","starter_route","Auto Trim / Upholstery Technician","Skilled trades, construction and engineering","kind:unknown"
"starter-route:bicycle-mechanic","starter_route","Bicycle Mechanic","Skilled trades, construction and engineering","kind:unknown"
"starter-route:borehole-pump-installer","starter_route","Borehole Pump Installer","Skilled trades, construction and engineering","kind:unknown"
"starter-route:chimney-sweep","starter_route","Chimney Sweep","Skilled trades, construction and engineering","kind:unknown"
"starter-route:concreter","starter_route","Concreter","Skilled trades, construction and engineering","kind:unknown"
"starter-route:cooper-barrel-maker","starter_route","Cooper / Barrel Maker","Skilled trades, construction and engineering","kind:unknown"
"starter-route:crane-driver-overhead-tower","starter_route","Crane Driver (Overhead / Tower)","Skilled trades, construction and engineering","kind:unknown"
"starter-route:damp-proofer","starter_route","Damp Proofer","Skilled trades, construction and engineering","kind:unknown"
"starter-route:drainlayer","starter_route","Drainlayer","Skilled trades, construction and engineering","kind:unknown"
"starter-route:drill-rig-operator","starter_route","Drill Rig Operator","Skilled trades, construction and engineering","kind:unknown"
"starter-route:drywall-installer","starter_route","Drywall Installer","Skilled trades, construction and engineering","kind:unknown"
"starter-route:dstv-tv-installer","starter_route","DSTV / TV Installer","Skilled trades, construction and engineering","kind:unknown"
"starter-route:electric-fence-installer","starter_route","Electric Fence Installer","Skilled trades, construction and engineering","kind:unknown"
"starter-route:electrical-tester-single-phase","starter_route","Electrical Tester (Single Phase)","Skilled trades, construction and engineering","kind:unknown"
"starter-route:electrical-wireman-ieb","starter_route","Electrical Wireman (IEB)","Skilled trades, construction and engineering","kind:unknown"
"starter-route:electrician-residential-commercial","starter_route","Electrician (Residential / Commercial)","Skilled trades, construction and engineering","kind:unknown"
"starter-route:escalator-technician","starter_route","Escalator Technician","Skilled trades, construction and engineering","kind:unknown"
"starter-route:fibreglass-laminator","starter_route","Fibreglass Laminator","Skilled trades, construction and engineering","kind:unknown"
"starter-route:fumigator","starter_route","Fumigator","Skilled trades, construction and engineering","kind:unknown"
"starter-route:gas-installer-saqcc","starter_route","Gas Installer (SAQCC)","Skilled trades, construction and engineering","kind:unknown"
"starter-route:gate-and-garage-door-automation-technician","starter_route","Gate and Garage Door Automation Technician","Skilled trades, construction and engineering","kind:unknown"
"starter-route:generator-mechanic","starter_route","Generator Mechanic","Skilled trades, construction and engineering","kind:unknown"
"starter-route:heating-ventilation-duct-installer","starter_route","Heating / Ventilation Duct Installer","Skilled trades, construction and engineering","kind:unknown"
"starter-route:heavy-duty-earthmoving-mechanic","starter_route","Heavy-Duty Earthmoving Mechanic","Skilled trades, construction and engineering","kind:unknown"
"starter-route:insulation-installer","starter_route","Insulation Installer","Skilled trades, construction and engineering","kind:unknown"
"starter-route:irrigation-technician","starter_route","Irrigation Technician","Skilled trades, construction and engineering","kind:unknown"
"starter-route:lift-elevator-mechanic","starter_route","Lift / Elevator Mechanic","Skilled trades, construction and engineering","kind:unknown"
"starter-route:marine-mechanic-outboard-inboard","starter_route","Marine Mechanic (Outboard / Inboard)","Skilled trades, construction and engineering","kind:unknown"
"starter-route:master-electrician-installation-rules","starter_route","Master Electrician (Installation Rules)","Skilled trades, construction and engineering","kind:unknown"
"starter-route:mobile-crane-operator","starter_route","Mobile Crane Operator","Skilled trades, construction and engineering","kind:unknown"
"starter-route:piano-tuner-technician","starter_route","Piano Tuner / Technician","Skilled trades, construction and engineering","kind:unknown"
"starter-route:pipefitter","starter_route","Pipefitter","Skilled trades, construction and engineering","kind:unknown"
"starter-route:plumber-registered","starter_route","Plumber (Registered)","Skilled trades, construction and engineering","kind:unknown"
"starter-route:power-tool-repair-technician","starter_route","Power Tool Repair Technician","Skilled trades, construction and engineering","kind:unknown"
"starter-route:refrigeration-mechanic","starter_route","Refrigeration Mechanic","Skilled trades, construction and engineering","kind:unknown"
"starter-route:restoration-carpenter-heritage","starter_route","Restoration Carpenter (Heritage)","Skilled trades, construction and engineering","kind:unknown"
"starter-route:roofer-waterproofing","starter_route","Roofer (Waterproofing)","Skilled trades, construction and engineering","kind:unknown"
"starter-route:satellite-dish-installer","starter_route","Satellite Dish Installer","Skilled trades, construction and engineering","kind:unknown"
"starter-route:security-system-installer-alarm-cctv","starter_route","Security System Installer (Alarm / CCTV)","Skilled trades, construction and engineering","kind:unknown"
"starter-route:shipwright-wooden-boat-builder","starter_route","Shipwright / Wooden Boat Builder","Skilled trades, construction and engineering","kind:unknown"
"starter-route:shotfirer-mining-blasting","starter_route","Shotfirer (Mining / Blasting)","Skilled trades, construction and engineering","kind:unknown"
"starter-route:small-engine-mechanic-chainsaw-outboard","starter_route","Small Engine Mechanic (Chainsaw / Outboard)","Skilled trades, construction and engineering","kind:unknown"
"starter-route:steeplejack","starter_route","Steeplejack","Skilled trades, construction and engineering","kind:unknown"
"starter-route:stone-cutter-quarry-worker","starter_route","Stone Cutter / Quarry Worker","Skilled trades, construction and engineering","kind:unknown"
"starter-route:suspended-ceiling-installer","starter_route","Suspended Ceiling Installer","Skilled trades, construction and engineering","kind:unknown"
"starter-route:swimming-pool-builder","starter_route","Swimming Pool Builder","Skilled trades, construction and engineering","kind:unknown"
"starter-route:tennis-court-sports-surfacing-installer","starter_route","Tennis Court / Sports Surfacing Installer","Skilled trades, construction and engineering","kind:unknown"
"starter-route:tractor-mechanic","starter_route","Tractor Mechanic","Skilled trades, construction and engineering","kind:unknown"
"starter-route:truck-trailer-body-builder","starter_route","Truck Trailer Body Builder","Skilled trades, construction and engineering","kind:unknown"
"starter-route:vehicle-spray-painter","starter_route","Vehicle Spray Painter","Skilled trades, construction and engineering","kind:unknown"
"starter-route:vehicle-windscreen-fitter","starter_route","Vehicle Windscreen Fitter","Skilled trades, construction and engineering","kind:unknown"
"starter-route:waste-water-treatment-operator","starter_route","Waste Water Treatment Operator","Skilled trades, construction and engineering","kind:unknown"
"starter-route:water-pump-mechanic","starter_route","Water Pump Mechanic","Skilled trades, construction and engineering","kind:unknown"
"starter-route:ai-product-manager","starter_route","AI Product Manager","Technology, data and AI","kind:unknown"
"starter-route:ai-safety-researcher","starter_route","AI Safety Researcher","Technology, data and AI","kind:unknown"
"starter-route:api-gateway-engineer","starter_route","API Gateway Engineer","Technology, data and AI","kind:unknown"
"starter-route:backend-api-engineer","starter_route","Backend API Engineer","Technology, data and AI","kind:unknown"
"starter-route:backup-and-recovery-specialist","starter_route","Backup and Recovery Specialist","Technology, data and AI","kind:unknown"
"starter-route:bi-business-intelligence-developer","starter_route","BI (Business Intelligence) Developer","Technology, data and AI","kind:unknown"
"starter-route:blockchain-protocol-developer","starter_route","Blockchain Protocol Developer","Technology, data and AI","kind:unknown"
"starter-route:chatbot-conversational-ai-designer","starter_route","Chatbot / Conversational AI Designer","Technology, data and AI","kind:unknown"
"starter-route:chief-data-officer-cdo","starter_route","Chief Data Officer (CDO)","Technology, data and AI","kind:unknown"
"starter-route:chief-information-security-officer-ciso","starter_route","Chief Information Security Officer (CISO)","Technology, data and AI","kind:unknown"
"starter-route:chief-technology-officer-cto","starter_route","Chief Technology Officer (CTO)","Technology, data and AI","kind:unknown"
"starter-route:cloud-solutions-architect","starter_route","Cloud Solutions Architect","Technology, data and AI","kind:unknown"
"starter-route:computer-vision-engineer","starter_route","Computer Vision Engineer","Technology, data and AI","kind:unknown"
"starter-route:crm-administrator-salesforce-dynamics","starter_route","CRM Administrator (Salesforce / Dynamics)","Technology, data and AI","kind:unknown"
"starter-route:data-analyst-operations","starter_route","Data Analyst (Operations)","Technology, data and AI","kind:unknown"
"starter-route:data-warehouse-engineer","starter_route","Data Warehouse Engineer","Technology, data and AI","kind:unknown"
"starter-route:database-administrator-dba","starter_route","Database Administrator (DBA)","Technology, data and AI","kind:unknown"
"starter-route:design-systems-lead","starter_route","Design Systems Lead","Technology, data and AI","kind:unknown"
"starter-route:devops-release-manager","starter_route","DevOps Release Manager","Technology, data and AI","kind:unknown"
"starter-route:digital-product-manager","starter_route","Digital Product Manager","Technology, data and AI","kind:unknown"
"starter-route:documentation-specialist","starter_route","Documentation Specialist","Technology, data and AI","kind:unknown"
"starter-route:email-marketing-specialist","starter_route","Email Marketing Specialist","Technology, data and AI","kind:unknown"
"starter-route:embedded-systems-engineer","starter_route","Embedded Systems Engineer","Technology, data and AI","kind:unknown"
"starter-route:enterprise-architect","starter_route","Enterprise Architect","Technology, data and AI","kind:unknown"
"starter-route:etl-developer","starter_route","ETL Developer","Technology, data and AI","kind:unknown"
"starter-route:firmware-engineer","starter_route","Firmware Engineer","Technology, data and AI","kind:unknown"
"starter-route:flutter-cross-platform-developer","starter_route","Flutter / Cross-Platform Developer","Technology, data and AI","kind:unknown"
"starter-route:forensic-computer-analyst","starter_route","Forensic Computer Analyst","Technology, data and AI","kind:unknown"
"starter-route:fpga-engineer","starter_route","FPGA Engineer","Technology, data and AI","kind:unknown"
"starter-route:frontend-engineer-web","starter_route","Frontend Engineer (Web)","Technology, data and AI","kind:unknown"
"starter-route:game-developer-indie","starter_route","Game Developer (Indie)","Technology, data and AI","kind:unknown"
"starter-route:game-engine-programmer","starter_route","Game Engine Programmer","Technology, data and AI","kind:unknown"
"starter-route:generative-ai-specialist","starter_route","Generative AI Specialist","Technology, data and AI","kind:unknown"
"starter-route:growth-hacker-performance-marketer","starter_route","Growth Hacker / Performance Marketer","Technology, data and AI","kind:unknown"
"starter-route:hardware-design-engineer","starter_route","Hardware Design Engineer","Technology, data and AI","kind:unknown"
"starter-route:ict-policy-advisor","starter_route","ICT Policy Advisor","Technology, data and AI","kind:unknown"
"starter-route:identity-and-access-management-iam-specialist","starter_route","Identity and Access Management (IAM) Specialist","Technology, data and AI","kind:unknown"
"starter-route:information-security-analyst","starter_route","Information Security Analyst","Technology, data and AI","kind:unknown"
"starter-route:integration-architect","starter_route","Integration Architect","Technology, data and AI","kind:unknown"
"starter-route:interaction-designer","starter_route","Interaction Designer","Technology, data and AI","kind:unknown"
"starter-route:it-governance-manager","starter_route","IT Governance Manager","Technology, data and AI","kind:unknown"
"starter-route:it-risk-analyst","starter_route","IT Risk Analyst","Technology, data and AI","kind:unknown"
"starter-route:it-support-technician-field","starter_route","IT Support Technician (Field)","Technology, data and AI","kind:unknown"
"starter-route:kubernetes-administrator","starter_route","Kubernetes Administrator","Technology, data and AI","kind:unknown"
"starter-route:large-language-model-llm-research-engineer","starter_route","Large Language Model (LLM) Research Engineer","Technology, data and AI","kind:unknown"
"starter-route:marketing-automation-specialist","starter_route","Marketing Automation Specialist","Technology, data and AI","kind:unknown"
"starter-route:marketing-data-analyst","starter_route","Marketing Data Analyst","Technology, data and AI","kind:unknown"
"starter-route:mobile-developer-android","starter_route","Mobile Developer (Android)","Technology, data and AI","kind:unknown"
"starter-route:mobile-developer-ios","starter_route","Mobile Developer (iOS)","Technology, data and AI","kind:unknown"
"starter-route:network-engineer","starter_route","Network Engineer","Technology, data and AI","kind:unknown"
"starter-route:nlp-natural-language-processing-engineer","starter_route","NLP (Natural Language Processing) Engineer","Technology, data and AI","kind:unknown"
"starter-route:penetration-tester-ethical-hacker","starter_route","Penetration Tester / Ethical Hacker","Technology, data and AI","kind:unknown"
"starter-route:quantitative-developer","starter_route","Quantitative Developer","Technology, data and AI","kind:unknown"
"starter-route:quantum-computing-researcher","starter_route","Quantum Computing Researcher","Technology, data and AI","kind:unknown"
"starter-route:robotics-process-automation-rpa-analyst","starter_route","Robotics Process Automation (RPA) Analyst","Technology, data and AI","kind:unknown"
"starter-route:search-engine-marketing-sem-specialist","starter_route","Search Engine Marketing (SEM) Specialist","Technology, data and AI","kind:unknown"
"starter-route:search-engine-optimisation-seo-specialist","starter_route","Search Engine Optimisation (SEO) Specialist","Technology, data and AI","kind:unknown"
"starter-route:security-operations-soc-analyst","starter_route","Security Operations (SOC) Analyst","Technology, data and AI","kind:unknown"
"starter-route:service-desk-analyst","starter_route","Service Desk Analyst","Technology, data and AI","kind:unknown"
"starter-route:site-reliability-engineer-sre","starter_route","Site Reliability Engineer (SRE)","Technology, data and AI","kind:unknown"
"starter-route:smart-contract-auditor","starter_route","Smart Contract Auditor","Technology, data and AI","kind:unknown"
"starter-route:storage-engineer","starter_route","Storage Engineer","Technology, data and AI","kind:unknown"
"starter-route:technical-product-manager","starter_route","Technical Product Manager","Technology, data and AI","kind:unknown"
"starter-route:technical-writer-software","starter_route","Technical Writer (Software)","Technology, data and AI","kind:unknown"
"starter-route:ux-researcher","starter_route","UX Researcher","Technology, data and AI","kind:unknown"
