"starter_route_id","starter_route_title","starter_stream","gap_reason"
"abalone-farmer","Abalone Farmer","Agriculture, food and environment","No direct, suggested or manual-curated canonical research link yet."
"abattoir-meat-inspector","Abattoir Meat Inspector","Agriculture, food and environment","No direct, suggested or manual-curated canonical research link yet."
"abattoir-slaughterer","Abattoir Slaughterer","Agriculture, food and environment","No direct, suggested or manual-curated canonical research link yet."
"agricultural-drone-pilot","Agricultural Drone Pilot","Agriculture, food and environment","No direct, suggested or manual-curated canonical research link yet."
"agricultural-economist","Agricultural Economist","Agriculture, food and environment","No direct, suggested or manual-curated canonical research link yet."
"agricultural-engineer","Agricultural Engineer","Agriculture, food and environment","No direct, suggested or manual-curated canonical research link yet."
"agricultural-mechanic-field","Agricultural Mechanic (Field)","Agriculture, food and environment","No direct, suggested or manual-curated canonical research link yet."
"agricultural-scientist-agronomist","Agricultural Scientist / Agronomist","Agriculture, food and environment","No direct, suggested or manual-curated canonical research link yet."
"agroecology-extension-officer","Agroecology Extension Officer","Agriculture, food and environment","No direct, suggested or manual-curated canonical research link yet."
"agronomist","Agronomist","Agriculture, food and environment","No direct, suggested or manual-curated canonical research link yet."
"animal-scientist","Animal Scientist","Agriculture, food and environment","No direct, suggested or manual-curated canonical research link yet."
"anti-poaching-ranger","Anti-Poaching Ranger","Agriculture, food and environment","No direct, suggested or manual-curated canonical research link yet."
"aquaculture-farm-technician","Aquaculture Farm Technician","Agriculture, food and environment","No direct, suggested or manual-curated canonical research link yet."
"aquaculture-tilapia-farmer","Aquaculture Tilapia Farmer","Agriculture, food and environment","No direct, suggested or manual-curated canonical research link yet."
"baker-artisan","Baker (Artisan)","Agriculture, food and environment","No direct, suggested or manual-curated canonical research link yet."
"bakery-plant-manager","Bakery Plant Manager","Agriculture, food and environment","No direct, suggested or manual-curated canonical research link yet."
"beef-cattle-rancher","Beef Cattle Rancher","Agriculture, food and environment","No direct, suggested or manual-curated canonical research link yet."
"beekeeper","Beekeeper","Agriculture, food and environment","No direct, suggested or manual-curated canonical research link yet."
"beekeeper-apiculturist","Beekeeper / Apiculturist","Agriculture, food and environment","No direct, suggested or manual-curated canonical research link yet."
"biltong-maker-curer","Biltong Maker / Curer","Agriculture, food and environment","No direct, suggested or manual-curated canonical research link yet."
"brewer","Brewer","Agriculture, food and environment","No direct, suggested or manual-curated canonical research link yet."
"broiler-chicken-farmer","Broiler Chicken Farmer","Agriculture, food and environment","No direct, suggested or manual-curated canonical research link yet."
"butcher-meat-cutter","Butcher / Meat Cutter","Agriculture, food and environment","No direct, suggested or manual-curated canonical research link yet."
"butter-maker","Butter Maker","Agriculture, food and environment","No direct, suggested or manual-curated canonical research link yet."
"carbon-farming-advisor","Carbon Farming Advisor","Agriculture, food and environment","No direct, suggested or manual-curated canonical research link yet."
"cheese-maker","Cheese Maker","Agriculture, food and environment","No direct, suggested or manual-curated canonical research link yet."
"chicken-layer-farmer","Chicken Layer Farmer","Agriculture, food and environment","No direct, suggested or manual-curated canonical research link yet."
"chocolatier","Chocolatier","Agriculture, food and environment","No direct, suggested or manual-curated canonical research link yet."
"cider-maker","Cider Maker","Agriculture, food and environment","No direct, suggested or manual-curated canonical research link yet."
"citrus-farmer","Citrus Farmer","Agriculture, food and environment","No direct, suggested or manual-curated canonical research link yet."
"climate-adaptation-officer","Climate Adaptation Officer","Agriculture, food and environment","No direct, suggested or manual-curated canonical research link yet."
"commercial-grain-farmer","Commercial Grain Farmer","Agriculture, food and environment","No direct, suggested or manual-curated canonical research link yet."
"confectioner","Confectioner","Agriculture, food and environment","No direct, suggested or manual-curated canonical research link yet."
"conservation-agriculture-trainer","Conservation Agriculture Trainer","Agriculture, food and environment","No direct, suggested or manual-curated canonical research link yet."
"cotton-farmer","Cotton Farmer","Agriculture, food and environment","No direct, suggested or manual-curated canonical research link yet."
"craft-brewer","Craft Brewer","Agriculture, food and environment","No direct, suggested or manual-curated canonical research link yet."
"crocodile-farmer","Crocodile Farmer","Agriculture, food and environment","No direct, suggested or manual-curated canonical research link yet."
"dairy-herd-manager","Dairy Herd Manager","Agriculture, food and environment","No direct, suggested or manual-curated canonical research link yet."
"deciduous-fruit-farmer","Deciduous Fruit Farmer","Agriculture, food and environment","No direct, suggested or manual-curated canonical research link yet."
"deckhand-fishing","Deckhand (Fishing)","Agriculture, food and environment","No direct, suggested or manual-curated canonical research link yet."
"distiller-wine-brandy","Distiller (Wine / Brandy)","Agriculture, food and environment","No direct, suggested or manual-curated canonical research link yet."
"egg-production-manager","Egg Production Manager","Agriculture, food and environment","No direct, suggested or manual-curated canonical research link yet."
"entomologist-agricultural","Entomologist (Agricultural)","Agriculture, food and environment","No direct, suggested or manual-curated canonical research link yet."
"environmental-scientist-consultant","Environmental Scientist / Consultant","Agriculture, food and environment","No direct, suggested or manual-curated canonical research link yet."
"farm-administration-clerk","Farm Administration Clerk","Agriculture, food and environment","No direct, suggested or manual-curated canonical research link yet."
"farm-bookkeeper","Farm Bookkeeper","Agriculture, food and environment","No direct, suggested or manual-curated canonical research link yet."
"farm-foreman-supervisor","Farm Foreman / Supervisor","Agriculture, food and environment","No direct, suggested or manual-curated canonical research link yet."
"field-guide","Field Guide","Agriculture, food and environment","No direct, suggested or manual-curated canonical research link yet."
"field-guide-nature-reserve","Field Guide (Nature Reserve)","Agriculture, food and environment","No direct, suggested or manual-curated canonical research link yet."
"fish-hatchery-technician","Fish Hatchery Technician","Agriculture, food and environment","No direct, suggested or manual-curated canonical research link yet."
"fisher","Fisher","Agriculture, food and environment","No direct, suggested or manual-curated canonical research link yet."
"fishing-boat-skipper","Fishing Boat Skipper","Agriculture, food and environment","No direct, suggested or manual-curated canonical research link yet."
"florist","Florist","Agriculture, food and environment","No direct, suggested or manual-curated canonical research link yet."
"flower-farmer-floriculturist","Flower Farmer / Floriculturist","Agriculture, food and environment","No direct, suggested or manual-curated canonical research link yet."
"food-safety-officer","Food Safety Officer","Agriculture, food and environment","No direct, suggested or manual-curated canonical research link yet."
"fresh-produce-market-agent","Fresh Produce Market Agent","Agriculture, food and environment","No direct, suggested or manual-curated canonical research link yet."
"fruit-and-vegetable-inspector","Fruit and Vegetable Inspector","Agriculture, food and environment","No direct, suggested or manual-curated canonical research link yet."
"fruit-packhouse-manager","Fruit Packhouse Manager","Agriculture, food and environment","No direct, suggested or manual-curated canonical research link yet."
"game-farmer","Game Farmer","Agriculture, food and environment","No direct, suggested or manual-curated canonical research link yet."
"game-meat-processor","Game Meat Processor","Agriculture, food and environment","No direct, suggested or manual-curated canonical research link yet."
"game-ranger","Game Ranger","Hospitality, tourism, sport and events","No direct, suggested or manual-curated canonical research link yet."
"gardener","Gardener","Agriculture, food and environment","No direct, suggested or manual-curated canonical research link yet."
"goat-farmer","Goat Farmer","Agriculture, food and environment","No direct, suggested or manual-curated canonical research link yet."
"golf-course-greenkeeper","Golf Course Greenkeeper","Agriculture, food and environment","No direct, suggested or manual-curated canonical research link yet."
"grain-silo-manager","Grain Silo Manager","Agriculture, food and environment","No direct, suggested or manual-curated canonical research link yet."
"herdsperson","Herdsperson","Agriculture, food and environment","No direct, suggested or manual-curated canonical research link yet."
"irrigation-designer","Irrigation Designer","Agriculture, food and environment","No direct, suggested or manual-curated canonical research link yet."
"irrigation-engineer","Irrigation Engineer","Agriculture, food and environment","No direct, suggested or manual-curated canonical research link yet."
"landscape-contractor","Landscape Contractor","Agriculture, food and environment","No direct, suggested or manual-curated canonical research link yet."
"landscaper","Landscaper","Agriculture, food and environment","No direct, suggested or manual-curated canonical research link yet."
"livestock-nutritionist","Livestock Nutritionist","Agriculture, food and environment","No direct, suggested or manual-curated canonical research link yet."
"macadamia-nut-farmer","Macadamia Nut Farmer","Agriculture, food and environment","No direct, suggested or manual-curated canonical research link yet."
"maize-farmer","Maize Farmer","Agriculture, food and environment","No direct, suggested or manual-curated canonical research link yet."
"master-pastry-chef-bakery","Master Pastry Chef (Bakery)","Agriculture, food and environment","No direct, suggested or manual-curated canonical research link yet."
"meat-inspector","Meat Inspector","Agriculture, food and environment","No direct, suggested or manual-curated canonical research link yet."
"milk-tester-dairy-quality-controller","Milk Tester / Dairy Quality Controller","Agriculture, food and environment","No direct, suggested or manual-curated canonical research link yet."
"mill-operator-grain","Mill Operator (Grain)","Agriculture, food and environment","No direct, suggested or manual-curated canonical research link yet."
"mussel-oyster-farmer","Mussel / Oyster Farmer","Agriculture, food and environment","No direct, suggested or manual-curated canonical research link yet."
"nature-conservation-officer","Nature Conservation Officer","Agriculture, food and environment","No direct, suggested or manual-curated canonical research link yet."
"nursery-worker","Nursery Worker","Agriculture, food and environment","No direct, suggested or manual-curated canonical research link yet."
"olive-farm-producer","Olive Farm Producer","Agriculture, food and environment","No direct, suggested or manual-curated canonical research link yet."
"ostrich-farmer","Ostrich Farmer","Agriculture, food and environment","No direct, suggested or manual-curated canonical research link yet."
"park-ranger","Park Ranger","Agriculture, food and environment","No direct, suggested or manual-curated canonical research link yet."
"pastry-chef","Pastry Chef","Hospitality, tourism, sport and events","No direct, suggested or manual-curated canonical research link yet."
"pasture-scientist","Pasture Scientist","Agriculture, food and environment","No direct, suggested or manual-curated canonical research link yet."
"pecan-nut-farmer","Pecan Nut Farmer","Agriculture, food and environment","No direct, suggested or manual-curated canonical research link yet."
"permaculture-designer","Permaculture Designer","Agriculture, food and environment","No direct, suggested or manual-curated canonical research link yet."
"pig-farmer","Pig Farmer","Agriculture, food and environment","No direct, suggested or manual-curated canonical research link yet."
"plant-pathologist","Plant Pathologist","Agriculture, food and environment","No direct, suggested or manual-curated canonical research link yet."
"potato-farmer","Potato Farmer","Agriculture, food and environment","No direct, suggested or manual-curated canonical research link yet."
"poultry-nutritionist","Poultry Nutritionist","Agriculture, food and environment","No direct, suggested or manual-curated canonical research link yet."
"precision-agriculture-specialist","Precision Agriculture Specialist","Agriculture, food and environment","No direct, suggested or manual-curated canonical research link yet."
"produce-buyer-marketer-fresh-produce","Produce Buyer / Marketer (Fresh Produce)","Agriculture, food and environment","No direct, suggested or manual-curated canonical research link yet."
"range-ecologist","Range Ecologist","Agriculture, food and environment","No direct, suggested or manual-curated canonical research link yet."
"rooibos-tea-farmer","Rooibos Tea Farmer","Agriculture, food and environment","No direct, suggested or manual-curated canonical research link yet."
"shearer","Shearer","Agriculture, food and environment","No direct, suggested or manual-curated canonical research link yet."
"shearer-livestock","Shearer (Livestock)","Agriculture, food and environment","No direct, suggested or manual-curated canonical research link yet."
"sheep-farmer-wool-mutton","Sheep Farmer (Wool / Mutton)","Agriculture, food and environment","No direct, suggested or manual-curated canonical research link yet."
"small-scale-subsistence-farmer","Small-scale Subsistence Farmer","Agriculture, food and environment","No direct, suggested or manual-curated canonical research link yet."
"state-veterinarian","State Veterinarian","Agriculture, food and environment","No direct, suggested or manual-curated canonical research link yet."
"subtropical-fruit-farmer-mango-avocado","Subtropical Fruit Farmer (Mango / Avocado)","Agriculture, food and environment","No direct, suggested or manual-curated canonical research link yet."
"sugar-cane-cutter-seasonal","Sugar Cane Cutter (Seasonal)","Agriculture, food and environment","No direct, suggested or manual-curated canonical research link yet."
"sunflower-oilseed-farmer","Sunflower / Oilseed Farmer","Agriculture, food and environment","No direct, suggested or manual-curated canonical research link yet."
"table-grape-producer","Table Grape Producer","Agriculture, food and environment","No direct, suggested or manual-curated canonical research link yet."
"tobacco-farmer","Tobacco Farmer","Agriculture, food and environment","No direct, suggested or manual-curated canonical research link yet."
"tomato-producer","Tomato Producer","Agriculture, food and environment","No direct, suggested or manual-curated canonical research link yet."
"tracks-and-signs-guide","Tracks and Signs Guide","Agriculture, food and environment","No direct, suggested or manual-curated canonical research link yet."
"tree-surgeon","Tree Surgeon","Agriculture, food and environment","No direct, suggested or manual-curated canonical research link yet."
"urban-farmer","Urban Farmer","Agriculture, food and environment","No direct, suggested or manual-curated canonical research link yet."
"vegetable-farmer","Vegetable Farmer","Agriculture, food and environment","No direct, suggested or manual-curated canonical research link yet."
"veld-fire-manager","Veld Fire Manager","Agriculture, food and environment","No direct, suggested or manual-curated canonical research link yet."
"veterinary-nurse","Veterinary Nurse","Agriculture, food and environment","No direct, suggested or manual-curated canonical research link yet."
"viticulturist","Viticulturist","Agriculture, food and environment","No direct, suggested or manual-curated canonical research link yet."
"wheat-farmer","Wheat Farmer","Agriculture, food and environment","No direct, suggested or manual-curated canonical research link yet."
"wholesale-florist","Wholesale Florist","Agriculture, food and environment","No direct, suggested or manual-curated canonical research link yet."
"wildlife-manager","Wildlife Manager","Agriculture, food and environment","No direct, suggested or manual-curated canonical research link yet."
"wine-blender","Wine Blender","Agriculture, food and environment","No direct, suggested or manual-curated canonical research link yet."
"wine-cellar-hand","Wine Cellar Hand","Agriculture, food and environment","No direct, suggested or manual-curated canonical research link yet."
"wine-cellar-master","Wine Cellar Master","Agriculture, food and environment","No direct, suggested or manual-curated canonical research link yet."
"wine-grape-farmer","Wine Grape Farmer","Agriculture, food and environment","No direct, suggested or manual-curated canonical research link yet."
"wine-maker-winemaker","Wine Maker / Winemaker","Agriculture, food and environment","No direct, suggested or manual-curated canonical research link yet."
"wool-classer","Wool Classer","Agriculture, food and environment","No direct, suggested or manual-curated canonical research link yet."
"yoghurt-dairy-product-maker","Yoghurt / Dairy Product Maker","Agriculture, food and environment","No direct, suggested or manual-curated canonical research link yet."
"air-defence-artillery-operator","Air Defence Artillery Operator","Armed forces and security services","No direct, suggested or manual-curated canonical research link yet."
"air-defence-operator","Air Defence Operator","Armed forces and security services","No direct, suggested or manual-curated canonical research link yet."
"air-force-ground-crew","Air Force Ground Crew","Armed forces and security services","No direct, suggested or manual-curated canonical research link yet."
"air-force-navigator","Air Force Navigator","Armed forces and security services","No direct, suggested or manual-curated canonical research link yet."
"air-force-pilot","Air Force Pilot","Armed forces and security services","No direct, suggested or manual-curated canonical research link yet."
"air-mercy-service-ams-pilot","Air Mercy Service (AMS) Pilot","Armed forces and security services","No direct, suggested or manual-curated canonical research link yet."
"airport-security-officer","Airport Security Officer","Armed forces and security services","No direct, suggested or manual-curated canonical research link yet."
"armed-forces-instructor","Armed Forces Instructor","Armed forces and security services","No direct, suggested or manual-curated canonical research link yet."
"armour-tank-crew-member","Armour / Tank Crew Member","Armed forces and security services","No direct, suggested or manual-curated canonical research link yet."
"armoured-corps-driver","Armoured Corps Driver","Armed forces and security services","No direct, suggested or manual-curated canonical research link yet."
"armoured-vehicle-crew","Armoured Vehicle Crew","Armed forces and security services","No direct, suggested or manual-curated canonical research link yet."
"armoured-vehicle-driver-cvs","Armoured Vehicle Driver (CVS)","Armed forces and security services","No direct, suggested or manual-curated canonical research link yet."
"army-combat-medic","Army Combat Medic","Armed forces and security services","No direct, suggested or manual-curated canonical research link yet."
"artillery-gun-layer","Artillery Gun Layer","Armed forces and security services","No direct, suggested or manual-curated canonical research link yet."
"artillery-operator","Artillery Operator","Armed forces and security services","No direct, suggested or manual-curated canonical research link yet."
"bomb-disposal-eod-operator","Bomb Disposal (EOD) Operator","Armed forces and security services","No direct, suggested or manual-curated canonical research link yet."
"bomb-squad-saps-member","Bomb Squad (SAPS) Member","Armed forces and security services","No direct, suggested or manual-curated canonical research link yet."
"border-management-officer","Border Management Officer","Armed forces and security services","No direct, suggested or manual-curated canonical research link yet."
"border-protection-officer","Border Protection Officer","Armed forces and security services","No direct, suggested or manual-curated canonical research link yet."
"bouncer-door-security","Bouncer / Door Security","Armed forces and security services","No direct, suggested or manual-curated canonical research link yet."
"cash-in-transit-operative","Cash-in-Transit Operative","Armed forces and security services","No direct, suggested or manual-curated canonical research link yet."
"cctv-control-room-operator","CCTV Control Room Operator","Armed forces and security services","No direct, suggested or manual-curated canonical research link yet."
"cctv-operator","CCTV Operator","Armed forces and security services","No direct, suggested or manual-curated canonical research link yet."
"celebrity-bodyguard","Celebrity Bodyguard","Armed forces and security services","No direct, suggested or manual-curated canonical research link yet."
"chaplain-military","Chaplain (Military)","Armed forces and security services","No direct, suggested or manual-curated canonical research link yet."
"close-protection-officer","Close Protection Officer","Armed forces and security services","No direct, suggested or manual-curated canonical research link yet."
"close-protection-officer-bodyguard","Close Protection Officer / Bodyguard","Armed forces and security services","No direct, suggested or manual-curated canonical research link yet."
"close-protection-team-leader","Close Protection Team Leader","Armed forces and security services","No direct, suggested or manual-curated canonical research link yet."
"coast-guard-sea-rescue-volunteer","Coast Guard / Sea Rescue Volunteer","Armed forces and security services","No direct, suggested or manual-curated canonical research link yet."
"counter-intelligence-officer","Counter-Intelligence Officer","Armed forces and security services","No direct, suggested or manual-curated canonical research link yet."
"crime-intelligence-analyst","Crime Intelligence Analyst","Armed forces and security services","No direct, suggested or manual-curated canonical research link yet."
"cyber-operator-defensive","Cyber Operator (Defensive)","Armed forces and security services","No direct, suggested or manual-curated canonical research link yet."
"cyber-operator-offensive","Cyber Operator (Offensive)","Armed forces and security services","No direct, suggested or manual-curated canonical research link yet."
"cyber-warfare-specialist-defence","Cyber Warfare Specialist (Defence)","Armed forces and security services","No direct, suggested or manual-curated canonical research link yet."
"defence-analyst","Defence Analyst","Armed forces and security services","No direct, suggested or manual-curated canonical research link yet."
"defence-scientist","Defence Scientist","Armed forces and security services","No direct, suggested or manual-curated canonical research link yet."
"defence-signals-communications-operator","Defence Signals / Communications Operator","Armed forces and security services","No direct, suggested or manual-curated canonical research link yet."
"demolitions-expert-military","Demolitions Expert (Military)","Armed forces and security services","No direct, suggested or manual-curated canonical research link yet."
"drill-sergeant","Drill Sergeant","Armed forces and security services","No direct, suggested or manual-curated canonical research link yet."
"drone-pilot-military-surveillance","Drone Pilot (Military / Surveillance)","Armed forces and security services","No direct, suggested or manual-curated canonical research link yet."
"ems-rescue-technician","EMS Rescue Technician","Armed forces and security services","No direct, suggested or manual-curated canonical research link yet."
"eod-bomb-disposal-technician","EOD (Bomb Disposal) Technician","Armed forces and security services","No direct, suggested or manual-curated canonical research link yet."
"field-engineer-combat","Field Engineer (Combat)","Armed forces and security services","No direct, suggested or manual-curated canonical research link yet."
"fire-and-rescue-services-officer","Fire and Rescue Services Officer","Armed forces and security services","No direct, suggested or manual-curated canonical research link yet."
"forensic-fire-investigator","Forensic Fire Investigator","Armed forces and security services","No direct, suggested or manual-curated canonical research link yet."
"forensic-investigator","Forensic Investigator","Armed forces and security services","No direct, suggested or manual-curated canonical research link yet."
"infantry-soldier","Infantry Soldier","Armed forces and security services","No direct, suggested or manual-curated canonical research link yet."
"maritime-reaction-squadron-operator","Maritime Reaction Squadron Operator","Armed forces and security services","No direct, suggested or manual-curated canonical research link yet."
"military-band-member","Military Band Member","Armed forces and security services","No direct, suggested or manual-curated canonical research link yet."
"military-chaplain-all-faiths","Military Chaplain (All Faiths)","Armed forces and security services","No direct, suggested or manual-curated canonical research link yet."
"military-chef","Military Chef","Armed forces and security services","No direct, suggested or manual-curated canonical research link yet."
"military-chef-uniformed","Military Chef (Uniformed)","Armed forces and security services","No direct, suggested or manual-curated canonical research link yet."
"military-communication-specialist","Military Communication Specialist","Armed forces and security services","No direct, suggested or manual-curated canonical research link yet."
"military-doctor","Military Doctor","Armed forces and security services","No direct, suggested or manual-curated canonical research link yet."
"military-dog-handler","Military Dog Handler","Armed forces and security services","No direct, suggested or manual-curated canonical research link yet."
"military-drone-operator-uav","Military Drone Operator (UAV)","Armed forces and security services","No direct, suggested or manual-curated canonical research link yet."
"military-engineer","Military Engineer","Armed forces and security services","No direct, suggested or manual-curated canonical research link yet."
"military-engineer-combat","Military Engineer (Combat)","Armed forces and security services","No direct, suggested or manual-curated canonical research link yet."
"military-finance-officer","Military Finance Officer","Armed forces and security services","No direct, suggested or manual-curated canonical research link yet."
"military-intelligence-analyst","Military Intelligence Analyst","Armed forces and security services","No direct, suggested or manual-curated canonical research link yet."
"military-intelligence-officer","Military Intelligence Officer","Armed forces and security services","No direct, suggested or manual-curated canonical research link yet."
"military-it-specialist","Military IT Specialist","Armed forces and security services","No direct, suggested or manual-curated canonical research link yet."
"military-logistician","Military Logistician","Armed forces and security services","No direct, suggested or manual-curated canonical research link yet."
"military-logistics-officer","Military Logistics Officer","Armed forces and security services","No direct, suggested or manual-curated canonical research link yet."
"military-medic","Military Medic","Armed forces and security services","No direct, suggested or manual-curated canonical research link yet."
"military-nurse","Military Nurse","Armed forces and security services","No direct, suggested or manual-curated canonical research link yet."
"military-nursing-sister","Military Nursing Sister","Armed forces and security services","No direct, suggested or manual-curated canonical research link yet."
"military-pilot","Military Pilot","Armed forces and security services","No direct, suggested or manual-curated canonical research link yet."
"military-police","Military Police","Armed forces and security services","No direct, suggested or manual-curated canonical research link yet."
"military-police-dog-handler","Military Police Dog Handler","Armed forces and security services","No direct, suggested or manual-curated canonical research link yet."
"military-police-investigator","Military Police Investigator","Armed forces and security services","No direct, suggested or manual-curated canonical research link yet."
"military-procurement-officer","Military Procurement Officer","Armed forces and security services","No direct, suggested or manual-curated canonical research link yet."
"military-psychologist","Military Psychologist","Armed forces and security services","No direct, suggested or manual-curated canonical research link yet."
"military-satellite-communications-technician","Military Satellite Communications Technician","Armed forces and security services","No direct, suggested or manual-curated canonical research link yet."
"military-storeman-quartermaster","Military Storeman / Quartermaster","Armed forces and security services","No direct, suggested or manual-curated canonical research link yet."
"military-training-instructor","Military Training Instructor","Armed forces and security services","No direct, suggested or manual-curated canonical research link yet."
"military-transport-driver","Military Transport Driver","Armed forces and security services","No direct, suggested or manual-curated canonical research link yet."
"military-working-dog-handler","Military Working Dog Handler","Armed forces and security services","No direct, suggested or manual-curated canonical research link yet."
"mountain-search-and-rescue-volunteer","Mountain Search and Rescue Volunteer","Armed forces and security services","No direct, suggested or manual-curated canonical research link yet."
"naval-sailor","Naval Sailor","Armed forces and security services","No direct, suggested or manual-curated canonical research link yet."
"nsri-sea-rescue-volunteer","NSRI (Sea Rescue) Volunteer","Armed forces and security services","No direct, suggested or manual-curated canonical research link yet."
"paratrooper-parachute-infantry","Paratrooper / Parachute Infantry","Armed forces and security services","No direct, suggested or manual-curated canonical research link yet."
"peacekeeping-officer","Peacekeeping Officer","Armed forces and security services","No direct, suggested or manual-curated canonical research link yet."
"polygraph-examiner","Polygraph Examiner","Armed forces and security services","No direct, suggested or manual-curated canonical research link yet."
"port-security-officer","Port Security Officer","Armed forces and security services","No direct, suggested or manual-curated canonical research link yet."
"private-investigation-detective","Private Investigation Detective","Armed forces and security services","No direct, suggested or manual-curated canonical research link yet."
"private-military-contractor-armed","Private Military Contractor (Armed)","Armed forces and security services","No direct, suggested or manual-curated canonical research link yet."
"private-security-operator","Private Security Operator","Armed forces and security services","No direct, suggested or manual-curated canonical research link yet."
"reserve-force-member-part-time","Reserve Force Member (Part-Time)","Armed forces and security services","No direct, suggested or manual-curated canonical research link yet."
"reservist","Reservist","Armed forces and security services","No direct, suggested or manual-curated canonical research link yet."
"sa-navy-combat-officer","SA Navy Combat Officer","Armed forces and security services","No direct, suggested or manual-curated canonical research link yet."
"sa-navy-deck-hand","SA Navy Deck Hand","Armed forces and security services","No direct, suggested or manual-curated canonical research link yet."
"sa-navy-engineering-mechanic","SA Navy Engineering Mechanic","Armed forces and security services","No direct, suggested or manual-curated canonical research link yet."
"sa-navy-marine-soldier","SA Navy Marine Soldier","Armed forces and security services","No direct, suggested or manual-curated canonical research link yet."
"sa-navy-navigator","SA Navy Navigator","Armed forces and security services","No direct, suggested or manual-curated canonical research link yet."
"sa-navy-sailor","SA Navy Sailor","Armed forces and security services","No direct, suggested or manual-curated canonical research link yet."
"saaf-air-traffic-controller-military","SAAF Air Traffic Controller (Military)","Armed forces and security services","No direct, suggested or manual-curated canonical research link yet."
"saaf-aircraft-maintenance-technician","SAAF Aircraft Maintenance Technician","Armed forces and security services","No direct, suggested or manual-curated canonical research link yet."
"saaf-fighter-pilot","SAAF Fighter Pilot","Armed forces and security services","No direct, suggested or manual-curated canonical research link yet."
"saaf-helicopter-pilot","SAAF Helicopter Pilot","Armed forces and security services","No direct, suggested or manual-curated canonical research link yet."
"saaf-loadmaster","SAAF Loadmaster","Armed forces and security services","No direct, suggested or manual-curated canonical research link yet."
"saaf-pilot-military","SAAF Pilot (Military)","Armed forces and security services","No direct, suggested or manual-curated canonical research link yet."
"saaf-transport-pilot","SAAF Transport Pilot","Armed forces and security services","No direct, suggested or manual-curated canonical research link yet."
"sandf-ammunition-technician","SANDF Ammunition Technician","Armed forces and security services","No direct, suggested or manual-curated canonical research link yet."
"sandf-army-company-commander-captain","SANDF Army Company Commander (Captain)","Armed forces and security services","No direct, suggested or manual-curated canonical research link yet."
"sandf-army-corporal","SANDF Army Corporal","Armed forces and security services","No direct, suggested or manual-curated canonical research link yet."
"sandf-army-sergeant","SANDF Army Sergeant","Armed forces and security services","No direct, suggested or manual-curated canonical research link yet."
"sandf-battalion-commander-lieutenant-colonel","SANDF Battalion Commander (Lieutenant Colonel)","Armed forces and security services","No direct, suggested or manual-curated canonical research link yet."
"sandf-legal-officer","SANDF Legal Officer","Armed forces and security services","No direct, suggested or manual-curated canonical research link yet."
"sandf-logistics-supply-officer","SANDF Logistics Supply Officer","Armed forces and security services","No direct, suggested or manual-curated canonical research link yet."
"sandf-parabat-recce-operator","SANDF Parabat Recce Operator","Armed forces and security services","No direct, suggested or manual-curated canonical research link yet."
"sandf-soldier-infantry","SANDF Soldier (Infantry)","Armed forces and security services","No direct, suggested or manual-curated canonical research link yet."
"saps-detective","SAPS Detective","Armed forces and security services","No direct, suggested or manual-curated canonical research link yet."
"search-and-rescue-ems-pilot","Search and Rescue (EMS) Pilot","Armed forces and security services","No direct, suggested or manual-curated canonical research link yet."
"security-consultant","Security Consultant","Armed forces and security services","No direct, suggested or manual-curated canonical research link yet."
"security-response-officer","Security Response Officer","Armed forces and security services","No direct, suggested or manual-curated canonical research link yet."
"signals-intelligence-sigint-operator","Signals Intelligence (SIGINT) Operator","Armed forces and security services","No direct, suggested or manual-curated canonical research link yet."
"special-forces-operator-recces","Special Forces Operator (Recces)","Armed forces and security services","No direct, suggested or manual-curated canonical research link yet."
"submariner","Submariner","Armed forces and security services","No direct, suggested or manual-curated canonical research link yet."
"swift-water-rescue-technician","Swift Water Rescue Technician","Armed forces and security services","No direct, suggested or manual-curated canonical research link yet."
"technical-rescue-high-angle-rope-rescue","Technical Rescue (High Angle / Rope Rescue)","Armed forces and security services","No direct, suggested or manual-curated canonical research link yet."
"vip-protection-officer","VIP Protection Officer","Armed forces and security services","No direct, suggested or manual-curated canonical research link yet."
"war-college-student-candidate-officer","War College Student / Candidate Officer","Armed forces and security services","No direct, suggested or manual-curated canonical research link yet."
"actor-stage-screen","Actor (Stage / Screen)","Arts, culture, heritage and society","No direct, suggested or manual-curated canonical research link yet."
"afro-pop-musician","Afro-Pop Musician","Arts, culture, heritage and society","No direct, suggested or manual-curated canonical research link yet."
"amapiano-producer","Amapiano Producer","Arts, culture, heritage and society","No direct, suggested or manual-curated canonical research link yet."
"archival-assistant-archive","Archival Assistant (Archive)","Arts, culture, heritage and society","No direct, suggested or manual-curated canonical research link yet."
"archivist-assistant","Archivist Assistant","Arts, culture, heritage and society","No direct, suggested or manual-curated canonical research link yet."
"art-auction-house-specialist","Art Auction House Specialist","Arts, culture, heritage and society","No direct, suggested or manual-curated canonical research link yet."
"art-critic","Art Critic","Arts, culture, heritage and society","No direct, suggested or manual-curated canonical research link yet."
"art-gallery-assistant","Art Gallery Assistant","Arts, culture, heritage and society","No direct, suggested or manual-curated canonical research link yet."
"art-gallery-curator","Art Gallery Curator","Arts, culture, heritage and society","No direct, suggested or manual-curated canonical research link yet."
"art-restorer-conservator","Art Restorer / Conservator","Arts, culture, heritage and society","No direct, suggested or manual-curated canonical research link yet."
"author-novelist","Author / Novelist","Arts, culture, heritage and society","No direct, suggested or manual-curated canonical research link yet."
"ballet-dancer","Ballet Dancer","Arts, culture, heritage and society","No direct, suggested or manual-curated canonical research link yet."
"beadworker","Beadworker","Arts, culture, heritage and society","No direct, suggested or manual-curated canonical research link yet."
"blogger-independent","Blogger (Independent)","Arts, culture, heritage and society","No direct, suggested or manual-curated canonical research link yet."
"book-conservator","Book Conservator","Arts, culture, heritage and society","No direct, suggested or manual-curated canonical research link yet."
"business-journalist","Business Journalist","Arts, culture, heritage and society","No direct, suggested or manual-curated canonical research link yet."
"ceramicist","Ceramicist","Arts, culture, heritage and society","No direct, suggested or manual-curated canonical research link yet."
"ceramicist-potter","Ceramicist / Potter","Arts, culture, heritage and society","No direct, suggested or manual-curated canonical research link yet."
"children-s-librarian","Children's Librarian","Arts, culture, heritage and society","No direct, suggested or manual-curated canonical research link yet."
"choir-director","Choir Director","Arts, culture, heritage and society","No direct, suggested or manual-curated canonical research link yet."
"cinematographer","Cinematographer","Arts, culture, heritage and society","No direct, suggested or manual-curated canonical research link yet."
"circus-performer","Circus Performer","Arts, culture, heritage and society","No direct, suggested or manual-curated canonical research link yet."
"classical-musician-orchestral","Classical Musician (Orchestral)","Arts, culture, heritage and society","No direct, suggested or manual-curated canonical research link yet."
"closed-captioner","Closed Captioner","Arts, culture, heritage and society","No direct, suggested or manual-curated canonical research link yet."
"clown-children-s-entertainment","Clown (Children's Entertainment)","Arts, culture, heritage and society","No direct, suggested or manual-curated canonical research link yet."
"comedian-stand-up","Comedian (Stand-up)","Arts, culture, heritage and society","No direct, suggested or manual-curated canonical research link yet."
"community-radio-journalist","Community Radio Journalist","Arts, culture, heritage and society","No direct, suggested or manual-curated canonical research link yet."
"composer-film-television","Composer (Film / Television)","Arts, culture, heritage and society","No direct, suggested or manual-curated canonical research link yet."
"copy-editor","Copy Editor","Arts, culture, heritage and society","No direct, suggested or manual-curated canonical research link yet."
"copyright-librarian","Copyright Librarian","Arts, culture, heritage and society","No direct, suggested or manual-curated canonical research link yet."
"craft-worker","Craft Worker","Arts, culture, heritage and society","No direct, suggested or manual-curated canonical research link yet."
"cultural-anthropologist","Cultural Anthropologist","Arts, culture, heritage and society","No direct, suggested or manual-curated canonical research link yet."
"cultural-dancer-indigenous","Cultural Dancer (Indigenous)","Arts, culture, heritage and society","No direct, suggested or manual-curated canonical research link yet."
"cultural-event-organiser","Cultural Event Organiser","Arts, culture, heritage and society","No direct, suggested or manual-curated canonical research link yet."
"cultural-journalist","Cultural Journalist","Arts, culture, heritage and society","No direct, suggested or manual-curated canonical research link yet."
"dance-instructor","Dance Instructor","Arts, culture, heritage and society","No direct, suggested or manual-curated canonical research link yet."
"dancer-choreographer","Dancer / Choreographer","Arts, culture, heritage and society","No direct, suggested or manual-curated canonical research link yet."
"digital-archivist","Digital Archivist","Arts, culture, heritage and society","No direct, suggested or manual-curated canonical research link yet."
"digital-artist-nft-creator","Digital Artist / NFT Creator","Arts, culture, heritage and society","No direct, suggested or manual-curated canonical research link yet."
"editor-newspaper-magazine","Editor (Newspaper / Magazine)","Arts, culture, heritage and society","No direct, suggested or manual-curated canonical research link yet."
"entertainment-journalist","Entertainment Journalist","Arts, culture, heritage and society","No direct, suggested or manual-curated canonical research link yet."
"event-mc-master-of-ceremonies","Event MC / Master of Ceremonies","Arts, culture, heritage and society","No direct, suggested or manual-curated canonical research link yet."
"fashion-journalist","Fashion Journalist","Arts, culture, heritage and society","No direct, suggested or manual-curated canonical research link yet."
"festival-coordinator","Festival Coordinator","Arts, culture, heritage and society","No direct, suggested or manual-curated canonical research link yet."
"fine-artist-painter-sculptor","Fine Artist (Painter / Sculptor)","Arts, culture, heritage and society","No direct, suggested or manual-curated canonical research link yet."
"food-writer-critic","Food Writer / Critic","Arts, culture, heritage and society","No direct, suggested or manual-curated canonical research link yet."
"frame-maker-gilder","Frame Maker / Gilder","Arts, culture, heritage and society","No direct, suggested or manual-curated canonical research link yet."
"freelance-editor","Freelance Editor","Arts, culture, heritage and society","No direct, suggested or manual-curated canonical research link yet."
"genealogist","Genealogist","Arts, culture, heritage and society","No direct, suggested or manual-curated canonical research link yet."
"ghostwriter","Ghostwriter","Arts, culture, heritage and society","No direct, suggested or manual-curated canonical research link yet."
"glass-blower","Glass Blower","Arts, culture, heritage and society","No direct, suggested or manual-curated canonical research link yet."
"gospel-music-performer","Gospel Music Performer","Arts, culture, heritage and society","No direct, suggested or manual-curated canonical research link yet."
"gqom-producer","Gqom Producer","Arts, culture, heritage and society","No direct, suggested or manual-curated canonical research link yet."
"healthcare-interpreter","Healthcare Interpreter","Arts, culture, heritage and society","No direct, suggested or manual-curated canonical research link yet."
"heritage-practitioner","Heritage Practitioner","Arts, culture, heritage and society","No direct, suggested or manual-curated canonical research link yet."
"hip-hop-producer","Hip-Hop Producer","Arts, culture, heritage and society","No direct, suggested or manual-curated canonical research link yet."
"historical-researcher","Historical Researcher","Arts, culture, heritage and society","No direct, suggested or manual-curated canonical research link yet."
"installation-artist","Installation Artist","Arts, culture, heritage and society","No direct, suggested or manual-curated canonical research link yet."
"instrument-technician","Instrument Technician","Arts, culture, heritage and society","No direct, suggested or manual-curated canonical research link yet."
"investigative-journalist","Investigative Journalist","Arts, culture, heritage and society","No direct, suggested or manual-curated canonical research link yet."
"jazz-musician","Jazz Musician","Arts, culture, heritage and society","No direct, suggested or manual-curated canonical research link yet."
"jewellery-maker","Jewellery Maker","Arts, culture, heritage and society","No direct, suggested or manual-curated canonical research link yet."
"journalist-print","Journalist (Print)","Arts, culture, heritage and society","No direct, suggested or manual-curated canonical research link yet."
"knowledge-manager","Knowledge Manager","Arts, culture, heritage and society","No direct, suggested or manual-curated canonical research link yet."
"kwaito-producer","Kwaito Producer","Arts, culture, heritage and society","No direct, suggested or manual-curated canonical research link yet."
"librarian-public","Librarian (Public)","Arts, culture, heritage and society","No direct, suggested or manual-curated canonical research link yet."
"lighting-designer","Lighting Designer","Arts, culture, heritage and society","No direct, suggested or manual-curated canonical research link yet."
"lighting-designer-theatre","Lighting Designer (Theatre)","Arts, culture, heritage and society","No direct, suggested or manual-curated canonical research link yet."
"literary-agent","Literary Agent","Arts, culture, heritage and society","No direct, suggested or manual-curated canonical research link yet."
"literary-translator","Literary Translator","Arts, culture, heritage and society","No direct, suggested or manual-curated canonical research link yet."
"live-sound-engineer","Live Sound Engineer","Arts, culture, heritage and society","No direct, suggested or manual-curated canonical research link yet."
"localisation-specialist","Localisation Specialist","Arts, culture, heritage and society","No direct, suggested or manual-curated canonical research link yet."
"magician-illusionist","Magician / Illusionist","Arts, culture, heritage and society","No direct, suggested or manual-curated canonical research link yet."
"maskanda-traditional-musician","Maskanda / Traditional Musician","Arts, culture, heritage and society","No direct, suggested or manual-curated canonical research link yet."
"mastering-engineer-audio","Mastering Engineer (Audio)","Arts, culture, heritage and society","No direct, suggested or manual-curated canonical research link yet."
"metadata-librarian","Metadata Librarian","Arts, culture, heritage and society","No direct, suggested or manual-curated canonical research link yet."
"mosaic-artist","Mosaic Artist","Arts, culture, heritage and society","No direct, suggested or manual-curated canonical research link yet."
"museum-education-officer","Museum Education Officer","Arts, culture, heritage and society","No direct, suggested or manual-curated canonical research link yet."
"music-composer","Music Composer","Arts, culture, heritage and society","No direct, suggested or manual-curated canonical research link yet."
"music-director","Music Director","Arts, culture, heritage and society","No direct, suggested or manual-curated canonical research link yet."
"music-dj-club","Music DJ (Club)","Arts, culture, heritage and society","No direct, suggested or manual-curated canonical research link yet."
"music-producer","Music Producer","Arts, culture, heritage and society","No direct, suggested or manual-curated canonical research link yet."
"music-producer-recording-studio","Music Producer (Recording Studio)","Arts, culture, heritage and society","No direct, suggested or manual-curated canonical research link yet."
"musician-session-performing","Musician (Session / Performing)","Arts, culture, heritage and society","No direct, suggested or manual-curated canonical research link yet."
"news-reporter","News Reporter","Arts, culture, heritage and society","No direct, suggested or manual-curated canonical research link yet."
"opera-singer","Opera Singer","Arts, culture, heritage and society","No direct, suggested or manual-curated canonical research link yet."
"oral-historian","Oral Historian","Arts, culture, heritage and society","No direct, suggested or manual-curated canonical research link yet."
"orchestral-conductor","Orchestral Conductor","Arts, culture, heritage and society","No direct, suggested or manual-curated canonical research link yet."
"painter-artist","Painter (Artist)","Arts, culture, heritage and society","No direct, suggested or manual-curated canonical research link yet."
"performance-artist","Performance Artist","Arts, culture, heritage and society","No direct, suggested or manual-curated canonical research link yet."
"podcast-host-audio-producer","Podcast Host / Audio Producer","Arts, culture, heritage and society","No direct, suggested or manual-curated canonical research link yet."
"poet-spoken-word-artist","Poet / Spoken-Word Artist","Arts, culture, heritage and society","No direct, suggested or manual-curated canonical research link yet."
"poet-laureate","Poet Laureate","Arts, culture, heritage and society","No direct, suggested or manual-curated canonical research link yet."
"political-journalist","Political Journalist","Arts, culture, heritage and society","No direct, suggested or manual-curated canonical research link yet."
"potter","Potter","Arts, culture, heritage and society","No direct, suggested or manual-curated canonical research link yet."
"printmaking-artist","Printmaking Artist","Arts, culture, heritage and society","No direct, suggested or manual-curated canonical research link yet."
"public-art-project-manager","Public Art Project Manager","Arts, culture, heritage and society","No direct, suggested or manual-curated canonical research link yet."
"publishing-editor","Publishing Editor","Arts, culture, heritage and society","No direct, suggested or manual-curated canonical research link yet."
"puppeteer","Puppeteer","Arts, culture, heritage and society","No direct, suggested or manual-curated canonical research link yet."
"radio-dj-presenter","Radio DJ / Presenter","Arts, culture, heritage and society","No direct, suggested or manual-curated canonical research link yet."
"radio-news-reader","Radio News Reader","Arts, culture, heritage and society","No direct, suggested or manual-curated canonical research link yet."
"radio-programmes-manager","Radio Programmes Manager","Arts, culture, heritage and society","No direct, suggested or manual-curated canonical research link yet."
"rare-books-librarian","Rare Books Librarian","Arts, culture, heritage and society","No direct, suggested or manual-curated canonical research link yet."
"research-librarian","Research Librarian","Arts, culture, heritage and society","No direct, suggested or manual-curated canonical research link yet."
"screenwriter","Screenwriter","Arts, culture, heritage and society","No direct, suggested or manual-curated canonical research link yet."
"scriptwriter-tv-film","Scriptwriter (TV / Film)","Arts, culture, heritage and society","No direct, suggested or manual-curated canonical research link yet."
"session-guitarist-band-musician","Session Guitarist / Band Musician","Arts, culture, heritage and society","No direct, suggested or manual-curated canonical research link yet."
"singer","Singer","Arts, culture, heritage and society","No direct, suggested or manual-curated canonical research link yet."
"sound-designer-theatre","Sound Designer (Theatre)","Arts, culture, heritage and society","No direct, suggested or manual-curated canonical research link yet."
"sports-commentator","Sports Commentator","Arts, culture, heritage and society","No direct, suggested or manual-curated canonical research link yet."
"sports-journalist","Sports Journalist","Arts, culture, heritage and society","No direct, suggested or manual-curated canonical research link yet."
"stage-manager-theatre","Stage Manager (Theatre)","Arts, culture, heritage and society","No direct, suggested or manual-curated canonical research link yet."
"studio-recording-engineer","Studio Recording Engineer","Arts, culture, heritage and society","No direct, suggested or manual-curated canonical research link yet."
"sub-editor-proofreader","Sub-Editor / Proofreader","Arts, culture, heritage and society","No direct, suggested or manual-curated canonical research link yet."
"subtitle-editor","Subtitle Editor","Arts, culture, heritage and society","No direct, suggested or manual-curated canonical research link yet."
"subtitler","Subtitler","Arts, culture, heritage and society","No direct, suggested or manual-curated canonical research link yet."
"talk-show-host","Talk Show Host","Arts, culture, heritage and society","No direct, suggested or manual-curated canonical research link yet."
"technical-author-manual-writer","Technical Author / Manual Writer","Arts, culture, heritage and society","No direct, suggested or manual-curated canonical research link yet."
"technical-translator","Technical Translator","Arts, culture, heritage and society","No direct, suggested or manual-curated canonical research link yet."
"television-news-anchor","Television News Anchor","Arts, culture, heritage and society","No direct, suggested or manual-curated canonical research link yet."
"textile-artist","Textile Artist","Arts, culture, heritage and society","No direct, suggested or manual-curated canonical research link yet."
"theatre-director","Theatre Director","Arts, culture, heritage and society","No direct, suggested or manual-curated canonical research link yet."
"theatre-producer","Theatre Producer","Arts, culture, heritage and society","No direct, suggested or manual-curated canonical research link yet."
"traditional-dancer","Traditional Dancer","Arts, culture, heritage and society","No direct, suggested or manual-curated canonical research link yet."
"translator-interpreter","Translator / Interpreter","Arts, culture, heritage and society","No direct, suggested or manual-curated canonical research link yet."
"travel-writer","Travel Writer","Arts, culture, heritage and society","No direct, suggested or manual-curated canonical research link yet."
"tv-presenter","TV Presenter","Arts, culture, heritage and society","No direct, suggested or manual-curated canonical research link yet."
"video-game-narrative-designer","Video Game Narrative Designer","Arts, culture, heritage and society","No direct, suggested or manual-curated canonical research link yet."
"voice-over-talent-radio-tv-ads","Voice-Over Talent (Radio / TV Ads)","Arts, culture, heritage and society","No direct, suggested or manual-curated canonical research link yet."
"weather-presenter","Weather Presenter","Arts, culture, heritage and society","No direct, suggested or manual-curated canonical research link yet."
"weaver","Weaver","Arts, culture, heritage and society","No direct, suggested or manual-curated canonical research link yet."
"woodcarver","Woodcarver","Arts, culture, heritage and society","No direct, suggested or manual-curated canonical research link yet."
"3d-printing-technician","3D Printing Technician","Creative, media and design","No direct, suggested or manual-curated canonical research link yet."
"adr-recordist","ADR Recordist","Creative, media and design","No direct, suggested or manual-curated canonical research link yet."
"advertising-account-executive","Advertising Account Executive","Creative, media and design","No direct, suggested or manual-curated canonical research link yet."
"advertising-creative","Advertising Creative","Creative, media and design","No direct, suggested or manual-curated canonical research link yet."
"animator-2d","Animator (2D)","Creative, media and design","No direct, suggested or manual-curated canonical research link yet."
"animator-3d","Animator (3D)","Creative, media and design","No direct, suggested or manual-curated canonical research link yet."
"art-department-assistant","Art Department Assistant","Creative, media and design","No direct, suggested or manual-curated canonical research link yet."
"art-director-advertising","Art Director (Advertising)","Creative, media and design","No direct, suggested or manual-curated canonical research link yet."
"barber","Barber","Creative, media and design","No direct, suggested or manual-curated canonical research link yet."
"beauty-therapist","Beauty Therapist","Creative, media and design","No direct, suggested or manual-curated canonical research link yet."
"best-boy-lighting","Best Boy (Lighting)","Creative, media and design","No direct, suggested or manual-curated canonical research link yet."
"bookbinder","Bookbinder","Creative, media and design","No direct, suggested or manual-curated canonical research link yet."
"boom-operator","Boom Operator","Creative, media and design","No direct, suggested or manual-curated canonical research link yet."
"broadcast-technician","Broadcast Technician","Creative, media and design","No direct, suggested or manual-curated canonical research link yet."
"casting-assistant","Casting Assistant","Creative, media and design","No direct, suggested or manual-curated canonical research link yet."
"casting-director","Casting Director","Creative, media and design","No direct, suggested or manual-curated canonical research link yet."
"character-designer-animation","Character Designer (Animation)","Creative, media and design","No direct, suggested or manual-curated canonical research link yet."
"children-s-book-illustrator","Children's Book Illustrator","Creative, media and design","No direct, suggested or manual-curated canonical research link yet."
"cinematographer-dop","Cinematographer / DOP","Creative, media and design","No direct, suggested or manual-curated canonical research link yet."
"colourist-film-video","Colourist (Film / Video)","Creative, media and design","No direct, suggested or manual-curated canonical research link yet."
"comic-book-illustrator","Comic Book Illustrator","Creative, media and design","No direct, suggested or manual-curated canonical research link yet."
"communications-officer","Communications Officer","Creative, media and design","No direct, suggested or manual-curated canonical research link yet."
"compositor-post-production","Compositor (Post Production)","Creative, media and design","No direct, suggested or manual-curated canonical research link yet."
"concept-artist-games-film","Concept Artist (Games / Film)","Creative, media and design","No direct, suggested or manual-curated canonical research link yet."
"content-creator-influencer","Content Creator / Influencer","Creative, media and design","No direct, suggested or manual-curated canonical research link yet."
"content-strategist","Content Strategist","Creative, media and design","No direct, suggested or manual-curated canonical research link yet."
"content-writer","Content Writer","Creative, media and design","No direct, suggested or manual-curated canonical research link yet."
"continuity-script-supervisor","Continuity / Script Supervisor","Creative, media and design","No direct, suggested or manual-curated canonical research link yet."
"conversion-copywriter","Conversion Copywriter","Creative, media and design","No direct, suggested or manual-curated canonical research link yet."
"copy-chief-agency","Copy Chief (Agency)","Creative, media and design","No direct, suggested or manual-curated canonical research link yet."
"corporate-photographer","Corporate Photographer","Creative, media and design","No direct, suggested or manual-curated canonical research link yet."
"costume-designer","Costume Designer","Arts, culture, heritage and society","No direct, suggested or manual-curated canonical research link yet."
"costume-supervisor","Costume Supervisor","Creative, media and design","No direct, suggested or manual-curated canonical research link yet."
"creative-director","Creative Director","Creative, media and design","No direct, suggested or manual-curated canonical research link yet."
"creative-technologist","Creative Technologist","Creative, media and design","No direct, suggested or manual-curated canonical research link yet."
"digital-marketing-designer","Digital Marketing Designer","Creative, media and design","No direct, suggested or manual-curated canonical research link yet."
"digital-marketing-specialist","Digital Marketing Specialist","Creative, media and design","No direct, suggested or manual-curated canonical research link yet."
"digital-print-operator","Digital Print Operator","Creative, media and design","No direct, suggested or manual-curated canonical research link yet."
"drone-photographer-aerial-cinematographer","Drone Photographer / Aerial Cinematographer","Creative, media and design","No direct, suggested or manual-curated canonical research link yet."
"dubbing-mixer","Dubbing Mixer","Creative, media and design","No direct, suggested or manual-curated canonical research link yet."
"editorial-illustrator","Editorial Illustrator","Creative, media and design","No direct, suggested or manual-curated canonical research link yet."
"fashion-photographer","Fashion Photographer","Creative, media and design","No direct, suggested or manual-curated canonical research link yet."
"film-tv-producer","Film / TV Producer","Creative, media and design","No direct, suggested or manual-curated canonical research link yet."
"film-director","Film Director","Creative, media and design","No direct, suggested or manual-curated canonical research link yet."
"film-editor","Film Editor","Creative, media and design","No direct, suggested or manual-curated canonical research link yet."
"film-producer","Film Producer","Creative, media and design","No direct, suggested or manual-curated canonical research link yet."
"foley-artist","Foley Artist","Creative, media and design","No direct, suggested or manual-curated canonical research link yet."
"gaffer-lighting-technician","Gaffer (Lighting Technician)","Creative, media and design","No direct, suggested or manual-curated canonical research link yet."
"graphic-designer-print","Graphic Designer (Print)","Creative, media and design","No direct, suggested or manual-curated canonical research link yet."
"hair-stylist-film-tv","Hair Stylist (Film / TV)","Creative, media and design","No direct, suggested or manual-curated canonical research link yet."
"infographic-designer","Infographic Designer","Creative, media and design","No direct, suggested or manual-curated canonical research link yet."
"jewellery-designer","Jewellery Designer","Creative, media and design","No direct, suggested or manual-curated canonical research link yet."
"jingle-writer-commercial-music-composer","Jingle Writer / Commercial Music Composer","Creative, media and design","No direct, suggested or manual-curated canonical research link yet."
"key-grip-film","Key Grip (Film)","Creative, media and design","No direct, suggested or manual-curated canonical research link yet."
"lighting-technician","Lighting Technician","Creative, media and design","No direct, suggested or manual-curated canonical research link yet."
"line-producer","Line Producer","Creative, media and design","No direct, suggested or manual-curated canonical research link yet."
"live-streamer-creative","Live Streamer (Creative)","Creative, media and design","No direct, suggested or manual-curated canonical research link yet."
"location-manager","Location Manager","Creative, media and design","No direct, suggested or manual-curated canonical research link yet."
"location-sound-recordist","Location Sound Recordist","Creative, media and design","No direct, suggested or manual-curated canonical research link yet."
"logo-identity-designer","Logo / Identity Designer","Creative, media and design","No direct, suggested or manual-curated canonical research link yet."
"make-up-artist-film-tv","Make-Up Artist (Film / TV)","Creative, media and design","No direct, suggested or manual-curated canonical research link yet."
"muralist-public-artist","Muralist / Public Artist","Creative, media and design","No direct, suggested or manual-curated canonical research link yet."
"packaging-designer","Packaging Designer","Creative, media and design","No direct, suggested or manual-curated canonical research link yet."
"photo-editor","Photo Editor","Creative, media and design","No direct, suggested or manual-curated canonical research link yet."
"photo-retoucher","Photo Retoucher","Creative, media and design","No direct, suggested or manual-curated canonical research link yet."
"photographer","Photographer","Creative, media and design","No direct, suggested or manual-curated canonical research link yet."
"photographer-commercial","Photographer (Commercial)","Creative, media and design","No direct, suggested or manual-curated canonical research link yet."
"photographic-studio-assistant","Photographic Studio Assistant","Creative, media and design","No direct, suggested or manual-curated canonical research link yet."
"photojournalist","Photojournalist","Creative, media and design","No direct, suggested or manual-curated canonical research link yet."
"podcast-producer","Podcast Producer","Creative, media and design","No direct, suggested or manual-curated canonical research link yet."
"prepress-technician","Prepress Technician","Creative, media and design","No direct, suggested or manual-curated canonical research link yet."
"print-production-manager","Print Production Manager","Creative, media and design","No direct, suggested or manual-curated canonical research link yet."
"printing-worker","Printing Worker","Creative, media and design","No direct, suggested or manual-curated canonical research link yet."
"production-assistant-media","Production Assistant (Media)","Creative, media and design","No direct, suggested or manual-curated canonical research link yet."
"production-coordinator","Production Coordinator","Creative, media and design","No direct, suggested or manual-curated canonical research link yet."
"production-manager-film","Production Manager (Film)","Creative, media and design","No direct, suggested or manual-curated canonical research link yet."
"proofreader","Proofreader","Creative, media and design","No direct, suggested or manual-curated canonical research link yet."
"props-buyer","Props Buyer","Creative, media and design","No direct, suggested or manual-curated canonical research link yet."
"props-master","Props Master","Creative, media and design","No direct, suggested or manual-curated canonical research link yet."
"publication-designer-book-layout","Publication Designer (Book Layout)","Creative, media and design","No direct, suggested or manual-curated canonical research link yet."
"radio-producer","Radio Producer","Creative, media and design","No direct, suggested or manual-curated canonical research link yet."
"screen-printer","Screen Printer","Creative, media and design","No direct, suggested or manual-curated canonical research link yet."
"set-stage-designer","Set / Stage Designer","Creative, media and design","No direct, suggested or manual-curated canonical research link yet."
"set-dresser","Set Dresser","Creative, media and design","No direct, suggested or manual-curated canonical research link yet."
"sign-language-interpreter","Sign Language Interpreter","Creative, media and design","No direct, suggested or manual-curated canonical research link yet."
"sound-designer","Sound Designer","Arts, culture, heritage and society","No direct, suggested or manual-curated canonical research link yet."
"sound-engineer-live","Sound Engineer (Live)","Creative, media and design","No direct, suggested or manual-curated canonical research link yet."
"sound-technician","Sound Technician","Creative, media and design","No direct, suggested or manual-curated canonical research link yet."
"special-effects-make-up-artist","Special Effects Make-Up Artist","Creative, media and design","No direct, suggested or manual-curated canonical research link yet."
"storyboard-artist","Storyboard Artist","Creative, media and design","No direct, suggested or manual-curated canonical research link yet."
"stunt-coordinator","Stunt Coordinator","Creative, media and design","No direct, suggested or manual-curated canonical research link yet."
"stunt-performer","Stunt Performer","Creative, media and design","No direct, suggested or manual-curated canonical research link yet."
"talent-agent","Talent Agent","Creative, media and design","No direct, suggested or manual-curated canonical research link yet."
"television-presenter","Television Presenter","Creative, media and design","No direct, suggested or manual-curated canonical research link yet."
"tiktok-reels-editor","TikTok / Reels Editor","Creative, media and design","No direct, suggested or manual-curated canonical research link yet."
"typography-designer","Typography Designer","Creative, media and design","No direct, suggested or manual-curated canonical research link yet."
"unit-production-manager","Unit Production Manager","Creative, media and design","No direct, suggested or manual-curated canonical research link yet."
"user-researcher","User Researcher","Creative, media and design","No direct, suggested or manual-curated canonical research link yet."
"vfx-artist","VFX Artist","Creative, media and design","No direct, suggested or manual-curated canonical research link yet."
"vfx-supervisor","VFX Supervisor","Creative, media and design","No direct, suggested or manual-curated canonical research link yet."
"video-editor","Video Editor","Creative, media and design","No direct, suggested or manual-curated canonical research link yet."
"video-game-audio-designer","Video Game Audio Designer","Creative, media and design","No direct, suggested or manual-curated canonical research link yet."
"voice-actor-animation-dub","Voice Actor (Animation / Dub)","Creative, media and design","No direct, suggested or manual-curated canonical research link yet."
"voice-casting-director","Voice Casting Director","Creative, media and design","No direct, suggested or manual-curated canonical research link yet."
"voice-over-artist","Voice-Over Artist","Creative, media and design","No direct, suggested or manual-curated canonical research link yet."
"wardrobe-assistant","Wardrobe Assistant","Creative, media and design","No direct, suggested or manual-curated canonical research link yet."
"wedding-photographer","Wedding Photographer","Creative, media and design","No direct, suggested or manual-curated canonical research link yet."
"wildlife-photographer","Wildlife Photographer","Creative, media and design","No direct, suggested or manual-curated canonical research link yet."
"youtuber-streamer","YouTuber / Streamer","Creative, media and design","No direct, suggested or manual-curated canonical research link yet."
"abet-practitioner","ABET Practitioner","Education, training and youth development","No direct, suggested or manual-curated canonical research link yet."
"academic-development-practitioner","Academic Development Practitioner","Education, training and youth development","No direct, suggested or manual-curated canonical research link yet."
"accounting-teacher","Accounting Teacher","Education, training and youth development","No direct, suggested or manual-curated canonical research link yet."
"adult-education-abet-teacher","Adult Education (ABET) Teacher","Education, training and youth development","No direct, suggested or manual-curated canonical research link yet."
"afrikaans-home-language-teacher","Afrikaans Home Language Teacher","Education, training and youth development","No direct, suggested or manual-curated canonical research link yet."
"art-teacher","Art Teacher","Education, training and youth development","No direct, suggested or manual-curated canonical research link yet."
"artisan-rpl-advisor","Artisan RPL Advisor","Education, training and youth development","No direct, suggested or manual-curated canonical research link yet."
"assessment-moderator","Assessment Moderator","Education, training and youth development","No direct, suggested or manual-curated canonical research link yet."
"assessor-etqa","Assessor (ETQA)","Education, training and youth development","No direct, suggested or manual-curated canonical research link yet."
"athletics-coach","Athletics Coach","Education, training and youth development","No direct, suggested or manual-curated canonical research link yet."
"autism-support-teacher","Autism Support Teacher","Education, training and youth development","No direct, suggested or manual-curated canonical research link yet."
"braille-teacher","Braille Teacher","Education, training and youth development","No direct, suggested or manual-curated canonical research link yet."
"braille-transcriber","Braille Transcriber","Education, training and youth development","No direct, suggested or manual-curated canonical research link yet."
"business-studies-teacher","Business Studies Teacher","Education, training and youth development","No direct, suggested or manual-curated canonical research link yet."
"career-advisor-school","Career Advisor (School)","Education, training and youth development","No direct, suggested or manual-curated canonical research link yet."
"career-coach","Career Coach","Education, training and youth development","No direct, suggested or manual-curated canonical research link yet."
"coach-life-business","Coach (Life / Business)","Education, training and youth development","No direct, suggested or manual-curated canonical research link yet."
"computer-applications-technology-cat-teacher","Computer Applications Technology (CAT) Teacher","Education, training and youth development","No direct, suggested or manual-curated canonical research link yet."
"consumer-studies-hospitality-teacher","Consumer Studies / Hospitality Teacher","Education, training and youth development","No direct, suggested or manual-curated canonical research link yet."
"creche-assistant","Creche Assistant","Education, training and youth development","No direct, suggested or manual-curated canonical research link yet."
"cricket-coach","Cricket Coach","Education, training and youth development","No direct, suggested or manual-curated canonical research link yet."
"curriculum-advisor-doe","Curriculum Advisor (DOE)","Education, training and youth development","No direct, suggested or manual-curated canonical research link yet."
"dance-teacher","Dance Teacher","Education, training and youth development","No direct, suggested or manual-curated canonical research link yet."
"day-care-manager","Day Care Manager","Education, training and youth development","No direct, suggested or manual-curated canonical research link yet."
"dean-of-faculty","Dean of Faculty","Education, training and youth development","No direct, suggested or manual-curated canonical research link yet."
"deputy-principal","Deputy Principal","Education, training and youth development","No direct, suggested or manual-curated canonical research link yet."
"drama-teacher","Drama Teacher","Arts, culture, heritage and society","No direct, suggested or manual-curated canonical research link yet."
"driving-instructor","Driving Instructor","Education, training and youth development","No direct, suggested or manual-curated canonical research link yet."
"ecd-assistant","ECD Assistant","Education, training and youth development","No direct, suggested or manual-curated canonical research link yet."
"ecd-centre-principal","ECD Centre Principal","Education, training and youth development","No direct, suggested or manual-curated canonical research link yet."
"economics-teacher","Economics Teacher","Education, training and youth development","No direct, suggested or manual-curated canonical research link yet."
"edtech-integration-specialist","EdTech Integration Specialist","Education, training and youth development","No direct, suggested or manual-curated canonical research link yet."
"engineering-graphics-and-design-teacher","Engineering Graphics and Design Teacher","Education, training and youth development","No direct, suggested or manual-curated canonical research link yet."
"english-home-language-teacher","English Home Language Teacher","Education, training and youth development","No direct, suggested or manual-curated canonical research link yet."
"english-second-language-esl-teacher","English Second Language (ESL) Teacher","Education, training and youth development","No direct, suggested or manual-curated canonical research link yet."
"exam-marker-matric","Exam Marker (Matric)","Education, training and youth development","No direct, suggested or manual-curated canonical research link yet."
"examination-invigilator","Examination Invigilator","Education, training and youth development","No direct, suggested or manual-curated canonical research link yet."
"fet-phase-teacher","FET Phase Teacher","Education, training and youth development","No direct, suggested or manual-curated canonical research link yet."
"foundation-phase-teacher","Foundation Phase Teacher","Education, training and youth development","No direct, suggested or manual-curated canonical research link yet."
"geography-teacher","Geography Teacher","Education, training and youth development","No direct, suggested or manual-curated canonical research link yet."
"grade-r-ecd-practitioner-unqualified","Grade R / ECD Practitioner (Unqualified)","Education, training and youth development","No direct, suggested or manual-curated canonical research link yet."
"grade-r-teacher-qualified","Grade R Teacher (Qualified)","Education, training and youth development","No direct, suggested or manual-curated canonical research link yet."
"head-of-department-school","Head of Department (School)","Education, training and youth development","No direct, suggested or manual-curated canonical research link yet."
"higher-education-administrator","Higher Education Administrator","Education, training and youth development","No direct, suggested or manual-curated canonical research link yet."
"history-teacher","History Teacher","Education, training and youth development","No direct, suggested or manual-curated canonical research link yet."
"home-school-tutor","Home School Tutor","Education, training and youth development","No direct, suggested or manual-curated canonical research link yet."
"inclusive-education-specialist","Inclusive Education Specialist","Education, training and youth development","No direct, suggested or manual-curated canonical research link yet."
"information-technology-it-teacher","Information Technology (IT) Teacher","Education, training and youth development","No direct, suggested or manual-curated canonical research link yet."
"instructional-designer-corporate","Instructional Designer (Corporate)","Education, training and youth development","No direct, suggested or manual-curated canonical research link yet."
"intermediate-phase-teacher","Intermediate Phase Teacher","Education, training and youth development","No direct, suggested or manual-curated canonical research link yet."
"isizulu-african-language-teacher","IsiZulu / African Language Teacher","Education, training and youth development","No direct, suggested or manual-curated canonical research link yet."
"language-teacher","Language Teacher","Education, training and youth development","No direct, suggested or manual-curated canonical research link yet."
"learner-support-agent","Learner Support Agent","Education, training and youth development","No direct, suggested or manual-curated canonical research link yet."
"lecturer-tvet-college","Lecturer (TVET College)","Education, training and youth development","No direct, suggested or manual-curated canonical research link yet."
"life-orientation-teacher","Life Orientation Teacher","Education, training and youth development","No direct, suggested or manual-curated canonical research link yet."
"life-sciences-teacher","Life Sciences Teacher","Education, training and youth development","No direct, suggested or manual-curated canonical research link yet."
"mathematical-literacy-teacher","Mathematical Literacy Teacher","Education, training and youth development","No direct, suggested or manual-curated canonical research link yet."
"mathematics-teacher-fet","Mathematics Teacher (FET)","Education, training and youth development","No direct, suggested or manual-curated canonical research link yet."
"moderator-etqa","Moderator (ETQA)","Education, training and youth development","No direct, suggested or manual-curated canonical research link yet."
"museum-curator","Museum Curator","Education, training and youth development","No direct, suggested or manual-curated canonical research link yet."
"museum-educator","Museum Educator","Education, training and youth development","No direct, suggested or manual-curated canonical research link yet."
"music-teacher","Music Teacher","Education, training and youth development","No direct, suggested or manual-curated canonical research link yet."
"music-teacher-private","Music Teacher (Private)","Education, training and youth development","No direct, suggested or manual-curated canonical research link yet."
"online-learning-designer","Online Learning Designer","Education, training and youth development","No direct, suggested or manual-curated canonical research link yet."
"physical-education-teacher","Physical Education Teacher","Education, training and youth development","No direct, suggested or manual-curated canonical research link yet."
"physical-sciences-teacher","Physical Sciences Teacher","Education, training and youth development","No direct, suggested or manual-curated canonical research link yet."
"postdoctoral-research-fellow","Postdoctoral Research Fellow","Education, training and youth development","No direct, suggested or manual-curated canonical research link yet."
"professor","Professor","Education, training and youth development","No direct, suggested or manual-curated canonical research link yet."
"remedial-teacher","Remedial Teacher","Education, training and youth development","No direct, suggested or manual-curated canonical research link yet."
"research-professor","Research Professor","Education, training and youth development","No direct, suggested or manual-curated canonical research link yet."
"researcher-education","Researcher (Education)","Education, training and youth development","No direct, suggested or manual-curated canonical research link yet."
"rugby-coach","Rugby Coach","Education, training and youth development","No direct, suggested or manual-curated canonical research link yet."
"school-administrator","School Administrator","Education, training and youth development","No direct, suggested or manual-curated canonical research link yet."
"school-bursar","School Bursar","Education, training and youth development","No direct, suggested or manual-curated canonical research link yet."
"school-counsellor","School Counsellor","Education, training and youth development","No direct, suggested or manual-curated canonical research link yet."
"school-governing-body-sgb-member","School Governing Body (SGB) Member","Education, training and youth development","No direct, suggested or manual-curated canonical research link yet."
"school-librarian","School Librarian","Education, training and youth development","No direct, suggested or manual-curated canonical research link yet."
"school-psychometrist","School Psychometrist","Education, training and youth development","No direct, suggested or manual-curated canonical research link yet."
"school-social-worker","School Social Worker","Education, training and youth development","No direct, suggested or manual-curated canonical research link yet."
"school-sports-coach","School Sports Coach","Education, training and youth development","No direct, suggested or manual-curated canonical research link yet."
"science-teacher","Science Teacher","Education, training and youth development","No direct, suggested or manual-curated canonical research link yet."
"senior-phase-teacher","Senior Phase Teacher","Education, training and youth development","No direct, suggested or manual-curated canonical research link yet."
"seta-skills-development-facilitator","SETA Skills Development Facilitator","Education, training and youth development","No direct, suggested or manual-curated canonical research link yet."
"sign-language-teacher-sasl","Sign Language Teacher (SASL)","Education, training and youth development","No direct, suggested or manual-curated canonical research link yet."
"skills-development-facilitator-sdf","Skills Development Facilitator (SDF)","Education, training and youth development","No direct, suggested or manual-curated canonical research link yet."
"soccer-coach","Soccer Coach","Education, training and youth development","No direct, suggested or manual-curated canonical research link yet."
"special-needs-teacher","Special Needs Teacher","Education, training and youth development","No direct, suggested or manual-curated canonical research link yet."
"special-needs-teacher-lsen","Special Needs Teacher (LSEN)","Education, training and youth development","No direct, suggested or manual-curated canonical research link yet."
"sports-coach-educational","Sports Coach (Educational)","Education, training and youth development","No direct, suggested or manual-curated canonical research link yet."
"sports-coach-high-school","Sports Coach (High School)","Education, training and youth development","No direct, suggested or manual-curated canonical research link yet."
"study-skills-tutor","Study Skills Tutor","Education, training and youth development","No direct, suggested or manual-curated canonical research link yet."
"swimming-coach","Swimming Coach","Education, training and youth development","No direct, suggested or manual-curated canonical research link yet."
"teacher","Teacher","Education, training and youth development","No direct, suggested or manual-curated canonical research link yet."
"teacher-assistant-education-aide","Teacher Assistant / Education Aide","Education, training and youth development","No direct, suggested or manual-curated canonical research link yet."
"teaching-assistant","Teaching Assistant","Education, training and youth development","No direct, suggested or manual-curated canonical research link yet."
"technology-teacher","Technology Teacher","Education, training and youth development","No direct, suggested or manual-curated canonical research link yet."
"tefl-teacher-online","TEFL Teacher (Online)","Education, training and youth development","No direct, suggested or manual-curated canonical research link yet."
"textbook-author-education-publisher","Textbook Author / Education Publisher","Education, training and youth development","No direct, suggested or manual-curated canonical research link yet."
"trade-test-officer","Trade Test Officer","Education, training and youth development","No direct, suggested or manual-curated canonical research link yet."
"training-facilitator-corporate","Training Facilitator (Corporate)","Education, training and youth development","No direct, suggested or manual-curated canonical research link yet."
"tvet-college-principal","TVET College Principal","Education, training and youth development","No direct, suggested or manual-curated canonical research link yet."
"tvet-college-subject-head","TVET College Subject Head","Education, training and youth development","No direct, suggested or manual-curated canonical research link yet."
"tvet-practical-lecturer","TVET Practical Lecturer","Education, training and youth development","No direct, suggested or manual-curated canonical research link yet."
"visual-arts-teacher","Visual Arts Teacher","Education, training and youth development","No direct, suggested or manual-curated canonical research link yet."
"vocational-education-teacher","Vocational Education Teacher","Education, training and youth development","No direct, suggested or manual-curated canonical research link yet."
"workplace-skills-plan-wsp-coordinator","Workplace Skills Plan (WSP) Coordinator","Education, training and youth development","No direct, suggested or manual-curated canonical research link yet."
"youth-mentor","Youth Mentor","Education, training and youth development","No direct, suggested or manual-curated canonical research link yet."
"ambulance-porter","Ambulance Porter","Elementary and entry-level work","No direct, suggested or manual-curated canonical research link yet."
"apartment-block-caretaker","Apartment Block Caretaker","Elementary and entry-level work","No direct, suggested or manual-curated canonical research link yet."
"asphalt-labourer-roadworks","Asphalt Labourer (Roadworks)","Elementary and entry-level work","No direct, suggested or manual-curated canonical research link yet."
"bicycle-parcel-delivery-rider","Bicycle Parcel Delivery Rider","Elementary and entry-level work","No direct, suggested or manual-curated canonical research link yet."
"bill-poster","Bill Poster","Elementary and entry-level work","No direct, suggested or manual-curated canonical research link yet."
"bottle-recycling-sorter","Bottle Recycling Sorter","Elementary and entry-level work","No direct, suggested or manual-curated canonical research link yet."
"box-folding-packaging-worker","Box Folding / Packaging Worker","Elementary and entry-level work","No direct, suggested or manual-curated canonical research link yet."
"bricklayer-labourer","Bricklayer Labourer","Elementary and entry-level work","No direct, suggested or manual-curated canonical research link yet."
"brickyard-labourer","Brickyard Labourer","Elementary and entry-level work","No direct, suggested or manual-curated canonical research link yet."
"building-labourer","Building Labourer","Elementary and entry-level work","No direct, suggested or manual-curated canonical research link yet."
"car-park-attendant","Car Park Attendant","Elementary and entry-level work","No direct, suggested or manual-curated canonical research link yet."
"car-parking-marshal-mall","Car Parking Marshal (Mall)","Elementary and entry-level work","No direct, suggested or manual-curated canonical research link yet."
"car-wash-assistant","Car Wash Assistant","Elementary and entry-level work","No direct, suggested or manual-curated canonical research link yet."
"car-wash-worker","Car Wash Worker","Elementary and entry-level work","No direct, suggested or manual-curated canonical research link yet."
"carpenter-assistant","Carpenter Assistant","Elementary and entry-level work","No direct, suggested or manual-curated canonical research link yet."
"cement-bagging-worker","Cement Bagging Worker","Elementary and entry-level work","No direct, suggested or manual-curated canonical research link yet."
"chimney-sweeper","Chimney Sweeper","Elementary and entry-level work","No direct, suggested or manual-curated canonical research link yet."
"citrus-picker","Citrus Picker","Elementary and entry-level work","No direct, suggested or manual-curated canonical research link yet."
"cleaner-janitor","Cleaner / Janitor","Elementary and entry-level work","No direct, suggested or manual-curated canonical research link yet."
"cloud-kitchen-crew-member","Cloud Kitchen Crew Member","Elementary and entry-level work","No direct, suggested or manual-curated canonical research link yet."
"construction-assistant","Construction Assistant","Elementary and entry-level work","No direct, suggested or manual-curated canonical research link yet."
"construction-labourer","Construction Labourer","Elementary and entry-level work","No direct, suggested or manual-curated canonical research link yet."
"construction-site-clean-up-worker","Construction Site Clean-up Worker","Elementary and entry-level work","No direct, suggested or manual-curated canonical research link yet."
"conveyor-belt-attendant","Conveyor Belt Attendant","Elementary and entry-level work","No direct, suggested or manual-curated canonical research link yet."
"data-entry-clerk-basic","Data Entry Clerk (Basic)","Elementary and entry-level work","No direct, suggested or manual-curated canonical research link yet."
"demolition-worker","Demolition Worker","Elementary and entry-level work","No direct, suggested or manual-curated canonical research link yet."
"dry-cleaning-presser","Dry Cleaning Presser","Elementary and entry-level work","No direct, suggested or manual-curated canonical research link yet."
"dry-cleaning-worker","Dry-Cleaning Worker","Elementary and entry-level work","No direct, suggested or manual-curated canonical research link yet."
"electrician-assistant","Electrician Assistant","Elementary and entry-level work","No direct, suggested or manual-curated canonical research link yet."
"event-set-up-worker","Event Set-Up Worker","Elementary and entry-level work","No direct, suggested or manual-curated canonical research link yet."
"factory-general-worker","Factory General Worker","Elementary and entry-level work","No direct, suggested or manual-curated canonical research link yet."
"factory-worker","Factory Worker","Elementary and entry-level work","No direct, suggested or manual-curated canonical research link yet."
"farm-hand-general","Farm Hand (General)","Elementary and entry-level work","No direct, suggested or manual-curated canonical research link yet."
"farm-labourer","Farm Labourer","Elementary and entry-level work","No direct, suggested or manual-curated canonical research link yet."
"fence-construction-labourer","Fence Construction Labourer","Elementary and entry-level work","No direct, suggested or manual-curated canonical research link yet."
"filling-station-assistant","Filling Station Assistant","Elementary and entry-level work","No direct, suggested or manual-curated canonical research link yet."
"fish-cleaner-packer","Fish Cleaner / Packer","Elementary and entry-level work","No direct, suggested or manual-curated canonical research link yet."
"fisheries-labourer","Fisheries Labourer","Elementary and entry-level work","No direct, suggested or manual-curated canonical research link yet."
"fishery-worker","Fishery Worker","Elementary and entry-level work","No direct, suggested or manual-curated canonical research link yet."
"fishing-labourer","Fishing Labourer","Elementary and entry-level work","No direct, suggested or manual-curated canonical research link yet."
"flyer-distributor","Flyer Distributor","Elementary and entry-level work","No direct, suggested or manual-curated canonical research link yet."
"forestry-labourer","Forestry Labourer","Elementary and entry-level work","No direct, suggested or manual-curated canonical research link yet."
"fruit-picker","Fruit Picker","Elementary and entry-level work","No direct, suggested or manual-curated canonical research link yet."
"fruit-picker-seasonal-farm-worker","Fruit Picker (Seasonal Farm Worker)","Elementary and entry-level work","No direct, suggested or manual-curated canonical research link yet."
"funeral-pallbearer","Funeral Pallbearer","Elementary and entry-level work","No direct, suggested or manual-curated canonical research link yet."
"garden-service-worker-mowing-weeding","Garden Service Worker (Mowing / Weeding)","Elementary and entry-level work","No direct, suggested or manual-curated canonical research link yet."
"gate-attendant","Gate Attendant","Elementary and entry-level work","No direct, suggested or manual-curated canonical research link yet."
"general-hand","General Hand","Elementary and entry-level work","No direct, suggested or manual-curated canonical research link yet."
"general-labourer","General Labourer","Elementary and entry-level work","No direct, suggested or manual-curated canonical research link yet."
"general-worker","General Worker","Elementary and entry-level work","No direct, suggested or manual-curated canonical research link yet."
"grape-harvester","Grape Harvester","Elementary and entry-level work","No direct, suggested or manual-curated canonical research link yet."
"grocery-packer","Grocery Packer","Elementary and entry-level work","No direct, suggested or manual-curated canonical research link yet."
"hand-packer","Hand Packer","Elementary and entry-level work","No direct, suggested or manual-curated canonical research link yet."
"harvest-worker","Harvest Worker","Elementary and entry-level work","No direct, suggested or manual-curated canonical research link yet."
"hospital-cleaner-casualty-porter","Hospital Cleaner / Casualty Porter","Elementary and entry-level work","No direct, suggested or manual-curated canonical research link yet."
"hospital-porter","Hospital Porter","Elementary and entry-level work","No direct, suggested or manual-curated canonical research link yet."
"hotel-laundry-worker","Hotel Laundry Worker","Elementary and entry-level work","No direct, suggested or manual-curated canonical research link yet."
"hotel-room-cleaner","Hotel Room Cleaner","Elementary and entry-level work","No direct, suggested or manual-curated canonical research link yet."
"hunting-and-trapping-assistant","Hunting and Trapping Assistant","Elementary and entry-level work","No direct, suggested or manual-curated canonical research link yet."
"industrial-laundry-worker","Industrial Laundry Worker","Elementary and entry-level work","No direct, suggested or manual-curated canonical research link yet."
"ironing-service-provider","Ironing Service Provider","Elementary and entry-level work","No direct, suggested or manual-curated canonical research link yet."
"kitchen-assistant","Kitchen Assistant","Elementary and entry-level work","No direct, suggested or manual-curated canonical research link yet."
"kitchen-hand-hospital","Kitchen Hand (Hospital)","Elementary and entry-level work","No direct, suggested or manual-curated canonical research link yet."
"landfill-site-worker","Landfill Site Worker","Elementary and entry-level work","No direct, suggested or manual-curated canonical research link yet."
"leaflet-newspaper-deliverer","Leaflet / Newspaper Deliverer","Elementary and entry-level work","No direct, suggested or manual-curated canonical research link yet."
"leaflet-pamphlet-distributor","Leaflet / Pamphlet Distributor","Elementary and entry-level work","No direct, suggested or manual-curated canonical research link yet."
"logging-worker","Logging Worker","Elementary and entry-level work","No direct, suggested or manual-curated canonical research link yet."
"messenger-bike-courier","Messenger / Bike Courier","Elementary and entry-level work","No direct, suggested or manual-curated canonical research link yet."
"messenger-office-runner","Messenger / Office Runner","Elementary and entry-level work","No direct, suggested or manual-curated canonical research link yet."
"mine-general-worker","Mine General Worker","Elementary and entry-level work","No direct, suggested or manual-curated canonical research link yet."
"mine-labourer","Mine Labourer","Elementary and entry-level work","No direct, suggested or manual-curated canonical research link yet."
"mining-labourer","Mining Labourer","Elementary and entry-level work","No direct, suggested or manual-curated canonical research link yet."
"mortuary-porter","Mortuary Porter","Elementary and entry-level work","No direct, suggested or manual-curated canonical research link yet."
"newspaper-vendor","Newspaper Vendor","Elementary and entry-level work","No direct, suggested or manual-curated canonical research link yet."
"odd-job-worker","Odd Job Worker","Elementary and entry-level work","No direct, suggested or manual-curated canonical research link yet."
"office-runner","Office Runner","Elementary and entry-level work","No direct, suggested or manual-curated canonical research link yet."
"office-tea-assistant-kitchen-runner","Office Tea Assistant / Kitchen Runner","Elementary and entry-level work","No direct, suggested or manual-curated canonical research link yet."
"packaging-labourer","Packaging Labourer","Elementary and entry-level work","No direct, suggested or manual-curated canonical research link yet."
"packaging-line-worker","Packaging Line Worker","Elementary and entry-level work","No direct, suggested or manual-curated canonical research link yet."
"packer","Packer","Elementary and entry-level work","No direct, suggested or manual-curated canonical research link yet."
"painter-labourer","Painter Labourer","Elementary and entry-level work","No direct, suggested or manual-curated canonical research link yet."
"park-attendant","Park Attendant","Elementary and entry-level work","No direct, suggested or manual-curated canonical research link yet."
"park-maintenance-worker","Park Maintenance Worker","Elementary and entry-level work","No direct, suggested or manual-curated canonical research link yet."
"parking-meter-attendant","Parking Meter Attendant","Elementary and entry-level work","No direct, suggested or manual-curated canonical research link yet."
"patient-transport-attendant","Patient Transport Attendant","Elementary and entry-level work","No direct, suggested or manual-curated canonical research link yet."
"petrol-attendant","Petrol Attendant","Elementary and entry-level work","No direct, suggested or manual-curated canonical research link yet."
"pipeline-labourer","Pipeline Labourer","Elementary and entry-level work","No direct, suggested or manual-curated canonical research link yet."
"plantation-worker","Plantation Worker","Elementary and entry-level work","No direct, suggested or manual-curated canonical research link yet."
"plumber-assistant","Plumber Assistant","Elementary and entry-level work","No direct, suggested or manual-curated canonical research link yet."
"porter-hospital-orderly","Porter / Hospital Orderly","Elementary and entry-level work","No direct, suggested or manual-curated canonical research link yet."
"pothole-patch-worker","Pothole Patch Worker","Elementary and entry-level work","No direct, suggested or manual-curated canonical research link yet."
"public-toilet-cleaner","Public Toilet Cleaner","Elementary and entry-level work","No direct, suggested or manual-curated canonical research link yet."
"railway-track-worker","Railway Track Worker","Elementary and entry-level work","No direct, suggested or manual-curated canonical research link yet."
"recycling-sorter-materials-recovery","Recycling Sorter (Materials Recovery)","Elementary and entry-level work","No direct, suggested or manual-curated canonical research link yet."
"refuse-waste-collector","Refuse / Waste Collector","Elementary and entry-level work","No direct, suggested or manual-curated canonical research link yet."
"refuse-collector","Refuse Collector","Elementary and entry-level work","No direct, suggested or manual-curated canonical research link yet."
"restaurant-kitchen-worker","Restaurant Kitchen Worker","Elementary and entry-level work","No direct, suggested or manual-curated canonical research link yet."
"retail-trolley-collector","Retail Trolley Collector","Elementary and entry-level work","No direct, suggested or manual-curated canonical research link yet."
"rider-app-based-parcel-delivery","Rider (App-based parcel delivery)","Elementary and entry-level work","No direct, suggested or manual-curated canonical research link yet."
"road-worker","Road Worker","Elementary and entry-level work","No direct, suggested or manual-curated canonical research link yet."
"sawmill-labourer","Sawmill Labourer","Elementary and entry-level work","No direct, suggested or manual-curated canonical research link yet."
"school-cleaner","School Cleaner","Elementary and entry-level work","No direct, suggested or manual-curated canonical research link yet."
"scullery-worker-hotel","Scullery Worker (Hotel)","Elementary and entry-level work","No direct, suggested or manual-curated canonical research link yet."
"scullery-worker-dishwasher","Scullery Worker / Dishwasher","Elementary and entry-level work","No direct, suggested or manual-curated canonical research link yet."
"security-gate-guard-estate","Security Gate Guard (Estate)","Elementary and entry-level work","No direct, suggested or manual-curated canonical research link yet."
"security-guard-entry-level","Security Guard (Entry-Level)","Elementary and entry-level work","No direct, suggested or manual-curated canonical research link yet."
"service-station-convenience-store-cashier","Service Station Convenience Store Cashier","Elementary and entry-level work","No direct, suggested or manual-curated canonical research link yet."
"service-station-petrol-attendant","Service Station Petrol Attendant","Elementary and entry-level work","No direct, suggested or manual-curated canonical research link yet."
"shelf-packer-night-fill","Shelf Packer (Night Fill)","Elementary and entry-level work","No direct, suggested or manual-curated canonical research link yet."
"shop-packer-shelf-stocker","Shop Packer / Shelf Stocker","Elementary and entry-level work","No direct, suggested or manual-curated canonical research link yet."
"shop-shelf-packer-night-shift","Shop Shelf Packer (Night Shift)","Elementary and entry-level work","No direct, suggested or manual-curated canonical research link yet."
"shopping-mall-cleaner","Shopping Mall Cleaner","Elementary and entry-level work","No direct, suggested or manual-curated canonical research link yet."
"social-media-moderator","Social Media Moderator","Elementary and entry-level work","No direct, suggested or manual-curated canonical research link yet."
"sorting-worker","Sorting Worker","Elementary and entry-level work","No direct, suggested or manual-curated canonical research link yet."
"street-sweeper","Street Sweeper","Elementary and entry-level work","No direct, suggested or manual-curated canonical research link yet."
"street-sweeper-municipal","Street Sweeper (Municipal)","Elementary and entry-level work","No direct, suggested or manual-curated canonical research link yet."
"sweeper-street-cleaner","Sweeper / Street Cleaner","Elementary and entry-level work","No direct, suggested or manual-curated canonical research link yet."
"tea-attendant","Tea Attendant","Elementary and entry-level work","No direct, suggested or manual-curated canonical research link yet."
"ticket-taker","Ticket Taker","Elementary and entry-level work","No direct, suggested or manual-curated canonical research link yet."
"traffic-marshal-construction","Traffic Marshal (Construction)","Elementary and entry-level work","No direct, suggested or manual-curated canonical research link yet."
"trolley-attendant-retail","Trolley Attendant (Retail)","Elementary and entry-level work","No direct, suggested or manual-curated canonical research link yet."
"trolley-collector","Trolley Collector","Elementary and entry-level work","No direct, suggested or manual-curated canonical research link yet."
"tyre-fitter-assistant","Tyre Fitter Assistant","Elementary and entry-level work","No direct, suggested or manual-curated canonical research link yet."
"university-cleaner","University Cleaner","Elementary and entry-level work","No direct, suggested or manual-curated canonical research link yet."
"usher","Usher","Elementary and entry-level work","No direct, suggested or manual-curated canonical research link yet."
"vegetable-harvester","Vegetable Harvester","Elementary and entry-level work","No direct, suggested or manual-curated canonical research link yet."
"warehouse-scanner-operator","Warehouse Scanner Operator","Elementary and entry-level work","No direct, suggested or manual-curated canonical research link yet."
"warehouse-sweeper-cleaner","Warehouse Sweeper / Cleaner","Elementary and entry-level work","No direct, suggested or manual-curated canonical research link yet."
"winch-operator-surface-mine","Winch Operator (Surface Mine)","Elementary and entry-level work","No direct, suggested or manual-curated canonical research link yet."
"window-washer","Window Washer","Elementary and entry-level work","No direct, suggested or manual-curated canonical research link yet."
"accountant-ca-sa","Accountant (CA(SA))","Finance, admin and business operations","No direct, suggested or manual-curated canonical research link yet."
"accounting-technician","Accounting Technician","Finance, admin and business operations","No direct, suggested or manual-curated canonical research link yet."
"actuarial-analyst","Actuarial Analyst","Finance, admin and business operations","No direct, suggested or manual-curated canonical research link yet."
"actuarial-assistant","Actuarial Assistant","Finance, admin and business operations","No direct, suggested or manual-curated canonical research link yet."
"angel-investor","Angel Investor","Finance, admin and business operations","No direct, suggested or manual-curated canonical research link yet."
"anti-money-laundering-aml-analyst","Anti-Money Laundering (AML) Analyst","Finance, admin and business operations","No direct, suggested or manual-curated canonical research link yet."
"b-bbee-consultant","B-BBEE Consultant","Finance, admin and business operations","No direct, suggested or manual-curated canonical research link yet."
"b-bbee-scorecard-verification-analyst","B-BBEE Scorecard Verification Analyst","Finance, admin and business operations","No direct, suggested or manual-curated canonical research link yet."
"bank-branch-manager","Bank Branch Manager","Finance, admin and business operations","No direct, suggested or manual-curated canonical research link yet."
"bank-teller","Bank Teller","Finance, admin and business operations","No direct, suggested or manual-curated canonical research link yet."
"billing-clerk","Billing Clerk","Finance, admin and business operations","No direct, suggested or manual-curated canonical research link yet."
"body-corporate-trustee-voluntary","Body Corporate Trustee (Voluntary)","Finance, admin and business operations","No direct, suggested or manual-curated canonical research link yet."
"bond-originator","Bond Originator","Finance, admin and business operations","No direct, suggested or manual-curated canonical research link yet."
"bookkeeper-to-trial-balance","Bookkeeper to Trial Balance","Finance, admin and business operations","No direct, suggested or manual-curated canonical research link yet."
"business-banker-sme","Business Banker (SME)","Finance, admin and business operations","No direct, suggested or manual-curated canonical research link yet."
"cash-management-specialist","Cash Management Specialist","Finance, admin and business operations","No direct, suggested or manual-curated canonical research link yet."
"chartered-accountant-ca-sa","Chartered Accountant (CA(SA))","Finance, admin and business operations","No direct, suggested or manual-curated canonical research link yet."
"chartered-management-accountant-cima","Chartered Management Accountant (CIMA)","Finance, admin and business operations","No direct, suggested or manual-curated canonical research link yet."
"collections-specialist","Collections Specialist","Finance, admin and business operations","No direct, suggested or manual-curated canonical research link yet."
"commodities-trader","Commodities Trader","Finance, admin and business operations","No direct, suggested or manual-curated canonical research link yet."
"compliance-manager-financial-services","Compliance Manager (Financial Services)","Finance, admin and business operations","No direct, suggested or manual-curated canonical research link yet."
"conveyancing-secretary","Conveyancing Secretary","Finance, admin and business operations","No direct, suggested or manual-curated canonical research link yet."
"cost-accountant","Cost Accountant","Finance, admin and business operations","No direct, suggested or manual-curated canonical research link yet."
"cost-and-management-accountant","Cost and Management Accountant","Finance, admin and business operations","No direct, suggested or manual-curated canonical research link yet."
"cost-clerk","Cost Clerk","Finance, admin and business operations","No direct, suggested or manual-curated canonical research link yet."
"credit-controller","Credit Controller","Finance, admin and business operations","No direct, suggested or manual-curated canonical research link yet."
"credit-risk-analyst","Credit Risk Analyst","Finance, admin and business operations","No direct, suggested or manual-curated canonical research link yet."
"cryptocurrency-digital-asset-analyst","Cryptocurrency / Digital Asset Analyst","Finance, admin and business operations","No direct, suggested or manual-curated canonical research link yet."
"customs-and-excise-officer-sars","Customs and Excise Officer (SARS)","Finance, admin and business operations","No direct, suggested or manual-curated canonical research link yet."
"debt-counsellor-ncr-registered","Debt Counsellor (NCR Registered)","Finance, admin and business operations","No direct, suggested or manual-curated canonical research link yet."
"deeds-office-registrar","Deeds Office Registrar","Finance, admin and business operations","No direct, suggested or manual-curated canonical research link yet."
"derivatives-trader","Derivatives Trader","Finance, admin and business operations","No direct, suggested or manual-curated canonical research link yet."
"equity-research-analyst","Equity Research Analyst","Finance, admin and business operations","No direct, suggested or manual-curated canonical research link yet."
"estate-agent-property-practitioner","Estate Agent (Property Practitioner)","Finance, admin and business operations","No direct, suggested or manual-curated canonical research link yet."
"estate-planner","Estate Planner","Finance, admin and business operations","No direct, suggested or manual-curated canonical research link yet."
"external-auditor","External Auditor","Finance, admin and business operations","No direct, suggested or manual-curated canonical research link yet."
"fais-compliance-officer","FAIS Compliance Officer","Finance, admin and business operations","No direct, suggested or manual-curated canonical research link yet."
"finance-officer","Finance Officer","Finance, admin and business operations","No direct, suggested or manual-curated canonical research link yet."
"financial-analyst","Financial Analyst","Finance, admin and business operations","No direct, suggested or manual-curated canonical research link yet."
"financial-modelling-analyst","Financial Modelling Analyst","Finance, admin and business operations","No direct, suggested or manual-curated canonical research link yet."
"financial-planner-advisor","Financial Planner / Advisor","Finance, admin and business operations","No direct, suggested or manual-curated canonical research link yet."
"fintech-product-analyst","Fintech Product Analyst","Finance, admin and business operations","No direct, suggested or manual-curated canonical research link yet."
"fixed-asset-clerk","Fixed Asset Clerk","Finance, admin and business operations","No direct, suggested or manual-curated canonical research link yet."
"fixed-income-analyst","Fixed Income Analyst","Finance, admin and business operations","No direct, suggested or manual-curated canonical research link yet."
"foreign-exchange-dealer","Foreign Exchange Dealer","Finance, admin and business operations","No direct, suggested or manual-curated canonical research link yet."
"forensic-accountant","Forensic Accountant","Finance, admin and business operations","No direct, suggested or manual-curated canonical research link yet."
"forensic-auditor","Forensic Auditor","Finance, admin and business operations","No direct, suggested or manual-curated canonical research link yet."
"fraud-analyst","Fraud Analyst","Finance, admin and business operations","No direct, suggested or manual-curated canonical research link yet."
"funeral-insurance-agent","Funeral Insurance Agent","Finance, admin and business operations","No direct, suggested or manual-curated canonical research link yet."
"general-office-clerk","General Office Clerk","Finance, admin and business operations","No direct, suggested or manual-curated canonical research link yet."
"government-accountant","Government Accountant","Finance, admin and business operations","No direct, suggested or manual-curated canonical research link yet."
"hedge-fund-manager","Hedge Fund Manager","Finance, admin and business operations","No direct, suggested or manual-curated canonical research link yet."
"home-loans-consultant","Home Loans Consultant","Finance, admin and business operations","No direct, suggested or manual-curated canonical research link yet."
"insurance-claims-handler","Insurance Claims Handler","Finance, admin and business operations","No direct, suggested or manual-curated canonical research link yet."
"insurance-underwriter","Insurance Underwriter","Finance, admin and business operations","No direct, suggested or manual-curated canonical research link yet."
"investment-analyst","Investment Analyst","Finance, admin and business operations","No direct, suggested or manual-curated canonical research link yet."
"investment-banking-analyst","Investment Banking Analyst","Finance, admin and business operations","No direct, suggested or manual-curated canonical research link yet."
"finance-accounting","Junior Accountant","Finance, admin and business operations","No direct, suggested or manual-curated canonical research link yet."
"long-term-insurance-advisor","Long-Term Insurance Advisor","Finance, admin and business operations","No direct, suggested or manual-curated canonical research link yet."
"loss-adjuster","Loss Adjuster","Finance, admin and business operations","No direct, suggested or manual-curated canonical research link yet."
"market-risk-analyst","Market Risk Analyst","Finance, admin and business operations","No direct, suggested or manual-curated canonical research link yet."
"master-of-the-high-court-registrar-officer","Master of the High Court Registrar Officer","Finance, admin and business operations","No direct, suggested or manual-curated canonical research link yet."
"medical-scheme-administrator","Medical Scheme Administrator","Finance, admin and business operations","No direct, suggested or manual-curated canonical research link yet."
"medical-scheme-broker","Medical Scheme Broker","Finance, admin and business operations","No direct, suggested or manual-curated canonical research link yet."
"microfinance-loan-officer","Microfinance Loan Officer","Finance, admin and business operations","No direct, suggested or manual-curated canonical research link yet."
"mortgage-broker","Mortgage Broker","Finance, admin and business operations","No direct, suggested or manual-curated canonical research link yet."
"municipal-billing-clerk","Municipal Billing Clerk","Finance, admin and business operations","No direct, suggested or manual-curated canonical research link yet."
"operational-risk-officer","Operational Risk Officer","Finance, admin and business operations","No direct, suggested or manual-curated canonical research link yet."
"payroll-administrator","Payroll Administrator","Finance, admin and business operations","No direct, suggested or manual-curated canonical research link yet."
"payroll-manager","Payroll Manager","Finance, admin and business operations","No direct, suggested or manual-curated canonical research link yet."
"payroll-officer","Payroll Officer","Finance, admin and business operations","No direct, suggested or manual-curated canonical research link yet."
"pension-fund-administrator","Pension Fund Administrator","Finance, admin and business operations","No direct, suggested or manual-curated canonical research link yet."
"performance-auditor-agsa","Performance Auditor (AGSA)","Finance, admin and business operations","No direct, suggested or manual-curated canonical research link yet."
"personal-banker-consultant","Personal Banker / Consultant","Finance, admin and business operations","No direct, suggested or manual-curated canonical research link yet."
"portfolio-manager","Portfolio Manager","Management, strategy and leadership","No direct, suggested or manual-curated canonical research link yet."
"private-banker-affluent","Private Banker (Affluent)","Finance, admin and business operations","No direct, suggested or manual-curated canonical research link yet."
"private-equity-associate","Private Equity Associate","Finance, admin and business operations","No direct, suggested or manual-curated canonical research link yet."
"professional-accountant-saipa","Professional Accountant (SAIPA)","Finance, admin and business operations","No direct, suggested or manual-curated canonical research link yet."
"property-portfolio-manager","Property Portfolio Manager","Finance, admin and business operations","No direct, suggested or manual-curated canonical research link yet."
"property-valuer","Property Valuer","Finance, admin and business operations","No direct, suggested or manual-curated canonical research link yet."
"reinsurance-specialist","Reinsurance Specialist","Finance, admin and business operations","No direct, suggested or manual-curated canonical research link yet."
"retirement-fund-consultant","Retirement Fund Consultant","Finance, admin and business operations","No direct, suggested or manual-curated canonical research link yet."
"revenue-manager-hospitality-retail","Revenue Manager (Hospitality / Retail)","Finance, admin and business operations","No direct, suggested or manual-curated canonical research link yet."
"risk-surveyor-insurance","Risk Surveyor (Insurance)","Finance, admin and business operations","No direct, suggested or manual-curated canonical research link yet."
"salaries-and-wages-administrator","Salaries and Wages Administrator","Finance, admin and business operations","No direct, suggested or manual-curated canonical research link yet."
"sales-administrator","Sales Administrator","Finance, admin and business operations","No direct, suggested or manual-curated canonical research link yet."
"sars-tax-examiner","SARS Tax Examiner","Finance, admin and business operations","No direct, suggested or manual-curated canonical research link yet."
"sectional-title-managing-agent","Sectional Title Managing Agent","Finance, admin and business operations","No direct, suggested or manual-curated canonical research link yet."
"short-term-insurance-broker","Short-Term Insurance Broker","Finance, admin and business operations","No direct, suggested or manual-curated canonical research link yet."
"stockbroker","Stockbroker","Finance, admin and business operations","No direct, suggested or manual-curated canonical research link yet."
"stokvel-administrator","Stokvel Administrator","Finance, admin and business operations","No direct, suggested or manual-curated canonical research link yet."
"sustainability-reporting-accountant","Sustainability Reporting Accountant","Finance, admin and business operations","No direct, suggested or manual-curated canonical research link yet."
"tax-advisor-vat-paye-cit","Tax Advisor (VAT / PAYE / CIT)","Finance, admin and business operations","No direct, suggested or manual-curated canonical research link yet."
"tax-clerk","Tax Clerk","Finance, admin and business operations","No direct, suggested or manual-curated canonical research link yet."
"tax-practitioner-registered","Tax Practitioner (Registered)","Finance, admin and business operations","No direct, suggested or manual-curated canonical research link yet."
"tender-administrator","Tender Administrator","Finance, admin and business operations","No direct, suggested or manual-curated canonical research link yet."
"transfer-pricing-specialist","Transfer Pricing Specialist","Finance, admin and business operations","No direct, suggested or manual-curated canonical research link yet."
"treasury-analyst","Treasury Analyst","Finance, admin and business operations","No direct, suggested or manual-curated canonical research link yet."
"treasury-dealer","Treasury Dealer","Finance, admin and business operations","No direct, suggested or manual-curated canonical research link yet."
"trust-administrator","Trust Administrator","Finance, admin and business operations","No direct, suggested or manual-curated canonical research link yet."
"typist","Typist","Finance, admin and business operations","No direct, suggested or manual-curated canonical research link yet."
"vat-clerk","VAT Clerk","Finance, admin and business operations","No direct, suggested or manual-curated canonical research link yet."
"vehicle-finance-consultant","Vehicle Finance Consultant","Finance, admin and business operations","No direct, suggested or manual-curated canonical research link yet."
"venture-capital-associate","Venture Capital Associate","Finance, admin and business operations","No direct, suggested or manual-curated canonical research link yet."
"wealth-manager","Wealth Manager","Finance, admin and business operations","No direct, suggested or manual-curated canonical research link yet."
"acupuncturist","Acupuncturist","Health, care and social services","No direct, suggested or manual-curated canonical research link yet."
"anaesthetic-technician","Anaesthetic Technician","Health, care and social services","No direct, suggested or manual-curated canonical research link yet."
"animal-health-technician","Animal Health Technician","Health, care and social services","No direct, suggested or manual-curated canonical research link yet."
"aromatherapist","Aromatherapist","Health, care and social services","No direct, suggested or manual-curated canonical research link yet."
"audiometry-technician","Audiometry Technician","Health, care and social services","No direct, suggested or manual-curated canonical research link yet."
"basic-ambulance-assistant-baa","Basic Ambulance Assistant (BAA)","Health, care and social services","No direct, suggested or manual-curated canonical research link yet."
"biokineticist","Biokineticist","Health, care and social services","No direct, suggested or manual-curated canonical research link yet."
"biokinetics-assistant","Biokinetics Assistant","Health, care and social services","No direct, suggested or manual-curated canonical research link yet."
"cardiologist","Cardiologist","Health, care and social services","No direct, suggested or manual-curated canonical research link yet."
"child-and-youth-care-worker","Child and Youth Care Worker","Health, care and social services","No direct, suggested or manual-curated canonical research link yet."
"chiropractor","Chiropractor","Health, care and social services","No direct, suggested or manual-curated canonical research link yet."
"clinical-associate","Clinical Associate","Health, care and social services","No direct, suggested or manual-curated canonical research link yet."
"clinical-coder","Clinical Coder","Health, care and social services","No direct, suggested or manual-curated canonical research link yet."
"clinical-pharmacologist","Clinical Pharmacologist","Health, care and social services","No direct, suggested or manual-curated canonical research link yet."
"clinical-research-coordinator","Clinical Research Coordinator","Health, care and social services","No direct, suggested or manual-curated canonical research link yet."
"community-development-health-worker","Community Development Health Worker","Health, care and social services","No direct, suggested or manual-curated canonical research link yet."
"community-service-medical-officer","Community Service Medical Officer","Health, care and social services","No direct, suggested or manual-curated canonical research link yet."
"critical-care-paramedic-cca","Critical Care Paramedic (CCA)","Health, care and social services","No direct, suggested or manual-curated canonical research link yet."
"dental-technician","Dental Technician","Health, care and social services","No direct, suggested or manual-curated canonical research link yet."
"dental-technologist","Dental Technologist","Health, care and social services","No direct, suggested or manual-curated canonical research link yet."
"dental-therapist","Dental Therapist","Health, care and social services","No direct, suggested or manual-curated canonical research link yet."
"dermatologist","Dermatologist","Health, care and social services","No direct, suggested or manual-curated canonical research link yet."
"doctor-general-practitioner","Doctor (General Practitioner)","Health, care and social services","No direct, suggested or manual-curated canonical research link yet."
"emergency-care-technician-ect","Emergency Care Technician (ECT)","Health, care and social services","No direct, suggested or manual-curated canonical research link yet."
"emergency-medical-technician-basic","Emergency Medical Technician (Basic)","Health, care and social services","No direct, suggested or manual-curated canonical research link yet."
"emergency-medicine-specialist","Emergency Medicine Specialist","Health, care and social services","No direct, suggested or manual-curated canonical research link yet."
"ent-specialist-otorhinolaryngologist","ENT Specialist (Otorhinolaryngologist)","Health, care and social services","No direct, suggested or manual-curated canonical research link yet."
"family-physician","Family Physician","Health, care and social services","No direct, suggested or manual-curated canonical research link yet."
"forensic-pathologist","Forensic Pathologist","Health, care and social services","No direct, suggested or manual-curated canonical research link yet."
"funeral-worker","Funeral Worker","Health, care and social services","No direct, suggested or manual-curated canonical research link yet."
"general-surgeon","General Surgeon","Health, care and social services","No direct, suggested or manual-curated canonical research link yet."
"haematologist","Haematologist","Health, care and social services","No direct, suggested or manual-curated canonical research link yet."
"hand-therapist","Hand Therapist","Health, care and social services","No direct, suggested or manual-curated canonical research link yet."
"health-data-analyst","Health Data Analyst","Health, care and social services","No direct, suggested or manual-curated canonical research link yet."
"hearing-aid-acoustician","Hearing Aid Acoustician","Health, care and social services","No direct, suggested or manual-curated canonical research link yet."
"hearing-aid-technician","Hearing Aid Technician","Health, care and social services","No direct, suggested or manual-curated canonical research link yet."
"hiv-aids-counsellor","HIV/AIDS Counsellor","Health, care and social services","No direct, suggested or manual-curated canonical research link yet."
"home-based-care-worker","Home-Based Care Worker","Health, care and social services","No direct, suggested or manual-curated canonical research link yet."
"homeopath","Homeopath","Health, care and social services","No direct, suggested or manual-curated canonical research link yet."
"hospital-pharmacist","Hospital Pharmacist","Health, care and social services","No direct, suggested or manual-curated canonical research link yet."
"malaria-control-officer","Malaria Control Officer","Health, care and social services","No direct, suggested or manual-curated canonical research link yet."
"massage-therapist-registered","Massage Therapist (Registered)","Health, care and social services","No direct, suggested or manual-curated canonical research link yet."
"medical-billing-specialist","Medical Billing Specialist","Health, care and social services","No direct, suggested or manual-curated canonical research link yet."
"medical-intern","Medical Intern","Health, care and social services","No direct, suggested or manual-curated canonical research link yet."
"midwife-advanced","Midwife (Advanced)","Health, care and social services","No direct, suggested or manual-curated canonical research link yet."
"midwife-professional","Midwife (Professional)","Health, care and social services","No direct, suggested or manual-curated canonical research link yet."
"naturopath","Naturopath","Health, care and social services","No direct, suggested or manual-curated canonical research link yet."
"nephrology-dialysis-nurse","Nephrology / Dialysis Nurse","Health, care and social services","No direct, suggested or manual-curated canonical research link yet."
"neurosurgeon","Neurosurgeon","Health, care and social services","No direct, suggested or manual-curated canonical research link yet."
"nurse-manager","Nurse Manager","Health, care and social services","No direct, suggested or manual-curated canonical research link yet."
"nursing-auxiliary","Nursing Auxiliary","Health, care and social services","No direct, suggested or manual-curated canonical research link yet."
"obstetrician-and-gynaecologist","Obstetrician and Gynaecologist","Health, care and social services","No direct, suggested or manual-curated canonical research link yet."
"oncologist","Oncologist","Health, care and social services","No direct, suggested or manual-curated canonical research link yet."
"oncology-nurse","Oncology Nurse","Health, care and social services","No direct, suggested or manual-curated canonical research link yet."
"operating-department-practitioner","Operating Department Practitioner","Health, care and social services","No direct, suggested or manual-curated canonical research link yet."
"ophthalmologist","Ophthalmologist","Health, care and social services","No direct, suggested or manual-curated canonical research link yet."
"optician-dispensing","Optician (Dispensing)","Health, care and social services","No direct, suggested or manual-curated canonical research link yet."
"oral-hygienist","Oral Hygienist","Health, care and social services","No direct, suggested or manual-curated canonical research link yet."
"orthopaedic-surgeon","Orthopaedic Surgeon","Health, care and social services","No direct, suggested or manual-curated canonical research link yet."
"orthopaedic-technician","Orthopaedic Technician","Health, care and social services","No direct, suggested or manual-curated canonical research link yet."
"orthotist-prosthetist","Orthotist / Prosthetist","Health, care and social services","No direct, suggested or manual-curated canonical research link yet."
"paediatric-physiotherapist","Paediatric Physiotherapist","Health, care and social services","No direct, suggested or manual-curated canonical research link yet."
"paramedic-advanced-life-support","Paramedic (Advanced Life Support)","Health, care and social services","No direct, suggested or manual-curated canonical research link yet."
"pathologist-anatomical","Pathologist (Anatomical)","Health, care and social services","No direct, suggested or manual-curated canonical research link yet."
"perfusionist","Perfusionist","Health, care and social services","No direct, suggested or manual-curated canonical research link yet."
"pharmacist-assistant","Pharmacist Assistant","Health, care and social services","No direct, suggested or manual-curated canonical research link yet."
"pharmacy-technician","Pharmacy Technician","Health, care and social services","No direct, suggested or manual-curated canonical research link yet."
"phlebotomist","Phlebotomist","Health, care and social services","No direct, suggested or manual-curated canonical research link yet."
"plastic-and-reconstructive-surgeon","Plastic and Reconstructive Surgeon","Health, care and social services","No direct, suggested or manual-curated canonical research link yet."
"podiatrist","Podiatrist","Health, care and social services","No direct, suggested or manual-curated canonical research link yet."
"post-basic-pharmacist-assistant","Post-Basic Pharmacist Assistant","Health, care and social services","No direct, suggested or manual-curated canonical research link yet."
"psychiatric-nurse","Psychiatric Nurse","Health, care and social services","No direct, suggested or manual-curated canonical research link yet."
"radiographer-diagnostic","Radiographer (Diagnostic)","Health, care and social services","No direct, suggested or manual-curated canonical research link yet."
"radiographer-therapeutic","Radiographer (Therapeutic)","Health, care and social services","No direct, suggested or manual-curated canonical research link yet."
"reflexologist","Reflexologist","Health, care and social services","No direct, suggested or manual-curated canonical research link yet."
"registered-nurse-critical-care","Registered Nurse (Critical Care)","Health, care and social services","No direct, suggested or manual-curated canonical research link yet."
"registered-nurse-general","Registered Nurse (General)","Health, care and social services","No direct, suggested or manual-curated canonical research link yet."
"registered-nurse-midwifery","Registered Nurse (Midwifery)","Health, care and social services","No direct, suggested or manual-curated canonical research link yet."
"registered-nurse-operating-theatre","Registered Nurse (Operating Theatre)","Health, care and social services","No direct, suggested or manual-curated canonical research link yet."
"registered-nurse-paediatrics","Registered Nurse (Paediatrics)","Health, care and social services","No direct, suggested or manual-curated canonical research link yet."
"registered-nurse-psychiatric","Registered Nurse (Psychiatric)","Health, care and social services","No direct, suggested or manual-curated canonical research link yet."
"rural-doctor-community-service","Rural Doctor (Community Service)","Health, care and social services","No direct, suggested or manual-curated canonical research link yet."
"specialist-physician","Specialist Physician","Health, care and social services","No direct, suggested or manual-curated canonical research link yet."
"speech-therapy-assistant","Speech Therapy Assistant","Health, care and social services","No direct, suggested or manual-curated canonical research link yet."
"speech-language-therapist","Speech-Language Therapist","Health, care and social services","No direct, suggested or manual-curated canonical research link yet."
"sports-physiotherapist","Sports Physiotherapist","Health, care and social services","No direct, suggested or manual-curated canonical research link yet."
"staff-nurse","Staff Nurse","Health, care and social services","No direct, suggested or manual-curated canonical research link yet."
"substance-abuse-counsellor","Substance Abuse Counsellor","Health, care and social services","No direct, suggested or manual-curated canonical research link yet."
"tb-nurse","TB Nurse","Health, care and social services","No direct, suggested or manual-curated canonical research link yet."
"telehealth-coordinator","Telehealth Coordinator","Health, care and social services","No direct, suggested or manual-curated canonical research link yet."
"theatre-nurse","Theatre Nurse","Health, care and social services","No direct, suggested or manual-curated canonical research link yet."
"traditional-chinese-medicine-practitioner","Traditional Chinese Medicine Practitioner","Health, care and social services","No direct, suggested or manual-curated canonical research link yet."
"urologist","Urologist","Health, care and social services","No direct, suggested or manual-curated canonical research link yet."
"veterinarian-large-stock-wildlife","Veterinarian (Large Stock / Wildlife)","Health, care and social services","No direct, suggested or manual-curated canonical research link yet."
"veterinarian-small-animal","Veterinarian (Small Animal)","Health, care and social services","No direct, suggested or manual-curated canonical research link yet."
"veterinary-technologist","Veterinary Technologist","Health, care and social services","No direct, suggested or manual-curated canonical research link yet."
"wellness-programme-coordinator","Wellness Programme Coordinator","Health, care and social services","No direct, suggested or manual-curated canonical research link yet."
"youth-worker","Youth Worker","Health, care and social services","No direct, suggested or manual-curated canonical research link yet."
"airbnb-short-term-rental-host","Airbnb / Short-Term Rental Host","Hospitality, tourism, sport and events","No direct, suggested or manual-curated canonical research link yet."
"athlete","Athlete","Hospitality, tourism, sport and events","No direct, suggested or manual-curated canonical research link yet."
"banqueting-chef","Banqueting Chef","Hospitality, tourism, sport and events","No direct, suggested or manual-curated canonical research link yet."
"bar-back","Bar Back","Hospitality, tourism, sport and events","No direct, suggested or manual-curated canonical research link yet."
"bar-manager","Bar Manager","Hospitality, tourism, sport and events","No direct, suggested or manual-curated canonical research link yet."
"barista-trainer","Barista Trainer","Hospitality, tourism, sport and events","No direct, suggested or manual-curated canonical research link yet."
"barman-pub-tavern","Barman (Pub / Tavern)","Hospitality, tourism, sport and events","No direct, suggested or manual-curated canonical research link yet."
"bartender","Bartender","Hospitality, tourism, sport and events","No direct, suggested or manual-curated canonical research link yet."
"bell-attendant","Bell Attendant","Hospitality, tourism, sport and events","No direct, suggested or manual-curated canonical research link yet."
"bellman-porter","Bellman / Porter","Hospitality, tourism, sport and events","No direct, suggested or manual-curated canonical research link yet."
"brewmaster-craft-beer","Brewmaster (Craft Beer)","Hospitality, tourism, sport and events","No direct, suggested or manual-curated canonical research link yet."
"butcher-chef","Butcher Chef","Hospitality, tourism, sport and events","No direct, suggested or manual-curated canonical research link yet."
"butler-lodge-host","Butler / Lodge Host","Hospitality, tourism, sport and events","No direct, suggested or manual-curated canonical research link yet."
"car-rental-agent","Car Rental Agent","Hospitality, tourism, sport and events","No direct, suggested or manual-curated canonical research link yet."
"casino-dealer-croupier","Casino Dealer / Croupier","Hospitality, tourism, sport and events","No direct, suggested or manual-curated canonical research link yet."
"casino-gaming-manager","Casino Gaming Manager","Hospitality, tourism, sport and events","No direct, suggested or manual-curated canonical research link yet."
"casino-pit-boss","Casino Pit Boss","Hospitality, tourism, sport and events","No direct, suggested or manual-curated canonical research link yet."
"casino-worker","Casino Worker","Hospitality, tourism, sport and events","No direct, suggested or manual-curated canonical research link yet."
"catering-assistant","Catering Assistant","Hospitality, tourism, sport and events","No direct, suggested or manual-curated canonical research link yet."
"chef-head-executive","Chef (Head / Executive)","Hospitality, tourism, sport and events","No direct, suggested or manual-curated canonical research link yet."
"chef-de-cuisine","Chef de Cuisine","Hospitality, tourism, sport and events","No direct, suggested or manual-curated canonical research link yet."
"chef-de-partie","Chef de Partie","Hospitality, tourism, sport and events","No direct, suggested or manual-curated canonical research link yet."
"cocktail-bartender","Cocktail Bartender","Hospitality, tourism, sport and events","No direct, suggested or manual-curated canonical research link yet."
"commis-chef","Commis Chef","Hospitality, tourism, sport and events","No direct, suggested or manual-curated canonical research link yet."
"commodity-chef-line-cook","Commodity Chef (Line Cook)","Hospitality, tourism, sport and events","No direct, suggested or manual-curated canonical research link yet."
"concierge","Concierge","Hospitality, tourism, sport and events","No direct, suggested or manual-curated canonical research link yet."
"concierge-porter","Concierge / Porter","Hospitality, tourism, sport and events","No direct, suggested or manual-curated canonical research link yet."
"conference-and-banqueting-manager","Conference and Banqueting Manager","Hospitality, tourism, sport and events","No direct, suggested or manual-curated canonical research link yet."
"conference-coordinator","Conference Coordinator","Hospitality, tourism, sport and events","No direct, suggested or manual-curated canonical research link yet."
"cruise-ship-attendant","Cruise Ship Attendant","Hospitality, tourism, sport and events","No direct, suggested or manual-curated canonical research link yet."
"demi-chef","Demi-Chef","Hospitality, tourism, sport and events","No direct, suggested or manual-curated canonical research link yet."
"destination-marketing-manager","Destination Marketing Manager","Hospitality, tourism, sport and events","No direct, suggested or manual-curated canonical research link yet."
"dishwasher","Dishwasher","Hospitality, tourism, sport and events","No direct, suggested or manual-curated canonical research link yet."
"event-set-up-crew","Event Set-up Crew","Hospitality, tourism, sport and events","No direct, suggested or manual-curated canonical research link yet."
"events-coordinator","Events Coordinator","Hospitality, tourism, sport and events","No direct, suggested or manual-curated canonical research link yet."
"events-manager-corporate","Events Manager (Corporate)","Hospitality, tourism, sport and events","No direct, suggested or manual-curated canonical research link yet."
"executive-chef","Executive Chef","Hospitality, tourism, sport and events","No direct, suggested or manual-curated canonical research link yet."
"fast-food-cook","Fast Food Cook","Hospitality, tourism, sport and events","No direct, suggested or manual-curated canonical research link yet."
"fast-food-crew-member","Fast-Food Crew Member","Hospitality, tourism, sport and events","No direct, suggested or manual-curated canonical research link yet."
"fast-food-restaurant-manager","Fast-Food Restaurant Manager","Hospitality, tourism, sport and events","No direct, suggested or manual-curated canonical research link yet."
"flight-attendant-cabin-crew","Flight Attendant (Cabin Crew)","Hospitality, tourism, sport and events","No direct, suggested or manual-curated canonical research link yet."
"food-delivery-rider-app-based","Food Delivery Rider (App-based)","Hospitality, tourism, sport and events","No direct, suggested or manual-curated canonical research link yet."
"food-service-manager","Food Service Manager","Hospitality, tourism, sport and events","No direct, suggested or manual-curated canonical research link yet."
"front-of-house-manager","Front of House Manager","Hospitality, tourism, sport and events","No direct, suggested or manual-curated canonical research link yet."
"function-coordinator","Function Coordinator","Hospitality, tourism, sport and events","No direct, suggested or manual-curated canonical research link yet."
"game-lodge-general-manager","Game Lodge General Manager","Hospitality, tourism, sport and events","No direct, suggested or manual-curated canonical research link yet."
"game-lodge-tracker","Game Lodge Tracker","Hospitality, tourism, sport and events","No direct, suggested or manual-curated canonical research link yet."
"game-ranger-field-guide-safari-lodge","Game Ranger / Field Guide (Safari Lodge)","Hospitality, tourism, sport and events","No direct, suggested or manual-curated canonical research link yet."
"game-reserve-hospitality-host","Game Reserve Hospitality Host","Hospitality, tourism, sport and events","No direct, suggested or manual-curated canonical research link yet."
"gaming-table-supervisor","Gaming Table Supervisor","Hospitality, tourism, sport and events","No direct, suggested or manual-curated canonical research link yet."
"grill-chef","Grill Chef","Hospitality, tourism, sport and events","No direct, suggested or manual-curated canonical research link yet."
"guest-lodge-manager","Guest Lodge Manager","Hospitality, tourism, sport and events","No direct, suggested or manual-curated canonical research link yet."
"head-waiter","Head Waiter","Hospitality, tourism, sport and events","No direct, suggested or manual-curated canonical research link yet."
"host-hostess-restaurant","Host / Hostess (Restaurant)","Hospitality, tourism, sport and events","No direct, suggested or manual-curated canonical research link yet."
"hotel-duty-manager","Hotel Duty Manager","Hospitality, tourism, sport and events","No direct, suggested or manual-curated canonical research link yet."
"hotel-front-office-manager","Hotel Front Office Manager","Hospitality, tourism, sport and events","No direct, suggested or manual-curated canonical research link yet."
"hotel-general-manager","Hotel General Manager","Management, strategy and leadership","No direct, suggested or manual-curated canonical research link yet."
"hotel-group-executive-chef","Hotel Group Executive Chef","Hospitality, tourism, sport and events","No direct, suggested or manual-curated canonical research link yet."
"hotel-night-manager","Hotel Night Manager","Hospitality, tourism, sport and events","No direct, suggested or manual-curated canonical research link yet."
"housekeeper","Housekeeper","Elementary and entry-level work","No direct, suggested or manual-curated canonical research link yet."
"housekeeping-manager","Housekeeping Manager","Hospitality, tourism, sport and events","No direct, suggested or manual-curated canonical research link yet."
"housekeeping-supervisor","Housekeeping Supervisor","Hospitality, tourism, sport and events","No direct, suggested or manual-curated canonical research link yet."
"kitchen-porter-steward","Kitchen Porter / Steward","Hospitality, tourism, sport and events","No direct, suggested or manual-curated canonical research link yet."
"lifeguard","Lifeguard","Hospitality, tourism, sport and events","No direct, suggested or manual-curated canonical research link yet."
"lodge-field-guide-fgasa-level-1","Lodge Field Guide (FGASA Level 1)","Hospitality, tourism, sport and events","No direct, suggested or manual-curated canonical research link yet."
"lodge-manager","Lodge Manager","Hospitality, tourism, sport and events","No direct, suggested or manual-curated canonical research link yet."
"mixologist","Mixologist","Hospitality, tourism, sport and events","No direct, suggested or manual-curated canonical research link yet."
"museum-tour-guide","Museum Tour Guide","Hospitality, tourism, sport and events","No direct, suggested or manual-curated canonical research link yet."
"overland-tour-guide","Overland Tour Guide","Hospitality, tourism, sport and events","No direct, suggested or manual-curated canonical research link yet."
"pastry-cook-hotel","Pastry Cook (Hotel)","Hospitality, tourism, sport and events","No direct, suggested or manual-curated canonical research link yet."
"patisserie-chef","Patisserie Chef","Hospitality, tourism, sport and events","No direct, suggested or manual-curated canonical research link yet."
"pizza-chef","Pizza Chef","Hospitality, tourism, sport and events","No direct, suggested or manual-curated canonical research link yet."
"porter","Porter","Hospitality, tourism, sport and events","No direct, suggested or manual-curated canonical research link yet."
"reservation-agent","Reservation Agent","Hospitality, tourism, sport and events","No direct, suggested or manual-curated canonical research link yet."
"reservations-manager","Reservations Manager","Hospitality, tourism, sport and events","No direct, suggested or manual-curated canonical research link yet."
"restaurant-cashier","Restaurant Cashier","Hospitality, tourism, sport and events","No direct, suggested or manual-curated canonical research link yet."
"restaurant-floor-manager","Restaurant Floor Manager","Hospitality, tourism, sport and events","No direct, suggested or manual-curated canonical research link yet."
"restaurant-head-waiter-ma-tre-d","Restaurant Head Waiter / Maître d'","Hospitality, tourism, sport and events","No direct, suggested or manual-curated canonical research link yet."
"revenue-manager-hotel","Revenue Manager (Hotel)","Hospitality, tourism, sport and events","No direct, suggested or manual-curated canonical research link yet."
"rooms-division-manager","Rooms Division Manager","Hospitality, tourism, sport and events","No direct, suggested or manual-curated canonical research link yet."
"safari-camp-manager","Safari Camp Manager","Hospitality, tourism, sport and events","No direct, suggested or manual-curated canonical research link yet."
"shebeen-tavern-owner","Shebeen / Tavern Owner","Hospitality, tourism, sport and events","No direct, suggested or manual-curated canonical research link yet."
"sommelier","Sommelier","Hospitality, tourism, sport and events","No direct, suggested or manual-curated canonical research link yet."
"sommelier-wine-steward","Sommelier / Wine Steward","Hospitality, tourism, sport and events","No direct, suggested or manual-curated canonical research link yet."
"sous-chef","Sous Chef","Hospitality, tourism, sport and events","No direct, suggested or manual-curated canonical research link yet."
"sports-manager","Sports Manager","Hospitality, tourism, sport and events","No direct, suggested or manual-curated canonical research link yet."
"sports-referee","Sports Referee","Hospitality, tourism, sport and events","No direct, suggested or manual-curated canonical research link yet."
"sushi-chef","Sushi Chef","Hospitality, tourism, sport and events","No direct, suggested or manual-curated canonical research link yet."
"theme-park-attendant","Theme Park Attendant","Hospitality, tourism, sport and events","No direct, suggested or manual-curated canonical research link yet."
"tour-operator-consultant","Tour Operator Consultant","Hospitality, tourism, sport and events","No direct, suggested or manual-curated canonical research link yet."
"tour-operator-manager","Tour Operator Manager","Hospitality, tourism, sport and events","No direct, suggested or manual-curated canonical research link yet."
"tourism-content-creator","Tourism Content Creator","Hospitality, tourism, sport and events","No direct, suggested or manual-curated canonical research link yet."
"tourism-information-officer","Tourism Information Officer","Hospitality, tourism, sport and events","No direct, suggested or manual-curated canonical research link yet."
"trail-guide-horse-hiking","Trail Guide (Horse / Hiking)","Hospitality, tourism, sport and events","No direct, suggested or manual-curated canonical research link yet."
"travel-agency-manager","Travel Agency Manager","Hospitality, tourism, sport and events","No direct, suggested or manual-curated canonical research link yet."
"travel-agent-consultant","Travel Agent / Consultant","Hospitality, tourism, sport and events","No direct, suggested or manual-curated canonical research link yet."
"umpire","Umpire","Hospitality, tourism, sport and events","No direct, suggested or manual-curated canonical research link yet."
"valet-parking-attendant","Valet Parking Attendant","Hospitality, tourism, sport and events","No direct, suggested or manual-curated canonical research link yet."
"vegetarian-vegan-chef","Vegetarian / Vegan Chef","Hospitality, tourism, sport and events","No direct, suggested or manual-curated canonical research link yet."
"venue-manager","Venue Manager","Hospitality, tourism, sport and events","No direct, suggested or manual-curated canonical research link yet."
"waiter-waitress","Waiter / Waitress","Hospitality, tourism, sport and events","No direct, suggested or manual-curated canonical research link yet."
"waitron-trainer","Waitron Trainer","Hospitality, tourism, sport and events","No direct, suggested or manual-curated canonical research link yet."
"wedding-coordinator","Wedding Coordinator","Hospitality, tourism, sport and events","No direct, suggested or manual-curated canonical research link yet."
"wine-estate-tour-guide","Wine Estate Tour Guide","Hospitality, tourism, sport and events","No direct, suggested or manual-curated canonical research link yet."
"wine-steward","Wine Steward","Hospitality, tourism, sport and events","No direct, suggested or manual-curated canonical research link yet."
"aftercare-assistant","Aftercare Assistant","Informal, entrepreneurship and community economy","No direct, suggested or manual-curated canonical research link yet."
"air-conditioning-refrigeration-technician","Air-conditioning & Refrigeration Technician","Informal, entrepreneurship and community economy","No direct, suggested or manual-curated canonical research link yet."
"amagwinya-vetkoek-seller","Amagwinya (Vetkoek) Seller","Informal, entrepreneurship and community economy","No direct, suggested or manual-curated canonical research link yet."
"amapiano-event-organiser","Amapiano Event Organiser","Informal, entrepreneurship and community economy","No direct, suggested or manual-curated canonical research link yet."
"app-based-delivery-courier","App-based Delivery Courier","Informal, entrepreneurship and community economy","No direct, suggested or manual-curated canonical research link yet."
"appliance-repair-technician","Appliance Repair Technician","Informal, entrepreneurship and community economy","No direct, suggested or manual-curated canonical research link yet."
"appliance-repairer","Appliance Repairer","Informal, entrepreneurship and community economy","No direct, suggested or manual-curated canonical research link yet."
"armed-response-officer","Armed Response Officer","Armed forces and security services","No direct, suggested or manual-curated canonical research link yet."
"auto-electrician-informal","Auto Electrician (Informal)","Informal, entrepreneurship and community economy","No direct, suggested or manual-curated canonical research link yet."
"barber-township","Barber (Township)","Informal, entrepreneurship and community economy","No direct, suggested or manual-curated canonical research link yet."
"boerewors-roll-stand-operator","Boerewors Roll Stand Operator","Informal, entrepreneurship and community economy","No direct, suggested or manual-curated canonical research link yet."
"bottle-store-owner","Bottle Store Owner","Informal, entrepreneurship and community economy","No direct, suggested or manual-curated canonical research link yet."
"bouncer-event-door-supervisor","Bouncer / Event Door Supervisor","Informal, entrepreneurship and community economy","No direct, suggested or manual-curated canonical research link yet."
"braai-shisa-nyama-stand-operator","Braai / Shisa Nyama Stand Operator","Informal, entrepreneurship and community economy","No direct, suggested or manual-curated canonical research link yet."
"brickmaker-informal","Brickmaker (Informal)","Informal, entrepreneurship and community economy","No direct, suggested or manual-curated canonical research link yet."
"car-boot-sale-vendor","Car Boot Sale Vendor","Informal, entrepreneurship and community economy","No direct, suggested or manual-curated canonical research link yet."
"car-wash-attendant","Car Wash Attendant","Elementary and entry-level work","No direct, suggested or manual-curated canonical research link yet."
"car-wash-bay-owner","Car Wash Bay Owner","Informal, entrepreneurship and community economy","No direct, suggested or manual-curated canonical research link yet."
"caretaker-building-superintendent","Caretaker (Building Superintendent)","Informal, entrepreneurship and community economy","No direct, suggested or manual-curated canonical research link yet."
"cargo-guard-armed","Cargo Guard (Armed)","Informal, entrepreneurship and community economy","No direct, suggested or manual-curated canonical research link yet."
"carpenter-self-employed","Carpenter (Self-Employed)","Informal, entrepreneurship and community economy","No direct, suggested or manual-curated canonical research link yet."
"carpet-cleaner","Carpet Cleaner","Informal, entrepreneurship and community economy","No direct, suggested or manual-curated canonical research link yet."
"caterer-home-based","Caterer (Home-Based)","Informal, entrepreneurship and community economy","No direct, suggested or manual-curated canonical research link yet."
"catering-equipment-hirer","Catering Equipment Hirer","Informal, entrepreneurship and community economy","No direct, suggested or manual-curated canonical research link yet."
"cctv-monitor-officer","CCTV Monitor Officer","Informal, entrepreneurship and community economy","No direct, suggested or manual-curated canonical research link yet."
"cell-phone-accessories-seller","Cell Phone Accessories Seller","Informal, entrepreneurship and community economy","No direct, suggested or manual-curated canonical research link yet."
"cell-phone-charging-service-operator","Cell Phone Charging Service Operator","Informal, entrepreneurship and community economy","No direct, suggested or manual-curated canonical research link yet."
"cell-phone-repairer","Cell Phone Repairer","Informal, entrepreneurship and community economy","No direct, suggested or manual-curated canonical research link yet."
"child-minder","Child Minder","Informal, entrepreneurship and community economy","No direct, suggested or manual-curated canonical research link yet."
"child-minder-au-pair","Child Minder (Au Pair)","Informal, entrepreneurship and community economy","No direct, suggested or manual-curated canonical research link yet."
"child-minder-informal-cr-che","Child-Minder (Informal Crèche)","Informal, entrepreneurship and community economy","No direct, suggested or manual-curated canonical research link yet."
"clothing-alterations-tailor","Clothing Alterations Tailor","Informal, entrepreneurship and community economy","No direct, suggested or manual-curated canonical research link yet."
"cold-drink-ice-seller","Cold Drink / Ice Seller","Informal, entrepreneurship and community economy","No direct, suggested or manual-curated canonical research link yet."
"computer-repairer-informal","Computer Repairer (Informal)","Informal, entrepreneurship and community economy","No direct, suggested or manual-curated canonical research link yet."
"construction-labourer-informal","Construction Labourer (Informal)","Informal, entrepreneurship and community economy","No direct, suggested or manual-curated canonical research link yet."
"content-creator-independent","Content Creator (Independent)","Informal, entrepreneurship and community economy","No direct, suggested or manual-curated canonical research link yet."
"courier-self-employed","Courier (Self-Employed)","Informal, entrepreneurship and community economy","No direct, suggested or manual-curated canonical research link yet."
"craft-beer-brewer-small-scale","Craft Beer Brewer (Small Scale)","Informal, entrepreneurship and community economy","No direct, suggested or manual-curated canonical research link yet."
"cross-border-trader-informal-importer","Cross-Border Trader (Informal Importer)","Informal, entrepreneurship and community economy","No direct, suggested or manual-curated canonical research link yet."
"day-labourer-general-worker","Day Labourer (General Worker)","Informal, entrepreneurship and community economy","No direct, suggested or manual-curated canonical research link yet."
"day-mother","Day Mother","Informal, entrepreneurship and community economy","No direct, suggested or manual-curated canonical research link yet."
"diviner-spiritual-healer","Diviner / Spiritual Healer","Informal, entrepreneurship and community economy","No direct, suggested or manual-curated canonical research link yet."
"dj-weddings-parties","DJ (Weddings / Parties)","Informal, entrepreneurship and community economy","No direct, suggested or manual-curated canonical research link yet."
"dog-trainer","Dog Trainer","Informal, entrepreneurship and community economy","No direct, suggested or manual-curated canonical research link yet."
"dog-walker","Dog Walker","Informal, entrepreneurship and community economy","No direct, suggested or manual-curated canonical research link yet."
"dressmaker-informal","Dressmaker (Informal)","Informal, entrepreneurship and community economy","No direct, suggested or manual-curated canonical research link yet."
"elderly-carer-private","Elderly Carer (Private)","Informal, entrepreneurship and community economy","No direct, suggested or manual-curated canonical research link yet."
"electrician-self-employed","Electrician (Self-Employed)","Informal, entrepreneurship and community economy","No direct, suggested or manual-curated canonical research link yet."
"event-decorator","Event Decorator","Informal, entrepreneurship and community economy","No direct, suggested or manual-curated canonical research link yet."
"event-dj","Event DJ","Informal, entrepreneurship and community economy","No direct, suggested or manual-curated canonical research link yet."
"event-security-guard","Event Security Guard","Informal, entrepreneurship and community economy","No direct, suggested or manual-curated canonical research link yet."
"event-staff-casual","Event Staff (Casual)","Informal, entrepreneurship and community economy","No direct, suggested or manual-curated canonical research link yet."
"eyelash-brow-technician","Eyelash / Brow Technician","Informal, entrepreneurship and community economy","No direct, suggested or manual-curated canonical research link yet."
"factory-canteen-food-seller","Factory Canteen Food Seller","Informal, entrepreneurship and community economy","No direct, suggested or manual-curated canonical research link yet."
"farm-labourer-casual","Farm Labourer (Casual)","Informal, entrepreneurship and community economy","No direct, suggested or manual-curated canonical research link yet."
"farrier-horse-shoeing","Farrier (Horse Shoeing)","Informal, entrepreneurship and community economy","No direct, suggested or manual-curated canonical research link yet."
"flea-market-trader","Flea Market Trader","Informal, entrepreneurship and community economy","No direct, suggested or manual-curated canonical research link yet."
"food-vendor","Food Vendor","Informal, entrepreneurship and community economy","No direct, suggested or manual-curated canonical research link yet."
"freelance-web-designer-gig","Freelance Web Designer (Gig)","Informal, entrepreneurship and community economy","No direct, suggested or manual-curated canonical research link yet."
"freelance-writer","Freelance Writer","Informal, entrepreneurship and community economy","No direct, suggested or manual-curated canonical research link yet."
"fried-chips-vetkoek-vendor","Fried Chips / Vetkoek Vendor","Informal, entrepreneurship and community economy","No direct, suggested or manual-curated canonical research link yet."
"fruit-and-vegetable-hawker","Fruit and Vegetable Hawker","Informal, entrepreneurship and community economy","No direct, suggested or manual-curated canonical research link yet."
"fruit-and-vegetable-seller","Fruit and Vegetable Seller","Informal, entrepreneurship and community economy","No direct, suggested or manual-curated canonical research link yet."
"fruit-picker-seasonal","Fruit Picker (Seasonal)","Informal, entrepreneurship and community economy","No direct, suggested or manual-curated canonical research link yet."
"funeral-parlour-assistant","Funeral Parlour Assistant","Informal, entrepreneurship and community economy","No direct, suggested or manual-curated canonical research link yet."
"funeral-parlour-director","Funeral Parlour Director","Informal, entrepreneurship and community economy","No direct, suggested or manual-curated canonical research link yet."
"furniture-maker-informal","Furniture Maker (Informal)","Informal, entrepreneurship and community economy","No direct, suggested or manual-curated canonical research link yet."
"furniture-removals","Furniture Removals","Informal, entrepreneurship and community economy","No direct, suggested or manual-curated canonical research link yet."
"garden-refuse-remover","Garden Refuse Remover","Informal, entrepreneurship and community economy","No direct, suggested or manual-curated canonical research link yet."
"gardener-domestic","Gardener (Domestic)","Informal, entrepreneurship and community economy","No direct, suggested or manual-curated canonical research link yet."
"gardener-landscaping-labourer","Gardener / Landscaping Labourer","Informal, entrepreneurship and community economy","No direct, suggested or manual-curated canonical research link yet."
"grass-cutter-lawn-care-operator","Grass Cutter / Lawn Care Operator","Informal, entrepreneurship and community economy","No direct, suggested or manual-curated canonical research link yet."
"gutter-cleaner-repairer","Gutter Cleaner / Repairer","Informal, entrepreneurship and community economy","No direct, suggested or manual-curated canonical research link yet."
"hair-braider","Hair Braider","Informal, entrepreneurship and community economy","No direct, suggested or manual-curated canonical research link yet."
"hair-braider-plaiter-salon","Hair Braider / Plaiter (Salon)","Informal, entrepreneurship and community economy","No direct, suggested or manual-curated canonical research link yet."
"hairdresser-informal-salon","Hairdresser (Informal Salon)","Informal, entrepreneurship and community economy","No direct, suggested or manual-curated canonical research link yet."
"handyman","Handyman","Informal, entrepreneurship and community economy","No direct, suggested or manual-curated canonical research link yet."
"handyman-general","Handyman (General)","Informal, entrepreneurship and community economy","No direct, suggested or manual-curated canonical research link yet."
"hawker","Hawker","Informal, entrepreneurship and community economy","No direct, suggested or manual-curated canonical research link yet."
"herbalist-muti-seller","Herbalist / Muti Seller","Informal, entrepreneurship and community economy","No direct, suggested or manual-curated canonical research link yet."
"home-baker","Home Baker","Informal, entrepreneurship and community economy","No direct, suggested or manual-curated canonical research link yet."
"home-carer","Home Carer","Informal, entrepreneurship and community economy","No direct, suggested or manual-curated canonical research link yet."
"horse-groom","Horse Groom","Informal, entrepreneurship and community economy","No direct, suggested or manual-curated canonical research link yet."
"house-sitter-pet-sitter","House Sitter / Pet Sitter","Informal, entrepreneurship and community economy","No direct, suggested or manual-curated canonical research link yet."
"housekeeper-private-home","Housekeeper (Private Home)","Informal, entrepreneurship and community economy","No direct, suggested or manual-curated canonical research link yet."
"housekeeper-private","Housekeeper (Private)","Informal, entrepreneurship and community economy","No direct, suggested or manual-curated canonical research link yet."
"informal-food-outlet-operator","Informal Food Outlet Operator","Informal, entrepreneurship and community economy","No direct, suggested or manual-curated canonical research link yet."
"inyanga-herbalist-practitioner","Inyanga / Herbalist Practitioner","Informal, entrepreneurship and community economy","No direct, suggested or manual-curated canonical research link yet."
"ironing-worker","Ironing Worker","Informal, entrepreneurship and community economy","No direct, suggested or manual-curated canonical research link yet."
"jockey","Jockey","Informal, entrepreneurship and community economy","No direct, suggested or manual-curated canonical research link yet."
"jumping-castle-hire-operator","Jumping Castle Hire Operator","Informal, entrepreneurship and community economy","No direct, suggested or manual-curated canonical research link yet."
"kennel-assistant","Kennel Assistant","Informal, entrepreneurship and community economy","No direct, suggested or manual-curated canonical research link yet."
"key-cutter-locksmith-street-operator","Key Cutter / Locksmith Street Operator","Informal, entrepreneurship and community economy","No direct, suggested or manual-curated canonical research link yet."
"knitting-worker","Knitting Worker","Informal, entrepreneurship and community economy","No direct, suggested or manual-curated canonical research link yet."
"kota-bunny-chow-stand-owner","Kota / Bunny Chow Stand Owner","Informal, entrepreneurship and community economy","No direct, suggested or manual-curated canonical research link yet."
"laundry-operator-informal","Laundry Operator (Informal)","Informal, entrepreneurship and community economy","No direct, suggested or manual-curated canonical research link yet."
"liquor-store-clerk","Liquor Store Clerk","Informal, entrepreneurship and community economy","No direct, suggested or manual-curated canonical research link yet."
"loading-and-unloading-worker","Loading and Unloading Worker","Informal, entrepreneurship and community economy","No direct, suggested or manual-curated canonical research link yet."
"magwinya-fat-cake-seller","Magwinya / Fat Cake Seller","Informal, entrepreneurship and community economy","No direct, suggested or manual-curated canonical research link yet."
"make-up-artist-freelance","Make-Up Artist (Freelance)","Informal, entrepreneurship and community economy","No direct, suggested or manual-curated canonical research link yet."
"mattress-maker","Mattress Maker","Informal, entrepreneurship and community economy","No direct, suggested or manual-curated canonical research link yet."
"mielie-mealies-seller","Mielie (Mealies) Seller","Informal, entrepreneurship and community economy","No direct, suggested or manual-curated canonical research link yet."
"minibus-taxi-mechanic","Minibus Taxi Mechanic","Informal, entrepreneurship and community economy","No direct, suggested or manual-curated canonical research link yet."
"mobile-barber","Mobile Barber","Informal, entrepreneurship and community economy","No direct, suggested or manual-curated canonical research link yet."
"mobile-car-wash-operator","Mobile Car Wash Operator","Informal, entrepreneurship and community economy","No direct, suggested or manual-curated canonical research link yet."
"mobile-phone-repair-technician","Mobile Phone Repair Technician","Informal, entrepreneurship and community economy","No direct, suggested or manual-curated canonical research link yet."
"mobile-spray-tan-technician","Mobile Spray Tan Technician","Informal, entrepreneurship and community economy","No direct, suggested or manual-curated canonical research link yet."
"money-transfer-cash-send-agent","Money Transfer / Cash Send Agent","Informal, entrepreneurship and community economy","No direct, suggested or manual-curated canonical research link yet."
"mopani-worm-harvester-and-trader","Mopani Worm Harvester and Trader","Informal, entrepreneurship and community economy","No direct, suggested or manual-curated canonical research link yet."
"mortuary-mortuary-attendant","Mortuary / Mortuary Attendant","Informal, entrepreneurship and community economy","No direct, suggested or manual-curated canonical research link yet."
"mortuary-assistant","Mortuary Assistant","Informal, entrepreneurship and community economy","No direct, suggested or manual-curated canonical research link yet."
"movers-furniture-removal-assistant","Movers / Furniture Removal Assistant","Informal, entrepreneurship and community economy","No direct, suggested or manual-curated canonical research link yet."
"nanny","Nanny","Informal, entrepreneurship and community economy","No direct, suggested or manual-curated canonical research link yet."
"nanny-baby-nurse","Nanny (Baby Nurse)","Informal, entrepreneurship and community economy","No direct, suggested or manual-curated canonical research link yet."
"online-reseller-dropshipper","Online Reseller / Dropshipper","Informal, entrepreneurship and community economy","No direct, suggested or manual-curated canonical research link yet."
"painter-house-painter-independent","Painter (House Painter, Independent)","Informal, entrepreneurship and community economy","No direct, suggested or manual-curated canonical research link yet."
"panel-beater-informal","Panel Beater (Informal)","Informal, entrepreneurship and community economy","No direct, suggested or manual-curated canonical research link yet."
"paving-contractor","Paving Contractor","Informal, entrepreneurship and community economy","No direct, suggested or manual-curated canonical research link yet."
"pet-groomer","Pet Groomer","Informal, entrepreneurship and community economy","No direct, suggested or manual-curated canonical research link yet."
"photobooth-rental-operator","Photobooth Rental Operator","Informal, entrepreneurship and community economy","No direct, suggested or manual-curated canonical research link yet."
"plumber-self-employed","Plumber (Self-Employed)","Informal, entrepreneurship and community economy","No direct, suggested or manual-curated canonical research link yet."
"pool-cleaner-monthly-service","Pool Cleaner (Monthly Service)","Informal, entrepreneurship and community economy","No direct, suggested or manual-curated canonical research link yet."
"prepaid-airtime-and-electricity-vendor","Prepaid Airtime and Electricity Vendor","Informal, entrepreneurship and community economy","No direct, suggested or manual-curated canonical research link yet."
"private-security-patrol-officer","Private Security Patrol Officer","Informal, entrepreneurship and community economy","No direct, suggested or manual-curated canonical research link yet."
"promotional-staff","Promotional Staff","Informal, entrepreneurship and community economy","No direct, suggested or manual-curated canonical research link yet."
"recycling-collector","Recycling Collector","Informal, entrepreneurship and community economy","No direct, suggested or manual-curated canonical research link yet."
"recycling-collector-waste-picker","Recycling Collector / Waste Picker","Informal, entrepreneurship and community economy","No direct, suggested or manual-curated canonical research link yet."
"retail-security-guard","Retail Security Guard","Informal, entrepreneurship and community economy","No direct, suggested or manual-curated canonical research link yet."
"ride-hailing-driver-e-hailing","Ride-Hailing Driver (e-hailing)","Informal, entrepreneurship and community economy","No direct, suggested or manual-curated canonical research link yet."
"sangoma","Sangoma","Informal, entrepreneurship and community economy","No direct, suggested or manual-curated canonical research link yet."
"school-tuck-shop-operator","School Tuck Shop Operator","Informal, entrepreneurship and community economy","No direct, suggested or manual-curated canonical research link yet."
"scrap-metal-collector","Scrap Metal Collector","Informal, entrepreneurship and community economy","No direct, suggested or manual-curated canonical research link yet."
"seamstress-dressmaker","Seamstress (Dressmaker)","Informal, entrepreneurship and community economy","No direct, suggested or manual-curated canonical research link yet."
"second-hand-clothing-seller","Second-Hand Clothing Seller","Informal, entrepreneurship and community economy","No direct, suggested or manual-curated canonical research link yet."
"second-hand-goods-seller","Second-Hand Goods Seller","Informal, entrepreneurship and community economy","No direct, suggested or manual-curated canonical research link yet."
"security-control-room-operator","Security Control Room Operator","Informal, entrepreneurship and community economy","No direct, suggested or manual-curated canonical research link yet."
"security-guard-unarmed","Security Guard (Unarmed)","Informal, entrepreneurship and community economy","No direct, suggested or manual-curated canonical research link yet."
"shebeen-operator-unlicensed","Shebeen Operator (Unlicensed)","Informal, entrepreneurship and community economy","No direct, suggested or manual-curated canonical research link yet."
"shebeen-owner","Shebeen Owner","Informal, entrepreneurship and community economy","No direct, suggested or manual-curated canonical research link yet."
"shisa-nyama-braai-stand-owner","Shisa Nyama (Braai) Stand Owner","Informal, entrepreneurship and community economy","No direct, suggested or manual-curated canonical research link yet."
"shoe-repairer","Shoe Repairer","Informal, entrepreneurship and community economy","No direct, suggested or manual-curated canonical research link yet."
"shoe-repairer-cobbler","Shoe Repairer (Cobbler)","Informal, entrepreneurship and community economy","No direct, suggested or manual-curated canonical research link yet."
"sim-card-rica-agent","SIM Card RICA Agent","Informal, entrepreneurship and community economy","No direct, suggested or manual-curated canonical research link yet."
"small-scale-clothing-designer","Small-Scale Clothing Designer","Informal, entrepreneurship and community economy","No direct, suggested or manual-curated canonical research link yet."
"snoek-and-chips-vendor","Snoek and Chips Vendor","Informal, entrepreneurship and community economy","No direct, suggested or manual-curated canonical research link yet."
"social-media-influencer","Social Media Influencer","Informal, entrepreneurship and community economy","No direct, suggested or manual-curated canonical research link yet."
"social-media-manager-freelance","Social Media Manager (Freelance)","Informal, entrepreneurship and community economy","No direct, suggested or manual-curated canonical research link yet."
"sound-hire-event-pa-operator","Sound Hire (Event PA) Operator","Informal, entrepreneurship and community economy","No direct, suggested or manual-curated canonical research link yet."
"spaza-shop-assistant","Spaza Shop Assistant","Informal, entrepreneurship and community economy","No direct, suggested or manual-curated canonical research link yet."
"spaza-shop-delivery-helper","Spaza Shop Delivery Helper","Informal, entrepreneurship and community economy","No direct, suggested or manual-curated canonical research link yet."
"spaza-shop-stock-controller","Spaza Shop Stock Controller","Informal, entrepreneurship and community economy","No direct, suggested or manual-curated canonical research link yet."
"street-barber-hair-clipper","Street Barber / Hair Clipper","Informal, entrepreneurship and community economy","No direct, suggested or manual-curated canonical research link yet."
"street-hairdresser","Street Hairdresser","Informal, entrepreneurship and community economy","No direct, suggested or manual-curated canonical research link yet."
"street-vendor-food","Street Vendor (Food)","Informal, entrepreneurship and community economy","No direct, suggested or manual-curated canonical research link yet."
"street-vendor-goods","Street Vendor (Goods)","Informal, entrepreneurship and community economy","No direct, suggested or manual-curated canonical research link yet."
"tailor-informal-sewing","Tailor (Informal Sewing)","Informal, entrepreneurship and community economy","No direct, suggested or manual-curated canonical research link yet."
"tavern-owner","Tavern Owner","Informal, entrepreneurship and community economy","No direct, suggested or manual-curated canonical research link yet."
"taxi-marshal-queue-marshal","Taxi Marshal / Queue Marshal","Informal, entrepreneurship and community economy","No direct, suggested or manual-curated canonical research link yet."
"taxi-owner-fleet-operator","Taxi Owner / Fleet Operator","Informal, entrepreneurship and community economy","No direct, suggested or manual-curated canonical research link yet."
"taxi-owner-operator","Taxi Owner-Operator","Informal, entrepreneurship and community economy","No direct, suggested or manual-curated canonical research link yet."
"taxi-rank-food-vendor","Taxi Rank Food Vendor","Informal, entrepreneurship and community economy","No direct, suggested or manual-curated canonical research link yet."
"tent-and-marquee-hire-erector","Tent and Marquee Hire Erector","Informal, entrepreneurship and community economy","No direct, suggested or manual-curated canonical research link yet."
"traditional-attire-designer-imibhaco","Traditional Attire Designer (Imibhaco)","Informal, entrepreneurship and community economy","No direct, suggested or manual-curated canonical research link yet."
"traditional-beer-brewer-umqombothi","Traditional Beer Brewer (Umqombothi)","Informal, entrepreneurship and community economy","No direct, suggested or manual-curated canonical research link yet."
"traditional-birth-attendant","Traditional Birth Attendant","Informal, entrepreneurship and community economy","No direct, suggested or manual-curated canonical research link yet."
"traditional-healer-sangoma","Traditional Healer (Sangoma)","Informal, entrepreneurship and community economy","No direct, suggested or manual-curated canonical research link yet."
"traditional-surgeon-ingcibi","Traditional Surgeon (Ingcibi)","Informal, entrepreneurship and community economy","No direct, suggested or manual-curated canonical research link yet."
"tree-feller-independent","Tree Feller (Independent)","Informal, entrepreneurship and community economy","No direct, suggested or manual-curated canonical research link yet."
"tuck-shop-operator","Tuck Shop Operator","Informal, entrepreneurship and community economy","No direct, suggested or manual-curated canonical research link yet."
"tutor-self-employed","Tutor (Self-Employed)","Informal, entrepreneurship and community economy","No direct, suggested or manual-curated canonical research link yet."
"tv-repairer","TV Repairer","Informal, entrepreneurship and community economy","No direct, suggested or manual-curated canonical research link yet."
"umbrella-and-plastic-goods-trader","Umbrella and Plastic Goods Trader","Informal, entrepreneurship and community economy","No direct, suggested or manual-curated canonical research link yet."
"waste-removal-truck-loader","Waste Removal Truck Loader","Informal, entrepreneurship and community economy","No direct, suggested or manual-curated canonical research link yet."
"weave-extension-stylist","Weave / Extension Stylist","Informal, entrepreneurship and community economy","No direct, suggested or manual-curated canonical research link yet."
"wedding-makeup-artist-mobile","Wedding Makeup Artist (Mobile)","Informal, entrepreneurship and community economy","No direct, suggested or manual-curated canonical research link yet."
"welder-self-employed","Welder (Self-Employed)","Informal, entrepreneurship and community economy","No direct, suggested or manual-curated canonical research link yet."
"window-cleaner-high-rise-regular","Window Cleaner (High-Rise / Regular)","Informal, entrepreneurship and community economy","No direct, suggested or manual-curated canonical research link yet."
"zionist-church-garment-maker","Zionist Church Garment Maker","Informal, entrepreneurship and community economy","No direct, suggested or manual-curated canonical research link yet."
"10111-call-taker","10111 Call Taker","Law, public service and public safety","No direct, suggested or manual-curated canonical research link yet."
"air-force-officer","Air Force Officer","Law, public service and public safety","No direct, suggested or manual-curated canonical research link yet."
"candidate-attorney","Candidate Attorney","Law, public service and public safety","No direct, suggested or manual-curated canonical research link yet."
"candidate-attorney-candidate","Candidate Attorney (Candidate)","Law, public service and public safety","No direct, suggested or manual-curated canonical research link yet."
"cash-in-transit-guard","Cash-in-Transit Guard","Law, public service and public safety","No direct, suggested or manual-curated canonical research link yet."
"constitutional-court-judge","Constitutional Court Judge","Law, public service and public safety","No direct, suggested or manual-curated canonical research link yet."
"construction-law-advisor","Construction Law Advisor","Law, public service and public safety","No direct, suggested or manual-curated canonical research link yet."
"consumer-rights-advocate","Consumer Rights Advocate","Law, public service and public safety","No direct, suggested or manual-curated canonical research link yet."
"conveyancer","Conveyancer","Law, public service and public safety","No direct, suggested or manual-curated canonical research link yet."
"copyright-ip-lawyer","Copyright / IP Lawyer","Law, public service and public safety","No direct, suggested or manual-curated canonical research link yet."
"corporate-commercial-lawyer","Corporate / Commercial Lawyer","Law, public service and public safety","No direct, suggested or manual-curated canonical research link yet."
"correctional-services-commissioner","Correctional Services Commissioner","Law, public service and public safety","No direct, suggested or manual-curated canonical research link yet."
"correctional-services-nurse","Correctional Services Nurse","Law, public service and public safety","No direct, suggested or manual-curated canonical research link yet."
"cyber-law-specialist","Cyber Law Specialist","Law, public service and public safety","No direct, suggested or manual-curated canonical research link yet."
"diplomat-foreign-service-officer","Diplomat / Foreign Service Officer","Law, public service and public safety","No direct, suggested or manual-curated canonical research link yet."
"director-general-dg","Director-General (DG)","Law, public service and public safety","No direct, suggested or manual-curated canonical research link yet."
"disaster-risk-management-officer","Disaster Risk Management Officer","Law, public service and public safety","No direct, suggested or manual-curated canonical research link yet."
"district-court-magistrate","District Court Magistrate","Law, public service and public safety","No direct, suggested or manual-curated canonical research link yet."
"elections-officer-iec","Elections Officer (IEC)","Law, public service and public safety","No direct, suggested or manual-curated canonical research link yet."
"emergency-control-room-dispatcher","Emergency Control Room Dispatcher","Law, public service and public safety","No direct, suggested or manual-curated canonical research link yet."
"emergency-services-dispatcher","Emergency Services Dispatcher","Law, public service and public safety","No direct, suggested or manual-curated canonical research link yet."
"environmental-law-advisor","Environmental Law Advisor","Law, public service and public safety","No direct, suggested or manual-curated canonical research link yet."
"environmental-management-inspector-green-scorpion","Environmental Management Inspector (Green Scorpion)","Law, public service and public safety","No direct, suggested or manual-curated canonical research link yet."
"family-advocate","Family Advocate","Law, public service and public safety","No direct, suggested or manual-curated canonical research link yet."
"family-mediator","Family Mediator","Law, public service and public safety","No direct, suggested or manual-curated canonical research link yet."
"fire-brigade-officer","Fire Brigade Officer","Law, public service and public safety","No direct, suggested or manual-curated canonical research link yet."
"fire-chief-municipal","Fire Chief (Municipal)","Law, public service and public safety","No direct, suggested or manual-curated canonical research link yet."
"fire-crew-commander","Fire Crew Commander","Law, public service and public safety","No direct, suggested or manual-curated canonical research link yet."
"fire-fighter-volunteer-wildfire","Fire Fighter (Volunteer / Wildfire)","Law, public service and public safety","No direct, suggested or manual-curated canonical research link yet."
"government-minister","Government Minister","Law, public service and public safety","No direct, suggested or manual-curated canonical research link yet."
"hazmat-emergency-responder","Hazmat Emergency Responder","Law, public service and public safety","No direct, suggested or manual-curated canonical research link yet."
"high-court-judge","High Court Judge","Law, public service and public safety","No direct, suggested or manual-curated canonical research link yet."
"home-affairs-immigration-officer","Home Affairs Immigration Officer","Law, public service and public safety","No direct, suggested or manual-curated canonical research link yet."
"home-affairs-officer","Home Affairs Officer","Law, public service and public safety","No direct, suggested or manual-curated canonical research link yet."
"human-rights-lawyer","Human Rights Lawyer","Law, public service and public safety","No direct, suggested or manual-curated canonical research link yet."
"immigration-consultant","Immigration Consultant","Law, public service and public safety","No direct, suggested or manual-curated canonical research link yet."
"insolvency-business-rescue-practitioner","Insolvency / Business Rescue Practitioner","Law, public service and public safety","No direct, suggested or manual-curated canonical research link yet."
"labour-inspector-dol","Labour Inspector (DoL)","Law, public service and public safety","No direct, suggested or manual-curated canonical research link yet."
"labour-lawyer","Labour Lawyer","Law, public service and public safety","No direct, suggested or manual-curated canonical research link yet."
"legal-aid-sa-attorney","Legal Aid SA Attorney","Law, public service and public safety","No direct, suggested or manual-curated canonical research link yet."
"legislative-drafter","Legislative Drafter","Law, public service and public safety","No direct, suggested or manual-curated canonical research link yet."
"licensing-officer","Licensing Officer","Law, public service and public safety","No direct, suggested or manual-curated canonical research link yet."
"liquidator","Liquidator","Law, public service and public safety","No direct, suggested or manual-curated canonical research link yet."
"master-of-the-high-court","Master of the High Court","Law, public service and public safety","No direct, suggested or manual-curated canonical research link yet."
"mayor-municipal-metropolitan","Mayor (Municipal / Metropolitan)","Law, public service and public safety","No direct, suggested or manual-curated canonical research link yet."
"mediator-arbitrator","Mediator / Arbitrator","Law, public service and public safety","No direct, suggested or manual-curated canonical research link yet."
"medical-malpractice-lawyer","Medical Malpractice Lawyer","Law, public service and public safety","No direct, suggested or manual-curated canonical research link yet."
"member-of-parliament-mp","Member of Parliament (MP)","Law, public service and public safety","No direct, suggested or manual-curated canonical research link yet."
"member-of-provincial-legislature-mpl","Member of Provincial Legislature (MPL)","Law, public service and public safety","No direct, suggested or manual-curated canonical research link yet."
"metro-police-by-law-enforcement-officer","Metro Police By-Law Enforcement Officer","Law, public service and public safety","No direct, suggested or manual-curated canonical research link yet."
"metro-police-chief","Metro Police Chief","Law, public service and public safety","No direct, suggested or manual-curated canonical research link yet."
"metro-police-officer","Metro Police Officer","Armed forces and security services","No direct, suggested or manual-curated canonical research link yet."
"mine-health-and-safety-inspector","Mine Health and Safety Inspector","Law, public service and public safety","No direct, suggested or manual-curated canonical research link yet."
"mining-and-mineral-rights-lawyer","Mining and Mineral Rights Lawyer","Law, public service and public safety","No direct, suggested or manual-curated canonical research link yet."
"municipal-councillor","Municipal Councillor","Law, public service and public safety","No direct, suggested or manual-curated canonical research link yet."
"municipal-manager","Municipal Manager","Management, strategy and leadership","No direct, suggested or manual-curated canonical research link yet."
"naval-officer","Naval Officer","Law, public service and public safety","No direct, suggested or manual-curated canonical research link yet."
"notary","Notary","Law, public service and public safety","No direct, suggested or manual-curated canonical research link yet."
"notary-public","Notary Public","Law, public service and public safety","No direct, suggested or manual-curated canonical research link yet."
"occupational-health-and-safety-inspector","Occupational Health and Safety Inspector","Law, public service and public safety","No direct, suggested or manual-curated canonical research link yet."
"ombudsman","Ombudsman","Law, public service and public safety","No direct, suggested or manual-curated canonical research link yet."
"para-legal-legal-secretary","Para-Legal / Legal Secretary","Law, public service and public safety","No direct, suggested or manual-curated canonical research link yet."
"paralegal-community-legal-clinic","Paralegal (Community Legal Clinic)","Law, public service and public safety","No direct, suggested or manual-curated canonical research link yet."
"passport-control-officer","Passport Control Officer","Law, public service and public safety","No direct, suggested or manual-curated canonical research link yet."
"police-detective","Police Detective","Law, public service and public safety","No direct, suggested or manual-curated canonical research link yet."
"police-officer-saps","Police Officer (SAPS)","Law, public service and public safety","No direct, suggested or manual-curated canonical research link yet."
"policy-analyst-government","Policy Analyst (Government)","Law, public service and public safety","No direct, suggested or manual-curated canonical research link yet."
"popia-data-protection-officer","POPIA / Data Protection Officer","Law, public service and public safety","No direct, suggested or manual-curated canonical research link yet."
"premier","Premier","Law, public service and public safety","No direct, suggested or manual-curated canonical research link yet."
"probation-officer","Probation Officer","Law, public service and public safety","No direct, suggested or manual-curated canonical research link yet."
"probation-services-assistant","Probation Services Assistant","Law, public service and public safety","No direct, suggested or manual-curated canonical research link yet."
"public-defender-legal-aid","Public Defender (Legal Aid)","Law, public service and public safety","No direct, suggested or manual-curated canonical research link yet."
"public-service-administrator-national","Public Service Administrator (National)","Law, public service and public safety","No direct, suggested or manual-curated canonical research link yet."
"pupil-advocate","Pupil Advocate","Law, public service and public safety","No direct, suggested or manual-curated canonical research link yet."
"refugee-immigrant-rights-paralegal","Refugee / Immigrant Rights Paralegal","Law, public service and public safety","No direct, suggested or manual-curated canonical research link yet."
"regional-court-magistrate","Regional Court Magistrate","Law, public service and public safety","No direct, suggested or manual-curated canonical research link yet."
"sandf-member","SANDF Member","Law, public service and public safety","No direct, suggested or manual-curated canonical research link yet."
"saps-air-wing-pilot","SAPS Air Wing Pilot","Law, public service and public safety","No direct, suggested or manual-curated canonical research link yet."
"saps-captain","SAPS Captain","Law, public service and public safety","No direct, suggested or manual-curated canonical research link yet."
"saps-colonel","SAPS Colonel","Law, public service and public safety","No direct, suggested or manual-curated canonical research link yet."
"saps-detective-colonel","SAPS Detective Colonel","Law, public service and public safety","No direct, suggested or manual-curated canonical research link yet."
"saps-forensic-analyst","SAPS Forensic Analyst","Law, public service and public safety","No direct, suggested or manual-curated canonical research link yet."
"saps-general-lieutenant","SAPS General / Lieutenant","Law, public service and public safety","No direct, suggested or manual-curated canonical research link yet."
"saps-k9-unit-handler","SAPS K9 Unit Handler","Law, public service and public safety","No direct, suggested or manual-curated canonical research link yet."
"saps-officer","SAPS Officer","Law, public service and public safety","No direct, suggested or manual-curated canonical research link yet."
"saps-public-order-policing-member","SAPS Public Order Policing Member","Law, public service and public safety","No direct, suggested or manual-curated canonical research link yet."
"saps-reservist","SAPS Reservist","Law, public service and public safety","No direct, suggested or manual-curated canonical research link yet."
"saps-tactical-response-team-trt-member","SAPS Tactical Response Team (TRT) Member","Law, public service and public safety","No direct, suggested or manual-curated canonical research link yet."
"sars-customs-officer","SARS Customs Officer","Law, public service and public safety","No direct, suggested or manual-curated canonical research link yet."
"sars-official","SARS Official","Law, public service and public safety","No direct, suggested or manual-curated canonical research link yet."
"security-guard","Security Guard","Law, public service and public safety","No direct, suggested or manual-curated canonical research link yet."
"sheriff-of-the-court","Sheriff of the Court","Law, public service and public safety","No direct, suggested or manual-curated canonical research link yet."
"soldier","Soldier","Law, public service and public safety","No direct, suggested or manual-curated canonical research link yet."
"state-attorney","State Attorney","Law, public service and public safety","No direct, suggested or manual-curated canonical research link yet."
"state-legal-advisor","State Legal Advisor","Law, public service and public safety","No direct, suggested or manual-curated canonical research link yet."
"supreme-court-of-appeal-judge","Supreme Court of Appeal Judge","Law, public service and public safety","No direct, suggested or manual-curated canonical research link yet."
"tax-inspector","Tax Inspector","Law, public service and public safety","No direct, suggested or manual-curated canonical research link yet."
"tax-lawyer","Tax Lawyer","Law, public service and public safety","No direct, suggested or manual-curated canonical research link yet."
"traffic-department-clerk","Traffic Department Clerk","Law, public service and public safety","No direct, suggested or manual-curated canonical research link yet."
"vehicle-registration-clerk","Vehicle Registration Clerk","Law, public service and public safety","No direct, suggested or manual-curated canonical research link yet."
"ward-committee-member","Ward Committee Member","Law, public service and public safety","No direct, suggested or manual-curated canonical research link yet."
"ward-councillor","Ward Councillor","Law, public service and public safety","No direct, suggested or manual-curated canonical research link yet."
"wildland-fire-fighter","Wildland Fire Fighter","Law, public service and public safety","No direct, suggested or manual-curated canonical research link yet."
"able-seafarer-deck","Able Seafarer (Deck)","Logistics, transport and supply chain","No direct, suggested or manual-curated canonical research link yet."
"abnormal-load-driver","Abnormal Load Driver","Logistics, transport and supply chain","No direct, suggested or manual-curated canonical research link yet."
"agricultural-pilot-crop-spraying","Agricultural Pilot (Crop Spraying)","Logistics, transport and supply chain","No direct, suggested or manual-curated canonical research link yet."
"air-cargo-agent","Air Cargo Agent","Logistics, transport and supply chain","No direct, suggested or manual-curated canonical research link yet."
"air-freight-forwarder","Air Freight Forwarder","Logistics, transport and supply chain","No direct, suggested or manual-curated canonical research link yet."
"aircraft-dispatcher","Aircraft Dispatcher","Logistics, transport and supply chain","No direct, suggested or manual-curated canonical research link yet."
"aircraft-loadmaster","Aircraft Loadmaster","Logistics, transport and supply chain","No direct, suggested or manual-curated canonical research link yet."
"airline-dispatcher","Airline Dispatcher","Logistics, transport and supply chain","No direct, suggested or manual-curated canonical research link yet."
"airline-pilot-commercial","Airline Pilot (Commercial)","Logistics, transport and supply chain","No direct, suggested or manual-curated canonical research link yet."
"aviation-ground-staff","Aviation Ground Staff","Logistics, transport and supply chain","No direct, suggested or manual-curated canonical research link yet."
"baggage-handler","Baggage Handler","Logistics, transport and supply chain","No direct, suggested or manual-curated canonical research link yet."
"bonded-warehouse-controller","Bonded Warehouse Controller","Logistics, transport and supply chain","No direct, suggested or manual-curated canonical research link yet."
"bulk-tanker-driver-fuel-chemicals","Bulk Tanker Driver (Fuel / Chemicals)","Logistics, transport and supply chain","No direct, suggested or manual-curated canonical research link yet."
"bus-driver-intercity","Bus Driver (Intercity)","Logistics, transport and supply chain","No direct, suggested or manual-curated canonical research link yet."
"bus-driver-metro-myciti-rea-vaya","Bus Driver (Metro / MyCiti / Rea Vaya)","Logistics, transport and supply chain","No direct, suggested or manual-curated canonical research link yet."
"cabin-crew-member","Cabin Crew Member","Logistics, transport and supply chain","No direct, suggested or manual-curated canonical research link yet."
"cold-chain-technician","Cold Chain Technician","Logistics, transport and supply chain","No direct, suggested or manual-curated canonical research link yet."
"container-terminal-planner","Container Terminal Planner","Logistics, transport and supply chain","No direct, suggested or manual-curated canonical research link yet."
"courier-parcel-sorter","Courier / Parcel Sorter","Logistics, transport and supply chain","No direct, suggested or manual-curated canonical research link yet."
"courier-driver","Courier Driver","Logistics, transport and supply chain","No direct, suggested or manual-curated canonical research link yet."
"customs-clearing-agent","Customs Clearing Agent","Logistics, transport and supply chain","No direct, suggested or manual-curated canonical research link yet."
"customs-compliance-manager","Customs Compliance Manager","Logistics, transport and supply chain","No direct, suggested or manual-curated canonical research link yet."
"dangerous-goods-inspector","Dangerous Goods Inspector","Logistics, transport and supply chain","No direct, suggested or manual-curated canonical research link yet."
"delivery-driver-bike-ldv","Delivery Driver (Bike / LDV)","Logistics, transport and supply chain","No direct, suggested or manual-curated canonical research link yet."
"demand-planner-fmcg","Demand Planner (FMCG)","Logistics, transport and supply chain","No direct, suggested or manual-curated canonical research link yet."
"dispatch-clerk","Dispatch Clerk","Logistics, transport and supply chain","No direct, suggested or manual-curated canonical research link yet."
"distribution-centre-manager","Distribution Centre Manager","Logistics, transport and supply chain","No direct, suggested or manual-curated canonical research link yet."
"dock-worker-stevedore","Dock Worker / Stevedore","Logistics, transport and supply chain","No direct, suggested or manual-curated canonical research link yet."
"driving-licence-examiner","Driving Licence Examiner","Logistics, transport and supply chain","No direct, suggested or manual-curated canonical research link yet."
"drone-pilot-commercial","Drone Pilot (Commercial)","Logistics, transport and supply chain","No direct, suggested or manual-curated canonical research link yet."
"drone-survey-operator","Drone Survey Operator","Logistics, transport and supply chain","No direct, suggested or manual-curated canonical research link yet."
"e-commerce-fulfilment-specialist","E-Commerce Fulfilment Specialist","Logistics, transport and supply chain","No direct, suggested or manual-curated canonical research link yet."
"export-clerk","Export Clerk","Logistics, transport and supply chain","No direct, suggested or manual-curated canonical research link yet."
"fleet-controller","Fleet Controller","Logistics, transport and supply chain","No direct, suggested or manual-curated canonical research link yet."
"fleet-maintenance-controller","Fleet Maintenance Controller","Logistics, transport and supply chain","No direct, suggested or manual-curated canonical research link yet."
"flight-operations-officer","Flight Operations Officer","Logistics, transport and supply chain","No direct, suggested or manual-curated canonical research link yet."
"forklift-operator","Forklift Operator","Manufacturing, mining and energy","No direct, suggested or manual-curated canonical research link yet."
"fuel-tanker-driver","Fuel Tanker Driver","Logistics, transport and supply chain","No direct, suggested or manual-curated canonical research link yet."
"furniture-removal-assistant","Furniture Removal Assistant","Logistics, transport and supply chain","No direct, suggested or manual-curated canonical research link yet."
"gantry-crane-operator","Gantry Crane Operator","Logistics, transport and supply chain","No direct, suggested or manual-curated canonical research link yet."
"harbour-master","Harbour Master","Logistics, transport and supply chain","No direct, suggested or manual-curated canonical research link yet."
"harbour-pilot","Harbour Pilot","Logistics, transport and supply chain","No direct, suggested or manual-curated canonical research link yet."
"hazchem-dangerous-goods-driver","Hazchem (Dangerous Goods) Driver","Logistics, transport and supply chain","No direct, suggested or manual-curated canonical research link yet."
"heavy-truck-driver","Heavy Truck Driver","Logistics, transport and supply chain","No direct, suggested or manual-curated canonical research link yet."
"helicopter-pilot","Helicopter Pilot","Logistics, transport and supply chain","No direct, suggested or manual-curated canonical research link yet."
"import-clerk","Import Clerk","Logistics, transport and supply chain","No direct, suggested or manual-curated canonical research link yet."
"lashing-securing-hand","Lashing / Securing Hand","Logistics, transport and supply chain","No direct, suggested or manual-curated canonical research link yet."
"last-mile-logistics-coordinator","Last-Mile Logistics Coordinator","Logistics, transport and supply chain","No direct, suggested or manual-curated canonical research link yet."
"local-delivery-driver","Local Delivery Driver","Logistics, transport and supply chain","No direct, suggested or manual-curated canonical research link yet."
"logistics-coordinator-road-freight","Logistics Coordinator (Road Freight)","Logistics, transport and supply chain","No direct, suggested or manual-curated canonical research link yet."
"logistics-sales-consultant","Logistics Sales Consultant","Logistics, transport and supply chain","No direct, suggested or manual-curated canonical research link yet."
"long-haul-truck-driver","Long-Haul Truck Driver","Logistics, transport and supply chain","No direct, suggested or manual-curated canonical research link yet."
"mail-sorter","Mail Sorter","Logistics, transport and supply chain","No direct, suggested or manual-curated canonical research link yet."
"marine-pilot","Marine Pilot","Logistics, transport and supply chain","No direct, suggested or manual-curated canonical research link yet."
"marshalling-yard-controller","Marshalling Yard Controller","Logistics, transport and supply chain","No direct, suggested or manual-curated canonical research link yet."
"minibus-taxi-driver","Minibus Taxi Driver","Logistics, transport and supply chain","No direct, suggested or manual-curated canonical research link yet."
"order-fulfilment-clerk","Order Fulfilment Clerk","Logistics, transport and supply chain","No direct, suggested or manual-curated canonical research link yet."
"passenger-rail-service-operator-prasa","Passenger Rail Service Operator (PRASA)","Logistics, transport and supply chain","No direct, suggested or manual-curated canonical research link yet."
"port-captain","Port Captain","Logistics, transport and supply chain","No direct, suggested or manual-curated canonical research link yet."
"port-operations-worker","Port Operations Worker","Logistics, transport and supply chain","No direct, suggested or manual-curated canonical research link yet."
"port-worker","Port Worker","Logistics, transport and supply chain","No direct, suggested or manual-curated canonical research link yet."
"post-office-clerk","Post Office Clerk","Logistics, transport and supply chain","No direct, suggested or manual-curated canonical research link yet."
"post-office-manager","Post Office Manager","Logistics, transport and supply chain","No direct, suggested or manual-curated canonical research link yet."
"postal-delivery-worker","Postal Delivery Worker","Logistics, transport and supply chain","No direct, suggested or manual-curated canonical research link yet."
"postal-service-mail-carrier","Postal Service Mail Carrier","Logistics, transport and supply chain","No direct, suggested or manual-curated canonical research link yet."
"postal-worker","Postal Worker","Logistics, transport and supply chain","No direct, suggested or manual-curated canonical research link yet."
"pothole-repair-operator-roads","Pothole Repair Operator (Roads)","Logistics, transport and supply chain","No direct, suggested or manual-curated canonical research link yet."
"procurement-manager","Procurement Manager","Logistics, transport and supply chain","No direct, suggested or manual-curated canonical research link yet."
"railway-points-operator","Railway Points Operator","Logistics, transport and supply chain","No direct, suggested or manual-curated canonical research link yet."
"railway-signalling-technician","Railway Signalling Technician","Logistics, transport and supply chain","No direct, suggested or manual-curated canonical research link yet."
"ramp-agent-ground-handling","Ramp Agent (Ground Handling)","Logistics, transport and supply chain","No direct, suggested or manual-curated canonical research link yet."
"reach-stacker-operator","Reach Stacker Operator","Logistics, transport and supply chain","No direct, suggested or manual-curated canonical research link yet."
"reach-truck-operator","Reach Truck Operator","Logistics, transport and supply chain","No direct, suggested or manual-curated canonical research link yet."
"removals-furniture-truck-driver","Removals Furniture Truck Driver","Logistics, transport and supply chain","No direct, suggested or manual-curated canonical research link yet."
"returns-processor-reverse-logistics","Returns Processor (Reverse Logistics)","Logistics, transport and supply chain","No direct, suggested or manual-curated canonical research link yet."
"ride-hailing-driver","Ride-Hailing Driver","Logistics, transport and supply chain","No direct, suggested or manual-curated canonical research link yet."
"road-traffic-officer","Road Traffic Officer","Logistics, transport and supply chain","No direct, suggested or manual-curated canonical research link yet."
"road-transport-manager","Road Transport Manager","Logistics, transport and supply chain","No direct, suggested or manual-curated canonical research link yet."
"rolling-stock-electrician","Rolling Stock Electrician","Logistics, transport and supply chain","No direct, suggested or manual-curated canonical research link yet."
"school-bus-driver","School Bus Driver","Logistics, transport and supply chain","No direct, suggested or manual-curated canonical research link yet."
"ship-agent-s-clerk","Ship Agent's Clerk","Logistics, transport and supply chain","No direct, suggested or manual-curated canonical research link yet."
"ship-captain","Ship Captain","Logistics, transport and supply chain","No direct, suggested or manual-curated canonical research link yet."
"ship-chandlers-agent","Ship Chandlers Agent","Logistics, transport and supply chain","No direct, suggested or manual-curated canonical research link yet."
"ship-planner","Ship Planner","Logistics, transport and supply chain","No direct, suggested or manual-curated canonical research link yet."
"ship-s-master-coastal","Ship's Master (Coastal)","Logistics, transport and supply chain","No direct, suggested or manual-curated canonical research link yet."
"ships-agent","Ships Agent","Logistics, transport and supply chain","No direct, suggested or manual-curated canonical research link yet."
"shunting-yard-operator","Shunting Yard Operator","Logistics, transport and supply chain","No direct, suggested or manual-curated canonical research link yet."
"stevedore","Stevedore","Logistics, transport and supply chain","No direct, suggested or manual-curated canonical research link yet."
"straddle-carrier-operator","Straddle Carrier Operator","Logistics, transport and supply chain","No direct, suggested or manual-curated canonical research link yet."
"supply-chain-sustainability-analyst","Supply Chain Sustainability Analyst","Logistics, transport and supply chain","No direct, suggested or manual-curated canonical research link yet."
"tariff-specialist-customs","Tariff Specialist (Customs)","Logistics, transport and supply chain","No direct, suggested or manual-curated canonical research link yet."
"taxi-driver-minibus","Taxi Driver (Minibus)","Logistics, transport and supply chain","No direct, suggested or manual-curated canonical research link yet."
"tour-bus-driver","Tour Bus Driver","Logistics, transport and supply chain","No direct, suggested or manual-curated canonical research link yet."
"train-conductor-shunter","Train Conductor / Shunter","Logistics, transport and supply chain","No direct, suggested or manual-curated canonical research link yet."
"train-station-master","Train Station Master","Logistics, transport and supply chain","No direct, suggested or manual-curated canonical research link yet."
"truck-driver-code-c1-ec","Truck Driver (Code C1 / EC)","Logistics, transport and supply chain","No direct, suggested or manual-curated canonical research link yet."
"tug-master","Tug Master","Logistics, transport and supply chain","No direct, suggested or manual-curated canonical research link yet."
"vehicle-testing-station-examiner","Vehicle Testing Station Examiner","Logistics, transport and supply chain","No direct, suggested or manual-curated canonical research link yet."
"vehicle-tracker-recovery-agent","Vehicle Tracker / Recovery Agent","Logistics, transport and supply chain","No direct, suggested or manual-curated canonical research link yet."
"warehouse-picker-packer","Warehouse Picker / Packer","Logistics, transport and supply chain","No direct, suggested or manual-curated canonical research link yet."
"warehouse-supervisor","Warehouse Supervisor","Logistics, transport and supply chain","No direct, suggested or manual-curated canonical research link yet."
"academic-dean","Academic Dean","Management, strategy and leadership","No direct, suggested or manual-curated canonical research link yet."
"administration-clerk","Administration Clerk","Management, strategy and leadership","No direct, suggested or manual-curated canonical research link yet."
"administration-manager","Administration Manager","Management, strategy and leadership","No direct, suggested or manual-curated canonical research link yet."
"area-manager","Area Manager","Management, strategy and leadership","No direct, suggested or manual-curated canonical research link yet."
"arts-and-culture-manager","Arts and Culture Manager","Management, strategy and leadership","No direct, suggested or manual-curated canonical research link yet."
"bid-committee-member","Bid Committee Member","Management, strategy and leadership","No direct, suggested or manual-curated canonical research link yet."
"board-chairperson-non-executive-director","Board Chairperson / Non-Executive Director","Management, strategy and leadership","No direct, suggested or manual-curated canonical research link yet."
"board-member","Board Member","Management, strategy and leadership","No direct, suggested or manual-curated canonical research link yet."
"board-member-non-profit","Board Member (Non-Profit)","Management, strategy and leadership","No direct, suggested or manual-curated canonical research link yet."
"business-analyst-senior","Business Analyst (Senior)","Management, strategy and leadership","No direct, suggested or manual-curated canonical research link yet."
"business-consultant","Business Consultant","Management, strategy and leadership","No direct, suggested or manual-curated canonical research link yet."
"business-continuity-planner","Business Continuity Planner","Management, strategy and leadership","No direct, suggested or manual-curated canonical research link yet."
"business-incubator-manager","Business Incubator Manager","Management, strategy and leadership","No direct, suggested or manual-curated canonical research link yet."
"business-process-re-engineering-consultant","Business Process Re-engineering Consultant","Management, strategy and leadership","No direct, suggested or manual-curated canonical research link yet."
"buyer-procurement-officer","Buyer / Procurement Officer","Management, strategy and leadership","No direct, suggested or manual-curated canonical research link yet."
"change-manager","Change Manager","Management, strategy and leadership","No direct, suggested or manual-curated canonical research link yet."
"chief-executive-officer","Chief Executive Officer","Management, strategy and leadership","No direct, suggested or manual-curated canonical research link yet."
"chief-financial-officer-cfo","Chief Financial Officer (CFO)","Management, strategy and leadership","No direct, suggested or manual-curated canonical research link yet."
"chief-human-resources-officer-chro","Chief Human Resources Officer (CHRO)","Management, strategy and leadership","No direct, suggested or manual-curated canonical research link yet."
"chief-marketing-officer-cmo","Chief Marketing Officer (CMO)","Management, strategy and leadership","No direct, suggested or manual-curated canonical research link yet."
"chief-operations-officer","Chief Operations Officer","Management, strategy and leadership","No direct, suggested or manual-curated canonical research link yet."
"chief-operations-officer-coo","Chief Operations Officer (COO)","Management, strategy and leadership","No direct, suggested or manual-curated canonical research link yet."
"chief-technology-officer","Chief Technology Officer","Management, strategy and leadership","No direct, suggested or manual-curated canonical research link yet."
"clinical-director","Clinical Director","Management, strategy and leadership","No direct, suggested or manual-curated canonical research link yet."
"club-manager","Club Manager","Management, strategy and leadership","No direct, suggested or manual-curated canonical research link yet."
"co-operative-development-officer","Co-operative Development Officer","Management, strategy and leadership","No direct, suggested or manual-curated canonical research link yet."
"co-operative-registrar-advisor","Co-operative Registrar Advisor","Management, strategy and leadership","No direct, suggested or manual-curated canonical research link yet."
"communications-director","Communications Director","Management, strategy and leadership","No direct, suggested or manual-curated canonical research link yet."
"communications-manager","Communications Manager","Management, strategy and leadership","No direct, suggested or manual-curated canonical research link yet."
"compensation-and-benefits-analyst","Compensation and Benefits Analyst","Management, strategy and leadership","No direct, suggested or manual-curated canonical research link yet."
"compliance-manager","Compliance Manager","Management, strategy and leadership","No direct, suggested or manual-curated canonical research link yet."
"continuous-improvement-manager","Continuous Improvement Manager","Management, strategy and leadership","No direct, suggested or manual-curated canonical research link yet."
"contract-manager","Contract Manager","Management, strategy and leadership","No direct, suggested or manual-curated canonical research link yet."
"contracts-manager","Contracts Manager","Management, strategy and leadership","No direct, suggested or manual-curated canonical research link yet."
"data-protection-officer","Data Protection Officer","Management, strategy and leadership","No direct, suggested or manual-curated canonical research link yet."
"data-protection-officer-dpo-popia","Data Protection Officer (DPO / POPIA)","Management, strategy and leadership","No direct, suggested or manual-curated canonical research link yet."
"deal-origination-analyst","Deal Origination Analyst","Management, strategy and leadership","No direct, suggested or manual-curated canonical research link yet."
"diversity-and-inclusion-manager","Diversity and Inclusion Manager","Management, strategy and leadership","No direct, suggested or manual-curated canonical research link yet."
"diversity-and-inclusion-officer","Diversity and Inclusion Officer","Management, strategy and leadership","No direct, suggested or manual-curated canonical research link yet."
"employee-wellness-coordinator","Employee Wellness Coordinator","Management, strategy and leadership","No direct, suggested or manual-curated canonical research link yet."
"enterprise-development-officer-smme","Enterprise Development Officer (SMME)","Management, strategy and leadership","No direct, suggested or manual-curated canonical research link yet."
"enterprise-risk-manager","Enterprise Risk Manager","Management, strategy and leadership","No direct, suggested or manual-curated canonical research link yet."
"entrepreneur","Entrepreneur","Management, strategy and leadership","No direct, suggested or manual-curated canonical research link yet."
"environmental-management-system-coordinator","Environmental Management System Coordinator","Management, strategy and leadership","No direct, suggested or manual-curated canonical research link yet."
"esg-sustainability-manager","ESG / Sustainability Manager","Management, strategy and leadership","No direct, suggested or manual-curated canonical research link yet."
"executive-assistant-to-ceo","Executive Assistant to CEO","Management, strategy and leadership","No direct, suggested or manual-curated canonical research link yet."
"finance-director","Finance Director","Management, strategy and leadership","No direct, suggested or manual-curated canonical research link yet."
"franchise-development-manager","Franchise Development Manager","Management, strategy and leadership","No direct, suggested or manual-curated canonical research link yet."
"fraud-prevention-officer","Fraud Prevention Officer","Management, strategy and leadership","No direct, suggested or manual-curated canonical research link yet."
"general-manager","General Manager","Management, strategy and leadership","No direct, suggested or manual-curated canonical research link yet."
"general-manager-sme","General Manager (SME)","Management, strategy and leadership","No direct, suggested or manual-curated canonical research link yet."
"government-director","Government Director","Management, strategy and leadership","No direct, suggested or manual-curated canonical research link yet."
"headhunter-executive-search-consultant","Headhunter / Executive Search Consultant","Management, strategy and leadership","No direct, suggested or manual-curated canonical research link yet."
"health-and-safety-representative","Health and Safety Representative","Management, strategy and leadership","No direct, suggested or manual-curated canonical research link yet."
"hospital-ceo","Hospital CEO","Management, strategy and leadership","No direct, suggested or manual-curated canonical research link yet."
"hr-business-partner","HR Business Partner","Management, strategy and leadership","No direct, suggested or manual-curated canonical research link yet."
"hr-consultant","HR Consultant","Management, strategy and leadership","No direct, suggested or manual-curated canonical research link yet."
"hr-generalist-practitioner","HR Generalist / Practitioner","Management, strategy and leadership","No direct, suggested or manual-curated canonical research link yet."
"hr-manager","HR Manager","Management, strategy and leadership","No direct, suggested or manual-curated canonical research link yet."
"human-resources-director","Human Resources Director","Management, strategy and leadership","No direct, suggested or manual-curated canonical research link yet."
"human-resources-manager","Human Resources Manager","Management, strategy and leadership","No direct, suggested or manual-curated canonical research link yet."
"ict-director","ICT Director","Management, strategy and leadership","No direct, suggested or manual-curated canonical research link yet."
"incubation-hub-manager","Incubation Hub Manager","Management, strategy and leadership","No direct, suggested or manual-curated canonical research link yet."
"industrial-psychologist-registered","Industrial Psychologist (Registered)","Management, strategy and leadership","No direct, suggested or manual-curated canonical research link yet."
"information-security-manager","Information Security Manager","Management, strategy and leadership","No direct, suggested or manual-curated canonical research link yet."
"innovation-manager","Innovation Manager","Management, strategy and leadership","No direct, suggested or manual-curated canonical research link yet."
"internal-control-manager","Internal Control Manager","Management, strategy and leadership","No direct, suggested or manual-curated canonical research link yet."
"labour-relations-manager","Labour Relations Manager","Management, strategy and leadership","No direct, suggested or manual-curated canonical research link yet."
"labour-relations-specialist","Labour Relations Specialist","Management, strategy and leadership","No direct, suggested or manual-curated canonical research link yet."
"learning-and-development-manager","Learning and Development Manager","Management, strategy and leadership","No direct, suggested or manual-curated canonical research link yet."
"local-economic-development-led-officer","Local Economic Development (LED) Officer","Management, strategy and leadership","No direct, suggested or manual-curated canonical research link yet."
"m-a-advisory-associate","M&A Advisory Associate","Management, strategy and leadership","No direct, suggested or manual-curated canonical research link yet."
"management-trainee-graduate-programme","Management Trainee (Graduate Programme)","Management, strategy and leadership","No direct, suggested or manual-curated canonical research link yet."
"managing-director","Managing Director","Management, strategy and leadership","No direct, suggested or manual-curated canonical research link yet."
"managing-director-ceo","Managing Director / CEO","Management, strategy and leadership","No direct, suggested or manual-curated canonical research link yet."
"managing-partner-professional-services","Managing Partner (Professional Services)","Management, strategy and leadership","No direct, suggested or manual-curated canonical research link yet."
"marketing-director","Marketing Director","Management, strategy and leadership","No direct, suggested or manual-curated canonical research link yet."
"mine-manager","Mine Manager","Management, strategy and leadership","No direct, suggested or manual-curated canonical research link yet."
"non-executive-director","Non-Executive Director","Management, strategy and leadership","No direct, suggested or manual-curated canonical research link yet."
"nursing-manager","Nursing Manager","Management, strategy and leadership","No direct, suggested or manual-curated canonical research link yet."
"ohs-manager-she-manager","OHS Manager / SHE Manager","Management, strategy and leadership","No direct, suggested or manual-curated canonical research link yet."
"operations-manager","Operations Manager","Management, strategy and leadership","No direct, suggested or manual-curated canonical research link yet."
"organisational-change-consultant","Organisational Change Consultant","Management, strategy and leadership","No direct, suggested or manual-curated canonical research link yet."
"organisational-development-consultant","Organisational Development Consultant","Management, strategy and leadership","No direct, suggested or manual-curated canonical research link yet."
"organisational-development-manager","Organisational Development Manager","Management, strategy and leadership","No direct, suggested or manual-curated canonical research link yet."
"organisational-psychologist","Organisational Psychologist","Management, strategy and leadership","No direct, suggested or manual-curated canonical research link yet."
"personal-assistant-to-director","Personal Assistant to Director","Management, strategy and leadership","No direct, suggested or manual-curated canonical research link yet."
"plant-manager","Plant Manager","Management, strategy and leadership","No direct, suggested or manual-curated canonical research link yet."
"policy-director","Policy Director","Management, strategy and leadership","No direct, suggested or manual-curated canonical research link yet."
"portfolio-manager-corporate-strategy","Portfolio Manager (Corporate Strategy)","Management, strategy and leadership","No direct, suggested or manual-curated canonical research link yet."
"prince2-pmp-project-manager","Prince2 / PMP Project Manager","Management, strategy and leadership","No direct, suggested or manual-curated canonical research link yet."
"procurement-officer-government","Procurement Officer (Government)","Management, strategy and leadership","No direct, suggested or manual-curated canonical research link yet."
"product-owner-agile","Product Owner (Agile)","Management, strategy and leadership","No direct, suggested or manual-curated canonical research link yet."
"program-manager-corporate","Program Manager (Corporate)","Management, strategy and leadership","No direct, suggested or manual-curated canonical research link yet."
"programme-manager","Programme Manager","Management, strategy and leadership","No direct, suggested or manual-curated canonical research link yet."
"programme-manager-ngo-npo","Programme Manager (NGO / NPO)","Management, strategy and leadership","No direct, suggested or manual-curated canonical research link yet."
"project-management-office-pmo-manager","Project Management Office (PMO) Manager","Management, strategy and leadership","No direct, suggested or manual-curated canonical research link yet."
"psychometrist-independent-practice","Psychometrist (Independent Practice)","Management, strategy and leadership","No direct, suggested or manual-curated canonical research link yet."
"public-sector-manager","Public Sector Manager","Management, strategy and leadership","No direct, suggested or manual-curated canonical research link yet."
"quality-assurance-manager-iso-9001","Quality Assurance Manager (ISO 9001)","Management, strategy and leadership","No direct, suggested or manual-curated canonical research link yet."
"records-filing-clerk","Records / Filing Clerk","Management, strategy and leadership","No direct, suggested or manual-curated canonical research link yet."
"recruitment-consultant","Recruitment Consultant","Management, strategy and leadership","No direct, suggested or manual-curated canonical research link yet."
"remote-work-hybrid-work-coordinator","Remote Work / Hybrid Work Coordinator","Management, strategy and leadership","No direct, suggested or manual-curated canonical research link yet."
"research-director","Research Director","Management, strategy and leadership","No direct, suggested or manual-curated canonical research link yet."
"restaurant-general-manager","Restaurant General Manager","Management, strategy and leadership","No direct, suggested or manual-curated canonical research link yet."
"risk-compliance-officer","Risk Compliance Officer","Management, strategy and leadership","No direct, suggested or manual-curated canonical research link yet."
"risk-manager","Risk Manager","Management, strategy and leadership","No direct, suggested or manual-curated canonical research link yet."
"safety-officer-construction","Safety Officer (Construction)","Management, strategy and leadership","No direct, suggested or manual-curated canonical research link yet."
"scrum-master-agile-practitioner","Scrum Master / Agile Practitioner","Management, strategy and leadership","No direct, suggested or manual-curated canonical research link yet."
"six-sigma-black-belt","Six Sigma Black Belt","Management, strategy and leadership","No direct, suggested or manual-curated canonical research link yet."
"small-business-owner","Small Business Owner","Management, strategy and leadership","No direct, suggested or manual-curated canonical research link yet."
"smme-development-advisor","SMME Development Advisor","Management, strategy and leadership","No direct, suggested or manual-curated canonical research link yet."
"sport-manager","Sport Manager","Management, strategy and leadership","No direct, suggested or manual-curated canonical research link yet."
"startup-founder","Startup Founder","Management, strategy and leadership","No direct, suggested or manual-curated canonical research link yet."
"strategy-consultant","Strategy Consultant","Management, strategy and leadership","No direct, suggested or manual-curated canonical research link yet."
"strategy-director","Strategy Director","Management, strategy and leadership","No direct, suggested or manual-curated canonical research link yet."
"strategy-manager","Strategy Manager","Management, strategy and leadership","No direct, suggested or manual-curated canonical research link yet."
"supply-chain-director","Supply Chain Director","Management, strategy and leadership","No direct, suggested or manual-curated canonical research link yet."
"sustainability-director","Sustainability Director","Management, strategy and leadership","No direct, suggested or manual-curated canonical research link yet."
"talent-acquisition-specialist","Talent Acquisition Specialist","Management, strategy and leadership","No direct, suggested or manual-curated canonical research link yet."
"talent-manager","Talent Manager","Management, strategy and leadership","No direct, suggested or manual-curated canonical research link yet."
"training-and-development-manager","Training and Development Manager","Management, strategy and leadership","No direct, suggested or manual-curated canonical research link yet."
"training-and-development-officer","Training and Development Officer","Management, strategy and leadership","No direct, suggested or manual-curated canonical research link yet."
"transformation-manager","Transformation Manager","Management, strategy and leadership","No direct, suggested or manual-curated canonical research link yet."
"treasury-manager","Treasury Manager","Management, strategy and leadership","No direct, suggested or manual-curated canonical research link yet."
"vendor-manager","Vendor Manager","Management, strategy and leadership","No direct, suggested or manual-curated canonical research link yet."
"additive-manufacturing-3d-print-technician","Additive Manufacturing (3D Print) Technician","Manufacturing, mining and energy","No direct, suggested or manual-curated canonical research link yet."
"agile-coach","Agile Coach","Manufacturing, mining and energy","No direct, suggested or manual-curated canonical research link yet."
"artisan-fitter","Artisan Fitter","Manufacturing, mining and energy","No direct, suggested or manual-curated canonical research link yet."
"battery-storage-technician","Battery Storage Technician","Manufacturing, mining and energy","No direct, suggested or manual-curated canonical research link yet."
"beverage-bottling-line-operator","Beverage Bottling Line Operator","Manufacturing, mining and energy","No direct, suggested or manual-curated canonical research link yet."
"boiler-maker-heavy","Boiler Maker (Heavy)","Manufacturing, mining and energy","No direct, suggested or manual-curated canonical research link yet."
"boilermaker-artisan","Boilermaker (Artisan)","Manufacturing, mining and energy","No direct, suggested or manual-curated canonical research link yet."
"brewery-operator","Brewery Operator","Manufacturing, mining and energy","No direct, suggested or manual-curated canonical research link yet."
"brickmaking-machine-operator","Brickmaking Machine Operator","Manufacturing, mining and energy","No direct, suggested or manual-curated canonical research link yet."
"calibration-technician","Calibration Technician","Manufacturing, mining and energy","No direct, suggested or manual-curated canonical research link yet."
"canning-preserving-line-worker","Canning / Preserving Line Worker","Manufacturing, mining and energy","No direct, suggested or manual-curated canonical research link yet."
"carpet-fitter","Carpet Fitter","Manufacturing, mining and energy","No direct, suggested or manual-curated canonical research link yet."
"cement-plant-operator","Cement Plant Operator","Manufacturing, mining and energy","No direct, suggested or manual-curated canonical research link yet."
"clothing-pattern-grader","Clothing Pattern Grader","Manufacturing, mining and energy","No direct, suggested or manual-curated canonical research link yet."
"clothing-quality-controller","Clothing Quality Controller","Manufacturing, mining and energy","No direct, suggested or manual-curated canonical research link yet."
"cnc-machine-operator","CNC Machine Operator","Manufacturing, mining and energy","No direct, suggested or manual-curated canonical research link yet."
"cnc-programmer","CNC Programmer","Manufacturing, mining and energy","No direct, suggested or manual-curated canonical research link yet."
"coal-miner-underground","Coal Miner (Underground)","Manufacturing, mining and energy","No direct, suggested or manual-curated canonical research link yet."
"dairy-plant-operator","Dairy Plant Operator","Manufacturing, mining and energy","No direct, suggested or manual-curated canonical research link yet."
"diamond-sorter-digger","Diamond Sorter / Digger","Manufacturing, mining and energy","No direct, suggested or manual-curated canonical research link yet."
"dressmaker","Dressmaker","Manufacturing, mining and energy","No direct, suggested or manual-curated canonical research link yet."
"dump-truck-driver-mining","Dump Truck Driver (Mining)","Manufacturing, mining and energy","No direct, suggested or manual-curated canonical research link yet."
"electrical-engineer-plant","Electrical Engineer (Plant)","Manufacturing, mining and energy","No direct, suggested or manual-curated canonical research link yet."
"electrician-industrial","Electrician (Industrial)","Manufacturing, mining and energy","No direct, suggested or manual-curated canonical research link yet."
"electricity-distribution-linesman","Electricity Distribution Linesman","Manufacturing, mining and energy","No direct, suggested or manual-curated canonical research link yet."
"electronics-technician","Electronics Technician","Manufacturing, mining and energy","No direct, suggested or manual-curated canonical research link yet."
"energy-efficiency-auditor","Energy Efficiency Auditor","Manufacturing, mining and energy","No direct, suggested or manual-curated canonical research link yet."
"energy-plant-operator-solar-wind","Energy Plant Operator (Solar/Wind)","Manufacturing, mining and energy","No direct, suggested or manual-curated canonical research link yet."
"ev-battery-assembly-technician","EV Battery Assembly Technician","Manufacturing, mining and energy","No direct, suggested or manual-curated canonical research link yet."
"factory-manager","Factory Manager","Manufacturing, mining and energy","No direct, suggested or manual-curated canonical research link yet."
"food-processing-operator","Food Processing Operator","Manufacturing, mining and energy","No direct, suggested or manual-curated canonical research link yet."
"footwear-stitcher","Footwear Stitcher","Manufacturing, mining and energy","No direct, suggested or manual-curated canonical research link yet."
"furnace-operator","Furnace Operator","Manufacturing, mining and energy","No direct, suggested or manual-curated canonical research link yet."
"furniture-manufacturing-operator","Furniture Manufacturing Operator","Manufacturing, mining and energy","No direct, suggested or manual-curated canonical research link yet."
"garment-cutter","Garment Cutter","Manufacturing, mining and energy","No direct, suggested or manual-curated canonical research link yet."
"glass-manufacturing-operator","Glass Manufacturing Operator","Manufacturing, mining and energy","No direct, suggested or manual-curated canonical research link yet."
"gold-miner-underground","Gold Miner (Underground)","Manufacturing, mining and energy","No direct, suggested or manual-curated canonical research link yet."
"industrial-chemist","Industrial Chemist","Manufacturing, mining and energy","No direct, suggested or manual-curated canonical research link yet."
"instrument-mechanician","Instrument Mechanician","Manufacturing, mining and energy","No direct, suggested or manual-curated canonical research link yet."
"instrumentation-technician","Instrumentation Technician","Manufacturing, mining and energy","No direct, suggested or manual-curated canonical research link yet."
"knitting-machine-operator","Knitting Machine Operator","Manufacturing, mining and energy","No direct, suggested or manual-curated canonical research link yet."
"lean-manufacturing-specialist","Lean Manufacturing Specialist","Manufacturing, mining and energy","No direct, suggested or manual-curated canonical research link yet."
"leather-goods-maker","Leather Goods Maker","Manufacturing, mining and energy","No direct, suggested or manual-curated canonical research link yet."
"leather-worker","Leather Worker","Manufacturing, mining and energy","No direct, suggested or manual-curated canonical research link yet."
"loco-driver-underground-mine","Loco Driver (Underground Mine)","Manufacturing, mining and energy","No direct, suggested or manual-curated canonical research link yet."
"machine-operator-manufacturing","Machine Operator (Manufacturing)","Manufacturing, mining and energy","No direct, suggested or manual-curated canonical research link yet."
"maintenance-fitter","Maintenance Fitter","Manufacturing, mining and energy","No direct, suggested or manual-curated canonical research link yet."
"maintenance-planner","Maintenance Planner","Manufacturing, mining and energy","No direct, suggested or manual-curated canonical research link yet."
"manufacturing-engineer","Manufacturing Engineer","Manufacturing, mining and energy","No direct, suggested or manual-curated canonical research link yet."
"mechanical-engineer-plant","Mechanical Engineer (Plant)","Manufacturing, mining and energy","No direct, suggested or manual-curated canonical research link yet."
"mechanical-fitter","Mechanical Fitter","Manufacturing, mining and energy","No direct, suggested or manual-curated canonical research link yet."
"metallurgical-engineer-extractive","Metallurgical Engineer (Extractive)","Manufacturing, mining and energy","No direct, suggested or manual-curated canonical research link yet."
"metallurgist-plant","Metallurgist (Plant)","Manufacturing, mining and energy","No direct, suggested or manual-curated canonical research link yet."
"meter-reader-electricity-water","Meter Reader (Electricity / Water)","Manufacturing, mining and energy","No direct, suggested or manual-curated canonical research link yet."
"millwright-plant","Millwright (Plant)","Manufacturing, mining and energy","No direct, suggested or manual-curated canonical research link yet."
"mine-planner","Mine Planner","Manufacturing, mining and energy","No direct, suggested or manual-curated canonical research link yet."
"miner-production-stoping","Miner (Production / Stoping)","Manufacturing, mining and energy","No direct, suggested or manual-curated canonical research link yet."
"mineral-processing-operator","Mineral Processing Operator","Manufacturing, mining and energy","No direct, suggested or manual-curated canonical research link yet."
"motor-mechanic","Motor Mechanic","Manufacturing, mining and energy","No direct, suggested or manual-curated canonical research link yet."
"non-destructive-testing-ndt-technician","Non-Destructive Testing (NDT) Technician","Manufacturing, mining and energy","No direct, suggested or manual-curated canonical research link yet."
"nuclear-plant-operator-koeberg","Nuclear Plant Operator (Koeberg)","Manufacturing, mining and energy","No direct, suggested or manual-curated canonical research link yet."
"packaging-operator","Packaging Operator","Manufacturing, mining and energy","No direct, suggested or manual-curated canonical research link yet."
"paint-sprayer-industrial","Paint Sprayer (Industrial)","Manufacturing, mining and energy","No direct, suggested or manual-curated canonical research link yet."
"panel-beater-spray-painter","Panel Beater / Spray Painter","Manufacturing, mining and energy","No direct, suggested or manual-curated canonical research link yet."
"petrochemical-refinery-operator","Petrochemical Refinery Operator","Manufacturing, mining and energy","No direct, suggested or manual-curated canonical research link yet."
"petrol-diesel-attendant","Petrol/Diesel Attendant","Manufacturing, mining and energy","No direct, suggested or manual-curated canonical research link yet."
"plant-manager-manufacturing","Plant Manager (Manufacturing)","Manufacturing, mining and energy","No direct, suggested or manual-curated canonical research link yet."
"plant-operator-excavator-bulldozer","Plant Operator (Excavator / Bulldozer)","Manufacturing, mining and energy","No direct, suggested or manual-curated canonical research link yet."
"plastic-injection-moulder-operator","Plastic Injection Moulder Operator","Manufacturing, mining and energy","No direct, suggested or manual-curated canonical research link yet."
"plastics-extrusion-operator","Plastics Extrusion Operator","Manufacturing, mining and energy","No direct, suggested or manual-curated canonical research link yet."
"plastics-worker","Plastics Worker","Manufacturing, mining and energy","No direct, suggested or manual-curated canonical research link yet."
"platinum-miner-ug","Platinum Miner (UG)","Manufacturing, mining and energy","No direct, suggested or manual-curated canonical research link yet."
"power-line-worker-high-voltage","Power Line Worker (High Voltage)","Manufacturing, mining and energy","No direct, suggested or manual-curated canonical research link yet."
"power-station-operator","Power Station Operator","Manufacturing, mining and energy","No direct, suggested or manual-curated canonical research link yet."
"press-machine-operator","Press Machine Operator","Manufacturing, mining and energy","No direct, suggested or manual-curated canonical research link yet."
"process-engineer","Process Engineer","Manufacturing, mining and energy","No direct, suggested or manual-curated canonical research link yet."
"process-engineer-chemical","Process Engineer (Chemical)","Manufacturing, mining and energy","No direct, suggested or manual-curated canonical research link yet."
"production-assembly-worker-electronics","Production Assembly Worker (Electronics)","Manufacturing, mining and energy","No direct, suggested or manual-curated canonical research link yet."
"production-engineer","Production Engineer","Manufacturing, mining and energy","No direct, suggested or manual-curated canonical research link yet."
"production-line-worker","Production Line Worker","Manufacturing, mining and energy","No direct, suggested or manual-curated canonical research link yet."
"production-planner","Production Planner","Manufacturing, mining and energy","No direct, suggested or manual-curated canonical research link yet."
"pulp-and-paper-mill-operator","Pulp and Paper Mill Operator","Manufacturing, mining and energy","No direct, suggested or manual-curated canonical research link yet."
"quality-assurance-inspector","Quality Assurance Inspector","Manufacturing, mining and energy","No direct, suggested or manual-curated canonical research link yet."
"quality-systems-auditor-iso","Quality Systems Auditor (ISO)","Manufacturing, mining and energy","No direct, suggested or manual-curated canonical research link yet."
"recycling-plant-sorter","Recycling Plant Sorter","Manufacturing, mining and energy","No direct, suggested or manual-curated canonical research link yet."
"refinery-operator","Refinery Operator","Manufacturing, mining and energy","No direct, suggested or manual-curated canonical research link yet."
"refinery-process-operator","Refinery Process Operator","Manufacturing, mining and energy","No direct, suggested or manual-curated canonical research link yet."
"rigger-construction","Rigger (Construction)","Manufacturing, mining and energy","No direct, suggested or manual-curated canonical research link yet."
"robotics-cell-operator","Robotics Cell Operator","Manufacturing, mining and energy","No direct, suggested or manual-curated canonical research link yet."
"rock-drill-operator","Rock Drill Operator","Manufacturing, mining and energy","No direct, suggested or manual-curated canonical research link yet."
"rock-engineer","Rock Engineer","Manufacturing, mining and energy","No direct, suggested or manual-curated canonical research link yet."
"rock-engineer-mining","Rock Engineer (Mining)","Manufacturing, mining and energy","No direct, suggested or manual-curated canonical research link yet."
"rubber-goods-maker","Rubber Goods Maker","Manufacturing, mining and energy","No direct, suggested or manual-curated canonical research link yet."
"rubber-worker","Rubber Worker","Manufacturing, mining and energy","No direct, suggested or manual-curated canonical research link yet."
"sawmill-operator","Sawmill Operator","Manufacturing, mining and energy","No direct, suggested or manual-curated canonical research link yet."
"scrap-metal-processor","Scrap Metal Processor","Manufacturing, mining and energy","No direct, suggested or manual-curated canonical research link yet."
"scrap-metal-yard-worker","Scrap Metal Yard Worker","Manufacturing, mining and energy","No direct, suggested or manual-curated canonical research link yet."
"sewing-machinist","Sewing Machinist","Manufacturing, mining and energy","No direct, suggested or manual-curated canonical research link yet."
"shift-supervisor","Shift Supervisor","Manufacturing, mining and energy","No direct, suggested or manual-curated canonical research link yet."
"shoe-footwear-maker","Shoe / Footwear Maker","Manufacturing, mining and energy","No direct, suggested or manual-curated canonical research link yet."
"shoemaker","Shoemaker","Manufacturing, mining and energy","No direct, suggested or manual-curated canonical research link yet."
"slinging-and-signalling-crew","Slinging and Signalling Crew","Manufacturing, mining and energy","No direct, suggested or manual-curated canonical research link yet."
"soft-drink-cooldrink-plant-operator","Soft Drink / Cooldrink Plant Operator","Manufacturing, mining and energy","No direct, suggested or manual-curated canonical research link yet."
"solar-panel-assembler","Solar Panel Assembler","Manufacturing, mining and energy","No direct, suggested or manual-curated canonical research link yet."
"substation-operator","Substation Operator","Manufacturing, mining and energy","No direct, suggested or manual-curated canonical research link yet."
"textile-dyer","Textile Dyer","Manufacturing, mining and energy","No direct, suggested or manual-curated canonical research link yet."
"textile-machine-operator","Textile Machine Operator","Manufacturing, mining and energy","No direct, suggested or manual-curated canonical research link yet."
"timber-treater","Timber Treater","Manufacturing, mining and energy","No direct, suggested or manual-curated canonical research link yet."
"tyre-builder","Tyre Builder","Manufacturing, mining and energy","No direct, suggested or manual-curated canonical research link yet."
"tyre-fitter","Tyre Fitter","Informal, entrepreneurship and community economy","No direct, suggested or manual-curated canonical research link yet."
"ventilation-officer-mine","Ventilation Officer (Mine)","Manufacturing, mining and energy","No direct, suggested or manual-curated canonical research link yet."
"water-treatment-plant-operator","Water Treatment Plant Operator","Manufacturing, mining and energy","No direct, suggested or manual-curated canonical research link yet."
"water-treatment-process-controller","Water Treatment Process Controller","Manufacturing, mining and energy","No direct, suggested or manual-curated canonical research link yet."
"weaver-textiles","Weaver (Textiles)","Manufacturing, mining and energy","No direct, suggested or manual-curated canonical research link yet."
"welder-arc-mig-tig","Welder (Arc, MIG, TIG)","Manufacturing, mining and energy","No direct, suggested or manual-curated canonical research link yet."
"welder-code-pressure","Welder (Code / Pressure)","Manufacturing, mining and energy","No direct, suggested or manual-curated canonical research link yet."
"welding-co-ordinator","Welding Co-ordinator","Manufacturing, mining and energy","No direct, suggested or manual-curated canonical research link yet."
"welding-machine-operator","Welding Machine Operator","Manufacturing, mining and energy","No direct, suggested or manual-curated canonical research link yet."
"account-manager-agency","Account Manager (Agency)","Sales, marketing and customer work","No direct, suggested or manual-curated canonical research link yet."
"account-manager-sales","Account Manager (Sales)","Sales, marketing and customer work","No direct, suggested or manual-curated canonical research link yet."
"affiliate-marketing-coordinator","Affiliate Marketing Coordinator","Sales, marketing and customer work","No direct, suggested or manual-curated canonical research link yet."
"agricultural-equipment-sales-rep","Agricultural Equipment Sales Rep","Sales, marketing and customer work","No direct, suggested or manual-curated canonical research link yet."
"auctioneer","Auctioneer","Sales, marketing and customer work","No direct, suggested or manual-curated canonical research link yet."
"beauty-consultant-retail","Beauty Consultant (Retail)","Sales, marketing and customer work","No direct, suggested or manual-curated canonical research link yet."
"booking-clerk","Booking Clerk","Sales, marketing and customer work","No direct, suggested or manual-curated canonical research link yet."
"brand-ambassador","Brand Ambassador","Sales, marketing and customer work","No direct, suggested or manual-curated canonical research link yet."
"brand-strategist","Brand Strategist","Sales, marketing and customer work","No direct, suggested or manual-curated canonical research link yet."
"building-hardware-sales-advisor","Building / Hardware Sales Advisor","Sales, marketing and customer work","No direct, suggested or manual-curated canonical research link yet."
"call-centre-agent-inbound","Call Centre Agent (Inbound)","Sales, marketing and customer work","No direct, suggested or manual-curated canonical research link yet."
"call-centre-agent-outbound","Call Centre Agent (Outbound)","Sales, marketing and customer work","No direct, suggested or manual-curated canonical research link yet."
"call-centre-quality-assurance-assessor","Call Centre Quality Assurance Assessor","Sales, marketing and customer work","No direct, suggested or manual-curated canonical research link yet."
"call-centre-team-leader","Call Centre Team Leader","Sales, marketing and customer work","No direct, suggested or manual-curated canonical research link yet."
"call-centre-trainer","Call Centre Trainer","Sales, marketing and customer work","No direct, suggested or manual-curated canonical research link yet."
"call-centre-workforce-planner","Call Centre Workforce Planner","Sales, marketing and customer work","No direct, suggested or manual-curated canonical research link yet."
"car-sales-executive","Car Sales Executive","Sales, marketing and customer work","No direct, suggested or manual-curated canonical research link yet."
"car-salesperson","Car Salesperson","Sales, marketing and customer work","No direct, suggested or manual-curated canonical research link yet."
"cellular-mobile-phone-sales-consultant","Cellular / Mobile Phone Sales Consultant","Sales, marketing and customer work","No direct, suggested or manual-curated canonical research link yet."
"channel-sales-manager","Channel Sales Manager","Sales, marketing and customer work","No direct, suggested or manual-curated canonical research link yet."
"community-manager-online-brand","Community Manager (Online Brand)","Sales, marketing and customer work","No direct, suggested or manual-curated canonical research link yet."
"corporate-communications-officer","Corporate Communications Officer","Sales, marketing and customer work","No direct, suggested or manual-curated canonical research link yet."
"cosmetics-sales-assistant","Cosmetics Sales Assistant","Sales, marketing and customer work","No direct, suggested or manual-curated canonical research link yet."
"crisis-communications-advisor","Crisis Communications Advisor","Sales, marketing and customer work","No direct, suggested or manual-curated canonical research link yet."
"customer-experience-cx-manager","Customer Experience (CX) Manager","Sales, marketing and customer work","No direct, suggested or manual-curated canonical research link yet."
"customer-onboarding-specialist","Customer Onboarding Specialist","Sales, marketing and customer work","No direct, suggested or manual-curated canonical research link yet."
"customer-service-representative","Customer Service Representative","Sales, marketing and customer work","No direct, suggested or manual-curated canonical research link yet."
"customer-success-manager","Customer Success Manager","Sales, marketing and customer work","No direct, suggested or manual-curated canonical research link yet."
"customer-support-manager","Customer Support Manager","Sales, marketing and customer work","No direct, suggested or manual-curated canonical research link yet."
"customer-support-team-leader","Customer Support Team Leader","Sales, marketing and customer work","No direct, suggested or manual-curated canonical research link yet."
"demonstrator","Demonstrator","Sales, marketing and customer work","No direct, suggested or manual-curated canonical research link yet."
"direct-marketing-distributor","Direct Marketing Distributor","Sales, marketing and customer work","No direct, suggested or manual-curated canonical research link yet."
"donor-relations-officer","Donor Relations Officer","Sales, marketing and customer work","No direct, suggested or manual-curated canonical research link yet."
"door-to-door-sales-representative","Door-to-Door Sales Representative","Sales, marketing and customer work","No direct, suggested or manual-curated canonical research link yet."
"door-to-door-sales-worker","Door-to-Door Sales Worker","Sales, marketing and customer work","No direct, suggested or manual-curated canonical research link yet."
"e-commerce-customer-support","E-Commerce Customer Support","Sales, marketing and customer work","No direct, suggested or manual-curated canonical research link yet."
"e-commerce-store-manager","E-Commerce Store Manager","Sales, marketing and customer work","No direct, suggested or manual-curated canonical research link yet."
"electronics-sales-consultant","Electronics Sales Consultant","Sales, marketing and customer work","No direct, suggested or manual-curated canonical research link yet."
"estate-agent","Estate Agent","Sales, marketing and customer work","No direct, suggested or manual-curated canonical research link yet."
"events-marketing-manager","Events Marketing Manager","Sales, marketing and customer work","No direct, suggested or manual-curated canonical research link yet."
"exhibition-stand-coordinator","Exhibition Stand Coordinator","Sales, marketing and customer work","No direct, suggested or manual-curated canonical research link yet."
"fashion-buyer","Fashion Buyer","Sales, marketing and customer work","No direct, suggested or manual-curated canonical research link yet."
"field-marketing-manager","Field Marketing Manager","Sales, marketing and customer work","No direct, suggested or manual-curated canonical research link yet."
"field-sales-agent-township","Field Sales Agent (Township)","Sales, marketing and customer work","No direct, suggested or manual-curated canonical research link yet."
"fragrance-promoter","Fragrance Promoter","Sales, marketing and customer work","No direct, suggested or manual-curated canonical research link yet."
"franchise-manager","Franchise Manager","Sales, marketing and customer work","No direct, suggested or manual-curated canonical research link yet."
"franchise-owner-operator","Franchise Owner/Operator","Sales, marketing and customer work","No direct, suggested or manual-curated canonical research link yet."
"fundraiser-ngo-npo","Fundraiser (NGO / NPO)","Sales, marketing and customer work","No direct, suggested or manual-curated canonical research link yet."
"furniture-sales-consultant","Furniture Sales Consultant","Sales, marketing and customer work","No direct, suggested or manual-curated canonical research link yet."
"hotel-receptionist","Hotel Receptionist","Sales, marketing and customer work","No direct, suggested or manual-curated canonical research link yet."
"industrial-sales-engineer","Industrial Sales Engineer","Sales, marketing and customer work","No direct, suggested or manual-curated canonical research link yet."
"influencer-marketing-coordinator","Influencer Marketing Coordinator","Sales, marketing and customer work","No direct, suggested or manual-curated canonical research link yet."
"informal-trader","Informal Trader","Sales, marketing and customer work","No direct, suggested or manual-curated canonical research link yet."
"information-clerk","Information Clerk","Sales, marketing and customer work","No direct, suggested or manual-curated canonical research link yet."
"it-software-account-executive","IT / Software Account Executive","Sales, marketing and customer work","No direct, suggested or manual-curated canonical research link yet."
"key-account-manager","Key Account Manager","Sales, marketing and customer work","No direct, suggested or manual-curated canonical research link yet."
"laboratory-equipment-sales-rep","Laboratory Equipment Sales Rep","Sales, marketing and customer work","No direct, suggested or manual-curated canonical research link yet."
"loss-prevention-officer","Loss Prevention Officer","Armed forces and security services","No direct, suggested or manual-curated canonical research link yet."
"market-stall-holder","Market Stall Holder","Sales, marketing and customer work","No direct, suggested or manual-curated canonical research link yet."
"media-buyer","Media Buyer","Sales, marketing and customer work","No direct, suggested or manual-curated canonical research link yet."
"media-planner","Media Planner","Sales, marketing and customer work","No direct, suggested or manual-curated canonical research link yet."
"medical-device-sales-specialist","Medical Device Sales Specialist","Sales, marketing and customer work","No direct, suggested or manual-curated canonical research link yet."
"medical-sales-representative","Medical Sales Representative","Sales, marketing and customer work","No direct, suggested or manual-curated canonical research link yet."
"merchandiser","Merchandiser","Sales, marketing and customer work","No direct, suggested or manual-curated canonical research link yet."
"model","Model","Sales, marketing and customer work","No direct, suggested or manual-curated canonical research link yet."
"motorcycle-sales-representative","Motorcycle Sales Representative","Sales, marketing and customer work","No direct, suggested or manual-curated canonical research link yet."
"mystery-shopper","Mystery Shopper","Sales, marketing and customer work","No direct, suggested or manual-curated canonical research link yet."
"network-marketer-direct-selling-agent","Network Marketer / Direct Selling Agent","Sales, marketing and customer work","No direct, suggested or manual-curated canonical research link yet."
"office-equipment-sales-rep","Office Equipment Sales Rep","Sales, marketing and customer work","No direct, suggested or manual-curated canonical research link yet."
"partner-success-manager","Partner Success Manager","Sales, marketing and customer work","No direct, suggested or manual-curated canonical research link yet."
"personal-assistant-secretary","Personal Assistant / Secretary","Sales, marketing and customer work","No direct, suggested or manual-curated canonical research link yet."
"pharmaceutical-representative","Pharmaceutical Representative","Sales, marketing and customer work","No direct, suggested or manual-curated canonical research link yet."
"pharmaceutical-sales-rep-ethical","Pharmaceutical Sales Rep (Ethical)","Sales, marketing and customer work","No direct, suggested or manual-curated canonical research link yet."
"product-marketing-manager","Product Marketing Manager","Sales, marketing and customer work","No direct, suggested or manual-curated canonical research link yet."
"promoter-field-marketer","Promoter / Field Marketer","Sales, marketing and customer work","No direct, suggested or manual-curated canonical research link yet."
"public-relations-account-manager","Public Relations Account Manager","Sales, marketing and customer work","No direct, suggested or manual-curated canonical research link yet."
"real-estate-agent-intern","Real Estate Agent (Intern)","Sales, marketing and customer work","No direct, suggested or manual-curated canonical research link yet."
"real-estate-principal","Real Estate Principal","Sales, marketing and customer work","No direct, suggested or manual-curated canonical research link yet."
"receptionist-front-desk","Receptionist / Front Desk","Sales, marketing and customer work","No direct, suggested or manual-curated canonical research link yet."
"retail-area-manager","Retail Area Manager","Sales, marketing and customer work","No direct, suggested or manual-curated canonical research link yet."
"retail-buyer-merchandiser","Retail Buyer / Merchandiser","Sales, marketing and customer work","No direct, suggested or manual-curated canonical research link yet."
"retail-department-manager","Retail Department Manager","Sales, marketing and customer work","No direct, suggested or manual-curated canonical research link yet."
"retail-marketing-coordinator","Retail Marketing Coordinator","Sales, marketing and customer work","No direct, suggested or manual-curated canonical research link yet."
"retail-store-manager","Retail Store Manager","Sales, marketing and customer work","No direct, suggested or manual-curated canonical research link yet."
"saas-sales-representative","SaaS Sales Representative","Sales, marketing and customer work","No direct, suggested or manual-curated canonical research link yet."
"sales-associate-luxury-goods","Sales Associate (Luxury Goods)","Sales, marketing and customer work","No direct, suggested or manual-curated canonical research link yet."
"sales-director","Sales Director","Management, strategy and leadership","No direct, suggested or manual-curated canonical research link yet."
"sales-enablement-specialist","Sales Enablement Specialist","Sales, marketing and customer work","No direct, suggested or manual-curated canonical research link yet."
"sales-operations-analyst","Sales Operations Analyst","Sales, marketing and customer work","No direct, suggested or manual-curated canonical research link yet."
"sales-representative","Sales Representative","Sales, marketing and customer work","No direct, suggested or manual-curated canonical research link yet."
"sales-representative-fmcg","Sales Representative (FMCG)","Sales, marketing and customer work","No direct, suggested or manual-curated canonical research link yet."
"sdr-bdr-software-sales","SDR / BDR (Software Sales)","Sales, marketing and customer work","No direct, suggested or manual-curated canonical research link yet."
"shop-assistant-cashier","Shop Assistant / Cashier","Sales, marketing and customer work","No direct, suggested or manual-curated canonical research link yet."
"shop-sales-assistant","Shop Sales Assistant","Sales, marketing and customer work","No direct, suggested or manual-curated canonical research link yet."
"social-media-sales-funnel-specialist","Social Media Sales Funnel Specialist","Sales, marketing and customer work","No direct, suggested or manual-curated canonical research link yet."
"sponsorship-coordinator","Sponsorship Coordinator","Sales, marketing and customer work","No direct, suggested or manual-curated canonical research link yet."
"stock-inventory-planner-retail","Stock / Inventory Planner (Retail)","Sales, marketing and customer work","No direct, suggested or manual-curated canonical research link yet."
"technical-sales-representative","Technical Sales Representative","Sales, marketing and customer work","No direct, suggested or manual-curated canonical research link yet."
"technical-support-agent-helpdesk","Technical Support Agent (Helpdesk)","Sales, marketing and customer work","No direct, suggested or manual-curated canonical research link yet."
"telesales-agent","Telesales Agent","Sales, marketing and customer work","No direct, suggested or manual-curated canonical research link yet."
"ticket-agent","Ticket Agent","Sales, marketing and customer work","No direct, suggested or manual-curated canonical research link yet."
"trade-marketer-fmcg","Trade Marketer (FMCG)","Sales, marketing and customer work","No direct, suggested or manual-curated canonical research link yet."
"trade-show-sales-representative","Trade Show Sales Representative","Sales, marketing and customer work","No direct, suggested or manual-curated canonical research link yet."
"travel-agent","Travel Agent","Sales, marketing and customer work","No direct, suggested or manual-curated canonical research link yet."
"truck-sales-representative","Truck Sales Representative","Sales, marketing and customer work","No direct, suggested or manual-curated canonical research link yet."
"used-car-sales-executive","Used Car Sales Executive","Sales, marketing and customer work","No direct, suggested or manual-curated canonical research link yet."
"vehicle-finance-and-insurance-f-i-consultant","Vehicle Finance and Insurance (F&I) Consultant","Sales, marketing and customer work","No direct, suggested or manual-curated canonical research link yet."
"vendor-relationship-manager","Vendor Relationship Manager","Sales, marketing and customer work","No direct, suggested or manual-curated canonical research link yet."
"visual-merchandising-manager","Visual Merchandising Manager","Sales, marketing and customer work","No direct, suggested or manual-curated canonical research link yet."
"wholesale-manager","Wholesale Manager","Sales, marketing and customer work","No direct, suggested or manual-curated canonical research link yet."
"wholesale-sales-representative","Wholesale Sales Representative","Sales, marketing and customer work","No direct, suggested or manual-curated canonical research link yet."
"air-quality-monitoring-technician","Air Quality Monitoring Technician","Science, research and frontier careers","No direct, suggested or manual-curated canonical research link yet."
"air-quality-officer","Air Quality Officer","Science, research and frontier careers","No direct, suggested or manual-curated canonical research link yet."
"astronautical-engineer","Astronautical Engineer","Science, research and frontier careers","No direct, suggested or manual-curated canonical research link yet."
"astronomer","Astronomer","Science, research and frontier careers","No direct, suggested or manual-curated canonical research link yet."
"ballistics-expert","Ballistics Expert","Science, research and frontier careers","No direct, suggested or manual-curated canonical research link yet."
"biodiversity-officer","Biodiversity Officer","Science, research and frontier careers","No direct, suggested or manual-curated canonical research link yet."
"bioinformatics-scientist","Bioinformatics Scientist","Science, research and frontier careers","No direct, suggested or manual-curated canonical research link yet."
"biomedical-technologist","Biomedical Technologist","Science, research and frontier careers","No direct, suggested or manual-curated canonical research link yet."
"biostatistician","Biostatistician","Science, research and frontier careers","No direct, suggested or manual-curated canonical research link yet."
"cartographer","Cartographer","Science, research and frontier careers","No direct, suggested or manual-curated canonical research link yet."
"cell-biologist","Cell Biologist","Science, research and frontier careers","No direct, suggested or manual-curated canonical research link yet."
"chemist-laboratory-analyst","Chemist (Laboratory Analyst)","Science, research and frontier careers","No direct, suggested or manual-curated canonical research link yet."
"chromatography-analyst","Chromatography Analyst","Science, research and frontier careers","No direct, suggested or manual-curated canonical research link yet."
"climate-change-scientist","Climate Change Scientist","Science, research and frontier careers","No direct, suggested or manual-curated canonical research link yet."
"climatologist","Climatologist","Science, research and frontier careers","No direct, suggested or manual-curated canonical research link yet."
"clinical-technologist","Clinical Technologist","Science, research and frontier careers","No direct, suggested or manual-curated canonical research link yet."
"coastal-management-officer","Coastal Management Officer","Science, research and frontier careers","No direct, suggested or manual-curated canonical research link yet."
"conservation-science-officer","Conservation Science Officer","Science, research and frontier careers","No direct, suggested or manual-curated canonical research link yet."
"crime-scene-investigator-forensic","Crime Scene Investigator (Forensic)","Science, research and frontier careers","No direct, suggested or manual-curated canonical research link yet."
"data-scientist-research","Data Scientist (Research)","Science, research and frontier careers","No direct, suggested or manual-curated canonical research link yet."
"dna-analyst-forensic","DNA Analyst (Forensic)","Science, research and frontier careers","No direct, suggested or manual-curated canonical research link yet."
"earth-science-technician","Earth Science Technician","Science, research and frontier careers","No direct, suggested or manual-curated canonical research link yet."
"ecologist","Ecologist","Science, research and frontier careers","No direct, suggested or manual-curated canonical research link yet."
"energy-storage-engineer","Energy Storage Engineer","Science, research and frontier careers","No direct, suggested or manual-curated canonical research link yet."
"entomologist","Entomologist","Science, research and frontier careers","No direct, suggested or manual-curated canonical research link yet."
"environmental-auditor","Environmental Auditor","Science, research and frontier careers","No direct, suggested or manual-curated canonical research link yet."
"environmental-compliance-officer","Environmental Compliance Officer","Science, research and frontier careers","No direct, suggested or manual-curated canonical research link yet."
"environmental-consultant","Environmental Consultant","Science, research and frontier careers","No direct, suggested or manual-curated canonical research link yet."
"environmental-impact-assessment-practitioner","Environmental Impact Assessment Practitioner","Science, research and frontier careers","No direct, suggested or manual-curated canonical research link yet."
"epidemiologist","Epidemiologist","Science, research and frontier careers","No direct, suggested or manual-curated canonical research link yet."
"ergonomist","Ergonomist","Science, research and frontier careers","No direct, suggested or manual-curated canonical research link yet."
"food-microbiologist","Food Microbiologist","Science, research and frontier careers","No direct, suggested or manual-curated canonical research link yet."
"forensic-analyst","Forensic Analyst","Science, research and frontier careers","No direct, suggested or manual-curated canonical research link yet."
"forensic-anthropologist","Forensic Anthropologist","Science, research and frontier careers","No direct, suggested or manual-curated canonical research link yet."
"forensic-science-analyst","Forensic Science Analyst","Science, research and frontier careers","No direct, suggested or manual-curated canonical research link yet."
"geneticist","Geneticist","Science, research and frontier careers","No direct, suggested or manual-curated canonical research link yet."
"geochemist","Geochemist","Science, research and frontier careers","No direct, suggested or manual-curated canonical research link yet."
"gis-specialist","GIS Specialist","Science, research and frontier careers","No direct, suggested or manual-curated canonical research link yet."
"herpetologist","Herpetologist","Science, research and frontier careers","No direct, suggested or manual-curated canonical research link yet."
"hydrogen-fuel-cell-researcher","Hydrogen Fuel Cell Researcher","Science, research and frontier careers","No direct, suggested or manual-curated canonical research link yet."
"immunologist","Immunologist","Science, research and frontier careers","No direct, suggested or manual-curated canonical research link yet."
"invasive-species-officer","Invasive Species Officer","Science, research and frontier careers","No direct, suggested or manual-curated canonical research link yet."
"laboratory-assistant","Laboratory Assistant","Science, research and frontier careers","No direct, suggested or manual-curated canonical research link yet."
"laboratory-technologist","Laboratory Technologist","Science, research and frontier careers","No direct, suggested or manual-curated canonical research link yet."
"marine-biologist","Marine Biologist","Science, research and frontier careers","No direct, suggested or manual-curated canonical research link yet."
"marine-scientist","Marine Scientist","Science, research and frontier careers","No direct, suggested or manual-curated canonical research link yet."
"mathematician-applied","Mathematician (Applied)","Science, research and frontier careers","No direct, suggested or manual-curated canonical research link yet."
"medical-physicist","Medical Physicist","Science, research and frontier careers","No direct, suggested or manual-curated canonical research link yet."
"medical-scientist-pathology","Medical Scientist (Pathology)","Science, research and frontier careers","No direct, suggested or manual-curated canonical research link yet."
"metallurgical-assayer","Metallurgical Assayer","Science, research and frontier careers","No direct, suggested or manual-curated canonical research link yet."
"microbiology-laboratory-analyst","Microbiology Laboratory Analyst","Science, research and frontier careers","No direct, suggested or manual-curated canonical research link yet."
"molecular-biologist","Molecular Biologist","Science, research and frontier careers","No direct, suggested or manual-curated canonical research link yet."
"nanotechnologist","Nanotechnologist","Science, research and frontier careers","No direct, suggested or manual-curated canonical research link yet."
"nuclear-medicine-technologist","Nuclear Medicine Technologist","Science, research and frontier careers","No direct, suggested or manual-curated canonical research link yet."
"nuclear-scientist-reactor","Nuclear Scientist (Reactor)","Science, research and frontier careers","No direct, suggested or manual-curated canonical research link yet."
"occupational-hygienist","Occupational Hygienist","Science, research and frontier careers","No direct, suggested or manual-curated canonical research link yet."
"operations-researcher","Operations Researcher","Science, research and frontier careers","No direct, suggested or manual-curated canonical research link yet."
"ornithologist","Ornithologist","Science, research and frontier careers","No direct, suggested or manual-curated canonical research link yet."
"palaeontologist","Palaeontologist","Science, research and frontier careers","No direct, suggested or manual-curated canonical research link yet."
"paleontologist","Paleontologist","Science, research and frontier careers","No direct, suggested or manual-curated canonical research link yet."
"patent-examiner","Patent Examiner","Science, research and frontier careers","No direct, suggested or manual-curated canonical research link yet."
"pharmacologist","Pharmacologist","Science, research and frontier careers","No direct, suggested or manual-curated canonical research link yet."
"phd-researcher-candidate","PhD Researcher / Candidate","Science, research and frontier careers","No direct, suggested or manual-curated canonical research link yet."
"protected-areas-manager","Protected Areas Manager","Science, research and frontier careers","No direct, suggested or manual-curated canonical research link yet."
"public-health-medicine-specialist","Public Health Medicine Specialist","Science, research and frontier careers","No direct, suggested or manual-curated canonical research link yet."
"quality-control-laboratory-analyst","Quality Control Laboratory Analyst","Science, research and frontier careers","No direct, suggested or manual-curated canonical research link yet."
"quantitative-analyst","Quantitative Analyst","Science, research and frontier careers","No direct, suggested or manual-curated canonical research link yet."
"radiation-protection-officer","Radiation Protection Officer","Science, research and frontier careers","No direct, suggested or manual-curated canonical research link yet."
"radiotherapy-dosimetrist","Radiotherapy Dosimetrist","Science, research and frontier careers","No direct, suggested or manual-curated canonical research link yet."
"regional-planner","Regional Planner","Science, research and frontier careers","No direct, suggested or manual-curated canonical research link yet."
"remote-sensing-scientist","Remote Sensing Scientist","Science, research and frontier careers","No direct, suggested or manual-curated canonical research link yet."
"renewable-energy-engineer-solar","Renewable Energy Engineer (Solar)","Science, research and frontier careers","No direct, suggested or manual-curated canonical research link yet."
"renewable-energy-researcher","Renewable Energy Researcher","Science, research and frontier careers","No direct, suggested or manual-curated canonical research link yet."
"research-assistant-university","Research Assistant (University)","Science, research and frontier careers","No direct, suggested or manual-curated canonical research link yet."
"research-methodologist","Research Methodologist","Science, research and frontier careers","No direct, suggested or manual-curated canonical research link yet."
"research-scientist","Research Scientist","Science, research and frontier careers","No direct, suggested or manual-curated canonical research link yet."
"research-scientist-applied","Research Scientist (Applied)","Science, research and frontier careers","No direct, suggested or manual-curated canonical research link yet."
"science-communicator","Science Communicator","Science, research and frontier careers","No direct, suggested or manual-curated canonical research link yet."
"science-communicator-journalist","Science Communicator / Journalist","Science, research and frontier careers","No direct, suggested or manual-curated canonical research link yet."
"science-grant-writer","Science Grant Writer","Science, research and frontier careers","No direct, suggested or manual-curated canonical research link yet."
"science-lab-safety-officer","Science Lab Safety Officer","Science, research and frontier careers","No direct, suggested or manual-curated canonical research link yet."
"science-laboratory-manager","Science Laboratory Manager","Science, research and frontier careers","No direct, suggested or manual-curated canonical research link yet."
"seismologist","Seismologist","Science, research and frontier careers","No direct, suggested or manual-curated canonical research link yet."
"sensory-scientist","Sensory Scientist","Science, research and frontier careers","No direct, suggested or manual-curated canonical research link yet."
"solid-waste-manager","Solid Waste Manager","Science, research and frontier careers","No direct, suggested or manual-curated canonical research link yet."
"space-weather-scientist","Space Weather Scientist","Science, research and frontier careers","No direct, suggested or manual-curated canonical research link yet."
"spectroscopist","Spectroscopist","Science, research and frontier careers","No direct, suggested or manual-curated canonical research link yet."
"surveyor-land","Surveyor (Land)","Science, research and frontier careers","No direct, suggested or manual-curated canonical research link yet."
"town-planner","Town Planner","Science, research and frontier careers","No direct, suggested or manual-curated canonical research link yet."
"urban-designer","Urban Designer","Science, research and frontier careers","No direct, suggested or manual-curated canonical research link yet."
"virologist","Virologist","Science, research and frontier careers","No direct, suggested or manual-curated canonical research link yet."
"volcanologist","Volcanologist","Science, research and frontier careers","No direct, suggested or manual-curated canonical research link yet."
"volcanology-field-technician","Volcanology Field Technician","Science, research and frontier careers","No direct, suggested or manual-curated canonical research link yet."
"water-microbiologist","Water Microbiologist","Science, research and frontier careers","No direct, suggested or manual-curated canonical research link yet."
"water-quality-sampling-officer","Water Quality Sampling Officer","Science, research and frontier careers","No direct, suggested or manual-curated canonical research link yet."
"water-quality-scientist","Water Quality Scientist","Science, research and frontier careers","No direct, suggested or manual-curated canonical research link yet."
"water-scientist","Water Scientist","Science, research and frontier careers","No direct, suggested or manual-curated canonical research link yet."
"wetland-ecologist","Wetland Ecologist","Science, research and frontier careers","No direct, suggested or manual-curated canonical research link yet."
"wind-energy-engineer","Wind Energy Engineer","Science, research and frontier careers","No direct, suggested or manual-curated canonical research link yet."
"access-control-technician","Access Control Technician","Skilled trades, construction and engineering","No direct, suggested or manual-curated canonical research link yet."
"aeronautical-avionics-technician","Aeronautical Avionics Technician","Skilled trades, construction and engineering","No direct, suggested or manual-curated canonical research link yet."
"agricultural-mechanic","Agricultural Mechanic","Skilled trades, construction and engineering","No direct, suggested or manual-curated canonical research link yet."
"aircraft-sheetmetal-technician","Aircraft Sheetmetal Technician","Skilled trades, construction and engineering","No direct, suggested or manual-curated canonical research link yet."
"auto-body-repair-technician","Auto Body Repair Technician","Skilled trades, construction and engineering","No direct, suggested or manual-curated canonical research link yet."
"auto-trim-upholstery-technician","Auto Trim / Upholstery Technician","Skilled trades, construction and engineering","No direct, suggested or manual-curated canonical research link yet."
"basket-weaver","Basket Weaver","Arts, culture, heritage and society","No direct, suggested or manual-curated canonical research link yet."
"beadwork-artisan","Beadwork Artisan","Informal, entrepreneurship and community economy","No direct, suggested or manual-curated canonical research link yet."
"bicycle-mechanic","Bicycle Mechanic","Skilled trades, construction and engineering","No direct, suggested or manual-curated canonical research link yet."
"boat-builder","Boat Builder","Skilled trades, construction and engineering","No direct, suggested or manual-curated canonical research link yet."
"borehole-pump-installer","Borehole Pump Installer","Skilled trades, construction and engineering","No direct, suggested or manual-curated canonical research link yet."
"building-and-construction-labourer","Building and Construction Labourer","Skilled trades, construction and engineering","No direct, suggested or manual-curated canonical research link yet."
"cabinetmaker","Cabinetmaker","Skilled trades, construction and engineering","No direct, suggested or manual-curated canonical research link yet."
"carpet-and-flooring-estimator","Carpet and Flooring Estimator","Skilled trades, construction and engineering","No direct, suggested or manual-curated canonical research link yet."
"carpet-and-upholstery-cleaner","Carpet and Upholstery Cleaner","Skilled trades, construction and engineering","No direct, suggested or manual-curated canonical research link yet."
"ceiling-and-partition-installer","Ceiling and Partition Installer","Skilled trades, construction and engineering","No direct, suggested or manual-curated canonical research link yet."
"chimney-sweep","Chimney Sweep","Skilled trades, construction and engineering","No direct, suggested or manual-curated canonical research link yet."
"concreter","Concreter","Skilled trades, construction and engineering","No direct, suggested or manual-curated canonical research link yet."
"cooper-barrel-maker","Cooper / Barrel Maker","Skilled trades, construction and engineering","No direct, suggested or manual-curated canonical research link yet."
"crane-driver-overhead-tower","Crane Driver (Overhead / Tower)","Skilled trades, construction and engineering","No direct, suggested or manual-curated canonical research link yet."
"damp-proofer","Damp Proofer","Skilled trades, construction and engineering","No direct, suggested or manual-curated canonical research link yet."
"diver-construction-inspection","Diver (Construction / Inspection)","Skilled trades, construction and engineering","No direct, suggested or manual-curated canonical research link yet."
"drainlayer","Drainlayer","Skilled trades, construction and engineering","No direct, suggested or manual-curated canonical research link yet."
"drill-rig-operator","Drill Rig Operator","Skilled trades, construction and engineering","No direct, suggested or manual-curated canonical research link yet."
"drywall-installer","Drywall Installer","Skilled trades, construction and engineering","No direct, suggested or manual-curated canonical research link yet."
"dstv-tv-installer","DSTV / TV Installer","Skilled trades, construction and engineering","No direct, suggested or manual-curated canonical research link yet."
"electric-fence-installer","Electric Fence Installer","Skilled trades, construction and engineering","No direct, suggested or manual-curated canonical research link yet."
"electrical-tester-single-phase","Electrical Tester (Single Phase)","Skilled trades, construction and engineering","No direct, suggested or manual-curated canonical research link yet."
"electrical-wireman-ieb","Electrical Wireman (IEB)","Skilled trades, construction and engineering","No direct, suggested or manual-curated canonical research link yet."
"electrician-residential-commercial","Electrician (Residential / Commercial)","Skilled trades, construction and engineering","No direct, suggested or manual-curated canonical research link yet."
"escalator-technician","Escalator Technician","Skilled trades, construction and engineering","No direct, suggested or manual-curated canonical research link yet."
"ev-electric-vehicle-technician","EV (Electric Vehicle) Technician","Skilled trades, construction and engineering","No direct, suggested or manual-curated canonical research link yet."
"fence-erector","Fence Erector","Informal, entrepreneurship and community economy","No direct, suggested or manual-curated canonical research link yet."
"fibre-optic-splicer","Fibre Optic Splicer","Skilled trades, construction and engineering","No direct, suggested or manual-curated canonical research link yet."
"fibreglass-laminator","Fibreglass Laminator","Skilled trades, construction and engineering","No direct, suggested or manual-curated canonical research link yet."
"fire-protection-technician","Fire Protection Technician","Skilled trades, construction and engineering","No direct, suggested or manual-curated canonical research link yet."
"floor-layer","Floor Layer","Skilled trades, construction and engineering","No direct, suggested or manual-curated canonical research link yet."
"fumigator","Fumigator","Skilled trades, construction and engineering","No direct, suggested or manual-curated canonical research link yet."
"gas-installer-saqcc","Gas Installer (SAQCC)","Skilled trades, construction and engineering","No direct, suggested or manual-curated canonical research link yet."
"gate-and-garage-door-automation-technician","Gate and Garage Door Automation Technician","Skilled trades, construction and engineering","No direct, suggested or manual-curated canonical research link yet."
"generator-mechanic","Generator Mechanic","Skilled trades, construction and engineering","No direct, suggested or manual-curated canonical research link yet."
"gunsmith","Gunsmith","Skilled trades, construction and engineering","No direct, suggested or manual-curated canonical research link yet."
"heat-pump-installer","Heat Pump Installer","Skilled trades, construction and engineering","No direct, suggested or manual-curated canonical research link yet."
"heating-ventilation-duct-installer","Heating / Ventilation Duct Installer","Skilled trades, construction and engineering","No direct, suggested or manual-curated canonical research link yet."
"heavy-duty-earthmoving-mechanic","Heavy-Duty Earthmoving Mechanic","Skilled trades, construction and engineering","No direct, suggested or manual-curated canonical research link yet."
"insulation-installer","Insulation Installer","Skilled trades, construction and engineering","No direct, suggested or manual-curated canonical research link yet."
"irrigation-technician","Irrigation Technician","Skilled trades, construction and engineering","No direct, suggested or manual-curated canonical research link yet."
"jeweller","Jeweller","Skilled trades, construction and engineering","No direct, suggested or manual-curated canonical research link yet."
"joiner","Joiner","Skilled trades, construction and engineering","No direct, suggested or manual-curated canonical research link yet."
"leatherworker-saddler","Leatherworker / Saddler","Skilled trades, construction and engineering","No direct, suggested or manual-curated canonical research link yet."
"lift-elevator-mechanic","Lift / Elevator Mechanic","Skilled trades, construction and engineering","No direct, suggested or manual-curated canonical research link yet."
"marine-mechanic-outboard-inboard","Marine Mechanic (Outboard / Inboard)","Skilled trades, construction and engineering","No direct, suggested or manual-curated canonical research link yet."
"master-electrician-installation-rules","Master Electrician (Installation Rules)","Skilled trades, construction and engineering","No direct, suggested or manual-curated canonical research link yet."
"mobile-crane-operator","Mobile Crane Operator","Skilled trades, construction and engineering","No direct, suggested or manual-curated canonical research link yet."
"painting-trades-worker","Painting Trades Worker","Skilled trades, construction and engineering","No direct, suggested or manual-curated canonical research link yet."
"patternmaker-metal","Patternmaker (Metal)","Skilled trades, construction and engineering","No direct, suggested or manual-curated canonical research link yet."
"pest-control-technician","Pest Control Technician","Skilled trades, construction and engineering","No direct, suggested or manual-curated canonical research link yet."
"piano-tuner-technician","Piano Tuner / Technician","Skilled trades, construction and engineering","No direct, suggested or manual-curated canonical research link yet."
"pipefitter","Pipefitter","Skilled trades, construction and engineering","No direct, suggested or manual-curated canonical research link yet."
"plumber-registered","Plumber (Registered)","Skilled trades, construction and engineering","No direct, suggested or manual-curated canonical research link yet."
"power-tool-repair-technician","Power Tool Repair Technician","Skilled trades, construction and engineering","No direct, suggested or manual-curated canonical research link yet."
"quantity-surveying-technician","Quantity Surveying Technician","Skilled trades, construction and engineering","No direct, suggested or manual-curated canonical research link yet."
"refrigeration-mechanic","Refrigeration Mechanic","Skilled trades, construction and engineering","No direct, suggested or manual-curated canonical research link yet."
"refrigeration-technician","Refrigeration Technician","Skilled trades, construction and engineering","No direct, suggested or manual-curated canonical research link yet."
"renewable-energy-installer-solar-pv","Renewable Energy Installer (Solar PV)","Skilled trades, construction and engineering","No direct, suggested or manual-curated canonical research link yet."
"restoration-carpenter-heritage","Restoration Carpenter (Heritage)","Skilled trades, construction and engineering","No direct, suggested or manual-curated canonical research link yet."
"roofer-waterproofing","Roofer (Waterproofing)","Skilled trades, construction and engineering","No direct, suggested or manual-curated canonical research link yet."
"sailmaker-canvas-worker","Sailmaker / Canvas Worker","Skilled trades, construction and engineering","No direct, suggested or manual-curated canonical research link yet."
"satellite-dish-installer","Satellite Dish Installer","Skilled trades, construction and engineering","No direct, suggested or manual-curated canonical research link yet."
"security-system-installer-alarm-cctv","Security System Installer (Alarm / CCTV)","Skilled trades, construction and engineering","No direct, suggested or manual-curated canonical research link yet."
"sheet-metal-worker","Sheet Metal Worker","Skilled trades, construction and engineering","No direct, suggested or manual-curated canonical research link yet."
"sheetmetal-worker","Sheetmetal Worker","Skilled trades, construction and engineering","No direct, suggested or manual-curated canonical research link yet."
"shipwright-wooden-boat-builder","Shipwright / Wooden Boat Builder","Skilled trades, construction and engineering","No direct, suggested or manual-curated canonical research link yet."
"shotfirer-mining-blasting","Shotfirer (Mining / Blasting)","Skilled trades, construction and engineering","No direct, suggested or manual-curated canonical research link yet."
"signwriter","Signwriter","Skilled trades, construction and engineering","No direct, suggested or manual-curated canonical research link yet."
"small-engine-mechanic-chainsaw-outboard","Small Engine Mechanic (Chainsaw / Outboard)","Skilled trades, construction and engineering","No direct, suggested or manual-curated canonical research link yet."
"solar-geyser-installer","Solar Geyser Installer","Skilled trades, construction and engineering","No direct, suggested or manual-curated canonical research link yet."
"steeplejack","Steeplejack","Skilled trades, construction and engineering","No direct, suggested or manual-curated canonical research link yet."
"stone-cutter-quarry-worker","Stone Cutter / Quarry Worker","Skilled trades, construction and engineering","No direct, suggested or manual-curated canonical research link yet."
"structural-engineer","Structural Engineer","Skilled trades, construction and engineering","No direct, suggested or manual-curated canonical research link yet."
"surveying-technician","Surveying Technician","Skilled trades, construction and engineering","No direct, suggested or manual-curated canonical research link yet."
"suspended-ceiling-installer","Suspended Ceiling Installer","Skilled trades, construction and engineering","No direct, suggested or manual-curated canonical research link yet."
"swimming-pool-builder","Swimming Pool Builder","Skilled trades, construction and engineering","No direct, suggested or manual-curated canonical research link yet."
"swimming-pool-technician","Swimming Pool Technician","Skilled trades, construction and engineering","No direct, suggested or manual-curated canonical research link yet."
"taxidermist","Taxidermist","Skilled trades, construction and engineering","No direct, suggested or manual-curated canonical research link yet."
"tennis-court-sports-surfacing-installer","Tennis Court / Sports Surfacing Installer","Skilled trades, construction and engineering","No direct, suggested or manual-curated canonical research link yet."
"thatcher","Thatcher","Skilled trades, construction and engineering","No direct, suggested or manual-curated canonical research link yet."
"tiler-wall-and-floor","Tiler (Wall and Floor)","Skilled trades, construction and engineering","No direct, suggested or manual-curated canonical research link yet."
"tractor-mechanic","Tractor Mechanic","Skilled trades, construction and engineering","No direct, suggested or manual-curated canonical research link yet."
"truck-trailer-body-builder","Truck Trailer Body Builder","Skilled trades, construction and engineering","No direct, suggested or manual-curated canonical research link yet."
"vehicle-spray-painter","Vehicle Spray Painter","Skilled trades, construction and engineering","No direct, suggested or manual-curated canonical research link yet."
"vehicle-windscreen-fitter","Vehicle Windscreen Fitter","Skilled trades, construction and engineering","No direct, suggested or manual-curated canonical research link yet."
"waste-water-treatment-operator","Waste Water Treatment Operator","Skilled trades, construction and engineering","No direct, suggested or manual-curated canonical research link yet."
"watch-and-clock-repairer","Watch and Clock Repairer","Skilled trades, construction and engineering","No direct, suggested or manual-curated canonical research link yet."
"water-pump-mechanic","Water Pump Mechanic","Skilled trades, construction and engineering","No direct, suggested or manual-curated canonical research link yet."
"water-treatment-operator","Water Treatment Operator","Skilled trades, construction and engineering","No direct, suggested or manual-curated canonical research link yet."
"welding-inspector","Welding Inspector","Skilled trades, construction and engineering","No direct, suggested or manual-curated canonical research link yet."
"wig-maker","Wig Maker","Skilled trades, construction and engineering","No direct, suggested or manual-curated canonical research link yet."
"wind-turbine-service-technician","Wind Turbine Service Technician","Skilled trades, construction and engineering","No direct, suggested or manual-curated canonical research link yet."
"accessibility-consultant-digital","Accessibility Consultant (Digital)","Technology, data and AI","No direct, suggested or manual-curated canonical research link yet."
"ai-ethics-and-compliance-officer","AI Ethics and Compliance Officer","Technology, data and AI","No direct, suggested or manual-curated canonical research link yet."
"ai-ethics-reviewer","AI Ethics Reviewer","Technology, data and AI","No direct, suggested or manual-curated canonical research link yet."
"ai-product-manager","AI Product Manager","Technology, data and AI","No direct, suggested or manual-curated canonical research link yet."
"ai-safety-researcher","AI Safety Researcher","Technology, data and AI","No direct, suggested or manual-curated canonical research link yet."
"ai-training-data-specialist","AI Training Data Specialist","Technology, data and AI","No direct, suggested or manual-curated canonical research link yet."
"api-gateway-engineer","API Gateway Engineer","Technology, data and AI","No direct, suggested or manual-curated canonical research link yet."
"ar-vr-developer","AR/VR Developer","Technology, data and AI","No direct, suggested or manual-curated canonical research link yet."
"audio-visual-technician","Audio-Visual Technician","Technology, data and AI","No direct, suggested or manual-curated canonical research link yet."
"backend-api-engineer","Backend API Engineer","Technology, data and AI","No direct, suggested or manual-curated canonical research link yet."
"backup-and-recovery-specialist","Backup and Recovery Specialist","Technology, data and AI","No direct, suggested or manual-curated canonical research link yet."
"bi-business-intelligence-developer","BI (Business Intelligence) Developer","Technology, data and AI","No direct, suggested or manual-curated canonical research link yet."
"blockchain-protocol-developer","Blockchain Protocol Developer","Technology, data and AI","No direct, suggested or manual-curated canonical research link yet."
"cartographic-technician","Cartographic Technician","Technology, data and AI","No direct, suggested or manual-curated canonical research link yet."
"chatbot-conversational-ai-designer","Chatbot / Conversational AI Designer","Technology, data and AI","No direct, suggested or manual-curated canonical research link yet."
"chief-data-officer-cdo","Chief Data Officer (CDO)","Technology, data and AI","No direct, suggested or manual-curated canonical research link yet."
"chief-information-security-officer-ciso","Chief Information Security Officer (CISO)","Technology, data and AI","No direct, suggested or manual-curated canonical research link yet."
"chief-technology-officer-cto","Chief Technology Officer (CTO)","Technology, data and AI","No direct, suggested or manual-curated canonical research link yet."
"cloud-security-engineer","Cloud Security Engineer","Technology, data and AI","No direct, suggested or manual-curated canonical research link yet."
"cloud-solutions-architect","Cloud Solutions Architect","Technology, data and AI","No direct, suggested or manual-curated canonical research link yet."
"computer-operator","Computer Operator","Technology, data and AI","No direct, suggested or manual-curated canonical research link yet."
"computer-vision-engineer","Computer Vision Engineer","Technology, data and AI","No direct, suggested or manual-curated canonical research link yet."
"crm-administrator-salesforce-dynamics","CRM Administrator (Salesforce / Dynamics)","Technology, data and AI","No direct, suggested or manual-curated canonical research link yet."
"customer-data-platform-specialist","Customer Data Platform Specialist","Technology, data and AI","No direct, suggested or manual-curated canonical research link yet."
"cyber-security-specialist","Cyber Security Specialist","Technology, data and AI","No direct, suggested or manual-curated canonical research link yet."
"cyber-threat-intelligence-analyst","Cyber Threat Intelligence Analyst","Technology, data and AI","No direct, suggested or manual-curated canonical research link yet."
"data-analyst-operations","Data Analyst (Operations)","Technology, data and AI","No direct, suggested or manual-curated canonical research link yet."
"data-capturer","Data Capturer","Technology, data and AI","No direct, suggested or manual-curated canonical research link yet."
"data-governance-lead","Data Governance Lead","Technology, data and AI","No direct, suggested or manual-curated canonical research link yet."
"data-warehouse-engineer","Data Warehouse Engineer","Technology, data and AI","No direct, suggested or manual-curated canonical research link yet."
"database-administrator-dba","Database Administrator (DBA)","Technology, data and AI","No direct, suggested or manual-curated canonical research link yet."
"design-systems-lead","Design Systems Lead","Technology, data and AI","No direct, suggested or manual-curated canonical research link yet."
"developer-relations-engineer","Developer Relations Engineer","Technology, data and AI","No direct, suggested or manual-curated canonical research link yet."
"devops-release-manager","DevOps Release Manager","Technology, data and AI","No direct, suggested or manual-curated canonical research link yet."
"digital-marketing-technologist","Digital Marketing Technologist","Technology, data and AI","No direct, suggested or manual-curated canonical research link yet."
"digital-product-designer-growth","Digital Product Designer (Growth)","Technology, data and AI","No direct, suggested or manual-curated canonical research link yet."
"digital-product-manager","Digital Product Manager","Technology, data and AI","No direct, suggested or manual-curated canonical research link yet."
"digital-twin-engineer","Digital Twin Engineer","Technology, data and AI","No direct, suggested or manual-curated canonical research link yet."
"documentation-specialist","Documentation Specialist","Technology, data and AI","No direct, suggested or manual-curated canonical research link yet."
"edge-computing-specialist","Edge Computing Specialist","Technology, data and AI","No direct, suggested or manual-curated canonical research link yet."
"edp-auditor","EDP Auditor","Technology, data and AI","No direct, suggested or manual-curated canonical research link yet."
"email-marketing-specialist","Email Marketing Specialist","Technology, data and AI","No direct, suggested or manual-curated canonical research link yet."
"embedded-systems-engineer","Embedded Systems Engineer","Technology, data and AI","No direct, suggested or manual-curated canonical research link yet."
"enterprise-architect","Enterprise Architect","Technology, data and AI","No direct, suggested or manual-curated canonical research link yet."
"etl-developer","ETL Developer","Technology, data and AI","No direct, suggested or manual-curated canonical research link yet."
"firmware-engineer","Firmware Engineer","Technology, data and AI","No direct, suggested or manual-curated canonical research link yet."
"flutter-cross-platform-developer","Flutter / Cross-Platform Developer","Technology, data and AI","No direct, suggested or manual-curated canonical research link yet."
"forensic-computer-analyst","Forensic Computer Analyst","Technology, data and AI","No direct, suggested or manual-curated canonical research link yet."
"fpga-engineer","FPGA Engineer","Technology, data and AI","No direct, suggested or manual-curated canonical research link yet."
"frontend-engineer-web","Frontend Engineer (Web)","Technology, data and AI","No direct, suggested or manual-curated canonical research link yet."
"game-developer-indie","Game Developer (Indie)","Technology, data and AI","No direct, suggested or manual-curated canonical research link yet."
"game-engine-programmer","Game Engine Programmer","Technology, data and AI","No direct, suggested or manual-curated canonical research link yet."
"generative-ai-specialist","Generative AI Specialist","Technology, data and AI","No direct, suggested or manual-curated canonical research link yet."
"growth-hacker-performance-marketer","Growth Hacker / Performance Marketer","Technology, data and AI","No direct, suggested or manual-curated canonical research link yet."
"hardware-design-engineer","Hardware Design Engineer","Technology, data and AI","No direct, suggested or manual-curated canonical research link yet."
"help-desk-support","Help Desk Support","Technology, data and AI","No direct, suggested or manual-curated canonical research link yet."
"ict-policy-advisor","ICT Policy Advisor","Technology, data and AI","No direct, suggested or manual-curated canonical research link yet."
"ict-sales-professional","ICT Sales Professional","Technology, data and AI","No direct, suggested or manual-curated canonical research link yet."
"identity-and-access-management-iam-specialist","Identity and Access Management (IAM) Specialist","Technology, data and AI","No direct, suggested or manual-curated canonical research link yet."
"information-security-analyst","Information Security Analyst","Technology, data and AI","No direct, suggested or manual-curated canonical research link yet."
"integration-architect","Integration Architect","Technology, data and AI","No direct, suggested or manual-curated canonical research link yet."
"interaction-designer","Interaction Designer","Technology, data and AI","No direct, suggested or manual-curated canonical research link yet."
"it-auditor","IT Auditor","Technology, data and AI","No direct, suggested or manual-curated canonical research link yet."
"it-coordinator","IT Coordinator","Technology, data and AI","No direct, suggested or manual-curated canonical research link yet."
"it-governance-manager","IT Governance Manager","Technology, data and AI","No direct, suggested or manual-curated canonical research link yet."
"it-procurement-specialist","IT Procurement Specialist","Technology, data and AI","No direct, suggested or manual-curated canonical research link yet."
"it-risk-analyst","IT Risk Analyst","Technology, data and AI","No direct, suggested or manual-curated canonical research link yet."
"it-security-architect","IT Security Architect","Technology, data and AI","No direct, suggested or manual-curated canonical research link yet."
"it-service-desk-manager","IT Service Desk Manager","Technology, data and AI","No direct, suggested or manual-curated canonical research link yet."
"it-support-manager","IT Support Manager","Technology, data and AI","No direct, suggested or manual-curated canonical research link yet."
"it-support-technician","IT Support Technician","Technology, data and AI","No direct, suggested or manual-curated canonical research link yet."
"it-support-technician-field","IT Support Technician (Field)","Technology, data and AI","No direct, suggested or manual-curated canonical research link yet."
"it-trainer","IT Trainer","Technology, data and AI","No direct, suggested or manual-curated canonical research link yet."
"kubernetes-administrator","Kubernetes Administrator","Technology, data and AI","No direct, suggested or manual-curated canonical research link yet."
"large-language-model-llm-research-engineer","Large Language Model (LLM) Research Engineer","Technology, data and AI","No direct, suggested or manual-curated canonical research link yet."
"low-code-no-code-developer","Low-Code / No-Code Developer","Technology, data and AI","No direct, suggested or manual-curated canonical research link yet."
"low-code-mobile-app-builder","Low-Code Mobile App Builder","Technology, data and AI","No direct, suggested or manual-curated canonical research link yet."
"mainframe-programmer","Mainframe Programmer","Technology, data and AI","No direct, suggested or manual-curated canonical research link yet."
"marketing-automation-specialist","Marketing Automation Specialist","Technology, data and AI","No direct, suggested or manual-curated canonical research link yet."
"marketing-data-analyst","Marketing Data Analyst","Technology, data and AI","No direct, suggested or manual-curated canonical research link yet."
"microcomputer-support-assistant","Microcomputer Support Assistant","Technology, data and AI","No direct, suggested or manual-curated canonical research link yet."
"mlops-engineer","MLOps Engineer","Technology, data and AI","No direct, suggested or manual-curated canonical research link yet."
"mobile-developer-android","Mobile Developer (Android)","Technology, data and AI","No direct, suggested or manual-curated canonical research link yet."
"mobile-developer-ios","Mobile Developer (iOS)","Technology, data and AI","No direct, suggested or manual-curated canonical research link yet."
"network-administrator","Network Administrator","Technology, data and AI","No direct, suggested or manual-curated canonical research link yet."
"network-engineer","Network Engineer","Technology, data and AI","No direct, suggested or manual-curated canonical research link yet."
"network-security-specialist","Network Security Specialist","Technology, data and AI","No direct, suggested or manual-curated canonical research link yet."
"nlp-natural-language-processing-engineer","NLP (Natural Language Processing) Engineer","Technology, data and AI","No direct, suggested or manual-curated canonical research link yet."
"observability-engineer","Observability Engineer","Technology, data and AI","No direct, suggested or manual-curated canonical research link yet."
"office-systems-coordinator","Office Systems Coordinator","Technology, data and AI","No direct, suggested or manual-curated canonical research link yet."
"open-source-community-manager","Open Source Community Manager","Technology, data and AI","No direct, suggested or manual-curated canonical research link yet."
"penetration-tester-ethical-hacker","Penetration Tester / Ethical Hacker","Technology, data and AI","No direct, suggested or manual-curated canonical research link yet."
"platform-engineer","Platform Engineer","Technology, data and AI","No direct, suggested or manual-curated canonical research link yet."
"printing-prepress-technician-digital","Printing Prepress Technician (Digital)","Technology, data and AI","No direct, suggested or manual-curated canonical research link yet."
"prompt-library-curator","Prompt Library Curator","Technology, data and AI","No direct, suggested or manual-curated canonical research link yet."
"qa-tester","QA Tester","Technology, data and AI","No direct, suggested or manual-curated canonical research link yet."
"quantitative-developer","Quantitative Developer","Technology, data and AI","No direct, suggested or manual-curated canonical research link yet."
"quantum-computing-researcher","Quantum Computing Researcher","Technology, data and AI","No direct, suggested or manual-curated canonical research link yet."
"quantum-computing-specialist","Quantum Computing Specialist","Technology, data and AI","No direct, suggested or manual-curated canonical research link yet."
"radio-communications-technician","Radio Communications Technician","Technology, data and AI","No direct, suggested or manual-curated canonical research link yet."
"records-manager","Records Manager","Technology, data and AI","No direct, suggested or manual-curated canonical research link yet."
"robotics-process-automation-rpa-analyst","Robotics Process Automation (RPA) Analyst","Technology, data and AI","No direct, suggested or manual-curated canonical research link yet."
"rpa-developer","RPA Developer","Technology, data and AI","No direct, suggested or manual-curated canonical research link yet."
"saas-implementation-consultant","SaaS Implementation Consultant","Technology, data and AI","No direct, suggested or manual-curated canonical research link yet."
"satellite-communications-technician","Satellite Communications Technician","Technology, data and AI","No direct, suggested or manual-curated canonical research link yet."
"search-engine-evaluator","Search Engine Evaluator","Technology, data and AI","No direct, suggested or manual-curated canonical research link yet."
"search-engine-marketing-sem-specialist","Search Engine Marketing (SEM) Specialist","Technology, data and AI","No direct, suggested or manual-curated canonical research link yet."
"search-engine-optimisation-seo-specialist","Search Engine Optimisation (SEO) Specialist","Technology, data and AI","No direct, suggested or manual-curated canonical research link yet."
"security-operations-soc-analyst","Security Operations (SOC) Analyst","Technology, data and AI","No direct, suggested or manual-curated canonical research link yet."
"seo-specialist","SEO Specialist","Technology, data and AI","No direct, suggested or manual-curated canonical research link yet."
"service-desk-analyst","Service Desk Analyst","Technology, data and AI","No direct, suggested or manual-curated canonical research link yet."
"site-reliability-engineer-sre","Site Reliability Engineer (SRE)","Technology, data and AI","No direct, suggested or manual-curated canonical research link yet."
"smart-contract-auditor","Smart Contract Auditor","Technology, data and AI","No direct, suggested or manual-curated canonical research link yet."
"solutions-architect","Solutions Architect","Technology, data and AI","No direct, suggested or manual-curated canonical research link yet."
"storage-engineer","Storage Engineer","Technology, data and AI","No direct, suggested or manual-curated canonical research link yet."
"technical-product-manager","Technical Product Manager","Technology, data and AI","No direct, suggested or manual-curated canonical research link yet."
"technical-writer-software","Technical Writer (Software)","Technology, data and AI","No direct, suggested or manual-curated canonical research link yet."
"telephonist-pabx-operator","Telephonist / PABX Operator","Technology, data and AI","No direct, suggested or manual-curated canonical research link yet."
"ux-researcher","UX Researcher","Technology, data and AI","No direct, suggested or manual-curated canonical research link yet."
"web3-smart-contract-developer","Web3 / Smart Contract Developer","Technology, data and AI","No direct, suggested or manual-curated canonical research link yet."
