career_id,career_title,career_stream,qualification_pathway_ids,qualification_families,verification_statuses,association_status,required_next_check
"abalone-farmer","Abalone Farmer","Agriculture, food and environment","","","","missing_association","Verify exact provider programme, entry requirements, NQF record and accreditation against an official source"
"abattoir-meat-inspector","Abattoir Meat Inspector","Agriculture, food and environment","","","","missing_association","Verify exact provider programme, entry requirements, NQF record and accreditation against an official source"
"abattoir-slaughterer","Abattoir Slaughterer","Agriculture, food and environment","","","","missing_association","Verify exact provider programme, entry requirements, NQF record and accreditation against an official source"
"agricultural-drone-pilot","Agricultural Drone Pilot","Agriculture, food and environment","","","","missing_association","Verify exact provider programme, entry requirements, NQF record and accreditation against an official source"
"agricultural-economist","Agricultural Economist","Agriculture, food and environment","","","","missing_association","Verify exact provider programme, entry requirements, NQF record and accreditation against an official source"
"agricultural-engineer","Agricultural Engineer","Agriculture, food and environment","","","","missing_association","Verify exact provider programme, entry requirements, NQF record and accreditation against an official source"
"agricultural-equipment-operator","Agricultural Equipment Operator","Agriculture, food and environment","","","","missing_association","Verify exact provider programme, entry requirements, NQF record and accreditation against an official source"
"agricultural-extension-officer","Agricultural Extension Officer","Agriculture, food and environment","","","","missing_association","Verify exact provider programme, entry requirements, NQF record and accreditation against an official source"
"agricultural-inspector","Agricultural Inspector","Agriculture, food and environment","","","","missing_association","Verify exact provider programme, entry requirements, NQF record and accreditation against an official source"
"agricultural-mechanic-field","Agricultural Mechanic (Field)","Agriculture, food and environment","","","","missing_association","Verify exact provider programme, entry requirements, NQF record and accreditation against an official source"
"agricultural-scientist-agronomist","Agricultural Scientist / Agronomist","Agriculture, food and environment","","","","missing_association","Verify exact provider programme, entry requirements, NQF record and accreditation against an official source"
"agricultural-technician","Agricultural Technician","Agriculture, food and environment","","","","missing_association","Verify exact provider programme, entry requirements, NQF record and accreditation against an official source"
"agroecology-extension-officer","Agroecology Extension Officer","Agriculture, food and environment","","","","missing_association","Verify exact provider programme, entry requirements, NQF record and accreditation against an official source"
"agronomist","Agronomist","Agriculture, food and environment","","","","missing_association","Verify exact provider programme, entry requirements, NQF record and accreditation against an official source"
"animal-scientist","Animal Scientist","Agriculture, food and environment","","","","missing_association","Verify exact provider programme, entry requirements, NQF record and accreditation against an official source"
"anti-poaching-ranger","Anti-Poaching Ranger","Agriculture, food and environment","","","","missing_association","Verify exact provider programme, entry requirements, NQF record and accreditation against an official source"
"aquaculture-farm-technician","Aquaculture Farm Technician","Agriculture, food and environment","","","","missing_association","Verify exact provider programme, entry requirements, NQF record and accreditation against an official source"
"aquaculture-tilapia-farmer","Aquaculture Tilapia Farmer","Agriculture, food and environment","","","","missing_association","Verify exact provider programme, entry requirements, NQF record and accreditation against an official source"
"baker","Baker","Agriculture, food and environment","","","","missing_association","Verify exact provider programme, entry requirements, NQF record and accreditation against an official source"
"baker-artisan","Baker (Artisan)","Agriculture, food and environment","","","","missing_association","Verify exact provider programme, entry requirements, NQF record and accreditation against an official source"
"bakery-plant-manager","Bakery Plant Manager","Agriculture, food and environment","","","","missing_association","Verify exact provider programme, entry requirements, NQF record and accreditation against an official source"
"beef-cattle-rancher","Beef Cattle Rancher","Agriculture, food and environment","","","","missing_association","Verify exact provider programme, entry requirements, NQF record and accreditation against an official source"
"beekeeper","Beekeeper","Agriculture, food and environment","","","","missing_association","Verify exact provider programme, entry requirements, NQF record and accreditation against an official source"
"beekeeper-apiculturist","Beekeeper / Apiculturist","Agriculture, food and environment","","","","missing_association","Verify exact provider programme, entry requirements, NQF record and accreditation against an official source"
"biltong-maker-curer","Biltong Maker / Curer","Agriculture, food and environment","","","","missing_association","Verify exact provider programme, entry requirements, NQF record and accreditation against an official source"
"brewer","Brewer","Agriculture, food and environment","","","","missing_association","Verify exact provider programme, entry requirements, NQF record and accreditation against an official source"
"broiler-chicken-farmer","Broiler Chicken Farmer","Agriculture, food and environment","","","","missing_association","Verify exact provider programme, entry requirements, NQF record and accreditation against an official source"
"butcher","Butcher","Agriculture, food and environment","","","","missing_association","Verify exact provider programme, entry requirements, NQF record and accreditation against an official source"
"butcher-meat-cutter","Butcher / Meat Cutter","Agriculture, food and environment","","","","missing_association","Verify exact provider programme, entry requirements, NQF record and accreditation against an official source"
"butter-maker","Butter Maker","Agriculture, food and environment","","","","missing_association","Verify exact provider programme, entry requirements, NQF record and accreditation against an official source"
"carbon-farming-advisor","Carbon Farming Advisor","Agriculture, food and environment","","","","missing_association","Verify exact provider programme, entry requirements, NQF record and accreditation against an official source"
"cheese-maker","Cheese Maker","Agriculture, food and environment","","","","missing_association","Verify exact provider programme, entry requirements, NQF record and accreditation against an official source"
"chicken-layer-farmer","Chicken Layer Farmer","Agriculture, food and environment","","","","missing_association","Verify exact provider programme, entry requirements, NQF record and accreditation against an official source"
"chocolatier","Chocolatier","Agriculture, food and environment","","","","missing_association","Verify exact provider programme, entry requirements, NQF record and accreditation against an official source"
"cider-maker","Cider Maker","Agriculture, food and environment","","","","missing_association","Verify exact provider programme, entry requirements, NQF record and accreditation against an official source"
"citrus-farmer","Citrus Farmer","Agriculture, food and environment","","","","missing_association","Verify exact provider programme, entry requirements, NQF record and accreditation against an official source"
"climate-adaptation-officer","Climate Adaptation Officer","Agriculture, food and environment","","","","missing_association","Verify exact provider programme, entry requirements, NQF record and accreditation against an official source"
"climate-change-analyst","Climate Change Analyst","Agriculture, food and environment","","","","missing_association","Verify exact provider programme, entry requirements, NQF record and accreditation against an official source"
"commercial-grain-farmer","Commercial Grain Farmer","Agriculture, food and environment","","","","missing_association","Verify exact provider programme, entry requirements, NQF record and accreditation against an official source"
"confectioner","Confectioner","Agriculture, food and environment","","","","missing_association","Verify exact provider programme, entry requirements, NQF record and accreditation against an official source"
"conservation-agriculture-trainer","Conservation Agriculture Trainer","Agriculture, food and environment","","","","missing_association","Verify exact provider programme, entry requirements, NQF record and accreditation against an official source"
"conservation-scientist","Conservation Scientist","Agriculture, food and environment","","","","missing_association","Verify exact provider programme, entry requirements, NQF record and accreditation against an official source"
"cotton-farmer","Cotton Farmer","Agriculture, food and environment","","","","missing_association","Verify exact provider programme, entry requirements, NQF record and accreditation against an official source"
"craft-brewer","Craft Brewer","Agriculture, food and environment","","","","missing_association","Verify exact provider programme, entry requirements, NQF record and accreditation against an official source"
"crocodile-farmer","Crocodile Farmer","Agriculture, food and environment","","","","missing_association","Verify exact provider programme, entry requirements, NQF record and accreditation against an official source"
"crop-farmer","Crop Farmer","Agriculture, food and environment","","","","missing_association","Verify exact provider programme, entry requirements, NQF record and accreditation against an official source"
"dairy-farmer","Dairy Farmer","Agriculture, food and environment","","","","missing_association","Verify exact provider programme, entry requirements, NQF record and accreditation against an official source"
"dairy-herd-manager","Dairy Herd Manager","Agriculture, food and environment","","","","missing_association","Verify exact provider programme, entry requirements, NQF record and accreditation against an official source"
"deciduous-fruit-farmer","Deciduous Fruit Farmer","Agriculture, food and environment","","","","missing_association","Verify exact provider programme, entry requirements, NQF record and accreditation against an official source"
"deckhand-fishing","Deckhand (Fishing)","Agriculture, food and environment","","","","missing_association","Verify exact provider programme, entry requirements, NQF record and accreditation against an official source"
"distiller-wine-brandy","Distiller (Wine / Brandy)","Agriculture, food and environment","","","","missing_association","Verify exact provider programme, entry requirements, NQF record and accreditation against an official source"
"egg-production-manager","Egg Production Manager","Agriculture, food and environment","","","","missing_association","Verify exact provider programme, entry requirements, NQF record and accreditation against an official source"
"entomologist-agricultural","Entomologist (Agricultural)","Agriculture, food and environment","","","","missing_association","Verify exact provider programme, entry requirements, NQF record and accreditation against an official source"
"environmental-health-practitioner","Environmental Health Practitioner","Agriculture, food and environment","","","","missing_association","Verify exact provider programme, entry requirements, NQF record and accreditation against an official source"
"environmental-manager","Environmental Manager","Agriculture, food and environment","","","","missing_association","Verify exact provider programme, entry requirements, NQF record and accreditation against an official source"
"environmental-officer","Environmental Officer","Agriculture, food and environment","","","","missing_association","Verify exact provider programme, entry requirements, NQF record and accreditation against an official source"
"environmental-scientist-consultant","Environmental Scientist / Consultant","Agriculture, food and environment","","","","missing_association","Verify exact provider programme, entry requirements, NQF record and accreditation against an official source"
"farm-administration-clerk","Farm Administration Clerk","Agriculture, food and environment","","","","missing_association","Verify exact provider programme, entry requirements, NQF record and accreditation against an official source"
"farm-bookkeeper","Farm Bookkeeper","Agriculture, food and environment","","","","missing_association","Verify exact provider programme, entry requirements, NQF record and accreditation against an official source"
"farm-foreman-supervisor","Farm Foreman / Supervisor","Agriculture, food and environment","","","","missing_association","Verify exact provider programme, entry requirements, NQF record and accreditation against an official source"
"farm-hand","Farm Hand","Agriculture, food and environment","","","","missing_association","Verify exact provider programme, entry requirements, NQF record and accreditation against an official source"
"farm-manager","Farm Manager","Agriculture, food and environment","","","","missing_association","Verify exact provider programme, entry requirements, NQF record and accreditation against an official source"
"farm-worker","Farm Worker","Agriculture, food and environment","","","","missing_association","Verify exact provider programme, entry requirements, NQF record and accreditation against an official source"
"field-guide","Field Guide","Agriculture, food and environment","","","","missing_association","Verify exact provider programme, entry requirements, NQF record and accreditation against an official source"
"field-guide-nature-reserve","Field Guide (Nature Reserve)","Agriculture, food and environment","","","","missing_association","Verify exact provider programme, entry requirements, NQF record and accreditation against an official source"
"fish-farm-worker","Fish Farm Worker","Agriculture, food and environment","","","","missing_association","Verify exact provider programme, entry requirements, NQF record and accreditation against an official source"
"fish-hatchery-technician","Fish Hatchery Technician","Agriculture, food and environment","","","","missing_association","Verify exact provider programme, entry requirements, NQF record and accreditation against an official source"
"fisher","Fisher","Agriculture, food and environment","","","","missing_association","Verify exact provider programme, entry requirements, NQF record and accreditation against an official source"
"fisheries-officer","Fisheries Officer","Agriculture, food and environment","","","","missing_association","Verify exact provider programme, entry requirements, NQF record and accreditation against an official source"
"fishing-boat-skipper","Fishing Boat Skipper","Agriculture, food and environment","","","","missing_association","Verify exact provider programme, entry requirements, NQF record and accreditation against an official source"
"florist","Florist","Agriculture, food and environment","","","","missing_association","Verify exact provider programme, entry requirements, NQF record and accreditation against an official source"
"flower-farmer-floriculturist","Flower Farmer / Floriculturist","Agriculture, food and environment","","","","missing_association","Verify exact provider programme, entry requirements, NQF record and accreditation against an official source"
"food-safety-auditor","Food Safety Auditor","Agriculture, food and environment","","","","missing_association","Verify exact provider programme, entry requirements, NQF record and accreditation against an official source"
"food-safety-officer","Food Safety Officer","Agriculture, food and environment","","","","missing_association","Verify exact provider programme, entry requirements, NQF record and accreditation against an official source"
"food-scientist","Food Scientist","Agriculture, food and environment","","","","missing_association","Verify exact provider programme, entry requirements, NQF record and accreditation against an official source"
"food-technologist","Food Technologist","Agriculture, food and environment","","","","missing_association","Verify exact provider programme, entry requirements, NQF record and accreditation against an official source"
"forester","Forester","Agriculture, food and environment","","","","missing_association","Verify exact provider programme, entry requirements, NQF record and accreditation against an official source"
"forestry-technician","Forestry Technician","Agriculture, food and environment","","","","missing_association","Verify exact provider programme, entry requirements, NQF record and accreditation against an official source"
"fresh-produce-market-agent","Fresh Produce Market Agent","Agriculture, food and environment","","","","missing_association","Verify exact provider programme, entry requirements, NQF record and accreditation against an official source"
"fruit-and-vegetable-inspector","Fruit and Vegetable Inspector","Agriculture, food and environment","","","","missing_association","Verify exact provider programme, entry requirements, NQF record and accreditation against an official source"
"fruit-packhouse-manager","Fruit Packhouse Manager","Agriculture, food and environment","","","","missing_association","Verify exact provider programme, entry requirements, NQF record and accreditation against an official source"
"game-farmer","Game Farmer","Agriculture, food and environment","","","","missing_association","Verify exact provider programme, entry requirements, NQF record and accreditation against an official source"
"game-meat-processor","Game Meat Processor","Agriculture, food and environment","","","","missing_association","Verify exact provider programme, entry requirements, NQF record and accreditation against an official source"
"game-ranger","Game Ranger","Agriculture, food and environment","","","","missing_association","Verify exact provider programme, entry requirements, NQF record and accreditation against an official source"
"gardener","Gardener","Agriculture, food and environment","","","","missing_association","Verify exact provider programme, entry requirements, NQF record and accreditation against an official source"
"goat-farmer","Goat Farmer","Agriculture, food and environment","","","","missing_association","Verify exact provider programme, entry requirements, NQF record and accreditation against an official source"
"golf-course-greenkeeper","Golf Course Greenkeeper","Agriculture, food and environment","","","","missing_association","Verify exact provider programme, entry requirements, NQF record and accreditation against an official source"
"grain-silo-manager","Grain Silo Manager","Agriculture, food and environment","","","","missing_association","Verify exact provider programme, entry requirements, NQF record and accreditation against an official source"
"groundskeeper","Groundskeeper","Agriculture, food and environment","","","","missing_association","Verify exact provider programme, entry requirements, NQF record and accreditation against an official source"
"herdsperson","Herdsperson","Agriculture, food and environment","","","","missing_association","Verify exact provider programme, entry requirements, NQF record and accreditation against an official source"
"horticulturist","Horticulturist","Agriculture, food and environment","","","","missing_association","Verify exact provider programme, entry requirements, NQF record and accreditation against an official source"
"hydrologist","Hydrologist","Agriculture, food and environment","","","","missing_association","Verify exact provider programme, entry requirements, NQF record and accreditation against an official source"
"irrigation-designer","Irrigation Designer","Agriculture, food and environment","","","","missing_association","Verify exact provider programme, entry requirements, NQF record and accreditation against an official source"
"irrigation-engineer","Irrigation Engineer","Agriculture, food and environment","","","","missing_association","Verify exact provider programme, entry requirements, NQF record and accreditation against an official source"
"landscape-contractor","Landscape Contractor","Agriculture, food and environment","","","","missing_association","Verify exact provider programme, entry requirements, NQF record and accreditation against an official source"
"landscape-gardener","Landscape Gardener","Agriculture, food and environment","","","","missing_association","Verify exact provider programme, entry requirements, NQF record and accreditation against an official source"
"landscaper","Landscaper","Agriculture, food and environment","","","","missing_association","Verify exact provider programme, entry requirements, NQF record and accreditation against an official source"
"livestock-farmer","Livestock Farmer","Agriculture, food and environment","","","","missing_association","Verify exact provider programme, entry requirements, NQF record and accreditation against an official source"
"livestock-nutritionist","Livestock Nutritionist","Agriculture, food and environment","","","","missing_association","Verify exact provider programme, entry requirements, NQF record and accreditation against an official source"
"macadamia-nut-farmer","Macadamia Nut Farmer","Agriculture, food and environment","","","","missing_association","Verify exact provider programme, entry requirements, NQF record and accreditation against an official source"
"maize-farmer","Maize Farmer","Agriculture, food and environment","","","","missing_association","Verify exact provider programme, entry requirements, NQF record and accreditation against an official source"
"master-pastry-chef-bakery","Master Pastry Chef (Bakery)","Agriculture, food and environment","","","","missing_association","Verify exact provider programme, entry requirements, NQF record and accreditation against an official source"
"meat-inspector","Meat Inspector","Agriculture, food and environment","","","","missing_association","Verify exact provider programme, entry requirements, NQF record and accreditation against an official source"
"meteorologist","Meteorologist","Agriculture, food and environment","","","","missing_association","Verify exact provider programme, entry requirements, NQF record and accreditation against an official source"
"milk-tester-dairy-quality-controller","Milk Tester / Dairy Quality Controller","Agriculture, food and environment","","","","missing_association","Verify exact provider programme, entry requirements, NQF record and accreditation against an official source"
"mill-operator-grain","Mill Operator (Grain)","Agriculture, food and environment","","","","missing_association","Verify exact provider programme, entry requirements, NQF record and accreditation against an official source"
"mixed-crop-and-livestock-farmer","Mixed Crop and Livestock Farmer","Agriculture, food and environment","","","","missing_association","Verify exact provider programme, entry requirements, NQF record and accreditation against an official source"
"mussel-oyster-farmer","Mussel / Oyster Farmer","Agriculture, food and environment","","","","missing_association","Verify exact provider programme, entry requirements, NQF record and accreditation against an official source"
"nature-conservation-officer","Nature Conservation Officer","Agriculture, food and environment","","","","missing_association","Verify exact provider programme, entry requirements, NQF record and accreditation against an official source"
"nursery-worker","Nursery Worker","Agriculture, food and environment","","","","missing_association","Verify exact provider programme, entry requirements, NQF record and accreditation against an official source"
"olive-farm-producer","Olive Farm Producer","Agriculture, food and environment","","","","missing_association","Verify exact provider programme, entry requirements, NQF record and accreditation against an official source"
"ostrich-farmer","Ostrich Farmer","Agriculture, food and environment","","","","missing_association","Verify exact provider programme, entry requirements, NQF record and accreditation against an official source"
"park-ranger","Park Ranger","Agriculture, food and environment","","","","missing_association","Verify exact provider programme, entry requirements, NQF record and accreditation against an official source"
"pastry-chef","Pastry Chef","Agriculture, food and environment","","","","missing_association","Verify exact provider programme, entry requirements, NQF record and accreditation against an official source"
"pasture-scientist","Pasture Scientist","Agriculture, food and environment","","","","missing_association","Verify exact provider programme, entry requirements, NQF record and accreditation against an official source"
"pecan-nut-farmer","Pecan Nut Farmer","Agriculture, food and environment","","","","missing_association","Verify exact provider programme, entry requirements, NQF record and accreditation against an official source"
"permaculture-designer","Permaculture Designer","Agriculture, food and environment","","","","missing_association","Verify exact provider programme, entry requirements, NQF record and accreditation against an official source"
"pig-farmer","Pig Farmer","Agriculture, food and environment","","","","missing_association","Verify exact provider programme, entry requirements, NQF record and accreditation against an official source"
"plant-pathologist","Plant Pathologist","Agriculture, food and environment","","","","missing_association","Verify exact provider programme, entry requirements, NQF record and accreditation against an official source"
"potato-farmer","Potato Farmer","Agriculture, food and environment","","","","missing_association","Verify exact provider programme, entry requirements, NQF record and accreditation against an official source"
"poultry-farmer","Poultry Farmer","Agriculture, food and environment","","","","missing_association","Verify exact provider programme, entry requirements, NQF record and accreditation against an official source"
"poultry-nutritionist","Poultry Nutritionist","Agriculture, food and environment","","","","missing_association","Verify exact provider programme, entry requirements, NQF record and accreditation against an official source"
"precision-agriculture-specialist","Precision Agriculture Specialist","Agriculture, food and environment","","","","missing_association","Verify exact provider programme, entry requirements, NQF record and accreditation against an official source"
"produce-buyer-marketer-fresh-produce","Produce Buyer / Marketer (Fresh Produce)","Agriculture, food and environment","","","","missing_association","Verify exact provider programme, entry requirements, NQF record and accreditation against an official source"
"quality-controller-food","Quality Controller (Food)","Agriculture, food and environment","","","","missing_association","Verify exact provider programme, entry requirements, NQF record and accreditation against an official source"
"range-ecologist","Range Ecologist","Agriculture, food and environment","","","","missing_association","Verify exact provider programme, entry requirements, NQF record and accreditation against an official source"
"rooibos-tea-farmer","Rooibos Tea Farmer","Agriculture, food and environment","","","","missing_association","Verify exact provider programme, entry requirements, NQF record and accreditation against an official source"
"shearer","Shearer","Agriculture, food and environment","","","","missing_association","Verify exact provider programme, entry requirements, NQF record and accreditation against an official source"
"shearer-livestock","Shearer (Livestock)","Agriculture, food and environment","","","","missing_association","Verify exact provider programme, entry requirements, NQF record and accreditation against an official source"
"sheep-farmer-wool-mutton","Sheep Farmer (Wool / Mutton)","Agriculture, food and environment","","","","missing_association","Verify exact provider programme, entry requirements, NQF record and accreditation against an official source"
"small-scale-subsistence-farmer","Small-scale Subsistence Farmer","Agriculture, food and environment","","","","missing_association","Verify exact provider programme, entry requirements, NQF record and accreditation against an official source"
"soil-scientist","Soil Scientist","Agriculture, food and environment","","","","missing_association","Verify exact provider programme, entry requirements, NQF record and accreditation against an official source"
"state-veterinarian","State Veterinarian","Agriculture, food and environment","","","","missing_association","Verify exact provider programme, entry requirements, NQF record and accreditation against an official source"
"subtropical-fruit-farmer-mango-avocado","Subtropical Fruit Farmer (Mango / Avocado)","Agriculture, food and environment","","","","missing_association","Verify exact provider programme, entry requirements, NQF record and accreditation against an official source"
"sugar-cane-cutter-seasonal","Sugar Cane Cutter (Seasonal)","Agriculture, food and environment","","","","missing_association","Verify exact provider programme, entry requirements, NQF record and accreditation against an official source"
"sunflower-oilseed-farmer","Sunflower / Oilseed Farmer","Agriculture, food and environment","","","","missing_association","Verify exact provider programme, entry requirements, NQF record and accreditation against an official source"
"sustainability-officer","Sustainability Officer","Agriculture, food and environment","","","","missing_association","Verify exact provider programme, entry requirements, NQF record and accreditation against an official source"
"table-grape-producer","Table Grape Producer","Agriculture, food and environment","","","","missing_association","Verify exact provider programme, entry requirements, NQF record and accreditation against an official source"
"tobacco-farmer","Tobacco Farmer","Agriculture, food and environment","","","","missing_association","Verify exact provider programme, entry requirements, NQF record and accreditation against an official source"
"tomato-producer","Tomato Producer","Agriculture, food and environment","","","","missing_association","Verify exact provider programme, entry requirements, NQF record and accreditation against an official source"
"tracks-and-signs-guide","Tracks and Signs Guide","Agriculture, food and environment","","","","missing_association","Verify exact provider programme, entry requirements, NQF record and accreditation against an official source"
"tree-surgeon","Tree Surgeon","Agriculture, food and environment","","","","missing_association","Verify exact provider programme, entry requirements, NQF record and accreditation against an official source"
"urban-farmer","Urban Farmer","Agriculture, food and environment","","","","missing_association","Verify exact provider programme, entry requirements, NQF record and accreditation against an official source"
"vegetable-farmer","Vegetable Farmer","Agriculture, food and environment","","","","missing_association","Verify exact provider programme, entry requirements, NQF record and accreditation against an official source"
"veld-fire-manager","Veld Fire Manager","Agriculture, food and environment","","","","missing_association","Verify exact provider programme, entry requirements, NQF record and accreditation against an official source"
"veterinary-nurse","Veterinary Nurse","Agriculture, food and environment","","","","missing_association","Verify exact provider programme, entry requirements, NQF record and accreditation against an official source"
"veterinary-technician","Veterinary Technician","Agriculture, food and environment","","","","missing_association","Verify exact provider programme, entry requirements, NQF record and accreditation against an official source"
"viticulturist","Viticulturist","Agriculture, food and environment","","","","missing_association","Verify exact provider programme, entry requirements, NQF record and accreditation against an official source"
"waste-management-officer","Waste Management Officer","Agriculture, food and environment","","","","missing_association","Verify exact provider programme, entry requirements, NQF record and accreditation against an official source"
"water-quality-technician","Water Quality Technician","Agriculture, food and environment","","","","missing_association","Verify exact provider programme, entry requirements, NQF record and accreditation against an official source"
"wheat-farmer","Wheat Farmer","Agriculture, food and environment","","","","missing_association","Verify exact provider programme, entry requirements, NQF record and accreditation against an official source"
"wholesale-florist","Wholesale Florist","Agriculture, food and environment","","","","missing_association","Verify exact provider programme, entry requirements, NQF record and accreditation against an official source"
"wildlife-manager","Wildlife Manager","Agriculture, food and environment","","","","missing_association","Verify exact provider programme, entry requirements, NQF record and accreditation against an official source"
"wine-blender","Wine Blender","Agriculture, food and environment","","","","missing_association","Verify exact provider programme, entry requirements, NQF record and accreditation against an official source"
"wine-cellar-hand","Wine Cellar Hand","Agriculture, food and environment","","","","missing_association","Verify exact provider programme, entry requirements, NQF record and accreditation against an official source"
"wine-cellar-master","Wine Cellar Master","Agriculture, food and environment","","","","missing_association","Verify exact provider programme, entry requirements, NQF record and accreditation against an official source"
"wine-grape-farmer","Wine Grape Farmer","Agriculture, food and environment","","","","missing_association","Verify exact provider programme, entry requirements, NQF record and accreditation against an official source"
"wine-maker","Wine Maker","Agriculture, food and environment","","","","missing_association","Verify exact provider programme, entry requirements, NQF record and accreditation against an official source"
"wine-maker-winemaker","Wine Maker / Winemaker","Agriculture, food and environment","","","","missing_association","Verify exact provider programme, entry requirements, NQF record and accreditation against an official source"
"wool-classer","Wool Classer","Agriculture, food and environment","","","","missing_association","Verify exact provider programme, entry requirements, NQF record and accreditation against an official source"
"yoghurt-dairy-product-maker","Yoghurt / Dairy Product Maker","Agriculture, food and environment","","","","missing_association","Verify exact provider programme, entry requirements, NQF record and accreditation against an official source"
"air-defence-artillery-operator","Air Defence Artillery Operator","Armed forces and security services","","","","missing_association","Verify exact provider programme, entry requirements, NQF record and accreditation against an official source"
"air-defence-operator","Air Defence Operator","Armed forces and security services","","","","missing_association","Verify exact provider programme, entry requirements, NQF record and accreditation against an official source"
"air-force-ground-crew","Air Force Ground Crew","Armed forces and security services","","","","missing_association","Verify exact provider programme, entry requirements, NQF record and accreditation against an official source"
"air-force-navigator","Air Force Navigator","Armed forces and security services","","","","missing_association","Verify exact provider programme, entry requirements, NQF record and accreditation against an official source"
"air-force-pilot","Air Force Pilot","Armed forces and security services","","","","missing_association","Verify exact provider programme, entry requirements, NQF record and accreditation against an official source"
"air-mercy-service-ams-pilot","Air Mercy Service (AMS) Pilot","Armed forces and security services","","","","missing_association","Verify exact provider programme, entry requirements, NQF record and accreditation against an official source"
"airport-security-officer","Airport Security Officer","Armed forces and security services","","","","missing_association","Verify exact provider programme, entry requirements, NQF record and accreditation against an official source"
"armed-forces-instructor","Armed Forces Instructor","Armed forces and security services","","","","missing_association","Verify exact provider programme, entry requirements, NQF record and accreditation against an official source"
"armour-tank-crew-member","Armour / Tank Crew Member","Armed forces and security services","","","","missing_association","Verify exact provider programme, entry requirements, NQF record and accreditation against an official source"
"armoured-corps-driver","Armoured Corps Driver","Armed forces and security services","","","","missing_association","Verify exact provider programme, entry requirements, NQF record and accreditation against an official source"
"armoured-vehicle-crew","Armoured Vehicle Crew","Armed forces and security services","","","","missing_association","Verify exact provider programme, entry requirements, NQF record and accreditation against an official source"
"armoured-vehicle-driver-cvs","Armoured Vehicle Driver (CVS)","Armed forces and security services","","","","missing_association","Verify exact provider programme, entry requirements, NQF record and accreditation against an official source"
"army-combat-medic","Army Combat Medic","Armed forces and security services","","","","missing_association","Verify exact provider programme, entry requirements, NQF record and accreditation against an official source"
"artillery-gun-layer","Artillery Gun Layer","Armed forces and security services","","","","missing_association","Verify exact provider programme, entry requirements, NQF record and accreditation against an official source"
"artillery-operator","Artillery Operator","Armed forces and security services","","","","missing_association","Verify exact provider programme, entry requirements, NQF record and accreditation against an official source"
"bomb-disposal-eod-operator","Bomb Disposal (EOD) Operator","Armed forces and security services","","","","missing_association","Verify exact provider programme, entry requirements, NQF record and accreditation against an official source"
"bomb-squad-saps-member","Bomb Squad (SAPS) Member","Armed forces and security services","","","","missing_association","Verify exact provider programme, entry requirements, NQF record and accreditation against an official source"
"border-management-officer","Border Management Officer","Armed forces and security services","","","","missing_association","Verify exact provider programme, entry requirements, NQF record and accreditation against an official source"
"border-protection-officer","Border Protection Officer","Armed forces and security services","","","","missing_association","Verify exact provider programme, entry requirements, NQF record and accreditation against an official source"
"bouncer-door-security","Bouncer / Door Security","Armed forces and security services","","","","missing_association","Verify exact provider programme, entry requirements, NQF record and accreditation against an official source"
"cash-in-transit-operative","Cash-in-Transit Operative","Armed forces and security services","","","","missing_association","Verify exact provider programme, entry requirements, NQF record and accreditation against an official source"
"cctv-control-room-operator","CCTV Control Room Operator","Armed forces and security services","","","","missing_association","Verify exact provider programme, entry requirements, NQF record and accreditation against an official source"
"cctv-operator","CCTV Operator","Armed forces and security services","","","","missing_association","Verify exact provider programme, entry requirements, NQF record and accreditation against an official source"
"celebrity-bodyguard","Celebrity Bodyguard","Armed forces and security services","","","","missing_association","Verify exact provider programme, entry requirements, NQF record and accreditation against an official source"
"chaplain-military","Chaplain (Military)","Armed forces and security services","","","","missing_association","Verify exact provider programme, entry requirements, NQF record and accreditation against an official source"
"close-protection-officer","Close Protection Officer","Armed forces and security services","","","","missing_association","Verify exact provider programme, entry requirements, NQF record and accreditation against an official source"
"close-protection-officer-bodyguard","Close Protection Officer / Bodyguard","Armed forces and security services","","","","missing_association","Verify exact provider programme, entry requirements, NQF record and accreditation against an official source"
"close-protection-team-leader","Close Protection Team Leader","Armed forces and security services","","","","missing_association","Verify exact provider programme, entry requirements, NQF record and accreditation against an official source"
"coast-guard-sea-rescue-volunteer","Coast Guard / Sea Rescue Volunteer","Armed forces and security services","","","","missing_association","Verify exact provider programme, entry requirements, NQF record and accreditation against an official source"
"counter-intelligence-officer","Counter-Intelligence Officer","Armed forces and security services","","","","missing_association","Verify exact provider programme, entry requirements, NQF record and accreditation against an official source"
"crime-intelligence-analyst","Crime Intelligence Analyst","Armed forces and security services","","","","missing_association","Verify exact provider programme, entry requirements, NQF record and accreditation against an official source"
"cyber-operator-defensive","Cyber Operator (Defensive)","Armed forces and security services","","","","missing_association","Verify exact provider programme, entry requirements, NQF record and accreditation against an official source"
"cyber-operator-offensive","Cyber Operator (Offensive)","Armed forces and security services","","","","missing_association","Verify exact provider programme, entry requirements, NQF record and accreditation against an official source"
"cyber-warfare-specialist-defence","Cyber Warfare Specialist (Defence)","Armed forces and security services","","","","missing_association","Verify exact provider programme, entry requirements, NQF record and accreditation against an official source"
"defence-analyst","Defence Analyst","Armed forces and security services","","","","missing_association","Verify exact provider programme, entry requirements, NQF record and accreditation against an official source"
"defence-scientist","Defence Scientist","Armed forces and security services","","","","missing_association","Verify exact provider programme, entry requirements, NQF record and accreditation against an official source"
"defence-signals-communications-operator","Defence Signals / Communications Operator","Armed forces and security services","","","","missing_association","Verify exact provider programme, entry requirements, NQF record and accreditation against an official source"
"demolitions-expert-military","Demolitions Expert (Military)","Armed forces and security services","","","","missing_association","Verify exact provider programme, entry requirements, NQF record and accreditation against an official source"
"drill-sergeant","Drill Sergeant","Armed forces and security services","","","","missing_association","Verify exact provider programme, entry requirements, NQF record and accreditation against an official source"
"drone-pilot-military-surveillance","Drone Pilot (Military / Surveillance)","Armed forces and security services","","","","missing_association","Verify exact provider programme, entry requirements, NQF record and accreditation against an official source"
"ems-rescue-technician","EMS Rescue Technician","Armed forces and security services","","","","missing_association","Verify exact provider programme, entry requirements, NQF record and accreditation against an official source"
"eod-bomb-disposal-technician","EOD (Bomb Disposal) Technician","Armed forces and security services","","","","missing_association","Verify exact provider programme, entry requirements, NQF record and accreditation against an official source"
"field-engineer-combat","Field Engineer (Combat)","Armed forces and security services","","","","missing_association","Verify exact provider programme, entry requirements, NQF record and accreditation against an official source"
"fire-and-rescue-services-officer","Fire and Rescue Services Officer","Armed forces and security services","","","","missing_association","Verify exact provider programme, entry requirements, NQF record and accreditation against an official source"
"forensic-fire-investigator","Forensic Fire Investigator","Armed forces and security services","","","","missing_association","Verify exact provider programme, entry requirements, NQF record and accreditation against an official source"
"forensic-investigator","Forensic Investigator","Armed forces and security services","","","","missing_association","Verify exact provider programme, entry requirements, NQF record and accreditation against an official source"
"infantry-soldier","Infantry Soldier","Armed forces and security services","","","","missing_association","Verify exact provider programme, entry requirements, NQF record and accreditation against an official source"
"maritime-reaction-squadron-operator","Maritime Reaction Squadron Operator","Armed forces and security services","","","","missing_association","Verify exact provider programme, entry requirements, NQF record and accreditation against an official source"
"military-band-member","Military Band Member","Armed forces and security services","","","","missing_association","Verify exact provider programme, entry requirements, NQF record and accreditation against an official source"
"military-chaplain-all-faiths","Military Chaplain (All Faiths)","Armed forces and security services","","","","missing_association","Verify exact provider programme, entry requirements, NQF record and accreditation against an official source"
"military-chef","Military Chef","Armed forces and security services","","","","missing_association","Verify exact provider programme, entry requirements, NQF record and accreditation against an official source"
"military-chef-uniformed","Military Chef (Uniformed)","Armed forces and security services","","","","missing_association","Verify exact provider programme, entry requirements, NQF record and accreditation against an official source"
"military-communication-specialist","Military Communication Specialist","Armed forces and security services","","","","missing_association","Verify exact provider programme, entry requirements, NQF record and accreditation against an official source"
"military-doctor","Military Doctor","Armed forces and security services","","","","missing_association","Verify exact provider programme, entry requirements, NQF record and accreditation against an official source"
"military-dog-handler","Military Dog Handler","Armed forces and security services","","","","missing_association","Verify exact provider programme, entry requirements, NQF record and accreditation against an official source"
"military-drone-operator-uav","Military Drone Operator (UAV)","Armed forces and security services","","","","missing_association","Verify exact provider programme, entry requirements, NQF record and accreditation against an official source"
"military-engineer","Military Engineer","Armed forces and security services","","","","missing_association","Verify exact provider programme, entry requirements, NQF record and accreditation against an official source"
"military-engineer-combat","Military Engineer (Combat)","Armed forces and security services","","","","missing_association","Verify exact provider programme, entry requirements, NQF record and accreditation against an official source"
"military-finance-officer","Military Finance Officer","Armed forces and security services","","","","missing_association","Verify exact provider programme, entry requirements, NQF record and accreditation against an official source"
"military-intelligence-analyst","Military Intelligence Analyst","Armed forces and security services","","","","missing_association","Verify exact provider programme, entry requirements, NQF record and accreditation against an official source"
"military-intelligence-officer","Military Intelligence Officer","Armed forces and security services","","","","missing_association","Verify exact provider programme, entry requirements, NQF record and accreditation against an official source"
"military-it-specialist","Military IT Specialist","Armed forces and security services","","","","missing_association","Verify exact provider programme, entry requirements, NQF record and accreditation against an official source"
"military-logistician","Military Logistician","Armed forces and security services","","","","missing_association","Verify exact provider programme, entry requirements, NQF record and accreditation against an official source"
"military-logistics-officer","Military Logistics Officer","Armed forces and security services","","","","missing_association","Verify exact provider programme, entry requirements, NQF record and accreditation against an official source"
"military-medic","Military Medic","Armed forces and security services","","","","missing_association","Verify exact provider programme, entry requirements, NQF record and accreditation against an official source"
"military-nurse","Military Nurse","Armed forces and security services","","","","missing_association","Verify exact provider programme, entry requirements, NQF record and accreditation against an official source"
"military-nursing-sister","Military Nursing Sister","Armed forces and security services","","","","missing_association","Verify exact provider programme, entry requirements, NQF record and accreditation against an official source"
"military-pilot","Military Pilot","Armed forces and security services","","","","missing_association","Verify exact provider programme, entry requirements, NQF record and accreditation against an official source"
"military-police","Military Police","Armed forces and security services","","","","missing_association","Verify exact provider programme, entry requirements, NQF record and accreditation against an official source"
"military-police-dog-handler","Military Police Dog Handler","Armed forces and security services","","","","missing_association","Verify exact provider programme, entry requirements, NQF record and accreditation against an official source"
"military-police-investigator","Military Police Investigator","Armed forces and security services","","","","missing_association","Verify exact provider programme, entry requirements, NQF record and accreditation against an official source"
"military-procurement-officer","Military Procurement Officer","Armed forces and security services","","","","missing_association","Verify exact provider programme, entry requirements, NQF record and accreditation against an official source"
"military-psychologist","Military Psychologist","Armed forces and security services","","","","missing_association","Verify exact provider programme, entry requirements, NQF record and accreditation against an official source"
"military-satellite-communications-technician","Military Satellite Communications Technician","Armed forces and security services","","","","missing_association","Verify exact provider programme, entry requirements, NQF record and accreditation against an official source"
"military-storeman-quartermaster","Military Storeman / Quartermaster","Armed forces and security services","","","","missing_association","Verify exact provider programme, entry requirements, NQF record and accreditation against an official source"
"military-training-instructor","Military Training Instructor","Armed forces and security services","","","","missing_association","Verify exact provider programme, entry requirements, NQF record and accreditation against an official source"
"military-transport-driver","Military Transport Driver","Armed forces and security services","","","","missing_association","Verify exact provider programme, entry requirements, NQF record and accreditation against an official source"
"military-working-dog-handler","Military Working Dog Handler","Armed forces and security services","","","","missing_association","Verify exact provider programme, entry requirements, NQF record and accreditation against an official source"
"mountain-search-and-rescue-volunteer","Mountain Search and Rescue Volunteer","Armed forces and security services","","","","missing_association","Verify exact provider programme, entry requirements, NQF record and accreditation against an official source"
"naval-sailor","Naval Sailor","Armed forces and security services","","","","missing_association","Verify exact provider programme, entry requirements, NQF record and accreditation against an official source"
"nsri-sea-rescue-volunteer","NSRI (Sea Rescue) Volunteer","Armed forces and security services","","","","missing_association","Verify exact provider programme, entry requirements, NQF record and accreditation against an official source"
"paratrooper-parachute-infantry","Paratrooper / Parachute Infantry","Armed forces and security services","","","","missing_association","Verify exact provider programme, entry requirements, NQF record and accreditation against an official source"
"peacekeeping-officer","Peacekeeping Officer","Armed forces and security services","","","","missing_association","Verify exact provider programme, entry requirements, NQF record and accreditation against an official source"
"polygraph-examiner","Polygraph Examiner","Armed forces and security services","","","","missing_association","Verify exact provider programme, entry requirements, NQF record and accreditation against an official source"
"port-security-officer","Port Security Officer","Armed forces and security services","","","","missing_association","Verify exact provider programme, entry requirements, NQF record and accreditation against an official source"
"private-investigation-detective","Private Investigation Detective","Armed forces and security services","","","","missing_association","Verify exact provider programme, entry requirements, NQF record and accreditation against an official source"
"private-military-contractor-armed","Private Military Contractor (Armed)","Armed forces and security services","","","","missing_association","Verify exact provider programme, entry requirements, NQF record and accreditation against an official source"
"private-security-operator","Private Security Operator","Armed forces and security services","","","","missing_association","Verify exact provider programme, entry requirements, NQF record and accreditation against an official source"
"reserve-force-member-part-time","Reserve Force Member (Part-Time)","Armed forces and security services","","","","missing_association","Verify exact provider programme, entry requirements, NQF record and accreditation against an official source"
"reservist","Reservist","Armed forces and security services","","","","missing_association","Verify exact provider programme, entry requirements, NQF record and accreditation against an official source"
"sa-navy-combat-officer","SA Navy Combat Officer","Armed forces and security services","","","","missing_association","Verify exact provider programme, entry requirements, NQF record and accreditation against an official source"
"sa-navy-deck-hand","SA Navy Deck Hand","Armed forces and security services","","","","missing_association","Verify exact provider programme, entry requirements, NQF record and accreditation against an official source"
"sa-navy-engineering-mechanic","SA Navy Engineering Mechanic","Armed forces and security services","","","","missing_association","Verify exact provider programme, entry requirements, NQF record and accreditation against an official source"
"sa-navy-marine-soldier","SA Navy Marine Soldier","Armed forces and security services","","","","missing_association","Verify exact provider programme, entry requirements, NQF record and accreditation against an official source"
"sa-navy-navigator","SA Navy Navigator","Armed forces and security services","","","","missing_association","Verify exact provider programme, entry requirements, NQF record and accreditation against an official source"
"sa-navy-sailor","SA Navy Sailor","Armed forces and security services","","","","missing_association","Verify exact provider programme, entry requirements, NQF record and accreditation against an official source"
"saaf-air-traffic-controller-military","SAAF Air Traffic Controller (Military)","Armed forces and security services","","","","missing_association","Verify exact provider programme, entry requirements, NQF record and accreditation against an official source"
"saaf-aircraft-maintenance-technician","SAAF Aircraft Maintenance Technician","Armed forces and security services","","","","missing_association","Verify exact provider programme, entry requirements, NQF record and accreditation against an official source"
"saaf-fighter-pilot","SAAF Fighter Pilot","Armed forces and security services","","","","missing_association","Verify exact provider programme, entry requirements, NQF record and accreditation against an official source"
"saaf-helicopter-pilot","SAAF Helicopter Pilot","Armed forces and security services","","","","missing_association","Verify exact provider programme, entry requirements, NQF record and accreditation against an official source"
"saaf-loadmaster","SAAF Loadmaster","Armed forces and security services","","","","missing_association","Verify exact provider programme, entry requirements, NQF record and accreditation against an official source"
"saaf-pilot-military","SAAF Pilot (Military)","Armed forces and security services","","","","missing_association","Verify exact provider programme, entry requirements, NQF record and accreditation against an official source"
"saaf-transport-pilot","SAAF Transport Pilot","Armed forces and security services","","","","missing_association","Verify exact provider programme, entry requirements, NQF record and accreditation against an official source"
"sandf-ammunition-technician","SANDF Ammunition Technician","Armed forces and security services","","","","missing_association","Verify exact provider programme, entry requirements, NQF record and accreditation against an official source"
"sandf-army-company-commander-captain","SANDF Army Company Commander (Captain)","Armed forces and security services","","","","missing_association","Verify exact provider programme, entry requirements, NQF record and accreditation against an official source"
"sandf-army-corporal","SANDF Army Corporal","Armed forces and security services","","","","missing_association","Verify exact provider programme, entry requirements, NQF record and accreditation against an official source"
"sandf-army-sergeant","SANDF Army Sergeant","Armed forces and security services","","","","missing_association","Verify exact provider programme, entry requirements, NQF record and accreditation against an official source"
"sandf-battalion-commander-lieutenant-colonel","SANDF Battalion Commander (Lieutenant Colonel)","Armed forces and security services","","","","missing_association","Verify exact provider programme, entry requirements, NQF record and accreditation against an official source"
"sandf-legal-officer","SANDF Legal Officer","Armed forces and security services","","","","missing_association","Verify exact provider programme, entry requirements, NQF record and accreditation against an official source"
"sandf-logistics-supply-officer","SANDF Logistics Supply Officer","Armed forces and security services","","","","missing_association","Verify exact provider programme, entry requirements, NQF record and accreditation against an official source"
"sandf-parabat-recce-operator","SANDF Parabat Recce Operator","Armed forces and security services","","","","missing_association","Verify exact provider programme, entry requirements, NQF record and accreditation against an official source"
"sandf-soldier-infantry","SANDF Soldier (Infantry)","Armed forces and security services","","","","missing_association","Verify exact provider programme, entry requirements, NQF record and accreditation against an official source"
"saps-detective","SAPS Detective","Armed forces and security services","","","","missing_association","Verify exact provider programme, entry requirements, NQF record and accreditation against an official source"
"search-and-rescue-ems-pilot","Search and Rescue (EMS) Pilot","Armed forces and security services","","","","missing_association","Verify exact provider programme, entry requirements, NQF record and accreditation against an official source"
"security-consultant","Security Consultant","Armed forces and security services","","","","missing_association","Verify exact provider programme, entry requirements, NQF record and accreditation against an official source"
"security-response-officer","Security Response Officer","Armed forces and security services","","","","missing_association","Verify exact provider programme, entry requirements, NQF record and accreditation against an official source"
"security-supervisor","Security Supervisor","Armed forces and security services","","","","missing_association","Verify exact provider programme, entry requirements, NQF record and accreditation against an official source"
"signals-intelligence-sigint-operator","Signals Intelligence (SIGINT) Operator","Armed forces and security services","","","","missing_association","Verify exact provider programme, entry requirements, NQF record and accreditation against an official source"
"special-forces-operator-recces","Special Forces Operator (Recces)","Armed forces and security services","","","","missing_association","Verify exact provider programme, entry requirements, NQF record and accreditation against an official source"
"submariner","Submariner","Armed forces and security services","","","","missing_association","Verify exact provider programme, entry requirements, NQF record and accreditation against an official source"
"swift-water-rescue-technician","Swift Water Rescue Technician","Armed forces and security services","","","","missing_association","Verify exact provider programme, entry requirements, NQF record and accreditation against an official source"
"technical-rescue-high-angle-rope-rescue","Technical Rescue (High Angle / Rope Rescue)","Armed forces and security services","","","","missing_association","Verify exact provider programme, entry requirements, NQF record and accreditation against an official source"
"vip-protection-officer","VIP Protection Officer","Armed forces and security services","","","","missing_association","Verify exact provider programme, entry requirements, NQF record and accreditation against an official source"
"war-college-student-candidate-officer","War College Student / Candidate Officer","Armed forces and security services","","","","missing_association","Verify exact provider programme, entry requirements, NQF record and accreditation against an official source"
"actor","Actor","Arts, culture, heritage and society","","","","missing_association","Verify exact provider programme, entry requirements, NQF record and accreditation against an official source"
"actor-stage-screen","Actor (Stage / Screen)","Arts, culture, heritage and society","","","","missing_association","Verify exact provider programme, entry requirements, NQF record and accreditation against an official source"
"afro-pop-musician","Afro-Pop Musician","Arts, culture, heritage and society","","","","missing_association","Verify exact provider programme, entry requirements, NQF record and accreditation against an official source"
"amapiano-producer","Amapiano Producer","Arts, culture, heritage and society","","","","missing_association","Verify exact provider programme, entry requirements, NQF record and accreditation against an official source"
"archaeologist","Archaeologist","Arts, culture, heritage and society","","","","missing_association","Verify exact provider programme, entry requirements, NQF record and accreditation against an official source"
"archival-assistant-archive","Archival Assistant (Archive)","Arts, culture, heritage and society","","","","missing_association","Verify exact provider programme, entry requirements, NQF record and accreditation against an official source"
"archivist-assistant","Archivist Assistant","Arts, culture, heritage and society","","","","missing_association","Verify exact provider programme, entry requirements, NQF record and accreditation against an official source"
"art-auction-house-specialist","Art Auction House Specialist","Arts, culture, heritage and society","","","","missing_association","Verify exact provider programme, entry requirements, NQF record and accreditation against an official source"
"art-critic","Art Critic","Arts, culture, heritage and society","","","","missing_association","Verify exact provider programme, entry requirements, NQF record and accreditation against an official source"
"art-gallery-assistant","Art Gallery Assistant","Arts, culture, heritage and society","","","","missing_association","Verify exact provider programme, entry requirements, NQF record and accreditation against an official source"
"art-gallery-curator","Art Gallery Curator","Arts, culture, heritage and society","","","","missing_association","Verify exact provider programme, entry requirements, NQF record and accreditation against an official source"
"art-restorer-conservator","Art Restorer / Conservator","Arts, culture, heritage and society","","","","missing_association","Verify exact provider programme, entry requirements, NQF record and accreditation against an official source"
"art-therapist","Art Therapist","Arts, culture, heritage and society","","","","missing_association","Verify exact provider programme, entry requirements, NQF record and accreditation against an official source"
"arts-administrator","Arts Administrator","Arts, culture, heritage and society","","","","missing_association","Verify exact provider programme, entry requirements, NQF record and accreditation against an official source"
"arts-manager","Arts Manager","Arts, culture, heritage and society","","","","missing_association","Verify exact provider programme, entry requirements, NQF record and accreditation against an official source"
"author-novelist","Author / Novelist","Arts, culture, heritage and society","","","","missing_association","Verify exact provider programme, entry requirements, NQF record and accreditation against an official source"
"ballet-dancer","Ballet Dancer","Arts, culture, heritage and society","","","","missing_association","Verify exact provider programme, entry requirements, NQF record and accreditation against an official source"
"beadworker","Beadworker","Arts, culture, heritage and society","","","","missing_association","Verify exact provider programme, entry requirements, NQF record and accreditation against an official source"
"blogger-independent","Blogger (Independent)","Arts, culture, heritage and society","","","","missing_association","Verify exact provider programme, entry requirements, NQF record and accreditation against an official source"
"book-conservator","Book Conservator","Arts, culture, heritage and society","","","","missing_association","Verify exact provider programme, entry requirements, NQF record and accreditation against an official source"
"business-journalist","Business Journalist","Arts, culture, heritage and society","","","","missing_association","Verify exact provider programme, entry requirements, NQF record and accreditation against an official source"
"ceramicist","Ceramicist","Arts, culture, heritage and society","","","","missing_association","Verify exact provider programme, entry requirements, NQF record and accreditation against an official source"
"ceramicist-potter","Ceramicist / Potter","Arts, culture, heritage and society","","","","missing_association","Verify exact provider programme, entry requirements, NQF record and accreditation against an official source"
"children-s-librarian","Children's Librarian","Arts, culture, heritage and society","","","","missing_association","Verify exact provider programme, entry requirements, NQF record and accreditation against an official source"
"choir-director","Choir Director","Arts, culture, heritage and society","","","","missing_association","Verify exact provider programme, entry requirements, NQF record and accreditation against an official source"
"choreographer","Choreographer","Arts, culture, heritage and society","","","","missing_association","Verify exact provider programme, entry requirements, NQF record and accreditation against an official source"
"cinematographer","Cinematographer","Arts, culture, heritage and society","","","","missing_association","Verify exact provider programme, entry requirements, NQF record and accreditation against an official source"
"circus-performer","Circus Performer","Arts, culture, heritage and society","","","","missing_association","Verify exact provider programme, entry requirements, NQF record and accreditation against an official source"
"classical-musician-orchestral","Classical Musician (Orchestral)","Arts, culture, heritage and society","","","","missing_association","Verify exact provider programme, entry requirements, NQF record and accreditation against an official source"
"closed-captioner","Closed Captioner","Arts, culture, heritage and society","","","","missing_association","Verify exact provider programme, entry requirements, NQF record and accreditation against an official source"
"clown-children-s-entertainment","Clown (Children's Entertainment)","Arts, culture, heritage and society","","","","missing_association","Verify exact provider programme, entry requirements, NQF record and accreditation against an official source"
"comedian-stand-up","Comedian (Stand-up)","Arts, culture, heritage and society","","","","missing_association","Verify exact provider programme, entry requirements, NQF record and accreditation against an official source"
"community-radio-journalist","Community Radio Journalist","Arts, culture, heritage and society","","","","missing_association","Verify exact provider programme, entry requirements, NQF record and accreditation against an official source"
"composer-film-television","Composer (Film / Television)","Arts, culture, heritage and society","","","","missing_association","Verify exact provider programme, entry requirements, NQF record and accreditation against an official source"
"copy-editor","Copy Editor","Arts, culture, heritage and society","","","","missing_association","Verify exact provider programme, entry requirements, NQF record and accreditation against an official source"
"copyright-librarian","Copyright Librarian","Arts, culture, heritage and society","","","","missing_association","Verify exact provider programme, entry requirements, NQF record and accreditation against an official source"
"craft-worker","Craft Worker","Arts, culture, heritage and society","","","","missing_association","Verify exact provider programme, entry requirements, NQF record and accreditation against an official source"
"cultural-anthropologist","Cultural Anthropologist","Arts, culture, heritage and society","","","","missing_association","Verify exact provider programme, entry requirements, NQF record and accreditation against an official source"
"cultural-dancer-indigenous","Cultural Dancer (Indigenous)","Arts, culture, heritage and society","","","","missing_association","Verify exact provider programme, entry requirements, NQF record and accreditation against an official source"
"cultural-event-organiser","Cultural Event Organiser","Arts, culture, heritage and society","","","","missing_association","Verify exact provider programme, entry requirements, NQF record and accreditation against an official source"
"cultural-journalist","Cultural Journalist","Arts, culture, heritage and society","","","","missing_association","Verify exact provider programme, entry requirements, NQF record and accreditation against an official source"
"dance-instructor","Dance Instructor","Arts, culture, heritage and society","","","","missing_association","Verify exact provider programme, entry requirements, NQF record and accreditation against an official source"
"dancer","Dancer","Arts, culture, heritage and society","","","","missing_association","Verify exact provider programme, entry requirements, NQF record and accreditation against an official source"
"dancer-choreographer","Dancer / Choreographer","Arts, culture, heritage and society","","","","missing_association","Verify exact provider programme, entry requirements, NQF record and accreditation against an official source"
"digital-archivist","Digital Archivist","Arts, culture, heritage and society","","","","missing_association","Verify exact provider programme, entry requirements, NQF record and accreditation against an official source"
"digital-artist-nft-creator","Digital Artist / NFT Creator","Arts, culture, heritage and society","","","","missing_association","Verify exact provider programme, entry requirements, NQF record and accreditation against an official source"
"drama-therapist","Drama Therapist","Arts, culture, heritage and society","","","","missing_association","Verify exact provider programme, entry requirements, NQF record and accreditation against an official source"
"editor-newspaper-magazine","Editor (Newspaper / Magazine)","Arts, culture, heritage and society","","","","missing_association","Verify exact provider programme, entry requirements, NQF record and accreditation against an official source"
"entertainment-journalist","Entertainment Journalist","Arts, culture, heritage and society","","","","missing_association","Verify exact provider programme, entry requirements, NQF record and accreditation against an official source"
"event-mc-master-of-ceremonies","Event MC / Master of Ceremonies","Arts, culture, heritage and society","","","","missing_association","Verify exact provider programme, entry requirements, NQF record and accreditation against an official source"
"fashion-journalist","Fashion Journalist","Arts, culture, heritage and society","","","","missing_association","Verify exact provider programme, entry requirements, NQF record and accreditation against an official source"
"festival-coordinator","Festival Coordinator","Arts, culture, heritage and society","","","","missing_association","Verify exact provider programme, entry requirements, NQF record and accreditation against an official source"
"fine-artist-painter-sculptor","Fine Artist (Painter / Sculptor)","Arts, culture, heritage and society","","","","missing_association","Verify exact provider programme, entry requirements, NQF record and accreditation against an official source"
"food-writer-critic","Food Writer / Critic","Arts, culture, heritage and society","","","","missing_association","Verify exact provider programme, entry requirements, NQF record and accreditation against an official source"
"frame-maker-gilder","Frame Maker / Gilder","Arts, culture, heritage and society","","","","missing_association","Verify exact provider programme, entry requirements, NQF record and accreditation against an official source"
"freelance-editor","Freelance Editor","Arts, culture, heritage and society","","","","missing_association","Verify exact provider programme, entry requirements, NQF record and accreditation against an official source"
"gallery-curator","Gallery Curator","Arts, culture, heritage and society","","","","missing_association","Verify exact provider programme, entry requirements, NQF record and accreditation against an official source"
"genealogist","Genealogist","Arts, culture, heritage and society","","","","missing_association","Verify exact provider programme, entry requirements, NQF record and accreditation against an official source"
"ghostwriter","Ghostwriter","Arts, culture, heritage and society","","","","missing_association","Verify exact provider programme, entry requirements, NQF record and accreditation against an official source"
"glass-blower","Glass Blower","Arts, culture, heritage and society","","","","missing_association","Verify exact provider programme, entry requirements, NQF record and accreditation against an official source"
"gospel-music-performer","Gospel Music Performer","Arts, culture, heritage and society","","","","missing_association","Verify exact provider programme, entry requirements, NQF record and accreditation against an official source"
"gqom-producer","Gqom Producer","Arts, culture, heritage and society","","","","missing_association","Verify exact provider programme, entry requirements, NQF record and accreditation against an official source"
"healthcare-interpreter","Healthcare Interpreter","Arts, culture, heritage and society","","","","missing_association","Verify exact provider programme, entry requirements, NQF record and accreditation against an official source"
"heritage-officer","Heritage Officer","Arts, culture, heritage and society","","","","missing_association","Verify exact provider programme, entry requirements, NQF record and accreditation against an official source"
"heritage-practitioner","Heritage Practitioner","Arts, culture, heritage and society","","","","missing_association","Verify exact provider programme, entry requirements, NQF record and accreditation against an official source"
"hip-hop-producer","Hip-Hop Producer","Arts, culture, heritage and society","","","","missing_association","Verify exact provider programme, entry requirements, NQF record and accreditation against an official source"
"historical-researcher","Historical Researcher","Arts, culture, heritage and society","","","","missing_association","Verify exact provider programme, entry requirements, NQF record and accreditation against an official source"
"installation-artist","Installation Artist","Arts, culture, heritage and society","","","","missing_association","Verify exact provider programme, entry requirements, NQF record and accreditation against an official source"
"instrument-technician","Instrument Technician","Arts, culture, heritage and society","","","","missing_association","Verify exact provider programme, entry requirements, NQF record and accreditation against an official source"
"investigative-journalist","Investigative Journalist","Arts, culture, heritage and society","","","","missing_association","Verify exact provider programme, entry requirements, NQF record and accreditation against an official source"
"jazz-musician","Jazz Musician","Arts, culture, heritage and society","","","","missing_association","Verify exact provider programme, entry requirements, NQF record and accreditation against an official source"
"jewellery-maker","Jewellery Maker","Arts, culture, heritage and society","","","","missing_association","Verify exact provider programme, entry requirements, NQF record and accreditation against an official source"
"journalist-print","Journalist (Print)","Arts, culture, heritage and society","","","","missing_association","Verify exact provider programme, entry requirements, NQF record and accreditation against an official source"
"knowledge-manager","Knowledge Manager","Arts, culture, heritage and society","","","","missing_association","Verify exact provider programme, entry requirements, NQF record and accreditation against an official source"
"kwaito-producer","Kwaito Producer","Arts, culture, heritage and society","","","","missing_association","Verify exact provider programme, entry requirements, NQF record and accreditation against an official source"
"librarian-public","Librarian (Public)","Arts, culture, heritage and society","","","","missing_association","Verify exact provider programme, entry requirements, NQF record and accreditation against an official source"
"lighting-designer","Lighting Designer","Arts, culture, heritage and society","","","","missing_association","Verify exact provider programme, entry requirements, NQF record and accreditation against an official source"
"lighting-designer-theatre","Lighting Designer (Theatre)","Arts, culture, heritage and society","","","","missing_association","Verify exact provider programme, entry requirements, NQF record and accreditation against an official source"
"literary-agent","Literary Agent","Arts, culture, heritage and society","","","","missing_association","Verify exact provider programme, entry requirements, NQF record and accreditation against an official source"
"literary-translator","Literary Translator","Arts, culture, heritage and society","","","","missing_association","Verify exact provider programme, entry requirements, NQF record and accreditation against an official source"
"live-sound-engineer","Live Sound Engineer","Arts, culture, heritage and society","","","","missing_association","Verify exact provider programme, entry requirements, NQF record and accreditation against an official source"
"localisation-specialist","Localisation Specialist","Arts, culture, heritage and society","","","","missing_association","Verify exact provider programme, entry requirements, NQF record and accreditation against an official source"
"magician-illusionist","Magician / Illusionist","Arts, culture, heritage and society","","","","missing_association","Verify exact provider programme, entry requirements, NQF record and accreditation against an official source"
"maskanda-traditional-musician","Maskanda / Traditional Musician","Arts, culture, heritage and society","","","","missing_association","Verify exact provider programme, entry requirements, NQF record and accreditation against an official source"
"mastering-engineer-audio","Mastering Engineer (Audio)","Arts, culture, heritage and society","","","","missing_association","Verify exact provider programme, entry requirements, NQF record and accreditation against an official source"
"metadata-librarian","Metadata Librarian","Arts, culture, heritage and society","","","","missing_association","Verify exact provider programme, entry requirements, NQF record and accreditation against an official source"
"mosaic-artist","Mosaic Artist","Arts, culture, heritage and society","","","","missing_association","Verify exact provider programme, entry requirements, NQF record and accreditation against an official source"
"museum-education-officer","Museum Education Officer","Arts, culture, heritage and society","","","","missing_association","Verify exact provider programme, entry requirements, NQF record and accreditation against an official source"
"music-composer","Music Composer","Arts, culture, heritage and society","","","","missing_association","Verify exact provider programme, entry requirements, NQF record and accreditation against an official source"
"music-director","Music Director","Arts, culture, heritage and society","","","","missing_association","Verify exact provider programme, entry requirements, NQF record and accreditation against an official source"
"music-dj-club","Music DJ (Club)","Arts, culture, heritage and society","","","","missing_association","Verify exact provider programme, entry requirements, NQF record and accreditation against an official source"
"music-producer","Music Producer","Arts, culture, heritage and society","","","","missing_association","Verify exact provider programme, entry requirements, NQF record and accreditation against an official source"
"music-producer-recording-studio","Music Producer (Recording Studio)","Arts, culture, heritage and society","","","","missing_association","Verify exact provider programme, entry requirements, NQF record and accreditation against an official source"
"music-therapist","Music Therapist","Arts, culture, heritage and society","","","","missing_association","Verify exact provider programme, entry requirements, NQF record and accreditation against an official source"
"musician","Musician","Arts, culture, heritage and society","","","","missing_association","Verify exact provider programme, entry requirements, NQF record and accreditation against an official source"
"musician-session-performing","Musician (Session / Performing)","Arts, culture, heritage and society","","","","missing_association","Verify exact provider programme, entry requirements, NQF record and accreditation against an official source"
"news-reporter","News Reporter","Arts, culture, heritage and society","","","","missing_association","Verify exact provider programme, entry requirements, NQF record and accreditation against an official source"
"opera-singer","Opera Singer","Arts, culture, heritage and society","","","","missing_association","Verify exact provider programme, entry requirements, NQF record and accreditation against an official source"
"oral-historian","Oral Historian","Arts, culture, heritage and society","","","","missing_association","Verify exact provider programme, entry requirements, NQF record and accreditation against an official source"
"orchestral-conductor","Orchestral Conductor","Arts, culture, heritage and society","","","","missing_association","Verify exact provider programme, entry requirements, NQF record and accreditation against an official source"
"painter-artist","Painter (Artist)","Arts, culture, heritage and society","","","","missing_association","Verify exact provider programme, entry requirements, NQF record and accreditation against an official source"
"performance-artist","Performance Artist","Arts, culture, heritage and society","","","","missing_association","Verify exact provider programme, entry requirements, NQF record and accreditation against an official source"
"podcast-host-audio-producer","Podcast Host / Audio Producer","Arts, culture, heritage and society","","","","missing_association","Verify exact provider programme, entry requirements, NQF record and accreditation against an official source"
"poet-spoken-word-artist","Poet / Spoken-Word Artist","Arts, culture, heritage and society","","","","missing_association","Verify exact provider programme, entry requirements, NQF record and accreditation against an official source"
"poet-laureate","Poet Laureate","Arts, culture, heritage and society","","","","missing_association","Verify exact provider programme, entry requirements, NQF record and accreditation against an official source"
"political-journalist","Political Journalist","Arts, culture, heritage and society","","","","missing_association","Verify exact provider programme, entry requirements, NQF record and accreditation against an official source"
"potter","Potter","Arts, culture, heritage and society","","","","missing_association","Verify exact provider programme, entry requirements, NQF record and accreditation against an official source"
"printmaking-artist","Printmaking Artist","Arts, culture, heritage and society","","","","missing_association","Verify exact provider programme, entry requirements, NQF record and accreditation against an official source"
"public-art-project-manager","Public Art Project Manager","Arts, culture, heritage and society","","","","missing_association","Verify exact provider programme, entry requirements, NQF record and accreditation against an official source"
"publishing-editor","Publishing Editor","Arts, culture, heritage and society","","","","missing_association","Verify exact provider programme, entry requirements, NQF record and accreditation against an official source"
"puppeteer","Puppeteer","Arts, culture, heritage and society","","","","missing_association","Verify exact provider programme, entry requirements, NQF record and accreditation against an official source"
"radio-dj-presenter","Radio DJ / Presenter","Arts, culture, heritage and society","","","","missing_association","Verify exact provider programme, entry requirements, NQF record and accreditation against an official source"
"radio-news-reader","Radio News Reader","Arts, culture, heritage and society","","","","missing_association","Verify exact provider programme, entry requirements, NQF record and accreditation against an official source"
"radio-programmes-manager","Radio Programmes Manager","Arts, culture, heritage and society","","","","missing_association","Verify exact provider programme, entry requirements, NQF record and accreditation against an official source"
"rare-books-librarian","Rare Books Librarian","Arts, culture, heritage and society","","","","missing_association","Verify exact provider programme, entry requirements, NQF record and accreditation against an official source"
"research-librarian","Research Librarian","Arts, culture, heritage and society","","","","missing_association","Verify exact provider programme, entry requirements, NQF record and accreditation against an official source"
"screenwriter","Screenwriter","Arts, culture, heritage and society","","","","missing_association","Verify exact provider programme, entry requirements, NQF record and accreditation against an official source"
"scriptwriter-tv-film","Scriptwriter (TV / Film)","Arts, culture, heritage and society","","","","missing_association","Verify exact provider programme, entry requirements, NQF record and accreditation against an official source"
"sculptor","Sculptor","Arts, culture, heritage and society","","","","missing_association","Verify exact provider programme, entry requirements, NQF record and accreditation against an official source"
"session-guitarist-band-musician","Session Guitarist / Band Musician","Arts, culture, heritage and society","","","","missing_association","Verify exact provider programme, entry requirements, NQF record and accreditation against an official source"
"singer","Singer","Arts, culture, heritage and society","","","","missing_association","Verify exact provider programme, entry requirements, NQF record and accreditation against an official source"
"sound-designer-theatre","Sound Designer (Theatre)","Arts, culture, heritage and society","","","","missing_association","Verify exact provider programme, entry requirements, NQF record and accreditation against an official source"
"sports-commentator","Sports Commentator","Arts, culture, heritage and society","","","","missing_association","Verify exact provider programme, entry requirements, NQF record and accreditation against an official source"
"sports-journalist","Sports Journalist","Arts, culture, heritage and society","","","","missing_association","Verify exact provider programme, entry requirements, NQF record and accreditation against an official source"
"stage-manager","Stage Manager","Arts, culture, heritage and society","","","","missing_association","Verify exact provider programme, entry requirements, NQF record and accreditation against an official source"
"stage-manager-theatre","Stage Manager (Theatre)","Arts, culture, heritage and society","","","","missing_association","Verify exact provider programme, entry requirements, NQF record and accreditation against an official source"
"studio-recording-engineer","Studio Recording Engineer","Arts, culture, heritage and society","","","","missing_association","Verify exact provider programme, entry requirements, NQF record and accreditation against an official source"
"sub-editor-proofreader","Sub-Editor / Proofreader","Arts, culture, heritage and society","","","","missing_association","Verify exact provider programme, entry requirements, NQF record and accreditation against an official source"
"subtitle-editor","Subtitle Editor","Arts, culture, heritage and society","","","","missing_association","Verify exact provider programme, entry requirements, NQF record and accreditation against an official source"
"subtitler","Subtitler","Arts, culture, heritage and society","","","","missing_association","Verify exact provider programme, entry requirements, NQF record and accreditation against an official source"
"talk-show-host","Talk Show Host","Arts, culture, heritage and society","","","","missing_association","Verify exact provider programme, entry requirements, NQF record and accreditation against an official source"
"technical-author-manual-writer","Technical Author / Manual Writer","Arts, culture, heritage and society","","","","missing_association","Verify exact provider programme, entry requirements, NQF record and accreditation against an official source"
"technical-translator","Technical Translator","Arts, culture, heritage and society","","","","missing_association","Verify exact provider programme, entry requirements, NQF record and accreditation against an official source"
"television-news-anchor","Television News Anchor","Arts, culture, heritage and society","","","","missing_association","Verify exact provider programme, entry requirements, NQF record and accreditation against an official source"
"textile-artist","Textile Artist","Arts, culture, heritage and society","","","","missing_association","Verify exact provider programme, entry requirements, NQF record and accreditation against an official source"
"theatre-director","Theatre Director","Arts, culture, heritage and society","","","","missing_association","Verify exact provider programme, entry requirements, NQF record and accreditation against an official source"
"theatre-producer","Theatre Producer","Arts, culture, heritage and society","","","","missing_association","Verify exact provider programme, entry requirements, NQF record and accreditation against an official source"
"theatre-technician","Theatre Technician","Arts, culture, heritage and society","","","","missing_association","Verify exact provider programme, entry requirements, NQF record and accreditation against an official source"
"traditional-dancer","Traditional Dancer","Arts, culture, heritage and society","","","","missing_association","Verify exact provider programme, entry requirements, NQF record and accreditation against an official source"
"translator-interpreter","Translator / Interpreter","Arts, culture, heritage and society","","","","missing_association","Verify exact provider programme, entry requirements, NQF record and accreditation against an official source"
"travel-writer","Travel Writer","Arts, culture, heritage and society","","","","missing_association","Verify exact provider programme, entry requirements, NQF record and accreditation against an official source"
"tv-presenter","TV Presenter","Arts, culture, heritage and society","","","","missing_association","Verify exact provider programme, entry requirements, NQF record and accreditation against an official source"
"video-game-narrative-designer","Video Game Narrative Designer","Arts, culture, heritage and society","","","","missing_association","Verify exact provider programme, entry requirements, NQF record and accreditation against an official source"
"voice-over-talent-radio-tv-ads","Voice-Over Talent (Radio / TV Ads)","Arts, culture, heritage and society","","","","missing_association","Verify exact provider programme, entry requirements, NQF record and accreditation against an official source"
"weather-presenter","Weather Presenter","Arts, culture, heritage and society","","","","missing_association","Verify exact provider programme, entry requirements, NQF record and accreditation against an official source"
"weaver","Weaver","Arts, culture, heritage and society","","","","missing_association","Verify exact provider programme, entry requirements, NQF record and accreditation against an official source"
"woodcarver","Woodcarver","Arts, culture, heritage and society","","","","missing_association","Verify exact provider programme, entry requirements, NQF record and accreditation against an official source"
"3d-printing-technician","3D Printing Technician","Creative, media and design","","","","missing_association","Verify exact provider programme, entry requirements, NQF record and accreditation against an official source"
"adr-recordist","ADR Recordist","Creative, media and design","","","","missing_association","Verify exact provider programme, entry requirements, NQF record and accreditation against an official source"
"advertising-account-executive","Advertising Account Executive","Creative, media and design","","","","missing_association","Verify exact provider programme, entry requirements, NQF record and accreditation against an official source"
"advertising-creative","Advertising Creative","Creative, media and design","","","","missing_association","Verify exact provider programme, entry requirements, NQF record and accreditation against an official source"
"animator","Animator","Creative, media and design","","","","missing_association","Verify exact provider programme, entry requirements, NQF record and accreditation against an official source"
"animator-2d","Animator (2D)","Creative, media and design","","","","missing_association","Verify exact provider programme, entry requirements, NQF record and accreditation against an official source"
"animator-3d","Animator (3D)","Creative, media and design","","","","missing_association","Verify exact provider programme, entry requirements, NQF record and accreditation against an official source"
"art-department-assistant","Art Department Assistant","Creative, media and design","","","","missing_association","Verify exact provider programme, entry requirements, NQF record and accreditation against an official source"
"art-director","Art Director","Creative, media and design","","","","missing_association","Verify exact provider programme, entry requirements, NQF record and accreditation against an official source"
"art-director-advertising","Art Director (Advertising)","Creative, media and design","","","","missing_association","Verify exact provider programme, entry requirements, NQF record and accreditation against an official source"
"barber","Barber","Creative, media and design","","","","missing_association","Verify exact provider programme, entry requirements, NQF record and accreditation against an official source"
"beauty-therapist","Beauty Therapist","Creative, media and design","","","","missing_association","Verify exact provider programme, entry requirements, NQF record and accreditation against an official source"
"best-boy-lighting","Best Boy (Lighting)","Creative, media and design","","","","missing_association","Verify exact provider programme, entry requirements, NQF record and accreditation against an official source"
"book-editor","Book Editor","Creative, media and design","","","","missing_association","Verify exact provider programme, entry requirements, NQF record and accreditation against an official source"
"bookbinder","Bookbinder","Creative, media and design","","","","missing_association","Verify exact provider programme, entry requirements, NQF record and accreditation against an official source"
"boom-operator","Boom Operator","Creative, media and design","","","","missing_association","Verify exact provider programme, entry requirements, NQF record and accreditation against an official source"
"brand-manager","Brand Manager","Creative, media and design","","","","missing_association","Verify exact provider programme, entry requirements, NQF record and accreditation against an official source"
"broadcast-technician","Broadcast Technician","Creative, media and design","","","","missing_association","Verify exact provider programme, entry requirements, NQF record and accreditation against an official source"
"casting-assistant","Casting Assistant","Creative, media and design","","","","missing_association","Verify exact provider programme, entry requirements, NQF record and accreditation against an official source"
"casting-director","Casting Director","Creative, media and design","","","","missing_association","Verify exact provider programme, entry requirements, NQF record and accreditation against an official source"
"character-designer-animation","Character Designer (Animation)","Creative, media and design","","","","missing_association","Verify exact provider programme, entry requirements, NQF record and accreditation against an official source"
"children-s-book-illustrator","Children's Book Illustrator","Creative, media and design","","","","missing_association","Verify exact provider programme, entry requirements, NQF record and accreditation against an official source"
"cinematographer-dop","Cinematographer / DOP","Creative, media and design","","","","missing_association","Verify exact provider programme, entry requirements, NQF record and accreditation against an official source"
"colourist-film-video","Colourist (Film / Video)","Creative, media and design","","","","missing_association","Verify exact provider programme, entry requirements, NQF record and accreditation against an official source"
"comic-book-illustrator","Comic Book Illustrator","Creative, media and design","","","","missing_association","Verify exact provider programme, entry requirements, NQF record and accreditation against an official source"
"communications-officer","Communications Officer","Creative, media and design","","","","missing_association","Verify exact provider programme, entry requirements, NQF record and accreditation against an official source"
"compositor-post-production","Compositor (Post Production)","Creative, media and design","","","","missing_association","Verify exact provider programme, entry requirements, NQF record and accreditation against an official source"
"concept-artist-games-film","Concept Artist (Games / Film)","Creative, media and design","","","","missing_association","Verify exact provider programme, entry requirements, NQF record and accreditation against an official source"
"content-creator-influencer","Content Creator / Influencer","Creative, media and design","","","","missing_association","Verify exact provider programme, entry requirements, NQF record and accreditation against an official source"
"content-strategist","Content Strategist","Creative, media and design","","","","missing_association","Verify exact provider programme, entry requirements, NQF record and accreditation against an official source"
"content-writer","Content Writer","Creative, media and design","","","","missing_association","Verify exact provider programme, entry requirements, NQF record and accreditation against an official source"
"continuity-script-supervisor","Continuity / Script Supervisor","Creative, media and design","","","","missing_association","Verify exact provider programme, entry requirements, NQF record and accreditation against an official source"
"conversion-copywriter","Conversion Copywriter","Creative, media and design","","","","missing_association","Verify exact provider programme, entry requirements, NQF record and accreditation against an official source"
"copy-chief-agency","Copy Chief (Agency)","Creative, media and design","","","","missing_association","Verify exact provider programme, entry requirements, NQF record and accreditation against an official source"
"copywriter","Copywriter","Creative, media and design","","","","missing_association","Verify exact provider programme, entry requirements, NQF record and accreditation against an official source"
"corporate-photographer","Corporate Photographer","Creative, media and design","","","","missing_association","Verify exact provider programme, entry requirements, NQF record and accreditation against an official source"
"costume-designer","Costume Designer","Creative, media and design","","","","missing_association","Verify exact provider programme, entry requirements, NQF record and accreditation against an official source"
"costume-supervisor","Costume Supervisor","Creative, media and design","","","","missing_association","Verify exact provider programme, entry requirements, NQF record and accreditation against an official source"
"creative-director","Creative Director","Creative, media and design","","","","missing_association","Verify exact provider programme, entry requirements, NQF record and accreditation against an official source"
"creative-technologist","Creative Technologist","Creative, media and design","","","","missing_association","Verify exact provider programme, entry requirements, NQF record and accreditation against an official source"
"digital-marketing-designer","Digital Marketing Designer","Creative, media and design","","","","missing_association","Verify exact provider programme, entry requirements, NQF record and accreditation against an official source"
"digital-marketing-specialist","Digital Marketing Specialist","Creative, media and design","","","","missing_association","Verify exact provider programme, entry requirements, NQF record and accreditation against an official source"
"digital-print-operator","Digital Print Operator","Creative, media and design","","","","missing_association","Verify exact provider programme, entry requirements, NQF record and accreditation against an official source"
"drone-photographer-aerial-cinematographer","Drone Photographer / Aerial Cinematographer","Creative, media and design","","","","missing_association","Verify exact provider programme, entry requirements, NQF record and accreditation against an official source"
"dubbing-mixer","Dubbing Mixer","Creative, media and design","","","","missing_association","Verify exact provider programme, entry requirements, NQF record and accreditation against an official source"
"editor-publications","Editor (Publications)","Creative, media and design","","","","missing_association","Verify exact provider programme, entry requirements, NQF record and accreditation against an official source"
"editorial-illustrator","Editorial Illustrator","Creative, media and design","","","","missing_association","Verify exact provider programme, entry requirements, NQF record and accreditation against an official source"
"exhibition-designer","Exhibition Designer","Creative, media and design","","","","missing_association","Verify exact provider programme, entry requirements, NQF record and accreditation against an official source"
"fashion-designer","Fashion Designer","Creative, media and design","","","","missing_association","Verify exact provider programme, entry requirements, NQF record and accreditation against an official source"
"fashion-photographer","Fashion Photographer","Creative, media and design","","","","missing_association","Verify exact provider programme, entry requirements, NQF record and accreditation against an official source"
"film-tv-producer","Film / TV Producer","Creative, media and design","","","","missing_association","Verify exact provider programme, entry requirements, NQF record and accreditation against an official source"
"film-director","Film Director","Creative, media and design","","","","missing_association","Verify exact provider programme, entry requirements, NQF record and accreditation against an official source"
"film-editor","Film Editor","Creative, media and design","","","","missing_association","Verify exact provider programme, entry requirements, NQF record and accreditation against an official source"
"film-producer","Film Producer","Creative, media and design","","","","missing_association","Verify exact provider programme, entry requirements, NQF record and accreditation against an official source"
"foley-artist","Foley Artist","Creative, media and design","","","","missing_association","Verify exact provider programme, entry requirements, NQF record and accreditation against an official source"
"gaffer-lighting-technician","Gaffer (Lighting Technician)","Creative, media and design","","","","missing_association","Verify exact provider programme, entry requirements, NQF record and accreditation against an official source"
"graphic-designer","Graphic Designer","Creative, media and design","","","","missing_association","Verify exact provider programme, entry requirements, NQF record and accreditation against an official source"
"graphic-designer-print","Graphic Designer (Print)","Creative, media and design","","","","missing_association","Verify exact provider programme, entry requirements, NQF record and accreditation against an official source"
"hair-stylist-film-tv","Hair Stylist (Film / TV)","Creative, media and design","","","","missing_association","Verify exact provider programme, entry requirements, NQF record and accreditation against an official source"
"hairdresser","Hairdresser","Creative, media and design","","","","missing_association","Verify exact provider programme, entry requirements, NQF record and accreditation against an official source"
"illustrator","Illustrator","Creative, media and design","","","","missing_association","Verify exact provider programme, entry requirements, NQF record and accreditation against an official source"
"industrial-designer","Industrial Designer","Creative, media and design","","","","missing_association","Verify exact provider programme, entry requirements, NQF record and accreditation against an official source"
"infographic-designer","Infographic Designer","Creative, media and design","","","","missing_association","Verify exact provider programme, entry requirements, NQF record and accreditation against an official source"
"interpreter","Interpreter","Creative, media and design","","","","missing_association","Verify exact provider programme, entry requirements, NQF record and accreditation against an official source"
"jewellery-designer","Jewellery Designer","Creative, media and design","","","","missing_association","Verify exact provider programme, entry requirements, NQF record and accreditation against an official source"
"jingle-writer-commercial-music-composer","Jingle Writer / Commercial Music Composer","Creative, media and design","","","","missing_association","Verify exact provider programme, entry requirements, NQF record and accreditation against an official source"
"journalist","Journalist","Creative, media and design","","","","missing_association","Verify exact provider programme, entry requirements, NQF record and accreditation against an official source"
"key-grip-film","Key Grip (Film)","Creative, media and design","","","","missing_association","Verify exact provider programme, entry requirements, NQF record and accreditation against an official source"
"lighting-technician","Lighting Technician","Creative, media and design","","","","missing_association","Verify exact provider programme, entry requirements, NQF record and accreditation against an official source"
"line-producer","Line Producer","Creative, media and design","","","","missing_association","Verify exact provider programme, entry requirements, NQF record and accreditation against an official source"
"live-streamer-creative","Live Streamer (Creative)","Creative, media and design","","","","missing_association","Verify exact provider programme, entry requirements, NQF record and accreditation against an official source"
"location-manager","Location Manager","Creative, media and design","","","","missing_association","Verify exact provider programme, entry requirements, NQF record and accreditation against an official source"
"location-sound-recordist","Location Sound Recordist","Creative, media and design","","","","missing_association","Verify exact provider programme, entry requirements, NQF record and accreditation against an official source"
"logo-identity-designer","Logo / Identity Designer","Creative, media and design","","","","missing_association","Verify exact provider programme, entry requirements, NQF record and accreditation against an official source"
"make-up-artist","Make-Up Artist","Creative, media and design","","","","missing_association","Verify exact provider programme, entry requirements, NQF record and accreditation against an official source"
"make-up-artist-film-tv","Make-Up Artist (Film / TV)","Creative, media and design","","","","missing_association","Verify exact provider programme, entry requirements, NQF record and accreditation against an official source"
"marketing-manager","Marketing Manager","Creative, media and design","","","","missing_association","Verify exact provider programme, entry requirements, NQF record and accreditation against an official source"
"motion-graphics-designer","Motion Graphics Designer","Creative, media and design","","","","missing_association","Verify exact provider programme, entry requirements, NQF record and accreditation against an official source"
"multimedia-designer","Multimedia Designer","Creative, media and design","","","","missing_association","Verify exact provider programme, entry requirements, NQF record and accreditation against an official source"
"muralist-public-artist","Muralist / Public Artist","Creative, media and design","","","","missing_association","Verify exact provider programme, entry requirements, NQF record and accreditation against an official source"
"nail-technician","Nail Technician","Creative, media and design","","","","missing_association","Verify exact provider programme, entry requirements, NQF record and accreditation against an official source"
"packaging-designer","Packaging Designer","Creative, media and design","","","","missing_association","Verify exact provider programme, entry requirements, NQF record and accreditation against an official source"
"photo-editor","Photo Editor","Creative, media and design","","","","missing_association","Verify exact provider programme, entry requirements, NQF record and accreditation against an official source"
"photo-retoucher","Photo Retoucher","Creative, media and design","","","","missing_association","Verify exact provider programme, entry requirements, NQF record and accreditation against an official source"
"photographer","Photographer","Creative, media and design","","","","missing_association","Verify exact provider programme, entry requirements, NQF record and accreditation against an official source"
"photographer-commercial","Photographer (Commercial)","Creative, media and design","","","","missing_association","Verify exact provider programme, entry requirements, NQF record and accreditation against an official source"
"photographic-studio-assistant","Photographic Studio Assistant","Creative, media and design","","","","missing_association","Verify exact provider programme, entry requirements, NQF record and accreditation against an official source"
"photojournalist","Photojournalist","Creative, media and design","","","","missing_association","Verify exact provider programme, entry requirements, NQF record and accreditation against an official source"
"podcast-producer","Podcast Producer","Creative, media and design","","","","missing_association","Verify exact provider programme, entry requirements, NQF record and accreditation against an official source"
"prepress-technician","Prepress Technician","Creative, media and design","","","","missing_association","Verify exact provider programme, entry requirements, NQF record and accreditation against an official source"
"print-production-manager","Print Production Manager","Creative, media and design","","","","missing_association","Verify exact provider programme, entry requirements, NQF record and accreditation against an official source"
"printing-worker","Printing Worker","Creative, media and design","","","","missing_association","Verify exact provider programme, entry requirements, NQF record and accreditation against an official source"
"production-assistant-media","Production Assistant (Media)","Creative, media and design","","","","missing_association","Verify exact provider programme, entry requirements, NQF record and accreditation against an official source"
"production-coordinator","Production Coordinator","Creative, media and design","","","","missing_association","Verify exact provider programme, entry requirements, NQF record and accreditation against an official source"
"production-manager-film","Production Manager (Film)","Creative, media and design","","","","missing_association","Verify exact provider programme, entry requirements, NQF record and accreditation against an official source"
"proofreader","Proofreader","Creative, media and design","","","","missing_association","Verify exact provider programme, entry requirements, NQF record and accreditation against an official source"
"props-buyer","Props Buyer","Creative, media and design","","","","missing_association","Verify exact provider programme, entry requirements, NQF record and accreditation against an official source"
"props-master","Props Master","Creative, media and design","","","","missing_association","Verify exact provider programme, entry requirements, NQF record and accreditation against an official source"
"public-relations-manager","Public Relations Manager","Creative, media and design","","","","missing_association","Verify exact provider programme, entry requirements, NQF record and accreditation against an official source"
"public-relations-officer","Public Relations Officer","Creative, media and design","","","","missing_association","Verify exact provider programme, entry requirements, NQF record and accreditation against an official source"
"publication-designer-book-layout","Publication Designer (Book Layout)","Creative, media and design","","","","missing_association","Verify exact provider programme, entry requirements, NQF record and accreditation against an official source"
"publishing-assistant","Publishing Assistant","Creative, media and design","","","","missing_association","Verify exact provider programme, entry requirements, NQF record and accreditation against an official source"
"radio-presenter","Radio Presenter","Creative, media and design","","","","missing_association","Verify exact provider programme, entry requirements, NQF record and accreditation against an official source"
"radio-producer","Radio Producer","Creative, media and design","","","","missing_association","Verify exact provider programme, entry requirements, NQF record and accreditation against an official source"
"screen-printer","Screen Printer","Creative, media and design","","","","missing_association","Verify exact provider programme, entry requirements, NQF record and accreditation against an official source"
"set-stage-designer","Set / Stage Designer","Creative, media and design","","","","missing_association","Verify exact provider programme, entry requirements, NQF record and accreditation against an official source"
"set-designer","Set Designer","Creative, media and design","","","","missing_association","Verify exact provider programme, entry requirements, NQF record and accreditation against an official source"
"set-dresser","Set Dresser","Creative, media and design","","","","missing_association","Verify exact provider programme, entry requirements, NQF record and accreditation against an official source"
"sign-language-interpreter","Sign Language Interpreter","Creative, media and design","","","","missing_association","Verify exact provider programme, entry requirements, NQF record and accreditation against an official source"
"social-media-manager","Social Media Manager","Creative, media and design","","","","missing_association","Verify exact provider programme, entry requirements, NQF record and accreditation against an official source"
"sound-designer","Sound Designer","Creative, media and design","","","","missing_association","Verify exact provider programme, entry requirements, NQF record and accreditation against an official source"
"sound-engineer","Sound Engineer","Creative, media and design","","","","missing_association","Verify exact provider programme, entry requirements, NQF record and accreditation against an official source"
"sound-engineer-live","Sound Engineer (Live)","Creative, media and design","","","","missing_association","Verify exact provider programme, entry requirements, NQF record and accreditation against an official source"
"sound-technician","Sound Technician","Creative, media and design","","","","missing_association","Verify exact provider programme, entry requirements, NQF record and accreditation against an official source"
"special-effects-make-up-artist","Special Effects Make-Up Artist","Creative, media and design","","","","missing_association","Verify exact provider programme, entry requirements, NQF record and accreditation against an official source"
"storyboard-artist","Storyboard Artist","Creative, media and design","","","","missing_association","Verify exact provider programme, entry requirements, NQF record and accreditation against an official source"
"stunt-coordinator","Stunt Coordinator","Creative, media and design","","","","missing_association","Verify exact provider programme, entry requirements, NQF record and accreditation against an official source"
"stunt-performer","Stunt Performer","Creative, media and design","","","","missing_association","Verify exact provider programme, entry requirements, NQF record and accreditation against an official source"
"talent-agent","Talent Agent","Creative, media and design","","","","missing_association","Verify exact provider programme, entry requirements, NQF record and accreditation against an official source"
"tattoo-artist","Tattoo Artist","Creative, media and design","","","","missing_association","Verify exact provider programme, entry requirements, NQF record and accreditation against an official source"
"television-presenter","Television Presenter","Creative, media and design","","","","missing_association","Verify exact provider programme, entry requirements, NQF record and accreditation against an official source"
"textile-designer","Textile Designer","Creative, media and design","","","","missing_association","Verify exact provider programme, entry requirements, NQF record and accreditation against an official source"
"tiktok-reels-editor","TikTok / Reels Editor","Creative, media and design","","","","missing_association","Verify exact provider programme, entry requirements, NQF record and accreditation against an official source"
"translator","Translator","Creative, media and design","","","","missing_association","Verify exact provider programme, entry requirements, NQF record and accreditation against an official source"
"typography-designer","Typography Designer","Creative, media and design","","","","missing_association","Verify exact provider programme, entry requirements, NQF record and accreditation against an official source"
"unit-production-manager","Unit Production Manager","Creative, media and design","","","","missing_association","Verify exact provider programme, entry requirements, NQF record and accreditation against an official source"
"user-researcher","User Researcher","Creative, media and design","","","","missing_association","Verify exact provider programme, entry requirements, NQF record and accreditation against an official source"
"vfx-artist","VFX Artist","Creative, media and design","","","","missing_association","Verify exact provider programme, entry requirements, NQF record and accreditation against an official source"
"vfx-supervisor","VFX Supervisor","Creative, media and design","","","","missing_association","Verify exact provider programme, entry requirements, NQF record and accreditation against an official source"
"video-editor","Video Editor","Creative, media and design","","","","missing_association","Verify exact provider programme, entry requirements, NQF record and accreditation against an official source"
"video-game-audio-designer","Video Game Audio Designer","Creative, media and design","","","","missing_association","Verify exact provider programme, entry requirements, NQF record and accreditation against an official source"
"videographer","Videographer","Creative, media and design","","","","missing_association","Verify exact provider programme, entry requirements, NQF record and accreditation against an official source"
"voice-actor-animation-dub","Voice Actor (Animation / Dub)","Creative, media and design","","","","missing_association","Verify exact provider programme, entry requirements, NQF record and accreditation against an official source"
"voice-casting-director","Voice Casting Director","Creative, media and design","","","","missing_association","Verify exact provider programme, entry requirements, NQF record and accreditation against an official source"
"voice-over-artist","Voice-Over Artist","Creative, media and design","","","","missing_association","Verify exact provider programme, entry requirements, NQF record and accreditation against an official source"
"wardrobe-assistant","Wardrobe Assistant","Creative, media and design","","","","missing_association","Verify exact provider programme, entry requirements, NQF record and accreditation against an official source"
"web-designer","Web Designer","Creative, media and design","","","","missing_association","Verify exact provider programme, entry requirements, NQF record and accreditation against an official source"
"wedding-photographer","Wedding Photographer","Creative, media and design","","","","missing_association","Verify exact provider programme, entry requirements, NQF record and accreditation against an official source"
"wildlife-photographer","Wildlife Photographer","Creative, media and design","","","","missing_association","Verify exact provider programme, entry requirements, NQF record and accreditation against an official source"
"youtuber-streamer","YouTuber / Streamer","Creative, media and design","","","","missing_association","Verify exact provider programme, entry requirements, NQF record and accreditation against an official source"
"abet-practitioner","ABET Practitioner","Education, training and youth development","","","","missing_association","Verify exact provider programme, entry requirements, NQF record and accreditation against an official source"
"academic-development-practitioner","Academic Development Practitioner","Education, training and youth development","","","","missing_association","Verify exact provider programme, entry requirements, NQF record and accreditation against an official source"
"accounting-teacher","Accounting Teacher","Education, training and youth development","","","","missing_association","Verify exact provider programme, entry requirements, NQF record and accreditation against an official source"
"adult-education-abet-teacher","Adult Education (ABET) Teacher","Education, training and youth development","","","","missing_association","Verify exact provider programme, entry requirements, NQF record and accreditation against an official source"
"adult-literacy-teacher","Adult Literacy Teacher","Education, training and youth development","","","","missing_association","Verify exact provider programme, entry requirements, NQF record and accreditation against an official source"
"afrikaans-home-language-teacher","Afrikaans Home Language Teacher","Education, training and youth development","","","","missing_association","Verify exact provider programme, entry requirements, NQF record and accreditation against an official source"
"archivist","Archivist","Education, training and youth development","","","","missing_association","Verify exact provider programme, entry requirements, NQF record and accreditation against an official source"
"art-teacher","Art Teacher","Education, training and youth development","","","","missing_association","Verify exact provider programme, entry requirements, NQF record and accreditation against an official source"
"artisan-rpl-advisor","Artisan RPL Advisor","Education, training and youth development","","","","missing_association","Verify exact provider programme, entry requirements, NQF record and accreditation against an official source"
"assessment-moderator","Assessment Moderator","Education, training and youth development","","","","missing_association","Verify exact provider programme, entry requirements, NQF record and accreditation against an official source"
"assessor-etqa","Assessor (ETQA)","Education, training and youth development","","","","missing_association","Verify exact provider programme, entry requirements, NQF record and accreditation against an official source"
"athletics-coach","Athletics Coach","Education, training and youth development","","","","missing_association","Verify exact provider programme, entry requirements, NQF record and accreditation against an official source"
"autism-support-teacher","Autism Support Teacher","Education, training and youth development","","","","missing_association","Verify exact provider programme, entry requirements, NQF record and accreditation against an official source"
"braille-teacher","Braille Teacher","Education, training and youth development","","","","missing_association","Verify exact provider programme, entry requirements, NQF record and accreditation against an official source"
"braille-transcriber","Braille Transcriber","Education, training and youth development","","","","missing_association","Verify exact provider programme, entry requirements, NQF record and accreditation against an official source"
"business-studies-teacher","Business Studies Teacher","Education, training and youth development","","","","missing_association","Verify exact provider programme, entry requirements, NQF record and accreditation against an official source"
"career-advisor-school","Career Advisor (School)","Education, training and youth development","","","","missing_association","Verify exact provider programme, entry requirements, NQF record and accreditation against an official source"
"career-coach","Career Coach","Education, training and youth development","","","","missing_association","Verify exact provider programme, entry requirements, NQF record and accreditation against an official source"
"coach-life-business","Coach (Life / Business)","Education, training and youth development","","","","missing_association","Verify exact provider programme, entry requirements, NQF record and accreditation against an official source"
"computer-applications-technology-cat-teacher","Computer Applications Technology (CAT) Teacher","Education, training and youth development","","","","missing_association","Verify exact provider programme, entry requirements, NQF record and accreditation against an official source"
"consumer-studies-hospitality-teacher","Consumer Studies / Hospitality Teacher","Education, training and youth development","","","","missing_association","Verify exact provider programme, entry requirements, NQF record and accreditation against an official source"
"corporate-trainer","Corporate Trainer","Education, training and youth development","","","","missing_association","Verify exact provider programme, entry requirements, NQF record and accreditation against an official source"
"creche-assistant","Creche Assistant","Education, training and youth development","","","","missing_association","Verify exact provider programme, entry requirements, NQF record and accreditation against an official source"
"cricket-coach","Cricket Coach","Education, training and youth development","","","","missing_association","Verify exact provider programme, entry requirements, NQF record and accreditation against an official source"
"curriculum-advisor-doe","Curriculum Advisor (DOE)","Education, training and youth development","","","","missing_association","Verify exact provider programme, entry requirements, NQF record and accreditation against an official source"
"curriculum-developer","Curriculum Developer","Education, training and youth development","","","","missing_association","Verify exact provider programme, entry requirements, NQF record and accreditation against an official source"
"dance-teacher","Dance Teacher","Education, training and youth development","","","","missing_association","Verify exact provider programme, entry requirements, NQF record and accreditation against an official source"
"day-care-manager","Day Care Manager","Education, training and youth development","","","","missing_association","Verify exact provider programme, entry requirements, NQF record and accreditation against an official source"
"dean-of-faculty","Dean of Faculty","Education, training and youth development","","","","missing_association","Verify exact provider programme, entry requirements, NQF record and accreditation against an official source"
"deputy-principal","Deputy Principal","Education, training and youth development","","","","missing_association","Verify exact provider programme, entry requirements, NQF record and accreditation against an official source"
"drama-teacher","Drama Teacher","Education, training and youth development","","","","missing_association","Verify exact provider programme, entry requirements, NQF record and accreditation against an official source"
"driving-instructor","Driving Instructor","Education, training and youth development","","","","missing_association","Verify exact provider programme, entry requirements, NQF record and accreditation against an official source"
"e-learning-developer","E-Learning Developer","Education, training and youth development","","","","missing_association","Verify exact provider programme, entry requirements, NQF record and accreditation against an official source"
"early-childhood-development-practitioner","Early Childhood Development Practitioner","Education, training and youth development","","","","missing_association","Verify exact provider programme, entry requirements, NQF record and accreditation against an official source"
"ecd-assistant","ECD Assistant","Education, training and youth development","","","","missing_association","Verify exact provider programme, entry requirements, NQF record and accreditation against an official source"
"ecd-centre-principal","ECD Centre Principal","Education, training and youth development","","","","missing_association","Verify exact provider programme, entry requirements, NQF record and accreditation against an official source"
"economics-teacher","Economics Teacher","Education, training and youth development","","","","missing_association","Verify exact provider programme, entry requirements, NQF record and accreditation against an official source"
"edtech-integration-specialist","EdTech Integration Specialist","Education, training and youth development","","","","missing_association","Verify exact provider programme, entry requirements, NQF record and accreditation against an official source"
"education-assistant","Education Assistant","Education, training and youth development","","","","missing_association","Verify exact provider programme, entry requirements, NQF record and accreditation against an official source"
"education-consultant","Education Consultant","Education, training and youth development","","","","missing_association","Verify exact provider programme, entry requirements, NQF record and accreditation against an official source"
"education-manager","Education Manager","Education, training and youth development","","","","missing_association","Verify exact provider programme, entry requirements, NQF record and accreditation against an official source"
"engineering-graphics-and-design-teacher","Engineering Graphics and Design Teacher","Education, training and youth development","","","","missing_association","Verify exact provider programme, entry requirements, NQF record and accreditation against an official source"
"english-home-language-teacher","English Home Language Teacher","Education, training and youth development","","","","missing_association","Verify exact provider programme, entry requirements, NQF record and accreditation against an official source"
"english-second-language-esl-teacher","English Second Language (ESL) Teacher","Education, training and youth development","","","","missing_association","Verify exact provider programme, entry requirements, NQF record and accreditation against an official source"
"exam-marker-matric","Exam Marker (Matric)","Education, training and youth development","","","","missing_association","Verify exact provider programme, entry requirements, NQF record and accreditation against an official source"
"examination-invigilator","Examination Invigilator","Education, training and youth development","","","","missing_association","Verify exact provider programme, entry requirements, NQF record and accreditation against an official source"
"fet-phase-teacher","FET Phase Teacher","Education, training and youth development","","","","missing_association","Verify exact provider programme, entry requirements, NQF record and accreditation against an official source"
"foundation-phase-teacher","Foundation Phase Teacher","Education, training and youth development","","","","missing_association","Verify exact provider programme, entry requirements, NQF record and accreditation against an official source"
"geography-teacher","Geography Teacher","Education, training and youth development","","","","missing_association","Verify exact provider programme, entry requirements, NQF record and accreditation against an official source"
"grade-r-ecd-practitioner-unqualified","Grade R / ECD Practitioner (Unqualified)","Education, training and youth development","","","","missing_association","Verify exact provider programme, entry requirements, NQF record and accreditation against an official source"
"grade-r-teacher-qualified","Grade R Teacher (Qualified)","Education, training and youth development","","","","missing_association","Verify exact provider programme, entry requirements, NQF record and accreditation against an official source"
"head-of-department-school","Head of Department (School)","Education, training and youth development","","","","missing_association","Verify exact provider programme, entry requirements, NQF record and accreditation against an official source"
"higher-education-administrator","Higher Education Administrator","Education, training and youth development","","","","missing_association","Verify exact provider programme, entry requirements, NQF record and accreditation against an official source"
"history-teacher","History Teacher","Education, training and youth development","","","","missing_association","Verify exact provider programme, entry requirements, NQF record and accreditation against an official source"
"home-school-tutor","Home School Tutor","Education, training and youth development","","","","missing_association","Verify exact provider programme, entry requirements, NQF record and accreditation against an official source"
"inclusive-education-specialist","Inclusive Education Specialist","Education, training and youth development","","","","missing_association","Verify exact provider programme, entry requirements, NQF record and accreditation against an official source"
"information-technology-it-teacher","Information Technology (IT) Teacher","Education, training and youth development","","","","missing_association","Verify exact provider programme, entry requirements, NQF record and accreditation against an official source"
"instructional-designer","Instructional Designer","Education, training and youth development","","","","missing_association","Verify exact provider programme, entry requirements, NQF record and accreditation against an official source"
"instructional-designer-corporate","Instructional Designer (Corporate)","Education, training and youth development","","","","missing_association","Verify exact provider programme, entry requirements, NQF record and accreditation against an official source"
"intermediate-phase-teacher","Intermediate Phase Teacher","Education, training and youth development","","","","missing_association","Verify exact provider programme, entry requirements, NQF record and accreditation against an official source"
"isizulu-african-language-teacher","IsiZulu / African Language Teacher","Education, training and youth development","","","","missing_association","Verify exact provider programme, entry requirements, NQF record and accreditation against an official source"
"language-teacher","Language Teacher","Education, training and youth development","","","","missing_association","Verify exact provider programme, entry requirements, NQF record and accreditation against an official source"
"learner-support-agent","Learner Support Agent","Education, training and youth development","","","","missing_association","Verify exact provider programme, entry requirements, NQF record and accreditation against an official source"
"lecturer-tvet-college","Lecturer (TVET College)","Education, training and youth development","","","","missing_association","Verify exact provider programme, entry requirements, NQF record and accreditation against an official source"
"librarian","Librarian","Education, training and youth development","","","","missing_association","Verify exact provider programme, entry requirements, NQF record and accreditation against an official source"
"library-assistant","Library Assistant","Education, training and youth development","","","","missing_association","Verify exact provider programme, entry requirements, NQF record and accreditation against an official source"
"life-orientation-teacher","Life Orientation Teacher","Education, training and youth development","","","","missing_association","Verify exact provider programme, entry requirements, NQF record and accreditation against an official source"
"life-sciences-teacher","Life Sciences Teacher","Education, training and youth development","","","","missing_association","Verify exact provider programme, entry requirements, NQF record and accreditation against an official source"
"mathematical-literacy-teacher","Mathematical Literacy Teacher","Education, training and youth development","","","","missing_association","Verify exact provider programme, entry requirements, NQF record and accreditation against an official source"
"mathematics-teacher","Mathematics Teacher","Education, training and youth development","","","","missing_association","Verify exact provider programme, entry requirements, NQF record and accreditation against an official source"
"mathematics-teacher-fet","Mathematics Teacher (FET)","Education, training and youth development","","","","missing_association","Verify exact provider programme, entry requirements, NQF record and accreditation against an official source"
"moderator-etqa","Moderator (ETQA)","Education, training and youth development","","","","missing_association","Verify exact provider programme, entry requirements, NQF record and accreditation against an official source"
"museum-curator","Museum Curator","Education, training and youth development","","","","missing_association","Verify exact provider programme, entry requirements, NQF record and accreditation against an official source"
"museum-educator","Museum Educator","Education, training and youth development","","","","missing_association","Verify exact provider programme, entry requirements, NQF record and accreditation against an official source"
"music-teacher","Music Teacher","Education, training and youth development","","","","missing_association","Verify exact provider programme, entry requirements, NQF record and accreditation against an official source"
"music-teacher-private","Music Teacher (Private)","Education, training and youth development","","","","missing_association","Verify exact provider programme, entry requirements, NQF record and accreditation against an official source"
"online-learning-designer","Online Learning Designer","Education, training and youth development","","","","missing_association","Verify exact provider programme, entry requirements, NQF record and accreditation against an official source"
"physical-education-teacher","Physical Education Teacher","Education, training and youth development","","","","missing_association","Verify exact provider programme, entry requirements, NQF record and accreditation against an official source"
"physical-sciences-teacher","Physical Sciences Teacher","Education, training and youth development","","","","missing_association","Verify exact provider programme, entry requirements, NQF record and accreditation against an official source"
"postdoctoral-research-fellow","Postdoctoral Research Fellow","Education, training and youth development","","","","missing_association","Verify exact provider programme, entry requirements, NQF record and accreditation against an official source"
"primary-school-teacher","Primary School Teacher","Education, training and youth development","","","","missing_association","Verify exact provider programme, entry requirements, NQF record and accreditation against an official source"
"professor","Professor","Education, training and youth development","","","","missing_association","Verify exact provider programme, entry requirements, NQF record and accreditation against an official source"
"remedial-teacher","Remedial Teacher","Education, training and youth development","","","","missing_association","Verify exact provider programme, entry requirements, NQF record and accreditation against an official source"
"research-professor","Research Professor","Education, training and youth development","","","","missing_association","Verify exact provider programme, entry requirements, NQF record and accreditation against an official source"
"researcher-education","Researcher (Education)","Education, training and youth development","","","","missing_association","Verify exact provider programme, entry requirements, NQF record and accreditation against an official source"
"rugby-coach","Rugby Coach","Education, training and youth development","","","","missing_association","Verify exact provider programme, entry requirements, NQF record and accreditation against an official source"
"school-administrator","School Administrator","Education, training and youth development","","","","missing_association","Verify exact provider programme, entry requirements, NQF record and accreditation against an official source"
"school-bursar","School Bursar","Education, training and youth development","","","","missing_association","Verify exact provider programme, entry requirements, NQF record and accreditation against an official source"
"school-counsellor","School Counsellor","Education, training and youth development","","","","missing_association","Verify exact provider programme, entry requirements, NQF record and accreditation against an official source"
"school-governing-body-sgb-member","School Governing Body (SGB) Member","Education, training and youth development","","","","missing_association","Verify exact provider programme, entry requirements, NQF record and accreditation against an official source"
"school-librarian","School Librarian","Education, training and youth development","","","","missing_association","Verify exact provider programme, entry requirements, NQF record and accreditation against an official source"
"school-principal","School Principal","Education, training and youth development","","","","missing_association","Verify exact provider programme, entry requirements, NQF record and accreditation against an official source"
"school-psychometrist","School Psychometrist","Education, training and youth development","","","","missing_association","Verify exact provider programme, entry requirements, NQF record and accreditation against an official source"
"school-social-worker","School Social Worker","Education, training and youth development","","","","missing_association","Verify exact provider programme, entry requirements, NQF record and accreditation against an official source"
"school-sports-coach","School Sports Coach","Education, training and youth development","","","","missing_association","Verify exact provider programme, entry requirements, NQF record and accreditation against an official source"
"science-teacher","Science Teacher","Education, training and youth development","","","","missing_association","Verify exact provider programme, entry requirements, NQF record and accreditation against an official source"
"secondary-school-teacher","Secondary School Teacher","Education, training and youth development","","","","missing_association","Verify exact provider programme, entry requirements, NQF record and accreditation against an official source"
"senior-phase-teacher","Senior Phase Teacher","Education, training and youth development","","","","missing_association","Verify exact provider programme, entry requirements, NQF record and accreditation against an official source"
"seta-skills-development-facilitator","SETA Skills Development Facilitator","Education, training and youth development","","","","missing_association","Verify exact provider programme, entry requirements, NQF record and accreditation against an official source"
"sign-language-teacher-sasl","Sign Language Teacher (SASL)","Education, training and youth development","","","","missing_association","Verify exact provider programme, entry requirements, NQF record and accreditation against an official source"
"skills-development-facilitator","Skills Development Facilitator","Education, training and youth development","","","","missing_association","Verify exact provider programme, entry requirements, NQF record and accreditation against an official source"
"skills-development-facilitator-sdf","Skills Development Facilitator (SDF)","Education, training and youth development","","","","missing_association","Verify exact provider programme, entry requirements, NQF record and accreditation against an official source"
"soccer-coach","Soccer Coach","Education, training and youth development","","","","missing_association","Verify exact provider programme, entry requirements, NQF record and accreditation against an official source"
"special-needs-teacher","Special Needs Teacher","Education, training and youth development","","","","missing_association","Verify exact provider programme, entry requirements, NQF record and accreditation against an official source"
"special-needs-teacher-lsen","Special Needs Teacher (LSEN)","Education, training and youth development","","","","missing_association","Verify exact provider programme, entry requirements, NQF record and accreditation against an official source"
"sports-coach-educational","Sports Coach (Educational)","Education, training and youth development","","","","missing_association","Verify exact provider programme, entry requirements, NQF record and accreditation against an official source"
"sports-coach-high-school","Sports Coach (High School)","Education, training and youth development","","","","missing_association","Verify exact provider programme, entry requirements, NQF record and accreditation against an official source"
"study-skills-tutor","Study Skills Tutor","Education, training and youth development","","","","missing_association","Verify exact provider programme, entry requirements, NQF record and accreditation against an official source"
"swimming-coach","Swimming Coach","Education, training and youth development","","","","missing_association","Verify exact provider programme, entry requirements, NQF record and accreditation against an official source"
"teacher","Teacher","Education, training and youth development","","","","missing_association","Verify exact provider programme, entry requirements, NQF record and accreditation against an official source"
"teacher-assistant-education-aide","Teacher Assistant / Education Aide","Education, training and youth development","","","","missing_association","Verify exact provider programme, entry requirements, NQF record and accreditation against an official source"
"teaching-assistant","Teaching Assistant","Education, training and youth development","","","","missing_association","Verify exact provider programme, entry requirements, NQF record and accreditation against an official source"
"technology-teacher","Technology Teacher","Education, training and youth development","","","","missing_association","Verify exact provider programme, entry requirements, NQF record and accreditation against an official source"
"tefl-teacher-online","TEFL Teacher (Online)","Education, training and youth development","","","","missing_association","Verify exact provider programme, entry requirements, NQF record and accreditation against an official source"
"textbook-author-education-publisher","Textbook Author / Education Publisher","Education, training and youth development","","","","missing_association","Verify exact provider programme, entry requirements, NQF record and accreditation against an official source"
"trade-test-officer","Trade Test Officer","Education, training and youth development","","","","missing_association","Verify exact provider programme, entry requirements, NQF record and accreditation against an official source"
"training-facilitator-corporate","Training Facilitator (Corporate)","Education, training and youth development","","","","missing_association","Verify exact provider programme, entry requirements, NQF record and accreditation against an official source"
"training-manager","Training Manager","Education, training and youth development","","","","missing_association","Verify exact provider programme, entry requirements, NQF record and accreditation against an official source"
"training-officer","Training Officer","Education, training and youth development","","","","missing_association","Verify exact provider programme, entry requirements, NQF record and accreditation against an official source"
"tutor","Tutor","Education, training and youth development","","","","missing_association","Verify exact provider programme, entry requirements, NQF record and accreditation against an official source"
"tvet-college-principal","TVET College Principal","Education, training and youth development","","","","missing_association","Verify exact provider programme, entry requirements, NQF record and accreditation against an official source"
"tvet-college-subject-head","TVET College Subject Head","Education, training and youth development","","","","missing_association","Verify exact provider programme, entry requirements, NQF record and accreditation against an official source"
"tvet-practical-lecturer","TVET Practical Lecturer","Education, training and youth development","","","","missing_association","Verify exact provider programme, entry requirements, NQF record and accreditation against an official source"
"university-lecturer","University Lecturer","Education, training and youth development","","","","missing_association","Verify exact provider programme, entry requirements, NQF record and accreditation against an official source"
"visual-arts-teacher","Visual Arts Teacher","Education, training and youth development","","","","missing_association","Verify exact provider programme, entry requirements, NQF record and accreditation against an official source"
"vocational-education-teacher","Vocational Education Teacher","Education, training and youth development","","","","missing_association","Verify exact provider programme, entry requirements, NQF record and accreditation against an official source"
"workplace-skills-plan-wsp-coordinator","Workplace Skills Plan (WSP) Coordinator","Education, training and youth development","","","","missing_association","Verify exact provider programme, entry requirements, NQF record and accreditation against an official source"
"youth-mentor","Youth Mentor","Education, training and youth development","","","","missing_association","Verify exact provider programme, entry requirements, NQF record and accreditation against an official source"
"ambulance-porter","Ambulance Porter","Elementary and entry-level work","","","","missing_association","Verify exact provider programme, entry requirements, NQF record and accreditation against an official source"
"apartment-block-caretaker","Apartment Block Caretaker","Elementary and entry-level work","","","","missing_association","Verify exact provider programme, entry requirements, NQF record and accreditation against an official source"
"asphalt-labourer-roadworks","Asphalt Labourer (Roadworks)","Elementary and entry-level work","","","","missing_association","Verify exact provider programme, entry requirements, NQF record and accreditation against an official source"
"bicycle-parcel-delivery-rider","Bicycle Parcel Delivery Rider","Elementary and entry-level work","","","","missing_association","Verify exact provider programme, entry requirements, NQF record and accreditation against an official source"
"bill-poster","Bill Poster","Elementary and entry-level work","","","","missing_association","Verify exact provider programme, entry requirements, NQF record and accreditation against an official source"
"bottle-recycling-sorter","Bottle Recycling Sorter","Elementary and entry-level work","","","","missing_association","Verify exact provider programme, entry requirements, NQF record and accreditation against an official source"
"box-folding-packaging-worker","Box Folding / Packaging Worker","Elementary and entry-level work","","","","missing_association","Verify exact provider programme, entry requirements, NQF record and accreditation against an official source"
"bricklayer-labourer","Bricklayer Labourer","Elementary and entry-level work","","","","missing_association","Verify exact provider programme, entry requirements, NQF record and accreditation against an official source"
"brickyard-labourer","Brickyard Labourer","Elementary and entry-level work","","","","missing_association","Verify exact provider programme, entry requirements, NQF record and accreditation against an official source"
"building-labourer","Building Labourer","Elementary and entry-level work","","","","missing_association","Verify exact provider programme, entry requirements, NQF record and accreditation against an official source"
"car-park-attendant","Car Park Attendant","Elementary and entry-level work","","","","missing_association","Verify exact provider programme, entry requirements, NQF record and accreditation against an official source"
"car-parking-marshal-mall","Car Parking Marshal (Mall)","Elementary and entry-level work","","","","missing_association","Verify exact provider programme, entry requirements, NQF record and accreditation against an official source"
"car-wash-assistant","Car Wash Assistant","Elementary and entry-level work","","","","missing_association","Verify exact provider programme, entry requirements, NQF record and accreditation against an official source"
"car-wash-worker","Car Wash Worker","Elementary and entry-level work","","","","missing_association","Verify exact provider programme, entry requirements, NQF record and accreditation against an official source"
"carpenter-assistant","Carpenter Assistant","Elementary and entry-level work","","","","missing_association","Verify exact provider programme, entry requirements, NQF record and accreditation against an official source"
"cement-bagging-worker","Cement Bagging Worker","Elementary and entry-level work","","","","missing_association","Verify exact provider programme, entry requirements, NQF record and accreditation against an official source"
"chimney-sweeper","Chimney Sweeper","Elementary and entry-level work","","","","missing_association","Verify exact provider programme, entry requirements, NQF record and accreditation against an official source"
"citrus-picker","Citrus Picker","Elementary and entry-level work","","","","missing_association","Verify exact provider programme, entry requirements, NQF record and accreditation against an official source"
"cleaner-janitor","Cleaner / Janitor","Elementary and entry-level work","","","","missing_association","Verify exact provider programme, entry requirements, NQF record and accreditation against an official source"
"cloud-kitchen-crew-member","Cloud Kitchen Crew Member","Elementary and entry-level work","","","","missing_association","Verify exact provider programme, entry requirements, NQF record and accreditation against an official source"
"construction-assistant","Construction Assistant","Elementary and entry-level work","","","","missing_association","Verify exact provider programme, entry requirements, NQF record and accreditation against an official source"
"construction-labourer","Construction Labourer","Elementary and entry-level work","","","","missing_association","Verify exact provider programme, entry requirements, NQF record and accreditation against an official source"
"construction-site-clean-up-worker","Construction Site Clean-up Worker","Elementary and entry-level work","","","","missing_association","Verify exact provider programme, entry requirements, NQF record and accreditation against an official source"
"conveyor-belt-attendant","Conveyor Belt Attendant","Elementary and entry-level work","","","","missing_association","Verify exact provider programme, entry requirements, NQF record and accreditation against an official source"
"data-entry-clerk-basic","Data Entry Clerk (Basic)","Elementary and entry-level work","","","","missing_association","Verify exact provider programme, entry requirements, NQF record and accreditation against an official source"
"demolition-worker","Demolition Worker","Elementary and entry-level work","","","","missing_association","Verify exact provider programme, entry requirements, NQF record and accreditation against an official source"
"dry-cleaning-presser","Dry Cleaning Presser","Elementary and entry-level work","","","","missing_association","Verify exact provider programme, entry requirements, NQF record and accreditation against an official source"
"dry-cleaning-worker","Dry-Cleaning Worker","Elementary and entry-level work","","","","missing_association","Verify exact provider programme, entry requirements, NQF record and accreditation against an official source"
"electrician-assistant","Electrician Assistant","Elementary and entry-level work","","","","missing_association","Verify exact provider programme, entry requirements, NQF record and accreditation against an official source"
"event-set-up-worker","Event Set-Up Worker","Elementary and entry-level work","","","","missing_association","Verify exact provider programme, entry requirements, NQF record and accreditation against an official source"
"factory-general-worker","Factory General Worker","Elementary and entry-level work","","","","missing_association","Verify exact provider programme, entry requirements, NQF record and accreditation against an official source"
"factory-worker","Factory Worker","Elementary and entry-level work","","","","missing_association","Verify exact provider programme, entry requirements, NQF record and accreditation against an official source"
"farm-hand-general","Farm Hand (General)","Elementary and entry-level work","","","","missing_association","Verify exact provider programme, entry requirements, NQF record and accreditation against an official source"
"farm-labourer","Farm Labourer","Elementary and entry-level work","","","","missing_association","Verify exact provider programme, entry requirements, NQF record and accreditation against an official source"
"fence-construction-labourer","Fence Construction Labourer","Elementary and entry-level work","","","","missing_association","Verify exact provider programme, entry requirements, NQF record and accreditation against an official source"
"filling-station-assistant","Filling Station Assistant","Elementary and entry-level work","","","","missing_association","Verify exact provider programme, entry requirements, NQF record and accreditation against an official source"
"fish-cleaner-packer","Fish Cleaner / Packer","Elementary and entry-level work","","","","missing_association","Verify exact provider programme, entry requirements, NQF record and accreditation against an official source"
"fisheries-labourer","Fisheries Labourer","Elementary and entry-level work","","","","missing_association","Verify exact provider programme, entry requirements, NQF record and accreditation against an official source"
"fishery-worker","Fishery Worker","Elementary and entry-level work","","","","missing_association","Verify exact provider programme, entry requirements, NQF record and accreditation against an official source"
"fishing-labourer","Fishing Labourer","Elementary and entry-level work","","","","missing_association","Verify exact provider programme, entry requirements, NQF record and accreditation against an official source"
"flyer-distributor","Flyer Distributor","Elementary and entry-level work","","","","missing_association","Verify exact provider programme, entry requirements, NQF record and accreditation against an official source"
"forestry-labourer","Forestry Labourer","Elementary and entry-level work","","","","missing_association","Verify exact provider programme, entry requirements, NQF record and accreditation against an official source"
"fruit-picker","Fruit Picker","Elementary and entry-level work","","","","missing_association","Verify exact provider programme, entry requirements, NQF record and accreditation against an official source"
"fruit-picker-seasonal-farm-worker","Fruit Picker (Seasonal Farm Worker)","Elementary and entry-level work","","","","missing_association","Verify exact provider programme, entry requirements, NQF record and accreditation against an official source"
"funeral-pallbearer","Funeral Pallbearer","Elementary and entry-level work","","","","missing_association","Verify exact provider programme, entry requirements, NQF record and accreditation against an official source"
"garden-service-worker-mowing-weeding","Garden Service Worker (Mowing / Weeding)","Elementary and entry-level work","","","","missing_association","Verify exact provider programme, entry requirements, NQF record and accreditation against an official source"
"garden-worker","Garden Worker","Elementary and entry-level work","","","","missing_association","Verify exact provider programme, entry requirements, NQF record and accreditation against an official source"
"gate-attendant","Gate Attendant","Elementary and entry-level work","","","","missing_association","Verify exact provider programme, entry requirements, NQF record and accreditation against an official source"
"general-hand","General Hand","Elementary and entry-level work","","","","missing_association","Verify exact provider programme, entry requirements, NQF record and accreditation against an official source"
"general-labourer","General Labourer","Elementary and entry-level work","","","","missing_association","Verify exact provider programme, entry requirements, NQF record and accreditation against an official source"
"general-worker","General Worker","Elementary and entry-level work","","","","missing_association","Verify exact provider programme, entry requirements, NQF record and accreditation against an official source"
"grape-harvester","Grape Harvester","Elementary and entry-level work","","","","missing_association","Verify exact provider programme, entry requirements, NQF record and accreditation against an official source"
"grocery-packer","Grocery Packer","Elementary and entry-level work","","","","missing_association","Verify exact provider programme, entry requirements, NQF record and accreditation against an official source"
"hand-packer","Hand Packer","Elementary and entry-level work","","","","missing_association","Verify exact provider programme, entry requirements, NQF record and accreditation against an official source"
"harvest-worker","Harvest Worker","Elementary and entry-level work","","","","missing_association","Verify exact provider programme, entry requirements, NQF record and accreditation against an official source"
"hospital-cleaner-casualty-porter","Hospital Cleaner / Casualty Porter","Elementary and entry-level work","","","","missing_association","Verify exact provider programme, entry requirements, NQF record and accreditation against an official source"
"hospital-porter","Hospital Porter","Elementary and entry-level work","","","","missing_association","Verify exact provider programme, entry requirements, NQF record and accreditation against an official source"
"hotel-laundry-worker","Hotel Laundry Worker","Elementary and entry-level work","","","","missing_association","Verify exact provider programme, entry requirements, NQF record and accreditation against an official source"
"hotel-room-cleaner","Hotel Room Cleaner","Elementary and entry-level work","","","","missing_association","Verify exact provider programme, entry requirements, NQF record and accreditation against an official source"
"hunting-and-trapping-assistant","Hunting and Trapping Assistant","Elementary and entry-level work","","","","missing_association","Verify exact provider programme, entry requirements, NQF record and accreditation against an official source"
"industrial-laundry-worker","Industrial Laundry Worker","Elementary and entry-level work","","","","missing_association","Verify exact provider programme, entry requirements, NQF record and accreditation against an official source"
"ironing-service-provider","Ironing Service Provider","Elementary and entry-level work","","","","missing_association","Verify exact provider programme, entry requirements, NQF record and accreditation against an official source"
"kitchen-assistant","Kitchen Assistant","Elementary and entry-level work","","","","missing_association","Verify exact provider programme, entry requirements, NQF record and accreditation against an official source"
"kitchen-hand-hospital","Kitchen Hand (Hospital)","Elementary and entry-level work","","","","missing_association","Verify exact provider programme, entry requirements, NQF record and accreditation against an official source"
"landfill-site-worker","Landfill Site Worker","Elementary and entry-level work","","","","missing_association","Verify exact provider programme, entry requirements, NQF record and accreditation against an official source"
"leaflet-newspaper-deliverer","Leaflet / Newspaper Deliverer","Elementary and entry-level work","","","","missing_association","Verify exact provider programme, entry requirements, NQF record and accreditation against an official source"
"leaflet-pamphlet-distributor","Leaflet / Pamphlet Distributor","Elementary and entry-level work","","","","missing_association","Verify exact provider programme, entry requirements, NQF record and accreditation against an official source"
"logging-worker","Logging Worker","Elementary and entry-level work","","","","missing_association","Verify exact provider programme, entry requirements, NQF record and accreditation against an official source"
"messenger","Messenger","Elementary and entry-level work","","","","missing_association","Verify exact provider programme, entry requirements, NQF record and accreditation against an official source"
"messenger-bike-courier","Messenger / Bike Courier","Elementary and entry-level work","","","","missing_association","Verify exact provider programme, entry requirements, NQF record and accreditation against an official source"
"messenger-office-runner","Messenger / Office Runner","Elementary and entry-level work","","","","missing_association","Verify exact provider programme, entry requirements, NQF record and accreditation against an official source"
"mine-general-worker","Mine General Worker","Elementary and entry-level work","","","","missing_association","Verify exact provider programme, entry requirements, NQF record and accreditation against an official source"
"mine-labourer","Mine Labourer","Elementary and entry-level work","","","","missing_association","Verify exact provider programme, entry requirements, NQF record and accreditation against an official source"
"mining-labourer","Mining Labourer","Elementary and entry-level work","","","","missing_association","Verify exact provider programme, entry requirements, NQF record and accreditation against an official source"
"mortuary-porter","Mortuary Porter","Elementary and entry-level work","","","","missing_association","Verify exact provider programme, entry requirements, NQF record and accreditation against an official source"
"newspaper-vendor","Newspaper Vendor","Elementary and entry-level work","","","","missing_association","Verify exact provider programme, entry requirements, NQF record and accreditation against an official source"
"odd-job-worker","Odd Job Worker","Elementary and entry-level work","","","","missing_association","Verify exact provider programme, entry requirements, NQF record and accreditation against an official source"
"office-runner","Office Runner","Elementary and entry-level work","","","","missing_association","Verify exact provider programme, entry requirements, NQF record and accreditation against an official source"
"office-tea-assistant-kitchen-runner","Office Tea Assistant / Kitchen Runner","Elementary and entry-level work","","","","missing_association","Verify exact provider programme, entry requirements, NQF record and accreditation against an official source"
"packaging-labourer","Packaging Labourer","Elementary and entry-level work","","","","missing_association","Verify exact provider programme, entry requirements, NQF record and accreditation against an official source"
"packaging-line-worker","Packaging Line Worker","Elementary and entry-level work","","","","missing_association","Verify exact provider programme, entry requirements, NQF record and accreditation against an official source"
"packer","Packer","Elementary and entry-level work","","","","missing_association","Verify exact provider programme, entry requirements, NQF record and accreditation against an official source"
"painter-labourer","Painter Labourer","Elementary and entry-level work","","","","missing_association","Verify exact provider programme, entry requirements, NQF record and accreditation against an official source"
"park-attendant","Park Attendant","Elementary and entry-level work","","","","missing_association","Verify exact provider programme, entry requirements, NQF record and accreditation against an official source"
"park-maintenance-worker","Park Maintenance Worker","Elementary and entry-level work","","","","missing_association","Verify exact provider programme, entry requirements, NQF record and accreditation against an official source"
"parking-meter-attendant","Parking Meter Attendant","Elementary and entry-level work","","","","missing_association","Verify exact provider programme, entry requirements, NQF record and accreditation against an official source"
"patient-transport-attendant","Patient Transport Attendant","Elementary and entry-level work","","","","missing_association","Verify exact provider programme, entry requirements, NQF record and accreditation against an official source"
"petrol-attendant","Petrol Attendant","Elementary and entry-level work","","","","missing_association","Verify exact provider programme, entry requirements, NQF record and accreditation against an official source"
"pipeline-labourer","Pipeline Labourer","Elementary and entry-level work","","","","missing_association","Verify exact provider programme, entry requirements, NQF record and accreditation against an official source"
"plantation-worker","Plantation Worker","Elementary and entry-level work","","","","missing_association","Verify exact provider programme, entry requirements, NQF record and accreditation against an official source"
"plumber-assistant","Plumber Assistant","Elementary and entry-level work","","","","missing_association","Verify exact provider programme, entry requirements, NQF record and accreditation against an official source"
"porter-hospital-orderly","Porter / Hospital Orderly","Elementary and entry-level work","","","","missing_association","Verify exact provider programme, entry requirements, NQF record and accreditation against an official source"
"pothole-patch-worker","Pothole Patch Worker","Elementary and entry-level work","","","","missing_association","Verify exact provider programme, entry requirements, NQF record and accreditation against an official source"
"public-toilet-cleaner","Public Toilet Cleaner","Elementary and entry-level work","","","","missing_association","Verify exact provider programme, entry requirements, NQF record and accreditation against an official source"
"railway-track-worker","Railway Track Worker","Elementary and entry-level work","","","","missing_association","Verify exact provider programme, entry requirements, NQF record and accreditation against an official source"
"recycling-sorter-materials-recovery","Recycling Sorter (Materials Recovery)","Elementary and entry-level work","","","","missing_association","Verify exact provider programme, entry requirements, NQF record and accreditation against an official source"
"refuse-waste-collector","Refuse / Waste Collector","Elementary and entry-level work","","","","missing_association","Verify exact provider programme, entry requirements, NQF record and accreditation against an official source"
"refuse-collector","Refuse Collector","Elementary and entry-level work","","","","missing_association","Verify exact provider programme, entry requirements, NQF record and accreditation against an official source"
"restaurant-kitchen-worker","Restaurant Kitchen Worker","Elementary and entry-level work","","","","missing_association","Verify exact provider programme, entry requirements, NQF record and accreditation against an official source"
"retail-trolley-collector","Retail Trolley Collector","Elementary and entry-level work","","","","missing_association","Verify exact provider programme, entry requirements, NQF record and accreditation against an official source"
"rider-app-based-parcel-delivery","Rider (App-based parcel delivery)","Elementary and entry-level work","","","","missing_association","Verify exact provider programme, entry requirements, NQF record and accreditation against an official source"
"road-worker","Road Worker","Elementary and entry-level work","","","","missing_association","Verify exact provider programme, entry requirements, NQF record and accreditation against an official source"
"sawmill-labourer","Sawmill Labourer","Elementary and entry-level work","","","","missing_association","Verify exact provider programme, entry requirements, NQF record and accreditation against an official source"
"school-cleaner","School Cleaner","Elementary and entry-level work","","","","missing_association","Verify exact provider programme, entry requirements, NQF record and accreditation against an official source"
"scullery-worker-hotel","Scullery Worker (Hotel)","Elementary and entry-level work","","","","missing_association","Verify exact provider programme, entry requirements, NQF record and accreditation against an official source"
"scullery-worker-dishwasher","Scullery Worker / Dishwasher","Elementary and entry-level work","","","","missing_association","Verify exact provider programme, entry requirements, NQF record and accreditation against an official source"
"security-gate-guard-estate","Security Gate Guard (Estate)","Elementary and entry-level work","","","","missing_association","Verify exact provider programme, entry requirements, NQF record and accreditation against an official source"
"security-guard-entry-level","Security Guard (Entry-Level)","Elementary and entry-level work","","","","missing_association","Verify exact provider programme, entry requirements, NQF record and accreditation against an official source"
"service-station-attendant","Service Station Attendant","Elementary and entry-level work","","","","missing_association","Verify exact provider programme, entry requirements, NQF record and accreditation against an official source"
"service-station-convenience-store-cashier","Service Station Convenience Store Cashier","Elementary and entry-level work","","","","missing_association","Verify exact provider programme, entry requirements, NQF record and accreditation against an official source"
"service-station-petrol-attendant","Service Station Petrol Attendant","Elementary and entry-level work","","","","missing_association","Verify exact provider programme, entry requirements, NQF record and accreditation against an official source"
"shelf-filler","Shelf Filler","Elementary and entry-level work","","","","missing_association","Verify exact provider programme, entry requirements, NQF record and accreditation against an official source"
"shelf-packer-night-fill","Shelf Packer (Night Fill)","Elementary and entry-level work","","","","missing_association","Verify exact provider programme, entry requirements, NQF record and accreditation against an official source"
"shop-packer-shelf-stocker","Shop Packer / Shelf Stocker","Elementary and entry-level work","","","","missing_association","Verify exact provider programme, entry requirements, NQF record and accreditation against an official source"
"shop-shelf-packer-night-shift","Shop Shelf Packer (Night Shift)","Elementary and entry-level work","","","","missing_association","Verify exact provider programme, entry requirements, NQF record and accreditation against an official source"
"shopping-mall-cleaner","Shopping Mall Cleaner","Elementary and entry-level work","","","","missing_association","Verify exact provider programme, entry requirements, NQF record and accreditation against an official source"
"social-media-moderator","Social Media Moderator","Elementary and entry-level work","","","","missing_association","Verify exact provider programme, entry requirements, NQF record and accreditation against an official source"
"sorting-worker","Sorting Worker","Elementary and entry-level work","","","","missing_association","Verify exact provider programme, entry requirements, NQF record and accreditation against an official source"
"street-sweeper","Street Sweeper","Elementary and entry-level work","","","","missing_association","Verify exact provider programme, entry requirements, NQF record and accreditation against an official source"
"street-sweeper-municipal","Street Sweeper (Municipal)","Elementary and entry-level work","","","","missing_association","Verify exact provider programme, entry requirements, NQF record and accreditation against an official source"
"sweeper-street-cleaner","Sweeper / Street Cleaner","Elementary and entry-level work","","","","missing_association","Verify exact provider programme, entry requirements, NQF record and accreditation against an official source"
"tea-attendant","Tea Attendant","Elementary and entry-level work","","","","missing_association","Verify exact provider programme, entry requirements, NQF record and accreditation against an official source"
"ticket-taker","Ticket Taker","Elementary and entry-level work","","","","missing_association","Verify exact provider programme, entry requirements, NQF record and accreditation against an official source"
"traffic-marshal-construction","Traffic Marshal (Construction)","Elementary and entry-level work","","","","missing_association","Verify exact provider programme, entry requirements, NQF record and accreditation against an official source"
"trolley-attendant-retail","Trolley Attendant (Retail)","Elementary and entry-level work","","","","missing_association","Verify exact provider programme, entry requirements, NQF record and accreditation against an official source"
"trolley-collector","Trolley Collector","Elementary and entry-level work","","","","missing_association","Verify exact provider programme, entry requirements, NQF record and accreditation against an official source"
"tyre-fitter-assistant","Tyre Fitter Assistant","Elementary and entry-level work","","","","missing_association","Verify exact provider programme, entry requirements, NQF record and accreditation against an official source"
"university-cleaner","University Cleaner","Elementary and entry-level work","","","","missing_association","Verify exact provider programme, entry requirements, NQF record and accreditation against an official source"
"usher","Usher","Elementary and entry-level work","","","","missing_association","Verify exact provider programme, entry requirements, NQF record and accreditation against an official source"
"vegetable-harvester","Vegetable Harvester","Elementary and entry-level work","","","","missing_association","Verify exact provider programme, entry requirements, NQF record and accreditation against an official source"
"warehouse-scanner-operator","Warehouse Scanner Operator","Elementary and entry-level work","","","","missing_association","Verify exact provider programme, entry requirements, NQF record and accreditation against an official source"
"warehouse-sweeper-cleaner","Warehouse Sweeper / Cleaner","Elementary and entry-level work","","","","missing_association","Verify exact provider programme, entry requirements, NQF record and accreditation against an official source"
"winch-operator-surface-mine","Winch Operator (Surface Mine)","Elementary and entry-level work","","","","missing_association","Verify exact provider programme, entry requirements, NQF record and accreditation against an official source"
"window-washer","Window Washer","Elementary and entry-level work","","","","missing_association","Verify exact provider programme, entry requirements, NQF record and accreditation against an official source"
"accountant","Accountant","Finance, admin and business operations","","","","missing_association","Verify exact provider programme, entry requirements, NQF record and accreditation against an official source"
"accountant-ca-sa","Accountant (CA(SA))","Finance, admin and business operations","","","","missing_association","Verify exact provider programme, entry requirements, NQF record and accreditation against an official source"
"accounting-officer","Accounting Officer","Finance, admin and business operations","","","","missing_association","Verify exact provider programme, entry requirements, NQF record and accreditation against an official source"
"accounting-technician","Accounting Technician","Finance, admin and business operations","","","","missing_association","Verify exact provider programme, entry requirements, NQF record and accreditation against an official source"
"accounts-clerk","Accounts Clerk","Finance, admin and business operations","","","","missing_association","Verify exact provider programme, entry requirements, NQF record and accreditation against an official source"
"accounts-payable-clerk","Accounts Payable Clerk","Finance, admin and business operations","","","","missing_association","Verify exact provider programme, entry requirements, NQF record and accreditation against an official source"
"accounts-receivable-clerk","Accounts Receivable Clerk","Finance, admin and business operations","","","","missing_association","Verify exact provider programme, entry requirements, NQF record and accreditation against an official source"
"actuarial-analyst","Actuarial Analyst","Finance, admin and business operations","","","","missing_association","Verify exact provider programme, entry requirements, NQF record and accreditation against an official source"
"actuarial-assistant","Actuarial Assistant","Finance, admin and business operations","","","","missing_association","Verify exact provider programme, entry requirements, NQF record and accreditation against an official source"
"actuary","Actuary","Finance, admin and business operations","","","","missing_association","Verify exact provider programme, entry requirements, NQF record and accreditation against an official source"
"administrative-officer","Administrative Officer","Finance, admin and business operations","","","","missing_association","Verify exact provider programme, entry requirements, NQF record and accreditation against an official source"
"angel-investor","Angel Investor","Finance, admin and business operations","","","","missing_association","Verify exact provider programme, entry requirements, NQF record and accreditation against an official source"
"anti-money-laundering-aml-analyst","Anti-Money Laundering (AML) Analyst","Finance, admin and business operations","","","","missing_association","Verify exact provider programme, entry requirements, NQF record and accreditation against an official source"
"auditor","Auditor","Finance, admin and business operations","","","","missing_association","Verify exact provider programme, entry requirements, NQF record and accreditation against an official source"
"b-bbee-consultant","B-BBEE Consultant","Finance, admin and business operations","","","","missing_association","Verify exact provider programme, entry requirements, NQF record and accreditation against an official source"
"b-bbee-scorecard-verification-analyst","B-BBEE Scorecard Verification Analyst","Finance, admin and business operations","","","","missing_association","Verify exact provider programme, entry requirements, NQF record and accreditation against an official source"
"bank-branch-manager","Bank Branch Manager","Finance, admin and business operations","","","","missing_association","Verify exact provider programme, entry requirements, NQF record and accreditation against an official source"
"bank-teller","Bank Teller","Finance, admin and business operations","","","","missing_association","Verify exact provider programme, entry requirements, NQF record and accreditation against an official source"
"banking-consultant","Banking Consultant","Finance, admin and business operations","","","","missing_association","Verify exact provider programme, entry requirements, NQF record and accreditation against an official source"
"billing-clerk","Billing Clerk","Finance, admin and business operations","","","","missing_association","Verify exact provider programme, entry requirements, NQF record and accreditation against an official source"
"body-corporate-trustee-voluntary","Body Corporate Trustee (Voluntary)","Finance, admin and business operations","","","","missing_association","Verify exact provider programme, entry requirements, NQF record and accreditation against an official source"
"bond-originator","Bond Originator","Finance, admin and business operations","","","","missing_association","Verify exact provider programme, entry requirements, NQF record and accreditation against an official source"
"bookkeeper","Bookkeeper","Finance, admin and business operations","","","","missing_association","Verify exact provider programme, entry requirements, NQF record and accreditation against an official source"
"bookkeeper-to-trial-balance","Bookkeeper to Trial Balance","Finance, admin and business operations","","","","missing_association","Verify exact provider programme, entry requirements, NQF record and accreditation against an official source"
"budget-analyst","Budget Analyst","Finance, admin and business operations","","","","missing_association","Verify exact provider programme, entry requirements, NQF record and accreditation against an official source"
"business-banker-sme","Business Banker (SME)","Finance, admin and business operations","","","","missing_association","Verify exact provider programme, entry requirements, NQF record and accreditation against an official source"
"business-process-analyst","Business Process Analyst","Finance, admin and business operations","","","","missing_association","Verify exact provider programme, entry requirements, NQF record and accreditation against an official source"
"buyer","Buyer","Finance, admin and business operations","","","","missing_association","Verify exact provider programme, entry requirements, NQF record and accreditation against an official source"
"cash-management-specialist","Cash Management Specialist","Finance, admin and business operations","","","","missing_association","Verify exact provider programme, entry requirements, NQF record and accreditation against an official source"
"chartered-accountant-ca-sa","Chartered Accountant (CA(SA))","Finance, admin and business operations","","","","missing_association","Verify exact provider programme, entry requirements, NQF record and accreditation against an official source"
"chartered-management-accountant-cima","Chartered Management Accountant (CIMA)","Finance, admin and business operations","","","","missing_association","Verify exact provider programme, entry requirements, NQF record and accreditation against an official source"
"clerical-supervisor","Clerical Supervisor","Finance, admin and business operations","","","","missing_association","Verify exact provider programme, entry requirements, NQF record and accreditation against an official source"
"collections-specialist","Collections Specialist","Finance, admin and business operations","","","","missing_association","Verify exact provider programme, entry requirements, NQF record and accreditation against an official source"
"commodities-trader","Commodities Trader","Finance, admin and business operations","","","","missing_association","Verify exact provider programme, entry requirements, NQF record and accreditation against an official source"
"compliance-manager-financial-services","Compliance Manager (Financial Services)","Finance, admin and business operations","","","","missing_association","Verify exact provider programme, entry requirements, NQF record and accreditation against an official source"
"compliance-officer","Compliance Officer","Finance, admin and business operations","","","","missing_association","Verify exact provider programme, entry requirements, NQF record and accreditation against an official source"
"contract-administrator","Contract Administrator","Finance, admin and business operations","","","","missing_association","Verify exact provider programme, entry requirements, NQF record and accreditation against an official source"
"conveyancing-secretary","Conveyancing Secretary","Finance, admin and business operations","","","","missing_association","Verify exact provider programme, entry requirements, NQF record and accreditation against an official source"
"cost-accountant","Cost Accountant","Finance, admin and business operations","","","","missing_association","Verify exact provider programme, entry requirements, NQF record and accreditation against an official source"
"cost-and-management-accountant","Cost and Management Accountant","Finance, admin and business operations","","","","missing_association","Verify exact provider programme, entry requirements, NQF record and accreditation against an official source"
"cost-clerk","Cost Clerk","Finance, admin and business operations","","","","missing_association","Verify exact provider programme, entry requirements, NQF record and accreditation against an official source"
"credit-analyst","Credit Analyst","Finance, admin and business operations","","","","missing_association","Verify exact provider programme, entry requirements, NQF record and accreditation against an official source"
"credit-controller","Credit Controller","Finance, admin and business operations","","","","missing_association","Verify exact provider programme, entry requirements, NQF record and accreditation against an official source"
"credit-manager","Credit Manager","Finance, admin and business operations","","","","missing_association","Verify exact provider programme, entry requirements, NQF record and accreditation against an official source"
"credit-risk-analyst","Credit Risk Analyst","Finance, admin and business operations","","","","missing_association","Verify exact provider programme, entry requirements, NQF record and accreditation against an official source"
"creditors-clerk","Creditors Clerk","Finance, admin and business operations","","","","missing_association","Verify exact provider programme, entry requirements, NQF record and accreditation against an official source"
"cryptocurrency-digital-asset-analyst","Cryptocurrency / Digital Asset Analyst","Finance, admin and business operations","","","","missing_association","Verify exact provider programme, entry requirements, NQF record and accreditation against an official source"
"customs-and-excise-officer-sars","Customs and Excise Officer (SARS)","Finance, admin and business operations","","","","missing_association","Verify exact provider programme, entry requirements, NQF record and accreditation against an official source"
"data-entry-clerk","Data Entry Clerk","Finance, admin and business operations","","","","missing_association","Verify exact provider programme, entry requirements, NQF record and accreditation against an official source"
"debt-collector","Debt Collector","Finance, admin and business operations","","","","missing_association","Verify exact provider programme, entry requirements, NQF record and accreditation against an official source"
"debt-counsellor-ncr-registered","Debt Counsellor (NCR Registered)","Finance, admin and business operations","","","","missing_association","Verify exact provider programme, entry requirements, NQF record and accreditation against an official source"
"debtors-clerk","Debtors Clerk","Finance, admin and business operations","","","","missing_association","Verify exact provider programme, entry requirements, NQF record and accreditation against an official source"
"deeds-office-registrar","Deeds Office Registrar","Finance, admin and business operations","","","","missing_association","Verify exact provider programme, entry requirements, NQF record and accreditation against an official source"
"derivatives-trader","Derivatives Trader","Finance, admin and business operations","","","","missing_association","Verify exact provider programme, entry requirements, NQF record and accreditation against an official source"
"economist","Economist","Finance, admin and business operations","","","","missing_association","Verify exact provider programme, entry requirements, NQF record and accreditation against an official source"
"entrepreneurship-programme-coordinator","Entrepreneurship Programme Coordinator","Finance, admin and business operations","","","","missing_association","Verify exact provider programme, entry requirements, NQF record and accreditation against an official source"
"equity-research-analyst","Equity Research Analyst","Finance, admin and business operations","","","","missing_association","Verify exact provider programme, entry requirements, NQF record and accreditation against an official source"
"estate-agent-property-practitioner","Estate Agent (Property Practitioner)","Finance, admin and business operations","","","","missing_association","Verify exact provider programme, entry requirements, NQF record and accreditation against an official source"
"estate-planner","Estate Planner","Finance, admin and business operations","","","","missing_association","Verify exact provider programme, entry requirements, NQF record and accreditation against an official source"
"executive-assistant","Executive Assistant","Finance, admin and business operations","","","","missing_association","Verify exact provider programme, entry requirements, NQF record and accreditation against an official source"
"external-auditor","External Auditor","Finance, admin and business operations","","","","missing_association","Verify exact provider programme, entry requirements, NQF record and accreditation against an official source"
"fais-compliance-officer","FAIS Compliance Officer","Finance, admin and business operations","","","","missing_association","Verify exact provider programme, entry requirements, NQF record and accreditation against an official source"
"finance-clerk","Finance Clerk","Finance, admin and business operations","","","","missing_association","Verify exact provider programme, entry requirements, NQF record and accreditation against an official source"
"finance-manager","Finance Manager","Finance, admin and business operations","","","","missing_association","Verify exact provider programme, entry requirements, NQF record and accreditation against an official source"
"finance-officer","Finance Officer","Finance, admin and business operations","","","","missing_association","Verify exact provider programme, entry requirements, NQF record and accreditation against an official source"
"financial-advisor","Financial Advisor","Finance, admin and business operations","","","","missing_association","Verify exact provider programme, entry requirements, NQF record and accreditation against an official source"
"financial-analyst","Financial Analyst","Finance, admin and business operations","","","","missing_association","Verify exact provider programme, entry requirements, NQF record and accreditation against an official source"
"financial-manager","Financial Manager","Finance, admin and business operations","","","","missing_association","Verify exact provider programme, entry requirements, NQF record and accreditation against an official source"
"financial-modelling-analyst","Financial Modelling Analyst","Finance, admin and business operations","","","","missing_association","Verify exact provider programme, entry requirements, NQF record and accreditation against an official source"
"financial-planner-advisor","Financial Planner / Advisor","Finance, admin and business operations","","","","missing_association","Verify exact provider programme, entry requirements, NQF record and accreditation against an official source"
"financial-services-adviser","Financial Services Adviser","Finance, admin and business operations","","","","missing_association","Verify exact provider programme, entry requirements, NQF record and accreditation against an official source"
"fintech-product-analyst","Fintech Product Analyst","Finance, admin and business operations","","","","missing_association","Verify exact provider programme, entry requirements, NQF record and accreditation against an official source"
"fixed-asset-clerk","Fixed Asset Clerk","Finance, admin and business operations","","","","missing_association","Verify exact provider programme, entry requirements, NQF record and accreditation against an official source"
"fixed-income-analyst","Fixed Income Analyst","Finance, admin and business operations","","","","missing_association","Verify exact provider programme, entry requirements, NQF record and accreditation against an official source"
"foreign-exchange-dealer","Foreign Exchange Dealer","Finance, admin and business operations","","","","missing_association","Verify exact provider programme, entry requirements, NQF record and accreditation against an official source"
"forensic-accountant","Forensic Accountant","Finance, admin and business operations","","","","missing_association","Verify exact provider programme, entry requirements, NQF record and accreditation against an official source"
"forensic-auditor","Forensic Auditor","Finance, admin and business operations","","","","missing_association","Verify exact provider programme, entry requirements, NQF record and accreditation against an official source"
"fraud-analyst","Fraud Analyst","Finance, admin and business operations","","","","missing_association","Verify exact provider programme, entry requirements, NQF record and accreditation against an official source"
"funeral-insurance-agent","Funeral Insurance Agent","Finance, admin and business operations","","","","missing_association","Verify exact provider programme, entry requirements, NQF record and accreditation against an official source"
"general-clerk","General Clerk","Finance, admin and business operations","","","","missing_association","Verify exact provider programme, entry requirements, NQF record and accreditation against an official source"
"general-office-clerk","General Office Clerk","Finance, admin and business operations","","","","missing_association","Verify exact provider programme, entry requirements, NQF record and accreditation against an official source"
"government-accountant","Government Accountant","Finance, admin and business operations","","","","missing_association","Verify exact provider programme, entry requirements, NQF record and accreditation against an official source"
"hedge-fund-manager","Hedge Fund Manager","Finance, admin and business operations","","","","missing_association","Verify exact provider programme, entry requirements, NQF record and accreditation against an official source"
"home-loans-consultant","Home Loans Consultant","Finance, admin and business operations","","","","missing_association","Verify exact provider programme, entry requirements, NQF record and accreditation against an official source"
"human-resources-clerk","Human Resources Clerk","Finance, admin and business operations","","","","missing_association","Verify exact provider programme, entry requirements, NQF record and accreditation against an official source"
"insurance-broker","Insurance Broker","Finance, admin and business operations","","","","missing_association","Verify exact provider programme, entry requirements, NQF record and accreditation against an official source"
"insurance-claims-assessor","Insurance Claims Assessor","Finance, admin and business operations","","","","missing_association","Verify exact provider programme, entry requirements, NQF record and accreditation against an official source"
"insurance-claims-handler","Insurance Claims Handler","Finance, admin and business operations","","","","missing_association","Verify exact provider programme, entry requirements, NQF record and accreditation against an official source"
"insurance-underwriter","Insurance Underwriter","Finance, admin and business operations","","","","missing_association","Verify exact provider programme, entry requirements, NQF record and accreditation against an official source"
"internal-auditor","Internal Auditor","Finance, admin and business operations","","","","missing_association","Verify exact provider programme, entry requirements, NQF record and accreditation against an official source"
"investment-analyst","Investment Analyst","Finance, admin and business operations","","","","missing_association","Verify exact provider programme, entry requirements, NQF record and accreditation against an official source"
"investment-banking-analyst","Investment Banking Analyst","Finance, admin and business operations","","","","missing_association","Verify exact provider programme, entry requirements, NQF record and accreditation against an official source"
"investment-operations-analyst","Investment Operations Analyst","Finance, admin and business operations","","","","missing_association","Verify exact provider programme, entry requirements, NQF record and accreditation against an official source"
"finance-accounting","Junior Accountant","Finance, admin and business operations","","","","missing_association","Verify exact provider programme, entry requirements, NQF record and accreditation against an official source"
"long-term-insurance-advisor","Long-Term Insurance Advisor","Finance, admin and business operations","","","","missing_association","Verify exact provider programme, entry requirements, NQF record and accreditation against an official source"
"loss-adjuster","Loss Adjuster","Finance, admin and business operations","","","","missing_association","Verify exact provider programme, entry requirements, NQF record and accreditation against an official source"
"management-accountant","Management Accountant","Finance, admin and business operations","","","","missing_association","Verify exact provider programme, entry requirements, NQF record and accreditation against an official source"
"management-consultant","Management Consultant","Finance, admin and business operations","","","","missing_association","Verify exact provider programme, entry requirements, NQF record and accreditation against an official source"
"market-risk-analyst","Market Risk Analyst","Finance, admin and business operations","","","","missing_association","Verify exact provider programme, entry requirements, NQF record and accreditation against an official source"
"master-of-the-high-court-registrar-officer","Master of the High Court Registrar Officer","Finance, admin and business operations","","","","missing_association","Verify exact provider programme, entry requirements, NQF record and accreditation against an official source"
"mathematician","Mathematician","Finance, admin and business operations","","","","missing_association","Verify exact provider programme, entry requirements, NQF record and accreditation against an official source"
"medical-scheme-administrator","Medical Scheme Administrator","Finance, admin and business operations","","","","missing_association","Verify exact provider programme, entry requirements, NQF record and accreditation against an official source"
"medical-scheme-broker","Medical Scheme Broker","Finance, admin and business operations","","","","missing_association","Verify exact provider programme, entry requirements, NQF record and accreditation against an official source"
"microfinance-loan-officer","Microfinance Loan Officer","Finance, admin and business operations","","","","missing_association","Verify exact provider programme, entry requirements, NQF record and accreditation against an official source"
"mortgage-broker","Mortgage Broker","Finance, admin and business operations","","","","missing_association","Verify exact provider programme, entry requirements, NQF record and accreditation against an official source"
"municipal-billing-clerk","Municipal Billing Clerk","Finance, admin and business operations","","","","missing_association","Verify exact provider programme, entry requirements, NQF record and accreditation against an official source"
"office-administrator","Office Administrator","Finance, admin and business operations","","","","missing_association","Verify exact provider programme, entry requirements, NQF record and accreditation against an official source"
"office-manager","Office Manager","Finance, admin and business operations","","","","missing_association","Verify exact provider programme, entry requirements, NQF record and accreditation against an official source"
"operational-risk-officer","Operational Risk Officer","Finance, admin and business operations","","","","missing_association","Verify exact provider programme, entry requirements, NQF record and accreditation against an official source"
"operations-coordinator","Operations Coordinator","Finance, admin and business operations","","","","missing_association","Verify exact provider programme, entry requirements, NQF record and accreditation against an official source"
"payroll-administrator","Payroll Administrator","Finance, admin and business operations","","","","missing_association","Verify exact provider programme, entry requirements, NQF record and accreditation against an official source"
"payroll-clerk","Payroll Clerk","Finance, admin and business operations","","","","missing_association","Verify exact provider programme, entry requirements, NQF record and accreditation against an official source"
"payroll-manager","Payroll Manager","Finance, admin and business operations","","","","missing_association","Verify exact provider programme, entry requirements, NQF record and accreditation against an official source"
"payroll-officer","Payroll Officer","Finance, admin and business operations","","","","missing_association","Verify exact provider programme, entry requirements, NQF record and accreditation against an official source"
"pension-fund-administrator","Pension Fund Administrator","Finance, admin and business operations","","","","missing_association","Verify exact provider programme, entry requirements, NQF record and accreditation against an official source"
"performance-auditor-agsa","Performance Auditor (AGSA)","Finance, admin and business operations","","","","missing_association","Verify exact provider programme, entry requirements, NQF record and accreditation against an official source"
"personal-assistant","Personal Assistant","Finance, admin and business operations","","","","missing_association","Verify exact provider programme, entry requirements, NQF record and accreditation against an official source"
"personal-banker-consultant","Personal Banker / Consultant","Finance, admin and business operations","","","","missing_association","Verify exact provider programme, entry requirements, NQF record and accreditation against an official source"
"portfolio-manager","Portfolio Manager","Finance, admin and business operations","","","","missing_association","Verify exact provider programme, entry requirements, NQF record and accreditation against an official source"
"private-banker-affluent","Private Banker (Affluent)","Finance, admin and business operations","","","","missing_association","Verify exact provider programme, entry requirements, NQF record and accreditation against an official source"
"private-equity-associate","Private Equity Associate","Finance, admin and business operations","","","","missing_association","Verify exact provider programme, entry requirements, NQF record and accreditation against an official source"
"procurement-officer","Procurement Officer","Finance, admin and business operations","","","","missing_association","Verify exact provider programme, entry requirements, NQF record and accreditation against an official source"
"professional-accountant-saipa","Professional Accountant (SAIPA)","Finance, admin and business operations","","","","missing_association","Verify exact provider programme, entry requirements, NQF record and accreditation against an official source"
"project-coordinator","Project Coordinator","Finance, admin and business operations","","","","missing_association","Verify exact provider programme, entry requirements, NQF record and accreditation against an official source"
"property-portfolio-manager","Property Portfolio Manager","Finance, admin and business operations","","","","missing_association","Verify exact provider programme, entry requirements, NQF record and accreditation against an official source"
"property-valuer","Property Valuer","Finance, admin and business operations","","","","missing_association","Verify exact provider programme, entry requirements, NQF record and accreditation against an official source"
"purchasing-officer","Purchasing Officer","Finance, admin and business operations","","","","missing_association","Verify exact provider programme, entry requirements, NQF record and accreditation against an official source"
"receptionist","Receptionist","Finance, admin and business operations","","","","missing_association","Verify exact provider programme, entry requirements, NQF record and accreditation against an official source"
"reinsurance-specialist","Reinsurance Specialist","Finance, admin and business operations","","","","missing_association","Verify exact provider programme, entry requirements, NQF record and accreditation against an official source"
"retirement-fund-consultant","Retirement Fund Consultant","Finance, admin and business operations","","","","missing_association","Verify exact provider programme, entry requirements, NQF record and accreditation against an official source"
"revenue-manager-hospitality-retail","Revenue Manager (Hospitality / Retail)","Finance, admin and business operations","","","","missing_association","Verify exact provider programme, entry requirements, NQF record and accreditation against an official source"
"risk-analyst","Risk Analyst","Finance, admin and business operations","","","","missing_association","Verify exact provider programme, entry requirements, NQF record and accreditation against an official source"
"risk-surveyor-insurance","Risk Surveyor (Insurance)","Finance, admin and business operations","","","","missing_association","Verify exact provider programme, entry requirements, NQF record and accreditation against an official source"
"salaries-and-wages-administrator","Salaries and Wages Administrator","Finance, admin and business operations","","","","missing_association","Verify exact provider programme, entry requirements, NQF record and accreditation against an official source"
"sales-administrator","Sales Administrator","Finance, admin and business operations","","","","missing_association","Verify exact provider programme, entry requirements, NQF record and accreditation against an official source"
"sars-tax-examiner","SARS Tax Examiner","Finance, admin and business operations","","","","missing_association","Verify exact provider programme, entry requirements, NQF record and accreditation against an official source"
"secretary","Secretary","Finance, admin and business operations","","","","missing_association","Verify exact provider programme, entry requirements, NQF record and accreditation against an official source"
"sectional-title-managing-agent","Sectional Title Managing Agent","Finance, admin and business operations","","","","missing_association","Verify exact provider programme, entry requirements, NQF record and accreditation against an official source"
"short-term-insurance-broker","Short-Term Insurance Broker","Finance, admin and business operations","","","","missing_association","Verify exact provider programme, entry requirements, NQF record and accreditation against an official source"
"statistician","Statistician","Finance, admin and business operations","","","","missing_association","Verify exact provider programme, entry requirements, NQF record and accreditation against an official source"
"stock-controller","Stock Controller","Finance, admin and business operations","","","","missing_association","Verify exact provider programme, entry requirements, NQF record and accreditation against an official source"
"stockbroker","Stockbroker","Finance, admin and business operations","","","","missing_association","Verify exact provider programme, entry requirements, NQF record and accreditation against an official source"
"stokvel-administrator","Stokvel Administrator","Finance, admin and business operations","","","","missing_association","Verify exact provider programme, entry requirements, NQF record and accreditation against an official source"
"sustainability-reporting-accountant","Sustainability Reporting Accountant","Finance, admin and business operations","","","","missing_association","Verify exact provider programme, entry requirements, NQF record and accreditation against an official source"
"switchboard-operator","Switchboard Operator","Finance, admin and business operations","","","","missing_association","Verify exact provider programme, entry requirements, NQF record and accreditation against an official source"
"tax-advisor-vat-paye-cit","Tax Advisor (VAT / PAYE / CIT)","Finance, admin and business operations","","","","missing_association","Verify exact provider programme, entry requirements, NQF record and accreditation against an official source"
"tax-assistant","Tax Assistant","Finance, admin and business operations","","","","missing_association","Verify exact provider programme, entry requirements, NQF record and accreditation against an official source"
"tax-clerk","Tax Clerk","Finance, admin and business operations","","","","missing_association","Verify exact provider programme, entry requirements, NQF record and accreditation against an official source"
"tax-consultant","Tax Consultant","Finance, admin and business operations","","","","missing_association","Verify exact provider programme, entry requirements, NQF record and accreditation against an official source"
"tax-practitioner","Tax Practitioner","Finance, admin and business operations","","","","missing_association","Verify exact provider programme, entry requirements, NQF record and accreditation against an official source"
"tax-practitioner-registered","Tax Practitioner (Registered)","Finance, admin and business operations","","","","missing_association","Verify exact provider programme, entry requirements, NQF record and accreditation against an official source"
"tender-administrator","Tender Administrator","Finance, admin and business operations","","","","missing_association","Verify exact provider programme, entry requirements, NQF record and accreditation against an official source"
"transfer-pricing-specialist","Transfer Pricing Specialist","Finance, admin and business operations","","","","missing_association","Verify exact provider programme, entry requirements, NQF record and accreditation against an official source"
"treasury-analyst","Treasury Analyst","Finance, admin and business operations","","","","missing_association","Verify exact provider programme, entry requirements, NQF record and accreditation against an official source"
"treasury-dealer","Treasury Dealer","Finance, admin and business operations","","","","missing_association","Verify exact provider programme, entry requirements, NQF record and accreditation against an official source"
"trust-administrator","Trust Administrator","Finance, admin and business operations","","","","missing_association","Verify exact provider programme, entry requirements, NQF record and accreditation against an official source"
"typist","Typist","Finance, admin and business operations","","","","missing_association","Verify exact provider programme, entry requirements, NQF record and accreditation against an official source"
"underwriter","Underwriter","Finance, admin and business operations","","","","missing_association","Verify exact provider programme, entry requirements, NQF record and accreditation against an official source"
"valuer","Valuer","Finance, admin and business operations","","","","missing_association","Verify exact provider programme, entry requirements, NQF record and accreditation against an official source"
"vat-clerk","VAT Clerk","Finance, admin and business operations","","","","missing_association","Verify exact provider programme, entry requirements, NQF record and accreditation against an official source"
"vehicle-finance-consultant","Vehicle Finance Consultant","Finance, admin and business operations","","","","missing_association","Verify exact provider programme, entry requirements, NQF record and accreditation against an official source"
"venture-capital-associate","Venture Capital Associate","Finance, admin and business operations","","","","missing_association","Verify exact provider programme, entry requirements, NQF record and accreditation against an official source"
"wealth-manager","Wealth Manager","Finance, admin and business operations","","","","missing_association","Verify exact provider programme, entry requirements, NQF record and accreditation against an official source"
"acupuncturist","Acupuncturist","Health, care and social services","","","","missing_association","Verify exact provider programme, entry requirements, NQF record and accreditation against an official source"
"aged-care-worker","Aged Care Worker","Health, care and social services","","","","missing_association","Verify exact provider programme, entry requirements, NQF record and accreditation against an official source"
"anaesthesiologist","Anaesthesiologist","Health, care and social services","","","","missing_association","Verify exact provider programme, entry requirements, NQF record and accreditation against an official source"
"anaesthetic-technician","Anaesthetic Technician","Health, care and social services","","","","missing_association","Verify exact provider programme, entry requirements, NQF record and accreditation against an official source"
"animal-health-technician","Animal Health Technician","Health, care and social services","","","","missing_association","Verify exact provider programme, entry requirements, NQF record and accreditation against an official source"
"aromatherapist","Aromatherapist","Health, care and social services","","","","missing_association","Verify exact provider programme, entry requirements, NQF record and accreditation against an official source"
"audiologist","Audiologist","Health, care and social services","","","","missing_association","Verify exact provider programme, entry requirements, NQF record and accreditation against an official source"
"audiometry-technician","Audiometry Technician","Health, care and social services","","","","missing_association","Verify exact provider programme, entry requirements, NQF record and accreditation against an official source"
"ayurvedic-practitioner","Ayurvedic Practitioner","Health, care and social services","","","","missing_association","Verify exact provider programme, entry requirements, NQF record and accreditation against an official source"
"basic-ambulance-assistant-baa","Basic Ambulance Assistant (BAA)","Health, care and social services","","","","missing_association","Verify exact provider programme, entry requirements, NQF record and accreditation against an official source"
"biokineticist","Biokineticist","Health, care and social services","","","","missing_association","Verify exact provider programme, entry requirements, NQF record and accreditation against an official source"
"biokinetics-assistant","Biokinetics Assistant","Health, care and social services","","","","missing_association","Verify exact provider programme, entry requirements, NQF record and accreditation against an official source"
"biomedical-engineer","Biomedical Engineer","Health, care and social services","","","","missing_association","Verify exact provider programme, entry requirements, NQF record and accreditation against an official source"
"cardiologist","Cardiologist","Health, care and social services","","","","missing_association","Verify exact provider programme, entry requirements, NQF record and accreditation against an official source"
"care-worker","Care Worker","Health, care and social services","","","","missing_association","Verify exact provider programme, entry requirements, NQF record and accreditation against an official source"
"child-and-youth-care-worker","Child and Youth Care Worker","Health, care and social services","","","","missing_association","Verify exact provider programme, entry requirements, NQF record and accreditation against an official source"
"child-care-worker","Child Care Worker","Health, care and social services","","","","missing_association","Verify exact provider programme, entry requirements, NQF record and accreditation against an official source"
"chiropractor","Chiropractor","Health, care and social services","","","","missing_association","Verify exact provider programme, entry requirements, NQF record and accreditation against an official source"
"cleaner-healthcare","Cleaner (Healthcare)","Health, care and social services","","","","missing_association","Verify exact provider programme, entry requirements, NQF record and accreditation against an official source"
"clinical-associate","Clinical Associate","Health, care and social services","","","","missing_association","Verify exact provider programme, entry requirements, NQF record and accreditation against an official source"
"clinical-coder","Clinical Coder","Health, care and social services","","","","missing_association","Verify exact provider programme, entry requirements, NQF record and accreditation against an official source"
"clinical-pharmacologist","Clinical Pharmacologist","Health, care and social services","","","","missing_association","Verify exact provider programme, entry requirements, NQF record and accreditation against an official source"
"clinical-psychologist","Clinical Psychologist","Health, care and social services","","","","missing_association","Verify exact provider programme, entry requirements, NQF record and accreditation against an official source"
"clinical-research-coordinator","Clinical Research Coordinator","Health, care and social services","","","","missing_association","Verify exact provider programme, entry requirements, NQF record and accreditation against an official source"
"community-development-health-worker","Community Development Health Worker","Health, care and social services","","","","missing_association","Verify exact provider programme, entry requirements, NQF record and accreditation against an official source"
"community-development-worker","Community Development Worker","Health, care and social services","","","","missing_association","Verify exact provider programme, entry requirements, NQF record and accreditation against an official source"
"community-health-worker","Community Health Worker","Health, care and social services","","","","missing_association","Verify exact provider programme, entry requirements, NQF record and accreditation against an official source"
"community-service-medical-officer","Community Service Medical Officer","Health, care and social services","","","","missing_association","Verify exact provider programme, entry requirements, NQF record and accreditation against an official source"
"counselling-psychologist","Counselling Psychologist","Health, care and social services","","","","missing_association","Verify exact provider programme, entry requirements, NQF record and accreditation against an official source"
"critical-care-paramedic-cca","Critical Care Paramedic (CCA)","Health, care and social services","","","","missing_association","Verify exact provider programme, entry requirements, NQF record and accreditation against an official source"
"dental-assistant","Dental Assistant","Health, care and social services","","","","missing_association","Verify exact provider programme, entry requirements, NQF record and accreditation against an official source"
"dental-hygienist","Dental Hygienist","Health, care and social services","","","","missing_association","Verify exact provider programme, entry requirements, NQF record and accreditation against an official source"
"dental-technician","Dental Technician","Health, care and social services","","","","missing_association","Verify exact provider programme, entry requirements, NQF record and accreditation against an official source"
"dental-technologist","Dental Technologist","Health, care and social services","","","","missing_association","Verify exact provider programme, entry requirements, NQF record and accreditation against an official source"
"dental-therapist","Dental Therapist","Health, care and social services","","","","missing_association","Verify exact provider programme, entry requirements, NQF record and accreditation against an official source"
"dentist","Dentist","Health, care and social services","","","","missing_association","Verify exact provider programme, entry requirements, NQF record and accreditation against an official source"
"dermatologist","Dermatologist","Health, care and social services","","","","missing_association","Verify exact provider programme, entry requirements, NQF record and accreditation against an official source"
"dietician","Dietician","Health, care and social services","","","","missing_association","Verify exact provider programme, entry requirements, NQF record and accreditation against an official source"
"disability-support-worker","Disability Support Worker","Health, care and social services","","","","missing_association","Verify exact provider programme, entry requirements, NQF record and accreditation against an official source"
"dispensing-optician","Dispensing Optician","Health, care and social services","","","","missing_association","Verify exact provider programme, entry requirements, NQF record and accreditation against an official source"
"doctor-general-practitioner","Doctor (General Practitioner)","Health, care and social services","","","","missing_association","Verify exact provider programme, entry requirements, NQF record and accreditation against an official source"
"educational-psychologist","Educational Psychologist","Health, care and social services","","","","missing_association","Verify exact provider programme, entry requirements, NQF record and accreditation against an official source"
"embalmer","Embalmer","Health, care and social services","","","","missing_association","Verify exact provider programme, entry requirements, NQF record and accreditation against an official source"
"emergency-care-technician","Emergency Care Technician","Health, care and social services","","","","missing_association","Verify exact provider programme, entry requirements, NQF record and accreditation against an official source"
"emergency-care-technician-ect","Emergency Care Technician (ECT)","Health, care and social services","","","","missing_association","Verify exact provider programme, entry requirements, NQF record and accreditation against an official source"
"emergency-medical-technician-basic","Emergency Medical Technician (Basic)","Health, care and social services","","","","missing_association","Verify exact provider programme, entry requirements, NQF record and accreditation against an official source"
"emergency-medicine-specialist","Emergency Medicine Specialist","Health, care and social services","","","","missing_association","Verify exact provider programme, entry requirements, NQF record and accreditation against an official source"
"enrolled-nurse","Enrolled Nurse","Health, care and social services","","","","missing_association","Verify exact provider programme, entry requirements, NQF record and accreditation against an official source"
"ent-specialist-otorhinolaryngologist","ENT Specialist (Otorhinolaryngologist)","Health, care and social services","","","","missing_association","Verify exact provider programme, entry requirements, NQF record and accreditation against an official source"
"environmental-health-officer","Environmental Health Officer","Health, care and social services","","","","missing_association","Verify exact provider programme, entry requirements, NQF record and accreditation against an official source"
"family-physician","Family Physician","Health, care and social services","","","","missing_association","Verify exact provider programme, entry requirements, NQF record and accreditation against an official source"
"family-therapist","Family Therapist","Health, care and social services","","","","missing_association","Verify exact provider programme, entry requirements, NQF record and accreditation against an official source"
"forensic-pathologist","Forensic Pathologist","Health, care and social services","","","","missing_association","Verify exact provider programme, entry requirements, NQF record and accreditation against an official source"
"funeral-worker","Funeral Worker","Health, care and social services","","","","missing_association","Verify exact provider programme, entry requirements, NQF record and accreditation against an official source"
"general-surgeon","General Surgeon","Health, care and social services","","","","missing_association","Verify exact provider programme, entry requirements, NQF record and accreditation against an official source"
"haematologist","Haematologist","Health, care and social services","","","","missing_association","Verify exact provider programme, entry requirements, NQF record and accreditation against an official source"
"hand-therapist","Hand Therapist","Health, care and social services","","","","missing_association","Verify exact provider programme, entry requirements, NQF record and accreditation against an official source"
"health-data-analyst","Health Data Analyst","Health, care and social services","","","","missing_association","Verify exact provider programme, entry requirements, NQF record and accreditation against an official source"
"health-promotion-officer","Health Promotion Officer","Health, care and social services","","","","missing_association","Verify exact provider programme, entry requirements, NQF record and accreditation against an official source"
"health-services-manager","Health Services Manager","Health, care and social services","","","","missing_association","Verify exact provider programme, entry requirements, NQF record and accreditation against an official source"
"hearing-aid-acoustician","Hearing Aid Acoustician","Health, care and social services","","","","missing_association","Verify exact provider programme, entry requirements, NQF record and accreditation against an official source"
"hearing-aid-technician","Hearing Aid Technician","Health, care and social services","","","","missing_association","Verify exact provider programme, entry requirements, NQF record and accreditation against an official source"
"hiv-aids-counsellor","HIV/AIDS Counsellor","Health, care and social services","","","","missing_association","Verify exact provider programme, entry requirements, NQF record and accreditation against an official source"
"home-care-worker","Home Care Worker","Health, care and social services","","","","missing_association","Verify exact provider programme, entry requirements, NQF record and accreditation against an official source"
"home-based-care-worker","Home-Based Care Worker","Health, care and social services","","","","missing_association","Verify exact provider programme, entry requirements, NQF record and accreditation against an official source"
"homeopath","Homeopath","Health, care and social services","","","","missing_association","Verify exact provider programme, entry requirements, NQF record and accreditation against an official source"
"homeopathy-practitioner","Homeopathy Practitioner","Health, care and social services","","","","missing_association","Verify exact provider programme, entry requirements, NQF record and accreditation against an official source"
"hospital-administrator","Hospital Administrator","Health, care and social services","","","","missing_association","Verify exact provider programme, entry requirements, NQF record and accreditation against an official source"
"hospital-pharmacist","Hospital Pharmacist","Health, care and social services","","","","missing_association","Verify exact provider programme, entry requirements, NQF record and accreditation against an official source"
"infection-control-nurse","Infection Control Nurse","Health, care and social services","","","","missing_association","Verify exact provider programme, entry requirements, NQF record and accreditation against an official source"
"malaria-control-officer","Malaria Control Officer","Health, care and social services","","","","missing_association","Verify exact provider programme, entry requirements, NQF record and accreditation against an official source"
"massage-therapist-registered","Massage Therapist (Registered)","Health, care and social services","","","","missing_association","Verify exact provider programme, entry requirements, NQF record and accreditation against an official source"
"medical-billing-specialist","Medical Billing Specialist","Health, care and social services","","","","missing_association","Verify exact provider programme, entry requirements, NQF record and accreditation against an official source"
"medical-intern","Medical Intern","Health, care and social services","","","","missing_association","Verify exact provider programme, entry requirements, NQF record and accreditation against an official source"
"medical-laboratory-technician","Medical Laboratory Technician","Health, care and social services","","","","missing_association","Verify exact provider programme, entry requirements, NQF record and accreditation against an official source"
"medical-practitioner","Medical Practitioner","Health, care and social services","","","","missing_association","Verify exact provider programme, entry requirements, NQF record and accreditation against an official source"
"medical-scientist","Medical Scientist","Health, care and social services","","","","missing_association","Verify exact provider programme, entry requirements, NQF record and accreditation against an official source"
"medical-specialist","Medical Specialist","Health, care and social services","","","","missing_association","Verify exact provider programme, entry requirements, NQF record and accreditation against an official source"
"medical-superintendent","Medical Superintendent","Health, care and social services","","","","missing_association","Verify exact provider programme, entry requirements, NQF record and accreditation against an official source"
"medical-technologist","Medical Technologist","Health, care and social services","","","","missing_association","Verify exact provider programme, entry requirements, NQF record and accreditation against an official source"
"mental-health-nurse","Mental Health Nurse","Health, care and social services","","","","missing_association","Verify exact provider programme, entry requirements, NQF record and accreditation against an official source"
"midwife","Midwife","Health, care and social services","","","","missing_association","Verify exact provider programme, entry requirements, NQF record and accreditation against an official source"
"midwife-advanced","Midwife (Advanced)","Health, care and social services","","","","missing_association","Verify exact provider programme, entry requirements, NQF record and accreditation against an official source"
"midwife-professional","Midwife (Professional)","Health, care and social services","","","","missing_association","Verify exact provider programme, entry requirements, NQF record and accreditation against an official source"
"mortuary-attendant","Mortuary Attendant","Health, care and social services","","","","missing_association","Verify exact provider programme, entry requirements, NQF record and accreditation against an official source"
"naturopath","Naturopath","Health, care and social services","","","","missing_association","Verify exact provider programme, entry requirements, NQF record and accreditation against an official source"
"nephrology-dialysis-nurse","Nephrology / Dialysis Nurse","Health, care and social services","","","","missing_association","Verify exact provider programme, entry requirements, NQF record and accreditation against an official source"
"neurosurgeon","Neurosurgeon","Health, care and social services","","","","missing_association","Verify exact provider programme, entry requirements, NQF record and accreditation against an official source"
"nurse-manager","Nurse Manager","Health, care and social services","","","","missing_association","Verify exact provider programme, entry requirements, NQF record and accreditation against an official source"
"nursing-assistant","Nursing Assistant","Health, care and social services","","","","missing_association","Verify exact provider programme, entry requirements, NQF record and accreditation against an official source"
"nursing-auxiliary","Nursing Auxiliary","Health, care and social services","","","","missing_association","Verify exact provider programme, entry requirements, NQF record and accreditation against an official source"
"nutritionist","Nutritionist","Health, care and social services","","","","missing_association","Verify exact provider programme, entry requirements, NQF record and accreditation against an official source"
"obstetrician-and-gynaecologist","Obstetrician and Gynaecologist","Health, care and social services","","","","missing_association","Verify exact provider programme, entry requirements, NQF record and accreditation against an official source"
"occupational-health-and-safety-officer","Occupational Health and Safety Officer","Health, care and social services","","","","missing_association","Verify exact provider programme, entry requirements, NQF record and accreditation against an official source"
"occupational-health-nurse","Occupational Health Nurse","Health, care and social services","","","","missing_association","Verify exact provider programme, entry requirements, NQF record and accreditation against an official source"
"occupational-therapist","Occupational Therapist","Health, care and social services","","","","missing_association","Verify exact provider programme, entry requirements, NQF record and accreditation against an official source"
"oncologist","Oncologist","Health, care and social services","","","","missing_association","Verify exact provider programme, entry requirements, NQF record and accreditation against an official source"
"oncology-nurse","Oncology Nurse","Health, care and social services","","","","missing_association","Verify exact provider programme, entry requirements, NQF record and accreditation against an official source"
"operating-department-practitioner","Operating Department Practitioner","Health, care and social services","","","","missing_association","Verify exact provider programme, entry requirements, NQF record and accreditation against an official source"
"ophthalmologist","Ophthalmologist","Health, care and social services","","","","missing_association","Verify exact provider programme, entry requirements, NQF record and accreditation against an official source"
"optician-dispensing","Optician (Dispensing)","Health, care and social services","","","","missing_association","Verify exact provider programme, entry requirements, NQF record and accreditation against an official source"
"optometrist","Optometrist","Health, care and social services","","","","missing_association","Verify exact provider programme, entry requirements, NQF record and accreditation against an official source"
"oral-hygienist","Oral Hygienist","Health, care and social services","","","","missing_association","Verify exact provider programme, entry requirements, NQF record and accreditation against an official source"
"orthopaedic-surgeon","Orthopaedic Surgeon","Health, care and social services","","","","missing_association","Verify exact provider programme, entry requirements, NQF record and accreditation against an official source"
"orthopaedic-technician","Orthopaedic Technician","Health, care and social services","","","","missing_association","Verify exact provider programme, entry requirements, NQF record and accreditation against an official source"
"orthotist-prosthetist","Orthotist / Prosthetist","Health, care and social services","","","","missing_association","Verify exact provider programme, entry requirements, NQF record and accreditation against an official source"
"paediatric-physiotherapist","Paediatric Physiotherapist","Health, care and social services","","","","missing_association","Verify exact provider programme, entry requirements, NQF record and accreditation against an official source"
"paediatrician","Paediatrician","Health, care and social services","","","","missing_association","Verify exact provider programme, entry requirements, NQF record and accreditation against an official source"
"paramedic","Paramedic","Health, care and social services","","","","missing_association","Verify exact provider programme, entry requirements, NQF record and accreditation against an official source"
"paramedic-advanced-life-support","Paramedic (Advanced Life Support)","Health, care and social services","","","","missing_association","Verify exact provider programme, entry requirements, NQF record and accreditation against an official source"
"pathologist","Pathologist","Health, care and social services","","","","missing_association","Verify exact provider programme, entry requirements, NQF record and accreditation against an official source"
"pathologist-anatomical","Pathologist (Anatomical)","Health, care and social services","","","","missing_association","Verify exact provider programme, entry requirements, NQF record and accreditation against an official source"
"perfusionist","Perfusionist","Health, care and social services","","","","missing_association","Verify exact provider programme, entry requirements, NQF record and accreditation against an official source"
"pharmacist","Pharmacist","Health, care and social services","","","","missing_association","Verify exact provider programme, entry requirements, NQF record and accreditation against an official source"
"pharmacist-assistant","Pharmacist Assistant","Health, care and social services","","","","missing_association","Verify exact provider programme, entry requirements, NQF record and accreditation against an official source"
"pharmacy-assistant","Pharmacy Assistant","Health, care and social services","","","","missing_association","Verify exact provider programme, entry requirements, NQF record and accreditation against an official source"
"pharmacy-technician","Pharmacy Technician","Health, care and social services","","","","missing_association","Verify exact provider programme, entry requirements, NQF record and accreditation against an official source"
"phlebotomist","Phlebotomist","Health, care and social services","","","","missing_association","Verify exact provider programme, entry requirements, NQF record and accreditation against an official source"
"physiotherapist","Physiotherapist","Health, care and social services","","","","missing_association","Verify exact provider programme, entry requirements, NQF record and accreditation against an official source"
"plastic-and-reconstructive-surgeon","Plastic and Reconstructive Surgeon","Health, care and social services","","","","missing_association","Verify exact provider programme, entry requirements, NQF record and accreditation against an official source"
"podiatrist","Podiatrist","Health, care and social services","","","","missing_association","Verify exact provider programme, entry requirements, NQF record and accreditation against an official source"
"post-basic-pharmacist-assistant","Post-Basic Pharmacist Assistant","Health, care and social services","","","","missing_association","Verify exact provider programme, entry requirements, NQF record and accreditation against an official source"
"primary-health-care-nurse","Primary Health Care Nurse","Health, care and social services","","","","missing_association","Verify exact provider programme, entry requirements, NQF record and accreditation against an official source"
"psychiatric-nurse","Psychiatric Nurse","Health, care and social services","","","","missing_association","Verify exact provider programme, entry requirements, NQF record and accreditation against an official source"
"psychiatrist","Psychiatrist","Health, care and social services","","","","missing_association","Verify exact provider programme, entry requirements, NQF record and accreditation against an official source"
"radiographer","Radiographer","Health, care and social services","","","","missing_association","Verify exact provider programme, entry requirements, NQF record and accreditation against an official source"
"radiographer-diagnostic","Radiographer (Diagnostic)","Health, care and social services","","","","missing_association","Verify exact provider programme, entry requirements, NQF record and accreditation against an official source"
"radiographer-therapeutic","Radiographer (Therapeutic)","Health, care and social services","","","","missing_association","Verify exact provider programme, entry requirements, NQF record and accreditation against an official source"
"radiologist","Radiologist","Health, care and social services","","","","missing_association","Verify exact provider programme, entry requirements, NQF record and accreditation against an official source"
"reflexologist","Reflexologist","Health, care and social services","","","","missing_association","Verify exact provider programme, entry requirements, NQF record and accreditation against an official source"
"registered-nurse","Registered Nurse","Health, care and social services","","","","missing_association","Verify exact provider programme, entry requirements, NQF record and accreditation against an official source"
"registered-nurse-critical-care","Registered Nurse (Critical Care)","Health, care and social services","","","","missing_association","Verify exact provider programme, entry requirements, NQF record and accreditation against an official source"
"registered-nurse-general","Registered Nurse (General)","Health, care and social services","","","","missing_association","Verify exact provider programme, entry requirements, NQF record and accreditation against an official source"
"registered-nurse-midwifery","Registered Nurse (Midwifery)","Health, care and social services","","","","missing_association","Verify exact provider programme, entry requirements, NQF record and accreditation against an official source"
"registered-nurse-operating-theatre","Registered Nurse (Operating Theatre)","Health, care and social services","","","","missing_association","Verify exact provider programme, entry requirements, NQF record and accreditation against an official source"
"registered-nurse-paediatrics","Registered Nurse (Paediatrics)","Health, care and social services","","","","missing_association","Verify exact provider programme, entry requirements, NQF record and accreditation against an official source"
"registered-nurse-psychiatric","Registered Nurse (Psychiatric)","Health, care and social services","","","","missing_association","Verify exact provider programme, entry requirements, NQF record and accreditation against an official source"
"rural-doctor-community-service","Rural Doctor (Community Service)","Health, care and social services","","","","missing_association","Verify exact provider programme, entry requirements, NQF record and accreditation against an official source"
"social-worker","Social Worker","Health, care and social services","","","","missing_association","Verify exact provider programme, entry requirements, NQF record and accreditation against an official source"
"specialist-physician","Specialist Physician","Health, care and social services","","","","missing_association","Verify exact provider programme, entry requirements, NQF record and accreditation against an official source"
"speech-therapist","Speech Therapist","Health, care and social services","","","","missing_association","Verify exact provider programme, entry requirements, NQF record and accreditation against an official source"
"speech-therapy-assistant","Speech Therapy Assistant","Health, care and social services","","","","missing_association","Verify exact provider programme, entry requirements, NQF record and accreditation against an official source"
"speech-language-therapist","Speech-Language Therapist","Health, care and social services","","","","missing_association","Verify exact provider programme, entry requirements, NQF record and accreditation against an official source"
"sports-physiotherapist","Sports Physiotherapist","Health, care and social services","","","","missing_association","Verify exact provider programme, entry requirements, NQF record and accreditation against an official source"
"staff-nurse","Staff Nurse","Health, care and social services","","","","missing_association","Verify exact provider programme, entry requirements, NQF record and accreditation against an official source"
"substance-abuse-counsellor","Substance Abuse Counsellor","Health, care and social services","","","","missing_association","Verify exact provider programme, entry requirements, NQF record and accreditation against an official source"
"surgeon","Surgeon","Health, care and social services","","","","missing_association","Verify exact provider programme, entry requirements, NQF record and accreditation against an official source"
"tb-nurse","TB Nurse","Health, care and social services","","","","missing_association","Verify exact provider programme, entry requirements, NQF record and accreditation against an official source"
"telehealth-coordinator","Telehealth Coordinator","Health, care and social services","","","","missing_association","Verify exact provider programme, entry requirements, NQF record and accreditation against an official source"
"theatre-nurse","Theatre Nurse","Health, care and social services","","","","missing_association","Verify exact provider programme, entry requirements, NQF record and accreditation against an official source"
"traditional-chinese-medicine-practitioner","Traditional Chinese Medicine Practitioner","Health, care and social services","","","","missing_association","Verify exact provider programme, entry requirements, NQF record and accreditation against an official source"
"traditional-health-practitioner","Traditional Health Practitioner","Health, care and social services","","","","missing_association","Verify exact provider programme, entry requirements, NQF record and accreditation against an official source"
"urologist","Urologist","Health, care and social services","","","","missing_association","Verify exact provider programme, entry requirements, NQF record and accreditation against an official source"
"veterinarian","Veterinarian","Health, care and social services","","","","missing_association","Verify exact provider programme, entry requirements, NQF record and accreditation against an official source"
"veterinarian-large-stock-wildlife","Veterinarian (Large Stock / Wildlife)","Health, care and social services","","","","missing_association","Verify exact provider programme, entry requirements, NQF record and accreditation against an official source"
"veterinarian-small-animal","Veterinarian (Small Animal)","Health, care and social services","","","","missing_association","Verify exact provider programme, entry requirements, NQF record and accreditation against an official source"
"veterinary-assistant","Veterinary Assistant","Health, care and social services","","","","missing_association","Verify exact provider programme, entry requirements, NQF record and accreditation against an official source"
"veterinary-technologist","Veterinary Technologist","Health, care and social services","","","","missing_association","Verify exact provider programme, entry requirements, NQF record and accreditation against an official source"
"wellness-programme-coordinator","Wellness Programme Coordinator","Health, care and social services","","","","missing_association","Verify exact provider programme, entry requirements, NQF record and accreditation against an official source"
"youth-worker","Youth Worker","Health, care and social services","","","","missing_association","Verify exact provider programme, entry requirements, NQF record and accreditation against an official source"
"airbnb-short-term-rental-host","Airbnb / Short-Term Rental Host","Hospitality, tourism, sport and events","","","","missing_association","Verify exact provider programme, entry requirements, NQF record and accreditation against an official source"
"airline-cabin-crew","Airline Cabin Crew","Hospitality, tourism, sport and events","","","","missing_association","Verify exact provider programme, entry requirements, NQF record and accreditation against an official source"
"athlete","Athlete","Hospitality, tourism, sport and events","","","","missing_association","Verify exact provider programme, entry requirements, NQF record and accreditation against an official source"
"banqueting-chef","Banqueting Chef","Hospitality, tourism, sport and events","","","","missing_association","Verify exact provider programme, entry requirements, NQF record and accreditation against an official source"
"bar-back","Bar Back","Hospitality, tourism, sport and events","","","","missing_association","Verify exact provider programme, entry requirements, NQF record and accreditation against an official source"
"bar-manager","Bar Manager","Hospitality, tourism, sport and events","","","","missing_association","Verify exact provider programme, entry requirements, NQF record and accreditation against an official source"
"barista","Barista","Hospitality, tourism, sport and events","","","","missing_association","Verify exact provider programme, entry requirements, NQF record and accreditation against an official source"
"barista-trainer","Barista Trainer","Hospitality, tourism, sport and events","","","","missing_association","Verify exact provider programme, entry requirements, NQF record and accreditation against an official source"
"barman-pub-tavern","Barman (Pub / Tavern)","Hospitality, tourism, sport and events","","","","missing_association","Verify exact provider programme, entry requirements, NQF record and accreditation against an official source"
"bartender","Bartender","Hospitality, tourism, sport and events","","","","missing_association","Verify exact provider programme, entry requirements, NQF record and accreditation against an official source"
"bell-attendant","Bell Attendant","Hospitality, tourism, sport and events","","","","missing_association","Verify exact provider programme, entry requirements, NQF record and accreditation against an official source"
"bellman-porter","Bellman / Porter","Hospitality, tourism, sport and events","","","","missing_association","Verify exact provider programme, entry requirements, NQF record and accreditation against an official source"
"brewmaster-craft-beer","Brewmaster (Craft Beer)","Hospitality, tourism, sport and events","","","","missing_association","Verify exact provider programme, entry requirements, NQF record and accreditation against an official source"
"butcher-chef","Butcher Chef","Hospitality, tourism, sport and events","","","","missing_association","Verify exact provider programme, entry requirements, NQF record and accreditation against an official source"
"butler-lodge-host","Butler / Lodge Host","Hospitality, tourism, sport and events","","","","missing_association","Verify exact provider programme, entry requirements, NQF record and accreditation against an official source"
"car-rental-agent","Car Rental Agent","Hospitality, tourism, sport and events","","","","missing_association","Verify exact provider programme, entry requirements, NQF record and accreditation against an official source"
"casino-dealer-croupier","Casino Dealer / Croupier","Hospitality, tourism, sport and events","","","","missing_association","Verify exact provider programme, entry requirements, NQF record and accreditation against an official source"
"casino-gaming-manager","Casino Gaming Manager","Hospitality, tourism, sport and events","","","","missing_association","Verify exact provider programme, entry requirements, NQF record and accreditation against an official source"
"casino-pit-boss","Casino Pit Boss","Hospitality, tourism, sport and events","","","","missing_association","Verify exact provider programme, entry requirements, NQF record and accreditation against an official source"
"casino-worker","Casino Worker","Hospitality, tourism, sport and events","","","","missing_association","Verify exact provider programme, entry requirements, NQF record and accreditation against an official source"
"catering-assistant","Catering Assistant","Hospitality, tourism, sport and events","","","","missing_association","Verify exact provider programme, entry requirements, NQF record and accreditation against an official source"
"catering-manager","Catering Manager","Hospitality, tourism, sport and events","","","","missing_association","Verify exact provider programme, entry requirements, NQF record and accreditation against an official source"
"chef","Chef","Hospitality, tourism, sport and events","","","","missing_association","Verify exact provider programme, entry requirements, NQF record and accreditation against an official source"
"chef-head-executive","Chef (Head / Executive)","Hospitality, tourism, sport and events","","","","missing_association","Verify exact provider programme, entry requirements, NQF record and accreditation against an official source"
"chef-de-cuisine","Chef de Cuisine","Hospitality, tourism, sport and events","","","","missing_association","Verify exact provider programme, entry requirements, NQF record and accreditation against an official source"
"chef-de-partie","Chef de Partie","Hospitality, tourism, sport and events","","","","missing_association","Verify exact provider programme, entry requirements, NQF record and accreditation against an official source"
"cocktail-bartender","Cocktail Bartender","Hospitality, tourism, sport and events","","","","missing_association","Verify exact provider programme, entry requirements, NQF record and accreditation against an official source"
"commis-chef","Commis Chef","Hospitality, tourism, sport and events","","","","missing_association","Verify exact provider programme, entry requirements, NQF record and accreditation against an official source"
"commodity-chef-line-cook","Commodity Chef (Line Cook)","Hospitality, tourism, sport and events","","","","missing_association","Verify exact provider programme, entry requirements, NQF record and accreditation against an official source"
"concierge","Concierge","Hospitality, tourism, sport and events","","","","missing_association","Verify exact provider programme, entry requirements, NQF record and accreditation against an official source"
"concierge-porter","Concierge / Porter","Hospitality, tourism, sport and events","","","","missing_association","Verify exact provider programme, entry requirements, NQF record and accreditation against an official source"
"conference-and-banqueting-manager","Conference and Banqueting Manager","Hospitality, tourism, sport and events","","","","missing_association","Verify exact provider programme, entry requirements, NQF record and accreditation against an official source"
"conference-coordinator","Conference Coordinator","Hospitality, tourism, sport and events","","","","missing_association","Verify exact provider programme, entry requirements, NQF record and accreditation against an official source"
"conference-organiser","Conference Organiser","Hospitality, tourism, sport and events","","","","missing_association","Verify exact provider programme, entry requirements, NQF record and accreditation against an official source"
"cook","Cook","Hospitality, tourism, sport and events","","","","missing_association","Verify exact provider programme, entry requirements, NQF record and accreditation against an official source"
"cruise-ship-attendant","Cruise Ship Attendant","Hospitality, tourism, sport and events","","","","missing_association","Verify exact provider programme, entry requirements, NQF record and accreditation against an official source"
"demi-chef","Demi-Chef","Hospitality, tourism, sport and events","","","","missing_association","Verify exact provider programme, entry requirements, NQF record and accreditation against an official source"
"destination-marketing-manager","Destination Marketing Manager","Hospitality, tourism, sport and events","","","","missing_association","Verify exact provider programme, entry requirements, NQF record and accreditation against an official source"
"dishwasher","Dishwasher","Hospitality, tourism, sport and events","","","","missing_association","Verify exact provider programme, entry requirements, NQF record and accreditation against an official source"
"event-coordinator","Event Coordinator","Hospitality, tourism, sport and events","","","","missing_association","Verify exact provider programme, entry requirements, NQF record and accreditation against an official source"
"event-manager","Event Manager","Hospitality, tourism, sport and events","","","","missing_association","Verify exact provider programme, entry requirements, NQF record and accreditation against an official source"
"event-set-up-crew","Event Set-up Crew","Hospitality, tourism, sport and events","","","","missing_association","Verify exact provider programme, entry requirements, NQF record and accreditation against an official source"
"events-coordinator","Events Coordinator","Hospitality, tourism, sport and events","","","","missing_association","Verify exact provider programme, entry requirements, NQF record and accreditation against an official source"
"events-manager-corporate","Events Manager (Corporate)","Hospitality, tourism, sport and events","","","","missing_association","Verify exact provider programme, entry requirements, NQF record and accreditation against an official source"
"executive-chef","Executive Chef","Hospitality, tourism, sport and events","","","","missing_association","Verify exact provider programme, entry requirements, NQF record and accreditation against an official source"
"fast-food-cook","Fast Food Cook","Hospitality, tourism, sport and events","","","","missing_association","Verify exact provider programme, entry requirements, NQF record and accreditation against an official source"
"fast-food-crew-member","Fast-Food Crew Member","Hospitality, tourism, sport and events","","","","missing_association","Verify exact provider programme, entry requirements, NQF record and accreditation against an official source"
"fast-food-restaurant-manager","Fast-Food Restaurant Manager","Hospitality, tourism, sport and events","","","","missing_association","Verify exact provider programme, entry requirements, NQF record and accreditation against an official source"
"fitness-instructor","Fitness Instructor","Hospitality, tourism, sport and events","","","","missing_association","Verify exact provider programme, entry requirements, NQF record and accreditation against an official source"
"flight-attendant-cabin-crew","Flight Attendant (Cabin Crew)","Hospitality, tourism, sport and events","","","","missing_association","Verify exact provider programme, entry requirements, NQF record and accreditation against an official source"
"food-delivery-rider-app-based","Food Delivery Rider (App-based)","Hospitality, tourism, sport and events","","","","missing_association","Verify exact provider programme, entry requirements, NQF record and accreditation against an official source"
"food-service-manager","Food Service Manager","Hospitality, tourism, sport and events","","","","missing_association","Verify exact provider programme, entry requirements, NQF record and accreditation against an official source"
"front-of-house-manager","Front of House Manager","Hospitality, tourism, sport and events","","","","missing_association","Verify exact provider programme, entry requirements, NQF record and accreditation against an official source"
"function-coordinator","Function Coordinator","Hospitality, tourism, sport and events","","","","missing_association","Verify exact provider programme, entry requirements, NQF record and accreditation against an official source"
"game-lodge-general-manager","Game Lodge General Manager","Hospitality, tourism, sport and events","","","","missing_association","Verify exact provider programme, entry requirements, NQF record and accreditation against an official source"
"game-lodge-tracker","Game Lodge Tracker","Hospitality, tourism, sport and events","","","","missing_association","Verify exact provider programme, entry requirements, NQF record and accreditation against an official source"
"game-ranger-field-guide-safari-lodge","Game Ranger / Field Guide (Safari Lodge)","Hospitality, tourism, sport and events","","","","missing_association","Verify exact provider programme, entry requirements, NQF record and accreditation against an official source"
"game-reserve-hospitality-host","Game Reserve Hospitality Host","Hospitality, tourism, sport and events","","","","missing_association","Verify exact provider programme, entry requirements, NQF record and accreditation against an official source"
"gaming-table-supervisor","Gaming Table Supervisor","Hospitality, tourism, sport and events","","","","missing_association","Verify exact provider programme, entry requirements, NQF record and accreditation against an official source"
"grill-chef","Grill Chef","Hospitality, tourism, sport and events","","","","missing_association","Verify exact provider programme, entry requirements, NQF record and accreditation against an official source"
"guest-house-manager","Guest House Manager","Hospitality, tourism, sport and events","","","","missing_association","Verify exact provider programme, entry requirements, NQF record and accreditation against an official source"
"guest-lodge-manager","Guest Lodge Manager","Hospitality, tourism, sport and events","","","","missing_association","Verify exact provider programme, entry requirements, NQF record and accreditation against an official source"
"head-waiter","Head Waiter","Hospitality, tourism, sport and events","","","","missing_association","Verify exact provider programme, entry requirements, NQF record and accreditation against an official source"
"host-hostess-restaurant","Host / Hostess (Restaurant)","Hospitality, tourism, sport and events","","","","missing_association","Verify exact provider programme, entry requirements, NQF record and accreditation against an official source"
"hotel-duty-manager","Hotel Duty Manager","Hospitality, tourism, sport and events","","","","missing_association","Verify exact provider programme, entry requirements, NQF record and accreditation against an official source"
"hotel-front-office-manager","Hotel Front Office Manager","Hospitality, tourism, sport and events","","","","missing_association","Verify exact provider programme, entry requirements, NQF record and accreditation against an official source"
"hotel-general-manager","Hotel General Manager","Hospitality, tourism, sport and events","","","","missing_association","Verify exact provider programme, entry requirements, NQF record and accreditation against an official source"
"hotel-group-executive-chef","Hotel Group Executive Chef","Hospitality, tourism, sport and events","","","","missing_association","Verify exact provider programme, entry requirements, NQF record and accreditation against an official source"
"hotel-manager","Hotel Manager","Hospitality, tourism, sport and events","","","","missing_association","Verify exact provider programme, entry requirements, NQF record and accreditation against an official source"
"hotel-night-manager","Hotel Night Manager","Hospitality, tourism, sport and events","","","","missing_association","Verify exact provider programme, entry requirements, NQF record and accreditation against an official source"
"housekeeper","Housekeeper","Hospitality, tourism, sport and events","","","","missing_association","Verify exact provider programme, entry requirements, NQF record and accreditation against an official source"
"housekeeper-hospitality","Housekeeper (Hospitality)","Hospitality, tourism, sport and events","","","","missing_association","Verify exact provider programme, entry requirements, NQF record and accreditation against an official source"
"housekeeping-manager","Housekeeping Manager","Hospitality, tourism, sport and events","","","","missing_association","Verify exact provider programme, entry requirements, NQF record and accreditation against an official source"
"housekeeping-supervisor","Housekeeping Supervisor","Hospitality, tourism, sport and events","","","","missing_association","Verify exact provider programme, entry requirements, NQF record and accreditation against an official source"
"kitchen-hand","Kitchen Hand","Hospitality, tourism, sport and events","","","","missing_association","Verify exact provider programme, entry requirements, NQF record and accreditation against an official source"
"kitchen-porter-steward","Kitchen Porter / Steward","Hospitality, tourism, sport and events","","","","missing_association","Verify exact provider programme, entry requirements, NQF record and accreditation against an official source"
"laundry-worker","Laundry Worker","Hospitality, tourism, sport and events","","","","missing_association","Verify exact provider programme, entry requirements, NQF record and accreditation against an official source"
"lifeguard","Lifeguard","Hospitality, tourism, sport and events","","","","missing_association","Verify exact provider programme, entry requirements, NQF record and accreditation against an official source"
"lodge-field-guide-fgasa-level-1","Lodge Field Guide (FGASA Level 1)","Hospitality, tourism, sport and events","","","","missing_association","Verify exact provider programme, entry requirements, NQF record and accreditation against an official source"
"lodge-manager","Lodge Manager","Hospitality, tourism, sport and events","","","","missing_association","Verify exact provider programme, entry requirements, NQF record and accreditation against an official source"
"mixologist","Mixologist","Hospitality, tourism, sport and events","","","","missing_association","Verify exact provider programme, entry requirements, NQF record and accreditation against an official source"
"museum-tour-guide","Museum Tour Guide","Hospitality, tourism, sport and events","","","","missing_association","Verify exact provider programme, entry requirements, NQF record and accreditation against an official source"
"overland-tour-guide","Overland Tour Guide","Hospitality, tourism, sport and events","","","","missing_association","Verify exact provider programme, entry requirements, NQF record and accreditation against an official source"
"pastry-cook-hotel","Pastry Cook (Hotel)","Hospitality, tourism, sport and events","","","","missing_association","Verify exact provider programme, entry requirements, NQF record and accreditation against an official source"
"patisserie-chef","Patisserie Chef","Hospitality, tourism, sport and events","","","","missing_association","Verify exact provider programme, entry requirements, NQF record and accreditation against an official source"
"personal-trainer","Personal Trainer","Hospitality, tourism, sport and events","","","","missing_association","Verify exact provider programme, entry requirements, NQF record and accreditation against an official source"
"pizza-chef","Pizza Chef","Hospitality, tourism, sport and events","","","","missing_association","Verify exact provider programme, entry requirements, NQF record and accreditation against an official source"
"porter","Porter","Hospitality, tourism, sport and events","","","","missing_association","Verify exact provider programme, entry requirements, NQF record and accreditation against an official source"
"recreation-officer","Recreation Officer","Hospitality, tourism, sport and events","","","","missing_association","Verify exact provider programme, entry requirements, NQF record and accreditation against an official source"
"reservation-agent","Reservation Agent","Hospitality, tourism, sport and events","","","","missing_association","Verify exact provider programme, entry requirements, NQF record and accreditation against an official source"
"reservations-manager","Reservations Manager","Hospitality, tourism, sport and events","","","","missing_association","Verify exact provider programme, entry requirements, NQF record and accreditation against an official source"
"restaurant-cashier","Restaurant Cashier","Hospitality, tourism, sport and events","","","","missing_association","Verify exact provider programme, entry requirements, NQF record and accreditation against an official source"
"restaurant-floor-manager","Restaurant Floor Manager","Hospitality, tourism, sport and events","","","","missing_association","Verify exact provider programme, entry requirements, NQF record and accreditation against an official source"
"restaurant-head-waiter-ma-tre-d","Restaurant Head Waiter / Maître d'","Hospitality, tourism, sport and events","","","","missing_association","Verify exact provider programme, entry requirements, NQF record and accreditation against an official source"
"restaurant-manager","Restaurant Manager","Hospitality, tourism, sport and events","","","","missing_association","Verify exact provider programme, entry requirements, NQF record and accreditation against an official source"
"revenue-manager-hotel","Revenue Manager (Hotel)","Hospitality, tourism, sport and events","","","","missing_association","Verify exact provider programme, entry requirements, NQF record and accreditation against an official source"
"rooms-division-manager","Rooms Division Manager","Hospitality, tourism, sport and events","","","","missing_association","Verify exact provider programme, entry requirements, NQF record and accreditation against an official source"
"safari-camp-manager","Safari Camp Manager","Hospitality, tourism, sport and events","","","","missing_association","Verify exact provider programme, entry requirements, NQF record and accreditation against an official source"
"shebeen-tavern-owner","Shebeen / Tavern Owner","Hospitality, tourism, sport and events","","","","missing_association","Verify exact provider programme, entry requirements, NQF record and accreditation against an official source"
"sommelier","Sommelier","Hospitality, tourism, sport and events","","","","missing_association","Verify exact provider programme, entry requirements, NQF record and accreditation against an official source"
"sommelier-wine-steward","Sommelier / Wine Steward","Hospitality, tourism, sport and events","","","","missing_association","Verify exact provider programme, entry requirements, NQF record and accreditation against an official source"
"sous-chef","Sous Chef","Hospitality, tourism, sport and events","","","","missing_association","Verify exact provider programme, entry requirements, NQF record and accreditation against an official source"
"sports-administrator","Sports Administrator","Hospitality, tourism, sport and events","","","","missing_association","Verify exact provider programme, entry requirements, NQF record and accreditation against an official source"
"sports-coach","Sports Coach","Hospitality, tourism, sport and events","","","","missing_association","Verify exact provider programme, entry requirements, NQF record and accreditation against an official source"
"sports-manager","Sports Manager","Hospitality, tourism, sport and events","","","","missing_association","Verify exact provider programme, entry requirements, NQF record and accreditation against an official source"
"sports-referee","Sports Referee","Hospitality, tourism, sport and events","","","","missing_association","Verify exact provider programme, entry requirements, NQF record and accreditation against an official source"
"sushi-chef","Sushi Chef","Hospitality, tourism, sport and events","","","","missing_association","Verify exact provider programme, entry requirements, NQF record and accreditation against an official source"
"theme-park-attendant","Theme Park Attendant","Hospitality, tourism, sport and events","","","","missing_association","Verify exact provider programme, entry requirements, NQF record and accreditation against an official source"
"tour-guide","Tour Guide","Hospitality, tourism, sport and events","","","","missing_association","Verify exact provider programme, entry requirements, NQF record and accreditation against an official source"
"tour-operator-consultant","Tour Operator Consultant","Hospitality, tourism, sport and events","","","","missing_association","Verify exact provider programme, entry requirements, NQF record and accreditation against an official source"
"tour-operator-manager","Tour Operator Manager","Hospitality, tourism, sport and events","","","","missing_association","Verify exact provider programme, entry requirements, NQF record and accreditation against an official source"
"tourism-content-creator","Tourism Content Creator","Hospitality, tourism, sport and events","","","","missing_association","Verify exact provider programme, entry requirements, NQF record and accreditation against an official source"
"tourism-information-officer","Tourism Information Officer","Hospitality, tourism, sport and events","","","","missing_association","Verify exact provider programme, entry requirements, NQF record and accreditation against an official source"
"tourism-officer","Tourism Officer","Hospitality, tourism, sport and events","","","","missing_association","Verify exact provider programme, entry requirements, NQF record and accreditation against an official source"
"trail-guide-horse-hiking","Trail Guide (Horse / Hiking)","Hospitality, tourism, sport and events","","","","missing_association","Verify exact provider programme, entry requirements, NQF record and accreditation against an official source"
"travel-agency-manager","Travel Agency Manager","Hospitality, tourism, sport and events","","","","missing_association","Verify exact provider programme, entry requirements, NQF record and accreditation against an official source"
"travel-agent-consultant","Travel Agent / Consultant","Hospitality, tourism, sport and events","","","","missing_association","Verify exact provider programme, entry requirements, NQF record and accreditation against an official source"
"travel-consultant","Travel Consultant","Hospitality, tourism, sport and events","","","","missing_association","Verify exact provider programme, entry requirements, NQF record and accreditation against an official source"
"umpire","Umpire","Hospitality, tourism, sport and events","","","","missing_association","Verify exact provider programme, entry requirements, NQF record and accreditation against an official source"
"valet-parking-attendant","Valet Parking Attendant","Hospitality, tourism, sport and events","","","","missing_association","Verify exact provider programme, entry requirements, NQF record and accreditation against an official source"
"vegetarian-vegan-chef","Vegetarian / Vegan Chef","Hospitality, tourism, sport and events","","","","missing_association","Verify exact provider programme, entry requirements, NQF record and accreditation against an official source"
"venue-manager","Venue Manager","Hospitality, tourism, sport and events","","","","missing_association","Verify exact provider programme, entry requirements, NQF record and accreditation against an official source"
"waiter","Waiter","Hospitality, tourism, sport and events","","","","missing_association","Verify exact provider programme, entry requirements, NQF record and accreditation against an official source"
"waiter-waitress","Waiter / Waitress","Hospitality, tourism, sport and events","","","","missing_association","Verify exact provider programme, entry requirements, NQF record and accreditation against an official source"
"waitron-trainer","Waitron Trainer","Hospitality, tourism, sport and events","","","","missing_association","Verify exact provider programme, entry requirements, NQF record and accreditation against an official source"
"wedding-coordinator","Wedding Coordinator","Hospitality, tourism, sport and events","","","","missing_association","Verify exact provider programme, entry requirements, NQF record and accreditation against an official source"
"wedding-planner","Wedding Planner","Hospitality, tourism, sport and events","","","","missing_association","Verify exact provider programme, entry requirements, NQF record and accreditation against an official source"
"wine-estate-tour-guide","Wine Estate Tour Guide","Hospitality, tourism, sport and events","","","","missing_association","Verify exact provider programme, entry requirements, NQF record and accreditation against an official source"
"wine-steward","Wine Steward","Hospitality, tourism, sport and events","","","","missing_association","Verify exact provider programme, entry requirements, NQF record and accreditation against an official source"
"aftercare-assistant","Aftercare Assistant","Informal, entrepreneurship and community economy","","","","missing_association","Verify exact provider programme, entry requirements, NQF record and accreditation against an official source"
"air-conditioning-refrigeration-technician","Air-conditioning & Refrigeration Technician","Informal, entrepreneurship and community economy","","","","missing_association","Verify exact provider programme, entry requirements, NQF record and accreditation against an official source"
"amagwinya-vetkoek-seller","Amagwinya (Vetkoek) Seller","Informal, entrepreneurship and community economy","","","","missing_association","Verify exact provider programme, entry requirements, NQF record and accreditation against an official source"
"amapiano-event-organiser","Amapiano Event Organiser","Informal, entrepreneurship and community economy","","","","missing_association","Verify exact provider programme, entry requirements, NQF record and accreditation against an official source"
"app-based-delivery-courier","App-based Delivery Courier","Informal, entrepreneurship and community economy","","","","missing_association","Verify exact provider programme, entry requirements, NQF record and accreditation against an official source"
"appliance-repair-technician","Appliance Repair Technician","Informal, entrepreneurship and community economy","","","","missing_association","Verify exact provider programme, entry requirements, NQF record and accreditation against an official source"
"appliance-repairer","Appliance Repairer","Informal, entrepreneurship and community economy","","","","missing_association","Verify exact provider programme, entry requirements, NQF record and accreditation against an official source"
"armed-response-officer","Armed Response Officer","Informal, entrepreneurship and community economy","","","","missing_association","Verify exact provider programme, entry requirements, NQF record and accreditation against an official source"
"auto-electrician-informal","Auto Electrician (Informal)","Informal, entrepreneurship and community economy","","","","missing_association","Verify exact provider programme, entry requirements, NQF record and accreditation against an official source"
"barber-township","Barber (Township)","Informal, entrepreneurship and community economy","","","","missing_association","Verify exact provider programme, entry requirements, NQF record and accreditation against an official source"
"bicycle-repairer","Bicycle Repairer","Informal, entrepreneurship and community economy","","","","missing_association","Verify exact provider programme, entry requirements, NQF record and accreditation against an official source"
"boerewors-roll-stand-operator","Boerewors Roll Stand Operator","Informal, entrepreneurship and community economy","","","","missing_association","Verify exact provider programme, entry requirements, NQF record and accreditation against an official source"
"bottle-store-owner","Bottle Store Owner","Informal, entrepreneurship and community economy","","","","missing_association","Verify exact provider programme, entry requirements, NQF record and accreditation against an official source"
"bouncer-event-door-supervisor","Bouncer / Event Door Supervisor","Informal, entrepreneurship and community economy","","","","missing_association","Verify exact provider programme, entry requirements, NQF record and accreditation against an official source"
"braai-shisa-nyama-stand-operator","Braai / Shisa Nyama Stand Operator","Informal, entrepreneurship and community economy","","","","missing_association","Verify exact provider programme, entry requirements, NQF record and accreditation against an official source"
"brickmaker-informal","Brickmaker (Informal)","Informal, entrepreneurship and community economy","","","","missing_association","Verify exact provider programme, entry requirements, NQF record and accreditation against an official source"
"builder-self-employed","Builder (Self-Employed)","Informal, entrepreneurship and community economy","","","","missing_association","Verify exact provider programme, entry requirements, NQF record and accreditation against an official source"
"car-boot-sale-vendor","Car Boot Sale Vendor","Informal, entrepreneurship and community economy","","","","missing_association","Verify exact provider programme, entry requirements, NQF record and accreditation against an official source"
"car-guard","Car Guard","Informal, entrepreneurship and community economy","","","","missing_association","Verify exact provider programme, entry requirements, NQF record and accreditation against an official source"
"car-mechanic-informal","Car Mechanic (Informal)","Informal, entrepreneurship and community economy","","","","missing_association","Verify exact provider programme, entry requirements, NQF record and accreditation against an official source"
"car-wash-attendant","Car Wash Attendant","Informal, entrepreneurship and community economy","","","","missing_association","Verify exact provider programme, entry requirements, NQF record and accreditation against an official source"
"car-wash-bay-owner","Car Wash Bay Owner","Informal, entrepreneurship and community economy","","","","missing_association","Verify exact provider programme, entry requirements, NQF record and accreditation against an official source"
"car-washer","Car Washer","Informal, entrepreneurship and community economy","","","","missing_association","Verify exact provider programme, entry requirements, NQF record and accreditation against an official source"
"caretaker-building-superintendent","Caretaker (Building Superintendent)","Informal, entrepreneurship and community economy","","","","missing_association","Verify exact provider programme, entry requirements, NQF record and accreditation against an official source"
"cargo-guard-armed","Cargo Guard (Armed)","Informal, entrepreneurship and community economy","","","","missing_association","Verify exact provider programme, entry requirements, NQF record and accreditation against an official source"
"carpenter-self-employed","Carpenter (Self-Employed)","Informal, entrepreneurship and community economy","","","","missing_association","Verify exact provider programme, entry requirements, NQF record and accreditation against an official source"
"carpet-cleaner","Carpet Cleaner","Informal, entrepreneurship and community economy","","","","missing_association","Verify exact provider programme, entry requirements, NQF record and accreditation against an official source"
"caterer-home-based","Caterer (Home-Based)","Informal, entrepreneurship and community economy","","","","missing_association","Verify exact provider programme, entry requirements, NQF record and accreditation against an official source"
"catering-equipment-hirer","Catering Equipment Hirer","Informal, entrepreneurship and community economy","","","","missing_association","Verify exact provider programme, entry requirements, NQF record and accreditation against an official source"
"cctv-monitor-officer","CCTV Monitor Officer","Informal, entrepreneurship and community economy","","","","missing_association","Verify exact provider programme, entry requirements, NQF record and accreditation against an official source"
"cell-phone-accessories-seller","Cell Phone Accessories Seller","Informal, entrepreneurship and community economy","","","","missing_association","Verify exact provider programme, entry requirements, NQF record and accreditation against an official source"
"cell-phone-charging-service-operator","Cell Phone Charging Service Operator","Informal, entrepreneurship and community economy","","","","missing_association","Verify exact provider programme, entry requirements, NQF record and accreditation against an official source"
"cell-phone-repairer","Cell Phone Repairer","Informal, entrepreneurship and community economy","","","","missing_association","Verify exact provider programme, entry requirements, NQF record and accreditation against an official source"
"child-minder","Child Minder","Informal, entrepreneurship and community economy","","","","missing_association","Verify exact provider programme, entry requirements, NQF record and accreditation against an official source"
"child-minder-au-pair","Child Minder (Au Pair)","Informal, entrepreneurship and community economy","","","","missing_association","Verify exact provider programme, entry requirements, NQF record and accreditation against an official source"
"child-minder-informal-cr-che","Child-Minder (Informal Crèche)","Informal, entrepreneurship and community economy","","","","missing_association","Verify exact provider programme, entry requirements, NQF record and accreditation against an official source"
"cleaner","Cleaner","Informal, entrepreneurship and community economy","","","","missing_association","Verify exact provider programme, entry requirements, NQF record and accreditation against an official source"
"clothing-alterations-tailor","Clothing Alterations Tailor","Informal, entrepreneurship and community economy","","","","missing_association","Verify exact provider programme, entry requirements, NQF record and accreditation against an official source"
"cold-drink-ice-seller","Cold Drink / Ice Seller","Informal, entrepreneurship and community economy","","","","missing_association","Verify exact provider programme, entry requirements, NQF record and accreditation against an official source"
"community-health-worker-informal","Community Health Worker (Informal)","Informal, entrepreneurship and community economy","","","","missing_association","Verify exact provider programme, entry requirements, NQF record and accreditation against an official source"
"computer-repairer-informal","Computer Repairer (Informal)","Informal, entrepreneurship and community economy","","","","missing_association","Verify exact provider programme, entry requirements, NQF record and accreditation against an official source"
"construction-labourer-informal","Construction Labourer (Informal)","Informal, entrepreneurship and community economy","","","","missing_association","Verify exact provider programme, entry requirements, NQF record and accreditation against an official source"
"content-creator","Content Creator","Informal, entrepreneurship and community economy","","","","missing_association","Verify exact provider programme, entry requirements, NQF record and accreditation against an official source"
"content-creator-independent","Content Creator (Independent)","Informal, entrepreneurship and community economy","","","","missing_association","Verify exact provider programme, entry requirements, NQF record and accreditation against an official source"
"courier-self-employed","Courier (Self-Employed)","Informal, entrepreneurship and community economy","","","","missing_association","Verify exact provider programme, entry requirements, NQF record and accreditation against an official source"
"craft-beer-brewer-small-scale","Craft Beer Brewer (Small Scale)","Informal, entrepreneurship and community economy","","","","missing_association","Verify exact provider programme, entry requirements, NQF record and accreditation against an official source"
"cross-border-trader-informal-importer","Cross-Border Trader (Informal Importer)","Informal, entrepreneurship and community economy","","","","missing_association","Verify exact provider programme, entry requirements, NQF record and accreditation against an official source"
"day-labourer-general-worker","Day Labourer (General Worker)","Informal, entrepreneurship and community economy","","","","missing_association","Verify exact provider programme, entry requirements, NQF record and accreditation against an official source"
"day-mother","Day Mother","Informal, entrepreneurship and community economy","","","","missing_association","Verify exact provider programme, entry requirements, NQF record and accreditation against an official source"
"diviner-spiritual-healer","Diviner / Spiritual Healer","Informal, entrepreneurship and community economy","","","","missing_association","Verify exact provider programme, entry requirements, NQF record and accreditation against an official source"
"dj-weddings-parties","DJ (Weddings / Parties)","Informal, entrepreneurship and community economy","","","","missing_association","Verify exact provider programme, entry requirements, NQF record and accreditation against an official source"
"dog-trainer","Dog Trainer","Informal, entrepreneurship and community economy","","","","missing_association","Verify exact provider programme, entry requirements, NQF record and accreditation against an official source"
"dog-walker","Dog Walker","Informal, entrepreneurship and community economy","","","","missing_association","Verify exact provider programme, entry requirements, NQF record and accreditation against an official source"
"domestic-worker","Domestic Worker","Informal, entrepreneurship and community economy","","","","missing_association","Verify exact provider programme, entry requirements, NQF record and accreditation against an official source"
"dressmaker-informal","Dressmaker (Informal)","Informal, entrepreneurship and community economy","","","","missing_association","Verify exact provider programme, entry requirements, NQF record and accreditation against an official source"
"elderly-carer-private","Elderly Carer (Private)","Informal, entrepreneurship and community economy","","","","missing_association","Verify exact provider programme, entry requirements, NQF record and accreditation against an official source"
"electrician-self-employed","Electrician (Self-Employed)","Informal, entrepreneurship and community economy","","","","missing_association","Verify exact provider programme, entry requirements, NQF record and accreditation against an official source"
"event-decorator","Event Decorator","Informal, entrepreneurship and community economy","","","","missing_association","Verify exact provider programme, entry requirements, NQF record and accreditation against an official source"
"event-dj","Event DJ","Informal, entrepreneurship and community economy","","","","missing_association","Verify exact provider programme, entry requirements, NQF record and accreditation against an official source"
"event-security-guard","Event Security Guard","Informal, entrepreneurship and community economy","","","","missing_association","Verify exact provider programme, entry requirements, NQF record and accreditation against an official source"
"event-staff-casual","Event Staff (Casual)","Informal, entrepreneurship and community economy","","","","missing_association","Verify exact provider programme, entry requirements, NQF record and accreditation against an official source"
"eyelash-brow-technician","Eyelash / Brow Technician","Informal, entrepreneurship and community economy","","","","missing_association","Verify exact provider programme, entry requirements, NQF record and accreditation against an official source"
"factory-canteen-food-seller","Factory Canteen Food Seller","Informal, entrepreneurship and community economy","","","","missing_association","Verify exact provider programme, entry requirements, NQF record and accreditation against an official source"
"farm-labourer-casual","Farm Labourer (Casual)","Informal, entrepreneurship and community economy","","","","missing_association","Verify exact provider programme, entry requirements, NQF record and accreditation against an official source"
"farrier-horse-shoeing","Farrier (Horse Shoeing)","Informal, entrepreneurship and community economy","","","","missing_association","Verify exact provider programme, entry requirements, NQF record and accreditation against an official source"
"fashion-designer-informal","Fashion Designer (Informal)","Informal, entrepreneurship and community economy","","","","missing_association","Verify exact provider programme, entry requirements, NQF record and accreditation against an official source"
"flea-market-trader","Flea Market Trader","Informal, entrepreneurship and community economy","","","","missing_association","Verify exact provider programme, entry requirements, NQF record and accreditation against an official source"
"food-vendor","Food Vendor","Informal, entrepreneurship and community economy","","","","missing_association","Verify exact provider programme, entry requirements, NQF record and accreditation against an official source"
"freelance-web-designer-gig","Freelance Web Designer (Gig)","Informal, entrepreneurship and community economy","","","","missing_association","Verify exact provider programme, entry requirements, NQF record and accreditation against an official source"
"freelance-writer","Freelance Writer","Informal, entrepreneurship and community economy","","","","missing_association","Verify exact provider programme, entry requirements, NQF record and accreditation against an official source"
"fried-chips-vetkoek-vendor","Fried Chips / Vetkoek Vendor","Informal, entrepreneurship and community economy","","","","missing_association","Verify exact provider programme, entry requirements, NQF record and accreditation against an official source"
"fruit-and-vegetable-hawker","Fruit and Vegetable Hawker","Informal, entrepreneurship and community economy","","","","missing_association","Verify exact provider programme, entry requirements, NQF record and accreditation against an official source"
"fruit-and-vegetable-seller","Fruit and Vegetable Seller","Informal, entrepreneurship and community economy","","","","missing_association","Verify exact provider programme, entry requirements, NQF record and accreditation against an official source"
"fruit-picker-seasonal","Fruit Picker (Seasonal)","Informal, entrepreneurship and community economy","","","","missing_association","Verify exact provider programme, entry requirements, NQF record and accreditation against an official source"
"funeral-parlour-assistant","Funeral Parlour Assistant","Informal, entrepreneurship and community economy","","","","missing_association","Verify exact provider programme, entry requirements, NQF record and accreditation against an official source"
"funeral-parlour-director","Funeral Parlour Director","Informal, entrepreneurship and community economy","","","","missing_association","Verify exact provider programme, entry requirements, NQF record and accreditation against an official source"
"furniture-maker-informal","Furniture Maker (Informal)","Informal, entrepreneurship and community economy","","","","missing_association","Verify exact provider programme, entry requirements, NQF record and accreditation against an official source"
"furniture-removals","Furniture Removals","Informal, entrepreneurship and community economy","","","","missing_association","Verify exact provider programme, entry requirements, NQF record and accreditation against an official source"
"garden-refuse-remover","Garden Refuse Remover","Informal, entrepreneurship and community economy","","","","missing_association","Verify exact provider programme, entry requirements, NQF record and accreditation against an official source"
"gardener-domestic","Gardener (Domestic)","Informal, entrepreneurship and community economy","","","","missing_association","Verify exact provider programme, entry requirements, NQF record and accreditation against an official source"
"gardener-landscaping-labourer","Gardener / Landscaping Labourer","Informal, entrepreneurship and community economy","","","","missing_association","Verify exact provider programme, entry requirements, NQF record and accreditation against an official source"
"graphic-designer-freelance","Graphic Designer (Freelance)","Informal, entrepreneurship and community economy","","","","missing_association","Verify exact provider programme, entry requirements, NQF record and accreditation against an official source"
"grass-cutter-lawn-care-operator","Grass Cutter / Lawn Care Operator","Informal, entrepreneurship and community economy","","","","missing_association","Verify exact provider programme, entry requirements, NQF record and accreditation against an official source"
"gutter-cleaner-repairer","Gutter Cleaner / Repairer","Informal, entrepreneurship and community economy","","","","missing_association","Verify exact provider programme, entry requirements, NQF record and accreditation against an official source"
"hair-braider","Hair Braider","Informal, entrepreneurship and community economy","","","","missing_association","Verify exact provider programme, entry requirements, NQF record and accreditation against an official source"
"hair-braider-plaiter-salon","Hair Braider / Plaiter (Salon)","Informal, entrepreneurship and community economy","","","","missing_association","Verify exact provider programme, entry requirements, NQF record and accreditation against an official source"
"hairdresser-informal-salon","Hairdresser (Informal Salon)","Informal, entrepreneurship and community economy","","","","missing_association","Verify exact provider programme, entry requirements, NQF record and accreditation against an official source"
"handyman","Handyman","Informal, entrepreneurship and community economy","","","","missing_association","Verify exact provider programme, entry requirements, NQF record and accreditation against an official source"
"handyman-general","Handyman (General)","Informal, entrepreneurship and community economy","","","","missing_association","Verify exact provider programme, entry requirements, NQF record and accreditation against an official source"
"hawker","Hawker","Informal, entrepreneurship and community economy","","","","missing_association","Verify exact provider programme, entry requirements, NQF record and accreditation against an official source"
"herbalist-muti-seller","Herbalist / Muti Seller","Informal, entrepreneurship and community economy","","","","missing_association","Verify exact provider programme, entry requirements, NQF record and accreditation against an official source"
"home-baker","Home Baker","Informal, entrepreneurship and community economy","","","","missing_association","Verify exact provider programme, entry requirements, NQF record and accreditation against an official source"
"home-carer","Home Carer","Informal, entrepreneurship and community economy","","","","missing_association","Verify exact provider programme, entry requirements, NQF record and accreditation against an official source"
"horse-groom","Horse Groom","Informal, entrepreneurship and community economy","","","","missing_association","Verify exact provider programme, entry requirements, NQF record and accreditation against an official source"
"house-sitter-pet-sitter","House Sitter / Pet Sitter","Informal, entrepreneurship and community economy","","","","missing_association","Verify exact provider programme, entry requirements, NQF record and accreditation against an official source"
"housekeeper-private-home","Housekeeper (Private Home)","Informal, entrepreneurship and community economy","","","","missing_association","Verify exact provider programme, entry requirements, NQF record and accreditation against an official source"
"housekeeper-private","Housekeeper (Private)","Informal, entrepreneurship and community economy","","","","missing_association","Verify exact provider programme, entry requirements, NQF record and accreditation against an official source"
"industrial-cleaner","Industrial Cleaner","Informal, entrepreneurship and community economy","","","","missing_association","Verify exact provider programme, entry requirements, NQF record and accreditation against an official source"
"informal-food-outlet-operator","Informal Food Outlet Operator","Informal, entrepreneurship and community economy","","","","missing_association","Verify exact provider programme, entry requirements, NQF record and accreditation against an official source"
"inyanga-herbalist-practitioner","Inyanga / Herbalist Practitioner","Informal, entrepreneurship and community economy","","","","missing_association","Verify exact provider programme, entry requirements, NQF record and accreditation against an official source"
"ironing-worker","Ironing Worker","Informal, entrepreneurship and community economy","","","","missing_association","Verify exact provider programme, entry requirements, NQF record and accreditation against an official source"
"jockey","Jockey","Informal, entrepreneurship and community economy","","","","missing_association","Verify exact provider programme, entry requirements, NQF record and accreditation against an official source"
"jumping-castle-hire-operator","Jumping Castle Hire Operator","Informal, entrepreneurship and community economy","","","","missing_association","Verify exact provider programme, entry requirements, NQF record and accreditation against an official source"
"kennel-assistant","Kennel Assistant","Informal, entrepreneurship and community economy","","","","missing_association","Verify exact provider programme, entry requirements, NQF record and accreditation against an official source"
"key-cutter-locksmith-street-operator","Key Cutter / Locksmith Street Operator","Informal, entrepreneurship and community economy","","","","missing_association","Verify exact provider programme, entry requirements, NQF record and accreditation against an official source"
"knitting-worker","Knitting Worker","Informal, entrepreneurship and community economy","","","","missing_association","Verify exact provider programme, entry requirements, NQF record and accreditation against an official source"
"kota-bunny-chow-stand-owner","Kota / Bunny Chow Stand Owner","Informal, entrepreneurship and community economy","","","","missing_association","Verify exact provider programme, entry requirements, NQF record and accreditation against an official source"
"laundry-operator-informal","Laundry Operator (Informal)","Informal, entrepreneurship and community economy","","","","missing_association","Verify exact provider programme, entry requirements, NQF record and accreditation against an official source"
"liquor-store-clerk","Liquor Store Clerk","Informal, entrepreneurship and community economy","","","","missing_association","Verify exact provider programme, entry requirements, NQF record and accreditation against an official source"
"loading-and-unloading-worker","Loading and Unloading Worker","Informal, entrepreneurship and community economy","","","","missing_association","Verify exact provider programme, entry requirements, NQF record and accreditation against an official source"
"magwinya-fat-cake-seller","Magwinya / Fat Cake Seller","Informal, entrepreneurship and community economy","","","","missing_association","Verify exact provider programme, entry requirements, NQF record and accreditation against an official source"
"make-up-artist-freelance","Make-Up Artist (Freelance)","Informal, entrepreneurship and community economy","","","","missing_association","Verify exact provider programme, entry requirements, NQF record and accreditation against an official source"
"mattress-maker","Mattress Maker","Informal, entrepreneurship and community economy","","","","missing_association","Verify exact provider programme, entry requirements, NQF record and accreditation against an official source"
"mielie-mealies-seller","Mielie (Mealies) Seller","Informal, entrepreneurship and community economy","","","","missing_association","Verify exact provider programme, entry requirements, NQF record and accreditation against an official source"
"minibus-taxi-mechanic","Minibus Taxi Mechanic","Informal, entrepreneurship and community economy","","","","missing_association","Verify exact provider programme, entry requirements, NQF record and accreditation against an official source"
"mobile-barber","Mobile Barber","Informal, entrepreneurship and community economy","","","","missing_association","Verify exact provider programme, entry requirements, NQF record and accreditation against an official source"
"mobile-car-wash-operator","Mobile Car Wash Operator","Informal, entrepreneurship and community economy","","","","missing_association","Verify exact provider programme, entry requirements, NQF record and accreditation against an official source"
"mobile-phone-repair-technician","Mobile Phone Repair Technician","Informal, entrepreneurship and community economy","","","","missing_association","Verify exact provider programme, entry requirements, NQF record and accreditation against an official source"
"mobile-spray-tan-technician","Mobile Spray Tan Technician","Informal, entrepreneurship and community economy","","","","missing_association","Verify exact provider programme, entry requirements, NQF record and accreditation against an official source"
"money-transfer-cash-send-agent","Money Transfer / Cash Send Agent","Informal, entrepreneurship and community economy","","","","missing_association","Verify exact provider programme, entry requirements, NQF record and accreditation against an official source"
"mopani-worm-harvester-and-trader","Mopani Worm Harvester and Trader","Informal, entrepreneurship and community economy","","","","missing_association","Verify exact provider programme, entry requirements, NQF record and accreditation against an official source"
"mortuary-mortuary-attendant","Mortuary / Mortuary Attendant","Informal, entrepreneurship and community economy","","","","missing_association","Verify exact provider programme, entry requirements, NQF record and accreditation against an official source"
"mortuary-assistant","Mortuary Assistant","Informal, entrepreneurship and community economy","","","","missing_association","Verify exact provider programme, entry requirements, NQF record and accreditation against an official source"
"movers-furniture-removal-assistant","Movers / Furniture Removal Assistant","Informal, entrepreneurship and community economy","","","","missing_association","Verify exact provider programme, entry requirements, NQF record and accreditation against an official source"
"nanny","Nanny","Informal, entrepreneurship and community economy","","","","missing_association","Verify exact provider programme, entry requirements, NQF record and accreditation against an official source"
"nanny-baby-nurse","Nanny (Baby Nurse)","Informal, entrepreneurship and community economy","","","","missing_association","Verify exact provider programme, entry requirements, NQF record and accreditation against an official source"
"office-cleaner","Office Cleaner","Informal, entrepreneurship and community economy","","","","missing_association","Verify exact provider programme, entry requirements, NQF record and accreditation against an official source"
"online-reseller-dropshipper","Online Reseller / Dropshipper","Informal, entrepreneurship and community economy","","","","missing_association","Verify exact provider programme, entry requirements, NQF record and accreditation against an official source"
"online-tutor","Online Tutor","Informal, entrepreneurship and community economy","","","","missing_association","Verify exact provider programme, entry requirements, NQF record and accreditation against an official source"
"painter-house-painter-independent","Painter (House Painter, Independent)","Informal, entrepreneurship and community economy","","","","missing_association","Verify exact provider programme, entry requirements, NQF record and accreditation against an official source"
"painter-self-employed","Painter (Self-Employed)","Informal, entrepreneurship and community economy","","","","missing_association","Verify exact provider programme, entry requirements, NQF record and accreditation against an official source"
"panel-beater-informal","Panel Beater (Informal)","Informal, entrepreneurship and community economy","","","","missing_association","Verify exact provider programme, entry requirements, NQF record and accreditation against an official source"
"parking-attendant","Parking Attendant","Informal, entrepreneurship and community economy","","","","missing_association","Verify exact provider programme, entry requirements, NQF record and accreditation against an official source"
"paving-contractor","Paving Contractor","Informal, entrepreneurship and community economy","","","","missing_association","Verify exact provider programme, entry requirements, NQF record and accreditation against an official source"
"pet-groomer","Pet Groomer","Informal, entrepreneurship and community economy","","","","missing_association","Verify exact provider programme, entry requirements, NQF record and accreditation against an official source"
"photobooth-rental-operator","Photobooth Rental Operator","Informal, entrepreneurship and community economy","","","","missing_association","Verify exact provider programme, entry requirements, NQF record and accreditation against an official source"
"photographer-freelance","Photographer (Freelance)","Informal, entrepreneurship and community economy","","","","missing_association","Verify exact provider programme, entry requirements, NQF record and accreditation against an official source"
"plumber-self-employed","Plumber (Self-Employed)","Informal, entrepreneurship and community economy","","","","missing_association","Verify exact provider programme, entry requirements, NQF record and accreditation against an official source"
"pool-cleaner-monthly-service","Pool Cleaner (Monthly Service)","Informal, entrepreneurship and community economy","","","","missing_association","Verify exact provider programme, entry requirements, NQF record and accreditation against an official source"
"prepaid-airtime-and-electricity-vendor","Prepaid Airtime and Electricity Vendor","Informal, entrepreneurship and community economy","","","","missing_association","Verify exact provider programme, entry requirements, NQF record and accreditation against an official source"
"private-security-patrol-officer","Private Security Patrol Officer","Informal, entrepreneurship and community economy","","","","missing_association","Verify exact provider programme, entry requirements, NQF record and accreditation against an official source"
"promotional-staff","Promotional Staff","Informal, entrepreneurship and community economy","","","","missing_association","Verify exact provider programme, entry requirements, NQF record and accreditation against an official source"
"recycling-collector","Recycling Collector","Informal, entrepreneurship and community economy","","","","missing_association","Verify exact provider programme, entry requirements, NQF record and accreditation against an official source"
"recycling-collector-waste-picker","Recycling Collector / Waste Picker","Informal, entrepreneurship and community economy","","","","missing_association","Verify exact provider programme, entry requirements, NQF record and accreditation against an official source"
"retail-security-guard","Retail Security Guard","Informal, entrepreneurship and community economy","","","","missing_association","Verify exact provider programme, entry requirements, NQF record and accreditation against an official source"
"ride-hailing-driver-e-hailing","Ride-Hailing Driver (e-hailing)","Informal, entrepreneurship and community economy","","","","missing_association","Verify exact provider programme, entry requirements, NQF record and accreditation against an official source"
"sangoma","Sangoma","Informal, entrepreneurship and community economy","","","","missing_association","Verify exact provider programme, entry requirements, NQF record and accreditation against an official source"
"school-tuck-shop-operator","School Tuck Shop Operator","Informal, entrepreneurship and community economy","","","","missing_association","Verify exact provider programme, entry requirements, NQF record and accreditation against an official source"
"scrap-metal-collector","Scrap Metal Collector","Informal, entrepreneurship and community economy","","","","missing_association","Verify exact provider programme, entry requirements, NQF record and accreditation against an official source"
"seamstress-dressmaker","Seamstress (Dressmaker)","Informal, entrepreneurship and community economy","","","","missing_association","Verify exact provider programme, entry requirements, NQF record and accreditation against an official source"
"second-hand-clothing-seller","Second-Hand Clothing Seller","Informal, entrepreneurship and community economy","","","","missing_association","Verify exact provider programme, entry requirements, NQF record and accreditation against an official source"
"second-hand-goods-seller","Second-Hand Goods Seller","Informal, entrepreneurship and community economy","","","","missing_association","Verify exact provider programme, entry requirements, NQF record and accreditation against an official source"
"security-control-room-operator","Security Control Room Operator","Informal, entrepreneurship and community economy","","","","missing_association","Verify exact provider programme, entry requirements, NQF record and accreditation against an official source"
"security-guard-unarmed","Security Guard (Unarmed)","Informal, entrepreneurship and community economy","","","","missing_association","Verify exact provider programme, entry requirements, NQF record and accreditation against an official source"
"sewing-machine-operator-informal","Sewing Machine Operator (Informal)","Informal, entrepreneurship and community economy","","","","missing_association","Verify exact provider programme, entry requirements, NQF record and accreditation against an official source"
"shebeen-operator-unlicensed","Shebeen Operator (Unlicensed)","Informal, entrepreneurship and community economy","","","","missing_association","Verify exact provider programme, entry requirements, NQF record and accreditation against an official source"
"shebeen-owner","Shebeen Owner","Informal, entrepreneurship and community economy","","","","missing_association","Verify exact provider programme, entry requirements, NQF record and accreditation against an official source"
"shisa-nyama-braai-stand-owner","Shisa Nyama (Braai) Stand Owner","Informal, entrepreneurship and community economy","","","","missing_association","Verify exact provider programme, entry requirements, NQF record and accreditation against an official source"
"shoe-repairer","Shoe Repairer","Informal, entrepreneurship and community economy","","","","missing_association","Verify exact provider programme, entry requirements, NQF record and accreditation against an official source"
"shoe-repairer-cobbler","Shoe Repairer (Cobbler)","Informal, entrepreneurship and community economy","","","","missing_association","Verify exact provider programme, entry requirements, NQF record and accreditation against an official source"
"sim-card-rica-agent","SIM Card RICA Agent","Informal, entrepreneurship and community economy","","","","missing_association","Verify exact provider programme, entry requirements, NQF record and accreditation against an official source"
"small-scale-clothing-designer","Small-Scale Clothing Designer","Informal, entrepreneurship and community economy","","","","missing_association","Verify exact provider programme, entry requirements, NQF record and accreditation against an official source"
"snoek-and-chips-vendor","Snoek and Chips Vendor","Informal, entrepreneurship and community economy","","","","missing_association","Verify exact provider programme, entry requirements, NQF record and accreditation against an official source"
"social-media-influencer","Social Media Influencer","Informal, entrepreneurship and community economy","","","","missing_association","Verify exact provider programme, entry requirements, NQF record and accreditation against an official source"
"social-media-manager-freelance","Social Media Manager (Freelance)","Informal, entrepreneurship and community economy","","","","missing_association","Verify exact provider programme, entry requirements, NQF record and accreditation against an official source"
"sound-hire-event-pa-operator","Sound Hire (Event PA) Operator","Informal, entrepreneurship and community economy","","","","missing_association","Verify exact provider programme, entry requirements, NQF record and accreditation against an official source"
"spaza-shop-assistant","Spaza Shop Assistant","Informal, entrepreneurship and community economy","","","","missing_association","Verify exact provider programme, entry requirements, NQF record and accreditation against an official source"
"spaza-shop-delivery-helper","Spaza Shop Delivery Helper","Informal, entrepreneurship and community economy","","","","missing_association","Verify exact provider programme, entry requirements, NQF record and accreditation against an official source"
"spaza-shop-stock-controller","Spaza Shop Stock Controller","Informal, entrepreneurship and community economy","","","","missing_association","Verify exact provider programme, entry requirements, NQF record and accreditation against an official source"
"street-barber-hair-clipper","Street Barber / Hair Clipper","Informal, entrepreneurship and community economy","","","","missing_association","Verify exact provider programme, entry requirements, NQF record and accreditation against an official source"
"street-hairdresser","Street Hairdresser","Informal, entrepreneurship and community economy","","","","missing_association","Verify exact provider programme, entry requirements, NQF record and accreditation against an official source"
"street-vendor-food","Street Vendor (Food)","Informal, entrepreneurship and community economy","","","","missing_association","Verify exact provider programme, entry requirements, NQF record and accreditation against an official source"
"street-vendor-goods","Street Vendor (Goods)","Informal, entrepreneurship and community economy","","","","missing_association","Verify exact provider programme, entry requirements, NQF record and accreditation against an official source"
"tailor-informal-sewing","Tailor (Informal Sewing)","Informal, entrepreneurship and community economy","","","","missing_association","Verify exact provider programme, entry requirements, NQF record and accreditation against an official source"
"tavern-owner","Tavern Owner","Informal, entrepreneurship and community economy","","","","missing_association","Verify exact provider programme, entry requirements, NQF record and accreditation against an official source"
"taxi-marshal-queue-marshal","Taxi Marshal / Queue Marshal","Informal, entrepreneurship and community economy","","","","missing_association","Verify exact provider programme, entry requirements, NQF record and accreditation against an official source"
"taxi-owner-fleet-operator","Taxi Owner / Fleet Operator","Informal, entrepreneurship and community economy","","","","missing_association","Verify exact provider programme, entry requirements, NQF record and accreditation against an official source"
"taxi-owner-operator","Taxi Owner-Operator","Informal, entrepreneurship and community economy","","","","missing_association","Verify exact provider programme, entry requirements, NQF record and accreditation against an official source"
"taxi-rank-food-vendor","Taxi Rank Food Vendor","Informal, entrepreneurship and community economy","","","","missing_association","Verify exact provider programme, entry requirements, NQF record and accreditation against an official source"
"tent-and-marquee-hire-erector","Tent and Marquee Hire Erector","Informal, entrepreneurship and community economy","","","","missing_association","Verify exact provider programme, entry requirements, NQF record and accreditation against an official source"
"traditional-attire-designer-imibhaco","Traditional Attire Designer (Imibhaco)","Informal, entrepreneurship and community economy","","","","missing_association","Verify exact provider programme, entry requirements, NQF record and accreditation against an official source"
"traditional-beer-brewer-umqombothi","Traditional Beer Brewer (Umqombothi)","Informal, entrepreneurship and community economy","","","","missing_association","Verify exact provider programme, entry requirements, NQF record and accreditation against an official source"
"traditional-birth-attendant","Traditional Birth Attendant","Informal, entrepreneurship and community economy","","","","missing_association","Verify exact provider programme, entry requirements, NQF record and accreditation against an official source"
"traditional-healer","Traditional Healer","Informal, entrepreneurship and community economy","","","","missing_association","Verify exact provider programme, entry requirements, NQF record and accreditation against an official source"
"traditional-healer-sangoma","Traditional Healer (Sangoma)","Informal, entrepreneurship and community economy","","","","missing_association","Verify exact provider programme, entry requirements, NQF record and accreditation against an official source"
"traditional-surgeon-ingcibi","Traditional Surgeon (Ingcibi)","Informal, entrepreneurship and community economy","","","","missing_association","Verify exact provider programme, entry requirements, NQF record and accreditation against an official source"
"tree-feller-independent","Tree Feller (Independent)","Informal, entrepreneurship and community economy","","","","missing_association","Verify exact provider programme, entry requirements, NQF record and accreditation against an official source"
"tuck-shop-operator","Tuck Shop Operator","Informal, entrepreneurship and community economy","","","","missing_association","Verify exact provider programme, entry requirements, NQF record and accreditation against an official source"
"tutor-self-employed","Tutor (Self-Employed)","Informal, entrepreneurship and community economy","","","","missing_association","Verify exact provider programme, entry requirements, NQF record and accreditation against an official source"
"tv-repairer","TV Repairer","Informal, entrepreneurship and community economy","","","","missing_association","Verify exact provider programme, entry requirements, NQF record and accreditation against an official source"
"umbrella-and-plastic-goods-trader","Umbrella and Plastic Goods Trader","Informal, entrepreneurship and community economy","","","","missing_association","Verify exact provider programme, entry requirements, NQF record and accreditation against an official source"
"waste-picker","Waste Picker","Informal, entrepreneurship and community economy","","","","missing_association","Verify exact provider programme, entry requirements, NQF record and accreditation against an official source"
"waste-removal-truck-loader","Waste Removal Truck Loader","Informal, entrepreneurship and community economy","","","","missing_association","Verify exact provider programme, entry requirements, NQF record and accreditation against an official source"
"weave-extension-stylist","Weave / Extension Stylist","Informal, entrepreneurship and community economy","","","","missing_association","Verify exact provider programme, entry requirements, NQF record and accreditation against an official source"
"wedding-makeup-artist-mobile","Wedding Makeup Artist (Mobile)","Informal, entrepreneurship and community economy","","","","missing_association","Verify exact provider programme, entry requirements, NQF record and accreditation against an official source"
"welder-self-employed","Welder (Self-Employed)","Informal, entrepreneurship and community economy","","","","missing_association","Verify exact provider programme, entry requirements, NQF record and accreditation against an official source"
"window-cleaner-high-rise-regular","Window Cleaner (High-Rise / Regular)","Informal, entrepreneurship and community economy","","","","missing_association","Verify exact provider programme, entry requirements, NQF record and accreditation against an official source"
"zionist-church-garment-maker","Zionist Church Garment Maker","Informal, entrepreneurship and community economy","","","","missing_association","Verify exact provider programme, entry requirements, NQF record and accreditation against an official source"
"10111-call-taker","10111 Call Taker","Law, public service and public safety","","","","missing_association","Verify exact provider programme, entry requirements, NQF record and accreditation against an official source"
"advocate","Advocate","Law, public service and public safety","","","","missing_association","Verify exact provider programme, entry requirements, NQF record and accreditation against an official source"
"air-force-officer","Air Force Officer","Law, public service and public safety","","","","missing_association","Verify exact provider programme, entry requirements, NQF record and accreditation against an official source"
"attorney","Attorney","Law, public service and public safety","","","","missing_association","Verify exact provider programme, entry requirements, NQF record and accreditation against an official source"
"candidate-attorney","Candidate Attorney","Law, public service and public safety","","","","missing_association","Verify exact provider programme, entry requirements, NQF record and accreditation against an official source"
"candidate-attorney-candidate","Candidate Attorney (Candidate)","Law, public service and public safety","","","","missing_association","Verify exact provider programme, entry requirements, NQF record and accreditation against an official source"
"cash-in-transit-guard","Cash-in-Transit Guard","Law, public service and public safety","","","","missing_association","Verify exact provider programme, entry requirements, NQF record and accreditation against an official source"
"child-protection-officer","Child Protection Officer","Law, public service and public safety","","","","missing_association","Verify exact provider programme, entry requirements, NQF record and accreditation against an official source"
"constitutional-court-judge","Constitutional Court Judge","Law, public service and public safety","","","","missing_association","Verify exact provider programme, entry requirements, NQF record and accreditation against an official source"
"construction-law-advisor","Construction Law Advisor","Law, public service and public safety","","","","missing_association","Verify exact provider programme, entry requirements, NQF record and accreditation against an official source"
"consumer-rights-advocate","Consumer Rights Advocate","Law, public service and public safety","","","","missing_association","Verify exact provider programme, entry requirements, NQF record and accreditation against an official source"
"conveyancer","Conveyancer","Law, public service and public safety","","","","missing_association","Verify exact provider programme, entry requirements, NQF record and accreditation against an official source"
"copyright-ip-lawyer","Copyright / IP Lawyer","Law, public service and public safety","","","","missing_association","Verify exact provider programme, entry requirements, NQF record and accreditation against an official source"
"corporate-commercial-lawyer","Corporate / Commercial Lawyer","Law, public service and public safety","","","","missing_association","Verify exact provider programme, entry requirements, NQF record and accreditation against an official source"
"correctional-facility-manager","Correctional Facility Manager","Law, public service and public safety","","","","missing_association","Verify exact provider programme, entry requirements, NQF record and accreditation against an official source"
"correctional-services-commissioner","Correctional Services Commissioner","Law, public service and public safety","","","","missing_association","Verify exact provider programme, entry requirements, NQF record and accreditation against an official source"
"correctional-services-nurse","Correctional Services Nurse","Law, public service and public safety","","","","missing_association","Verify exact provider programme, entry requirements, NQF record and accreditation against an official source"
"correctional-services-officer","Correctional Services Officer","Law, public service and public safety","","","","missing_association","Verify exact provider programme, entry requirements, NQF record and accreditation against an official source"
"court-clerk","Court Clerk","Law, public service and public safety","","","","missing_association","Verify exact provider programme, entry requirements, NQF record and accreditation against an official source"
"court-interpreter","Court Interpreter","Law, public service and public safety","","","","missing_association","Verify exact provider programme, entry requirements, NQF record and accreditation against an official source"
"cyber-law-specialist","Cyber Law Specialist","Law, public service and public safety","","","","missing_association","Verify exact provider programme, entry requirements, NQF record and accreditation against an official source"
"diplomat","Diplomat","Law, public service and public safety","","","","missing_association","Verify exact provider programme, entry requirements, NQF record and accreditation against an official source"
"diplomat-foreign-service-officer","Diplomat / Foreign Service Officer","Law, public service and public safety","","","","missing_association","Verify exact provider programme, entry requirements, NQF record and accreditation against an official source"
"director-general-dg","Director-General (DG)","Law, public service and public safety","","","","missing_association","Verify exact provider programme, entry requirements, NQF record and accreditation against an official source"
"disaster-risk-management-officer","Disaster Risk Management Officer","Law, public service and public safety","","","","missing_association","Verify exact provider programme, entry requirements, NQF record and accreditation against an official source"
"district-court-magistrate","District Court Magistrate","Law, public service and public safety","","","","missing_association","Verify exact provider programme, entry requirements, NQF record and accreditation against an official source"
"elections-officer-iec","Elections Officer (IEC)","Law, public service and public safety","","","","missing_association","Verify exact provider programme, entry requirements, NQF record and accreditation against an official source"
"electoral-officer","Electoral Officer","Law, public service and public safety","","","","missing_association","Verify exact provider programme, entry requirements, NQF record and accreditation against an official source"
"emergency-control-room-dispatcher","Emergency Control Room Dispatcher","Law, public service and public safety","","","","missing_association","Verify exact provider programme, entry requirements, NQF record and accreditation against an official source"
"emergency-management-director","Emergency Management Director","Law, public service and public safety","","","","missing_association","Verify exact provider programme, entry requirements, NQF record and accreditation against an official source"
"emergency-services-dispatcher","Emergency Services Dispatcher","Law, public service and public safety","","","","missing_association","Verify exact provider programme, entry requirements, NQF record and accreditation against an official source"
"environmental-law-advisor","Environmental Law Advisor","Law, public service and public safety","","","","missing_association","Verify exact provider programme, entry requirements, NQF record and accreditation against an official source"
"environmental-management-inspector-green-scorpion","Environmental Management Inspector (Green Scorpion)","Law, public service and public safety","","","","missing_association","Verify exact provider programme, entry requirements, NQF record and accreditation against an official source"
"family-advocate","Family Advocate","Law, public service and public safety","","","","missing_association","Verify exact provider programme, entry requirements, NQF record and accreditation against an official source"
"family-mediator","Family Mediator","Law, public service and public safety","","","","missing_association","Verify exact provider programme, entry requirements, NQF record and accreditation against an official source"
"fire-brigade-officer","Fire Brigade Officer","Law, public service and public safety","","","","missing_association","Verify exact provider programme, entry requirements, NQF record and accreditation against an official source"
"fire-chief","Fire Chief","Law, public service and public safety","","","","missing_association","Verify exact provider programme, entry requirements, NQF record and accreditation against an official source"
"fire-chief-municipal","Fire Chief (Municipal)","Law, public service and public safety","","","","missing_association","Verify exact provider programme, entry requirements, NQF record and accreditation against an official source"
"fire-crew-commander","Fire Crew Commander","Law, public service and public safety","","","","missing_association","Verify exact provider programme, entry requirements, NQF record and accreditation against an official source"
"fire-fighter-volunteer-wildfire","Fire Fighter (Volunteer / Wildfire)","Law, public service and public safety","","","","missing_association","Verify exact provider programme, entry requirements, NQF record and accreditation against an official source"
"firefighter","Firefighter","Law, public service and public safety","","","","missing_association","Verify exact provider programme, entry requirements, NQF record and accreditation against an official source"
"foreign-service-officer","Foreign Service Officer","Law, public service and public safety","","","","missing_association","Verify exact provider programme, entry requirements, NQF record and accreditation against an official source"
"government-minister","Government Minister","Law, public service and public safety","","","","missing_association","Verify exact provider programme, entry requirements, NQF record and accreditation against an official source"
"government-policy-analyst","Government Policy Analyst","Law, public service and public safety","","","","missing_association","Verify exact provider programme, entry requirements, NQF record and accreditation against an official source"
"hazmat-emergency-responder","Hazmat Emergency Responder","Law, public service and public safety","","","","missing_association","Verify exact provider programme, entry requirements, NQF record and accreditation against an official source"
"high-court-judge","High Court Judge","Law, public service and public safety","","","","missing_association","Verify exact provider programme, entry requirements, NQF record and accreditation against an official source"
"home-affairs-immigration-officer","Home Affairs Immigration Officer","Law, public service and public safety","","","","missing_association","Verify exact provider programme, entry requirements, NQF record and accreditation against an official source"
"home-affairs-officer","Home Affairs Officer","Law, public service and public safety","","","","missing_association","Verify exact provider programme, entry requirements, NQF record and accreditation against an official source"
"human-rights-lawyer","Human Rights Lawyer","Law, public service and public safety","","","","missing_association","Verify exact provider programme, entry requirements, NQF record and accreditation against an official source"
"immigration-consultant","Immigration Consultant","Law, public service and public safety","","","","missing_association","Verify exact provider programme, entry requirements, NQF record and accreditation against an official source"
"immigration-officer","Immigration Officer","Law, public service and public safety","","","","missing_association","Verify exact provider programme, entry requirements, NQF record and accreditation against an official source"
"insolvency-business-rescue-practitioner","Insolvency / Business Rescue Practitioner","Law, public service and public safety","","","","missing_association","Verify exact provider programme, entry requirements, NQF record and accreditation against an official source"
"judge","Judge","Law, public service and public safety","","","","missing_association","Verify exact provider programme, entry requirements, NQF record and accreditation against an official source"
"labour-inspector","Labour Inspector","Law, public service and public safety","","","","missing_association","Verify exact provider programme, entry requirements, NQF record and accreditation against an official source"
"labour-inspector-dol","Labour Inspector (DoL)","Law, public service and public safety","","","","missing_association","Verify exact provider programme, entry requirements, NQF record and accreditation against an official source"
"labour-lawyer","Labour Lawyer","Law, public service and public safety","","","","missing_association","Verify exact provider programme, entry requirements, NQF record and accreditation against an official source"
"labour-relations-officer","Labour Relations Officer","Law, public service and public safety","","","","missing_association","Verify exact provider programme, entry requirements, NQF record and accreditation against an official source"
"legal-advisor","Legal Advisor","Law, public service and public safety","","","","missing_association","Verify exact provider programme, entry requirements, NQF record and accreditation against an official source"
"legal-aid-sa-attorney","Legal Aid SA Attorney","Law, public service and public safety","","","","missing_association","Verify exact provider programme, entry requirements, NQF record and accreditation against an official source"
"legal-secretary","Legal Secretary","Law, public service and public safety","","","","missing_association","Verify exact provider programme, entry requirements, NQF record and accreditation against an official source"
"legislative-drafter","Legislative Drafter","Law, public service and public safety","","","","missing_association","Verify exact provider programme, entry requirements, NQF record and accreditation against an official source"
"licensing-officer","Licensing Officer","Law, public service and public safety","","","","missing_association","Verify exact provider programme, entry requirements, NQF record and accreditation against an official source"
"liquidator","Liquidator","Law, public service and public safety","","","","missing_association","Verify exact provider programme, entry requirements, NQF record and accreditation against an official source"
"local-authority-manager","Local Authority Manager","Law, public service and public safety","","","","missing_association","Verify exact provider programme, entry requirements, NQF record and accreditation against an official source"
"magistrate","Magistrate","Law, public service and public safety","","","","missing_association","Verify exact provider programme, entry requirements, NQF record and accreditation against an official source"
"master-of-the-high-court","Master of the High Court","Law, public service and public safety","","","","missing_association","Verify exact provider programme, entry requirements, NQF record and accreditation against an official source"
"mayor-municipal-metropolitan","Mayor (Municipal / Metropolitan)","Law, public service and public safety","","","","missing_association","Verify exact provider programme, entry requirements, NQF record and accreditation against an official source"
"mediator-arbitrator","Mediator / Arbitrator","Law, public service and public safety","","","","missing_association","Verify exact provider programme, entry requirements, NQF record and accreditation against an official source"
"medical-malpractice-lawyer","Medical Malpractice Lawyer","Law, public service and public safety","","","","missing_association","Verify exact provider programme, entry requirements, NQF record and accreditation against an official source"
"member-of-parliament-mp","Member of Parliament (MP)","Law, public service and public safety","","","","missing_association","Verify exact provider programme, entry requirements, NQF record and accreditation against an official source"
"member-of-provincial-legislature-mpl","Member of Provincial Legislature (MPL)","Law, public service and public safety","","","","missing_association","Verify exact provider programme, entry requirements, NQF record and accreditation against an official source"
"metro-police-by-law-enforcement-officer","Metro Police By-Law Enforcement Officer","Law, public service and public safety","","","","missing_association","Verify exact provider programme, entry requirements, NQF record and accreditation against an official source"
"metro-police-chief","Metro Police Chief","Law, public service and public safety","","","","missing_association","Verify exact provider programme, entry requirements, NQF record and accreditation against an official source"
"metro-police-officer","Metro Police Officer","Law, public service and public safety","","","","missing_association","Verify exact provider programme, entry requirements, NQF record and accreditation against an official source"
"military-officer","Military Officer","Law, public service and public safety","","","","missing_association","Verify exact provider programme, entry requirements, NQF record and accreditation against an official source"
"mine-health-and-safety-inspector","Mine Health and Safety Inspector","Law, public service and public safety","","","","missing_association","Verify exact provider programme, entry requirements, NQF record and accreditation against an official source"
"mining-and-mineral-rights-lawyer","Mining and Mineral Rights Lawyer","Law, public service and public safety","","","","missing_association","Verify exact provider programme, entry requirements, NQF record and accreditation against an official source"
"municipal-by-law-enforcement-officer","Municipal By-Law Enforcement Officer","Law, public service and public safety","","","","missing_association","Verify exact provider programme, entry requirements, NQF record and accreditation against an official source"
"municipal-councillor","Municipal Councillor","Law, public service and public safety","","","","missing_association","Verify exact provider programme, entry requirements, NQF record and accreditation against an official source"
"municipal-manager","Municipal Manager","Law, public service and public safety","","","","missing_association","Verify exact provider programme, entry requirements, NQF record and accreditation against an official source"
"municipal-officer","Municipal Officer","Law, public service and public safety","","","","missing_association","Verify exact provider programme, entry requirements, NQF record and accreditation against an official source"
"naval-officer","Naval Officer","Law, public service and public safety","","","","missing_association","Verify exact provider programme, entry requirements, NQF record and accreditation against an official source"
"notary","Notary","Law, public service and public safety","","","","missing_association","Verify exact provider programme, entry requirements, NQF record and accreditation against an official source"
"notary-public","Notary Public","Law, public service and public safety","","","","missing_association","Verify exact provider programme, entry requirements, NQF record and accreditation against an official source"
"occupational-health-and-safety-inspector","Occupational Health and Safety Inspector","Law, public service and public safety","","","","missing_association","Verify exact provider programme, entry requirements, NQF record and accreditation against an official source"
"ombudsman","Ombudsman","Law, public service and public safety","","","","missing_association","Verify exact provider programme, entry requirements, NQF record and accreditation against an official source"
"para-legal-legal-secretary","Para-Legal / Legal Secretary","Law, public service and public safety","","","","missing_association","Verify exact provider programme, entry requirements, NQF record and accreditation against an official source"
"paralegal","Paralegal","Law, public service and public safety","","","","missing_association","Verify exact provider programme, entry requirements, NQF record and accreditation against an official source"
"paralegal-community-legal-clinic","Paralegal (Community Legal Clinic)","Law, public service and public safety","","","","missing_association","Verify exact provider programme, entry requirements, NQF record and accreditation against an official source"
"parole-officer","Parole Officer","Law, public service and public safety","","","","missing_association","Verify exact provider programme, entry requirements, NQF record and accreditation against an official source"
"passport-control-officer","Passport Control Officer","Law, public service and public safety","","","","missing_association","Verify exact provider programme, entry requirements, NQF record and accreditation against an official source"
"police-detective","Police Detective","Law, public service and public safety","","","","missing_association","Verify exact provider programme, entry requirements, NQF record and accreditation against an official source"
"police-officer-saps","Police Officer (SAPS)","Law, public service and public safety","","","","missing_association","Verify exact provider programme, entry requirements, NQF record and accreditation against an official source"
"policy-analyst-government","Policy Analyst (Government)","Law, public service and public safety","","","","missing_association","Verify exact provider programme, entry requirements, NQF record and accreditation against an official source"
"popia-data-protection-officer","POPIA / Data Protection Officer","Law, public service and public safety","","","","missing_association","Verify exact provider programme, entry requirements, NQF record and accreditation against an official source"
"premier","Premier","Law, public service and public safety","","","","missing_association","Verify exact provider programme, entry requirements, NQF record and accreditation against an official source"
"probation-officer","Probation Officer","Law, public service and public safety","","","","missing_association","Verify exact provider programme, entry requirements, NQF record and accreditation against an official source"
"probation-services-assistant","Probation Services Assistant","Law, public service and public safety","","","","missing_association","Verify exact provider programme, entry requirements, NQF record and accreditation against an official source"
"public-administrator","Public Administrator","Law, public service and public safety","","","","missing_association","Verify exact provider programme, entry requirements, NQF record and accreditation against an official source"
"public-defender-legal-aid","Public Defender (Legal Aid)","Law, public service and public safety","","","","missing_association","Verify exact provider programme, entry requirements, NQF record and accreditation against an official source"
"public-prosecutor","Public Prosecutor","Law, public service and public safety","","","","missing_association","Verify exact provider programme, entry requirements, NQF record and accreditation against an official source"
"public-protector","Public Protector","Law, public service and public safety","","","","missing_association","Verify exact provider programme, entry requirements, NQF record and accreditation against an official source"
"public-service-administrator-national","Public Service Administrator (National)","Law, public service and public safety","","","","missing_association","Verify exact provider programme, entry requirements, NQF record and accreditation against an official source"
"pupil-advocate","Pupil Advocate","Law, public service and public safety","","","","missing_association","Verify exact provider programme, entry requirements, NQF record and accreditation against an official source"
"refugee-immigrant-rights-paralegal","Refugee / Immigrant Rights Paralegal","Law, public service and public safety","","","","missing_association","Verify exact provider programme, entry requirements, NQF record and accreditation against an official source"
"regional-court-magistrate","Regional Court Magistrate","Law, public service and public safety","","","","missing_association","Verify exact provider programme, entry requirements, NQF record and accreditation against an official source"
"sandf-member","SANDF Member","Law, public service and public safety","","","","missing_association","Verify exact provider programme, entry requirements, NQF record and accreditation against an official source"
"saps-air-wing-pilot","SAPS Air Wing Pilot","Law, public service and public safety","","","","missing_association","Verify exact provider programme, entry requirements, NQF record and accreditation against an official source"
"saps-captain","SAPS Captain","Law, public service and public safety","","","","missing_association","Verify exact provider programme, entry requirements, NQF record and accreditation against an official source"
"saps-colonel","SAPS Colonel","Law, public service and public safety","","","","missing_association","Verify exact provider programme, entry requirements, NQF record and accreditation against an official source"
"saps-detective-colonel","SAPS Detective Colonel","Law, public service and public safety","","","","missing_association","Verify exact provider programme, entry requirements, NQF record and accreditation against an official source"
"saps-forensic-analyst","SAPS Forensic Analyst","Law, public service and public safety","","","","missing_association","Verify exact provider programme, entry requirements, NQF record and accreditation against an official source"
"saps-general-lieutenant","SAPS General / Lieutenant","Law, public service and public safety","","","","missing_association","Verify exact provider programme, entry requirements, NQF record and accreditation against an official source"
"saps-k9-unit-handler","SAPS K9 Unit Handler","Law, public service and public safety","","","","missing_association","Verify exact provider programme, entry requirements, NQF record and accreditation against an official source"
"saps-officer","SAPS Officer","Law, public service and public safety","","","","missing_association","Verify exact provider programme, entry requirements, NQF record and accreditation against an official source"
"saps-public-order-policing-member","SAPS Public Order Policing Member","Law, public service and public safety","","","","missing_association","Verify exact provider programme, entry requirements, NQF record and accreditation against an official source"
"saps-reservist","SAPS Reservist","Law, public service and public safety","","","","missing_association","Verify exact provider programme, entry requirements, NQF record and accreditation against an official source"
"saps-tactical-response-team-trt-member","SAPS Tactical Response Team (TRT) Member","Law, public service and public safety","","","","missing_association","Verify exact provider programme, entry requirements, NQF record and accreditation against an official source"
"sars-customs-officer","SARS Customs Officer","Law, public service and public safety","","","","missing_association","Verify exact provider programme, entry requirements, NQF record and accreditation against an official source"
"sars-official","SARS Official","Law, public service and public safety","","","","missing_association","Verify exact provider programme, entry requirements, NQF record and accreditation against an official source"
"security-guard","Security Guard","Law, public service and public safety","","","","missing_association","Verify exact provider programme, entry requirements, NQF record and accreditation against an official source"
"security-manager","Security Manager","Law, public service and public safety","","","","missing_association","Verify exact provider programme, entry requirements, NQF record and accreditation against an official source"
"security-officer","Security Officer","Law, public service and public safety","","","","missing_association","Verify exact provider programme, entry requirements, NQF record and accreditation against an official source"
"sheriff-of-the-court","Sheriff of the Court","Law, public service and public safety","","","","missing_association","Verify exact provider programme, entry requirements, NQF record and accreditation against an official source"
"soldier","Soldier","Law, public service and public safety","","","","missing_association","Verify exact provider programme, entry requirements, NQF record and accreditation against an official source"
"state-attorney","State Attorney","Law, public service and public safety","","","","missing_association","Verify exact provider programme, entry requirements, NQF record and accreditation against an official source"
"state-law-advisor","State Law Advisor","Law, public service and public safety","","","","missing_association","Verify exact provider programme, entry requirements, NQF record and accreditation against an official source"
"state-legal-advisor","State Legal Advisor","Law, public service and public safety","","","","missing_association","Verify exact provider programme, entry requirements, NQF record and accreditation against an official source"
"supreme-court-of-appeal-judge","Supreme Court of Appeal Judge","Law, public service and public safety","","","","missing_association","Verify exact provider programme, entry requirements, NQF record and accreditation against an official source"
"tax-inspector","Tax Inspector","Law, public service and public safety","","","","missing_association","Verify exact provider programme, entry requirements, NQF record and accreditation against an official source"
"tax-lawyer","Tax Lawyer","Law, public service and public safety","","","","missing_association","Verify exact provider programme, entry requirements, NQF record and accreditation against an official source"
"traffic-department-clerk","Traffic Department Clerk","Law, public service and public safety","","","","missing_association","Verify exact provider programme, entry requirements, NQF record and accreditation against an official source"
"traffic-officer","Traffic Officer","Law, public service and public safety","","","","missing_association","Verify exact provider programme, entry requirements, NQF record and accreditation against an official source"
"vehicle-registration-clerk","Vehicle Registration Clerk","Law, public service and public safety","","","","missing_association","Verify exact provider programme, entry requirements, NQF record and accreditation against an official source"
"ward-committee-member","Ward Committee Member","Law, public service and public safety","","","","missing_association","Verify exact provider programme, entry requirements, NQF record and accreditation against an official source"
"ward-councillor","Ward Councillor","Law, public service and public safety","","","","missing_association","Verify exact provider programme, entry requirements, NQF record and accreditation against an official source"
"wildland-fire-fighter","Wildland Fire Fighter","Law, public service and public safety","","","","missing_association","Verify exact provider programme, entry requirements, NQF record and accreditation against an official source"
"able-seafarer-deck","Able Seafarer (Deck)","Logistics, transport and supply chain","","","","missing_association","Verify exact provider programme, entry requirements, NQF record and accreditation against an official source"
"abnormal-load-driver","Abnormal Load Driver","Logistics, transport and supply chain","","","","missing_association","Verify exact provider programme, entry requirements, NQF record and accreditation against an official source"
"agricultural-pilot-crop-spraying","Agricultural Pilot (Crop Spraying)","Logistics, transport and supply chain","","","","missing_association","Verify exact provider programme, entry requirements, NQF record and accreditation against an official source"
"air-cargo-agent","Air Cargo Agent","Logistics, transport and supply chain","","","","missing_association","Verify exact provider programme, entry requirements, NQF record and accreditation against an official source"
"air-freight-forwarder","Air Freight Forwarder","Logistics, transport and supply chain","","","","missing_association","Verify exact provider programme, entry requirements, NQF record and accreditation against an official source"
"air-traffic-controller","Air Traffic Controller","Logistics, transport and supply chain","","","","missing_association","Verify exact provider programme, entry requirements, NQF record and accreditation against an official source"
"aircraft-dispatcher","Aircraft Dispatcher","Logistics, transport and supply chain","","","","missing_association","Verify exact provider programme, entry requirements, NQF record and accreditation against an official source"
"aircraft-loadmaster","Aircraft Loadmaster","Logistics, transport and supply chain","","","","missing_association","Verify exact provider programme, entry requirements, NQF record and accreditation against an official source"
"airline-dispatcher","Airline Dispatcher","Logistics, transport and supply chain","","","","missing_association","Verify exact provider programme, entry requirements, NQF record and accreditation against an official source"
"airline-pilot-commercial","Airline Pilot (Commercial)","Logistics, transport and supply chain","","","","missing_association","Verify exact provider programme, entry requirements, NQF record and accreditation against an official source"
"airport-operations-officer","Airport Operations Officer","Logistics, transport and supply chain","","","","missing_association","Verify exact provider programme, entry requirements, NQF record and accreditation against an official source"
"aviation-ground-staff","Aviation Ground Staff","Logistics, transport and supply chain","","","","missing_association","Verify exact provider programme, entry requirements, NQF record and accreditation against an official source"
"baggage-handler","Baggage Handler","Logistics, transport and supply chain","","","","missing_association","Verify exact provider programme, entry requirements, NQF record and accreditation against an official source"
"boat-operator","Boat Operator","Logistics, transport and supply chain","","","","missing_association","Verify exact provider programme, entry requirements, NQF record and accreditation against an official source"
"bonded-warehouse-controller","Bonded Warehouse Controller","Logistics, transport and supply chain","","","","missing_association","Verify exact provider programme, entry requirements, NQF record and accreditation against an official source"
"bulk-tanker-driver-fuel-chemicals","Bulk Tanker Driver (Fuel / Chemicals)","Logistics, transport and supply chain","","","","missing_association","Verify exact provider programme, entry requirements, NQF record and accreditation against an official source"
"bus-driver","Bus Driver","Logistics, transport and supply chain","","","","missing_association","Verify exact provider programme, entry requirements, NQF record and accreditation against an official source"
"bus-driver-intercity","Bus Driver (Intercity)","Logistics, transport and supply chain","","","","missing_association","Verify exact provider programme, entry requirements, NQF record and accreditation against an official source"
"bus-driver-metro-myciti-rea-vaya","Bus Driver (Metro / MyCiti / Rea Vaya)","Logistics, transport and supply chain","","","","missing_association","Verify exact provider programme, entry requirements, NQF record and accreditation against an official source"
"cabin-crew-member","Cabin Crew Member","Logistics, transport and supply chain","","","","missing_association","Verify exact provider programme, entry requirements, NQF record and accreditation against an official source"
"clearing-and-forwarding-agent","Clearing and Forwarding Agent","Logistics, transport and supply chain","","","","missing_association","Verify exact provider programme, entry requirements, NQF record and accreditation against an official source"
"cold-chain-logistics-specialist","Cold Chain Logistics Specialist","Logistics, transport and supply chain","","","","missing_association","Verify exact provider programme, entry requirements, NQF record and accreditation against an official source"
"cold-chain-technician","Cold Chain Technician","Logistics, transport and supply chain","","","","missing_association","Verify exact provider programme, entry requirements, NQF record and accreditation against an official source"
"container-terminal-planner","Container Terminal Planner","Logistics, transport and supply chain","","","","missing_association","Verify exact provider programme, entry requirements, NQF record and accreditation against an official source"
"courier","Courier","Logistics, transport and supply chain","","","","missing_association","Verify exact provider programme, entry requirements, NQF record and accreditation against an official source"
"courier-parcel-sorter","Courier / Parcel Sorter","Logistics, transport and supply chain","","","","missing_association","Verify exact provider programme, entry requirements, NQF record and accreditation against an official source"
"courier-driver","Courier Driver","Logistics, transport and supply chain","","","","missing_association","Verify exact provider programme, entry requirements, NQF record and accreditation against an official source"
"customs-clearing-agent","Customs Clearing Agent","Logistics, transport and supply chain","","","","missing_association","Verify exact provider programme, entry requirements, NQF record and accreditation against an official source"
"customs-compliance-manager","Customs Compliance Manager","Logistics, transport and supply chain","","","","missing_association","Verify exact provider programme, entry requirements, NQF record and accreditation against an official source"
"customs-officer","Customs Officer","Logistics, transport and supply chain","","","","missing_association","Verify exact provider programme, entry requirements, NQF record and accreditation against an official source"
"dangerous-goods-inspector","Dangerous Goods Inspector","Logistics, transport and supply chain","","","","missing_association","Verify exact provider programme, entry requirements, NQF record and accreditation against an official source"
"delivery-driver","Delivery Driver","Logistics, transport and supply chain","","","","missing_association","Verify exact provider programme, entry requirements, NQF record and accreditation against an official source"
"delivery-driver-bike-ldv","Delivery Driver (Bike / LDV)","Logistics, transport and supply chain","","","","missing_association","Verify exact provider programme, entry requirements, NQF record and accreditation against an official source"
"demand-planner-fmcg","Demand Planner (FMCG)","Logistics, transport and supply chain","","","","missing_association","Verify exact provider programme, entry requirements, NQF record and accreditation against an official source"
"disaster-management-officer","Disaster Management Officer","Logistics, transport and supply chain","","","","missing_association","Verify exact provider programme, entry requirements, NQF record and accreditation against an official source"
"dispatch-clerk","Dispatch Clerk","Logistics, transport and supply chain","","","","missing_association","Verify exact provider programme, entry requirements, NQF record and accreditation against an official source"
"distribution-centre-manager","Distribution Centre Manager","Logistics, transport and supply chain","","","","missing_association","Verify exact provider programme, entry requirements, NQF record and accreditation against an official source"
"distribution-manager","Distribution Manager","Logistics, transport and supply chain","","","","missing_association","Verify exact provider programme, entry requirements, NQF record and accreditation against an official source"
"dock-worker-stevedore","Dock Worker / Stevedore","Logistics, transport and supply chain","","","","missing_association","Verify exact provider programme, entry requirements, NQF record and accreditation against an official source"
"driving-licence-examiner","Driving Licence Examiner","Logistics, transport and supply chain","","","","missing_association","Verify exact provider programme, entry requirements, NQF record and accreditation against an official source"
"drone-pilot-commercial","Drone Pilot (Commercial)","Logistics, transport and supply chain","","","","missing_association","Verify exact provider programme, entry requirements, NQF record and accreditation against an official source"
"drone-survey-operator","Drone Survey Operator","Logistics, transport and supply chain","","","","missing_association","Verify exact provider programme, entry requirements, NQF record and accreditation against an official source"
"e-commerce-fulfilment-specialist","E-Commerce Fulfilment Specialist","Logistics, transport and supply chain","","","","missing_association","Verify exact provider programme, entry requirements, NQF record and accreditation against an official source"
"export-clerk","Export Clerk","Logistics, transport and supply chain","","","","missing_association","Verify exact provider programme, entry requirements, NQF record and accreditation against an official source"
"fleet-controller","Fleet Controller","Logistics, transport and supply chain","","","","missing_association","Verify exact provider programme, entry requirements, NQF record and accreditation against an official source"
"fleet-maintenance-controller","Fleet Maintenance Controller","Logistics, transport and supply chain","","","","missing_association","Verify exact provider programme, entry requirements, NQF record and accreditation against an official source"
"fleet-manager","Fleet Manager","Logistics, transport and supply chain","","","","missing_association","Verify exact provider programme, entry requirements, NQF record and accreditation against an official source"
"flight-attendant","Flight Attendant","Logistics, transport and supply chain","","","","missing_association","Verify exact provider programme, entry requirements, NQF record and accreditation against an official source"
"flight-operations-officer","Flight Operations Officer","Logistics, transport and supply chain","","","","missing_association","Verify exact provider programme, entry requirements, NQF record and accreditation against an official source"
"forklift-driver","Forklift Driver","Logistics, transport and supply chain","","","","missing_association","Verify exact provider programme, entry requirements, NQF record and accreditation against an official source"
"forklift-operator","Forklift Operator","Logistics, transport and supply chain","","","","missing_association","Verify exact provider programme, entry requirements, NQF record and accreditation against an official source"
"freight-forwarder","Freight Forwarder","Logistics, transport and supply chain","","","","missing_association","Verify exact provider programme, entry requirements, NQF record and accreditation against an official source"
"fuel-tanker-driver","Fuel Tanker Driver","Logistics, transport and supply chain","","","","missing_association","Verify exact provider programme, entry requirements, NQF record and accreditation against an official source"
"furniture-removal-assistant","Furniture Removal Assistant","Logistics, transport and supply chain","","","","missing_association","Verify exact provider programme, entry requirements, NQF record and accreditation against an official source"
"gantry-crane-operator","Gantry Crane Operator","Logistics, transport and supply chain","","","","missing_association","Verify exact provider programme, entry requirements, NQF record and accreditation against an official source"
"harbour-master","Harbour Master","Logistics, transport and supply chain","","","","missing_association","Verify exact provider programme, entry requirements, NQF record and accreditation against an official source"
"harbour-pilot","Harbour Pilot","Logistics, transport and supply chain","","","","missing_association","Verify exact provider programme, entry requirements, NQF record and accreditation against an official source"
"hazchem-dangerous-goods-driver","Hazchem (Dangerous Goods) Driver","Logistics, transport and supply chain","","","","missing_association","Verify exact provider programme, entry requirements, NQF record and accreditation against an official source"
"heavy-truck-driver","Heavy Truck Driver","Logistics, transport and supply chain","","","","missing_association","Verify exact provider programme, entry requirements, NQF record and accreditation against an official source"
"helicopter-pilot","Helicopter Pilot","Logistics, transport and supply chain","","","","missing_association","Verify exact provider programme, entry requirements, NQF record and accreditation against an official source"
"import-clerk","Import Clerk","Logistics, transport and supply chain","","","","missing_association","Verify exact provider programme, entry requirements, NQF record and accreditation against an official source"
"inventory-controller","Inventory Controller","Logistics, transport and supply chain","","","","missing_association","Verify exact provider programme, entry requirements, NQF record and accreditation against an official source"
"lashing-securing-hand","Lashing / Securing Hand","Logistics, transport and supply chain","","","","missing_association","Verify exact provider programme, entry requirements, NQF record and accreditation against an official source"
"last-mile-logistics-coordinator","Last-Mile Logistics Coordinator","Logistics, transport and supply chain","","","","missing_association","Verify exact provider programme, entry requirements, NQF record and accreditation against an official source"
"local-delivery-driver","Local Delivery Driver","Logistics, transport and supply chain","","","","missing_association","Verify exact provider programme, entry requirements, NQF record and accreditation against an official source"
"logistics-clerk","Logistics Clerk","Logistics, transport and supply chain","","","","missing_association","Verify exact provider programme, entry requirements, NQF record and accreditation against an official source"
"logistics-coordinator","Logistics Coordinator","Logistics, transport and supply chain","","","","missing_association","Verify exact provider programme, entry requirements, NQF record and accreditation against an official source"
"logistics-coordinator-road-freight","Logistics Coordinator (Road Freight)","Logistics, transport and supply chain","","","","missing_association","Verify exact provider programme, entry requirements, NQF record and accreditation against an official source"
"logistics-manager","Logistics Manager","Logistics, transport and supply chain","","","","missing_association","Verify exact provider programme, entry requirements, NQF record and accreditation against an official source"
"logistics-sales-consultant","Logistics Sales Consultant","Logistics, transport and supply chain","","","","missing_association","Verify exact provider programme, entry requirements, NQF record and accreditation against an official source"
"long-haul-truck-driver","Long-Haul Truck Driver","Logistics, transport and supply chain","","","","missing_association","Verify exact provider programme, entry requirements, NQF record and accreditation against an official source"
"mail-sorter","Mail Sorter","Logistics, transport and supply chain","","","","missing_association","Verify exact provider programme, entry requirements, NQF record and accreditation against an official source"
"marine-pilot","Marine Pilot","Logistics, transport and supply chain","","","","missing_association","Verify exact provider programme, entry requirements, NQF record and accreditation against an official source"
"marshalling-yard-controller","Marshalling Yard Controller","Logistics, transport and supply chain","","","","missing_association","Verify exact provider programme, entry requirements, NQF record and accreditation against an official source"
"materials-handler","Materials Handler","Logistics, transport and supply chain","","","","missing_association","Verify exact provider programme, entry requirements, NQF record and accreditation against an official source"
"minibus-taxi-driver","Minibus Taxi Driver","Logistics, transport and supply chain","","","","missing_association","Verify exact provider programme, entry requirements, NQF record and accreditation against an official source"
"order-fulfilment-clerk","Order Fulfilment Clerk","Logistics, transport and supply chain","","","","missing_association","Verify exact provider programme, entry requirements, NQF record and accreditation against an official source"
"passenger-rail-service-operator-prasa","Passenger Rail Service Operator (PRASA)","Logistics, transport and supply chain","","","","missing_association","Verify exact provider programme, entry requirements, NQF record and accreditation against an official source"
"pilot","Pilot","Logistics, transport and supply chain","","","","missing_association","Verify exact provider programme, entry requirements, NQF record and accreditation against an official source"
"port-captain","Port Captain","Logistics, transport and supply chain","","","","missing_association","Verify exact provider programme, entry requirements, NQF record and accreditation against an official source"
"port-operations-worker","Port Operations Worker","Logistics, transport and supply chain","","","","missing_association","Verify exact provider programme, entry requirements, NQF record and accreditation against an official source"
"port-worker","Port Worker","Logistics, transport and supply chain","","","","missing_association","Verify exact provider programme, entry requirements, NQF record and accreditation against an official source"
"post-office-clerk","Post Office Clerk","Logistics, transport and supply chain","","","","missing_association","Verify exact provider programme, entry requirements, NQF record and accreditation against an official source"
"post-office-manager","Post Office Manager","Logistics, transport and supply chain","","","","missing_association","Verify exact provider programme, entry requirements, NQF record and accreditation against an official source"
"postal-delivery-worker","Postal Delivery Worker","Logistics, transport and supply chain","","","","missing_association","Verify exact provider programme, entry requirements, NQF record and accreditation against an official source"
"postal-service-mail-carrier","Postal Service Mail Carrier","Logistics, transport and supply chain","","","","missing_association","Verify exact provider programme, entry requirements, NQF record and accreditation against an official source"
"postal-worker","Postal Worker","Logistics, transport and supply chain","","","","missing_association","Verify exact provider programme, entry requirements, NQF record and accreditation against an official source"
"pothole-repair-operator-roads","Pothole Repair Operator (Roads)","Logistics, transport and supply chain","","","","missing_association","Verify exact provider programme, entry requirements, NQF record and accreditation against an official source"
"procurement-manager","Procurement Manager","Logistics, transport and supply chain","","","","missing_association","Verify exact provider programme, entry requirements, NQF record and accreditation against an official source"
"railway-points-operator","Railway Points Operator","Logistics, transport and supply chain","","","","missing_association","Verify exact provider programme, entry requirements, NQF record and accreditation against an official source"
"railway-signalling-technician","Railway Signalling Technician","Logistics, transport and supply chain","","","","missing_association","Verify exact provider programme, entry requirements, NQF record and accreditation against an official source"
"ramp-agent-ground-handling","Ramp Agent (Ground Handling)","Logistics, transport and supply chain","","","","missing_association","Verify exact provider programme, entry requirements, NQF record and accreditation against an official source"
"reach-stacker-operator","Reach Stacker Operator","Logistics, transport and supply chain","","","","missing_association","Verify exact provider programme, entry requirements, NQF record and accreditation against an official source"
"reach-truck-operator","Reach Truck Operator","Logistics, transport and supply chain","","","","missing_association","Verify exact provider programme, entry requirements, NQF record and accreditation against an official source"
"removals-furniture-truck-driver","Removals Furniture Truck Driver","Logistics, transport and supply chain","","","","missing_association","Verify exact provider programme, entry requirements, NQF record and accreditation against an official source"
"returns-processor-reverse-logistics","Returns Processor (Reverse Logistics)","Logistics, transport and supply chain","","","","missing_association","Verify exact provider programme, entry requirements, NQF record and accreditation against an official source"
"ride-hailing-driver","Ride-Hailing Driver","Logistics, transport and supply chain","","","","missing_association","Verify exact provider programme, entry requirements, NQF record and accreditation against an official source"
"road-traffic-officer","Road Traffic Officer","Logistics, transport and supply chain","","","","missing_association","Verify exact provider programme, entry requirements, NQF record and accreditation against an official source"
"road-transport-manager","Road Transport Manager","Logistics, transport and supply chain","","","","missing_association","Verify exact provider programme, entry requirements, NQF record and accreditation against an official source"
"rolling-stock-electrician","Rolling Stock Electrician","Logistics, transport and supply chain","","","","missing_association","Verify exact provider programme, entry requirements, NQF record and accreditation against an official source"
"route-planner","Route Planner","Logistics, transport and supply chain","","","","missing_association","Verify exact provider programme, entry requirements, NQF record and accreditation against an official source"
"school-bus-driver","School Bus Driver","Logistics, transport and supply chain","","","","missing_association","Verify exact provider programme, entry requirements, NQF record and accreditation against an official source"
"ship-agent-s-clerk","Ship Agent's Clerk","Logistics, transport and supply chain","","","","missing_association","Verify exact provider programme, entry requirements, NQF record and accreditation against an official source"
"ship-captain","Ship Captain","Logistics, transport and supply chain","","","","missing_association","Verify exact provider programme, entry requirements, NQF record and accreditation against an official source"
"ship-chandlers-agent","Ship Chandlers Agent","Logistics, transport and supply chain","","","","missing_association","Verify exact provider programme, entry requirements, NQF record and accreditation against an official source"
"ship-planner","Ship Planner","Logistics, transport and supply chain","","","","missing_association","Verify exact provider programme, entry requirements, NQF record and accreditation against an official source"
"ship-s-master-coastal","Ship's Master (Coastal)","Logistics, transport and supply chain","","","","missing_association","Verify exact provider programme, entry requirements, NQF record and accreditation against an official source"
"shipping-and-receiving-clerk","Shipping and Receiving Clerk","Logistics, transport and supply chain","","","","missing_association","Verify exact provider programme, entry requirements, NQF record and accreditation against an official source"
"shipping-clerk","Shipping Clerk","Logistics, transport and supply chain","","","","missing_association","Verify exact provider programme, entry requirements, NQF record and accreditation against an official source"
"ships-agent","Ships Agent","Logistics, transport and supply chain","","","","missing_association","Verify exact provider programme, entry requirements, NQF record and accreditation against an official source"
"ships-deck-officer","Ships Deck Officer","Logistics, transport and supply chain","","","","missing_association","Verify exact provider programme, entry requirements, NQF record and accreditation against an official source"
"shunting-yard-operator","Shunting Yard Operator","Logistics, transport and supply chain","","","","missing_association","Verify exact provider programme, entry requirements, NQF record and accreditation against an official source"
"stevedore","Stevedore","Logistics, transport and supply chain","","","","missing_association","Verify exact provider programme, entry requirements, NQF record and accreditation against an official source"
"stock-clerk","Stock Clerk","Logistics, transport and supply chain","","","","missing_association","Verify exact provider programme, entry requirements, NQF record and accreditation against an official source"
"straddle-carrier-operator","Straddle Carrier Operator","Logistics, transport and supply chain","","","","missing_association","Verify exact provider programme, entry requirements, NQF record and accreditation against an official source"
"supply-chain-analyst","Supply Chain Analyst","Logistics, transport and supply chain","","","","missing_association","Verify exact provider programme, entry requirements, NQF record and accreditation against an official source"
"supply-chain-manager","Supply Chain Manager","Logistics, transport and supply chain","","","","missing_association","Verify exact provider programme, entry requirements, NQF record and accreditation against an official source"
"supply-chain-planner","Supply Chain Planner","Logistics, transport and supply chain","","","","missing_association","Verify exact provider programme, entry requirements, NQF record and accreditation against an official source"
"supply-chain-sustainability-analyst","Supply Chain Sustainability Analyst","Logistics, transport and supply chain","","","","missing_association","Verify exact provider programme, entry requirements, NQF record and accreditation against an official source"
"tariff-specialist-customs","Tariff Specialist (Customs)","Logistics, transport and supply chain","","","","missing_association","Verify exact provider programme, entry requirements, NQF record and accreditation against an official source"
"taxi-driver","Taxi Driver","Logistics, transport and supply chain","","","","missing_association","Verify exact provider programme, entry requirements, NQF record and accreditation against an official source"
"taxi-driver-minibus","Taxi Driver (Minibus)","Logistics, transport and supply chain","","","","missing_association","Verify exact provider programme, entry requirements, NQF record and accreditation against an official source"
"tour-bus-driver","Tour Bus Driver","Logistics, transport and supply chain","","","","missing_association","Verify exact provider programme, entry requirements, NQF record and accreditation against an official source"
"train-conductor-shunter","Train Conductor / Shunter","Logistics, transport and supply chain","","","","missing_association","Verify exact provider programme, entry requirements, NQF record and accreditation against an official source"
"train-driver","Train Driver","Logistics, transport and supply chain","","","","missing_association","Verify exact provider programme, entry requirements, NQF record and accreditation against an official source"
"train-station-master","Train Station Master","Logistics, transport and supply chain","","","","missing_association","Verify exact provider programme, entry requirements, NQF record and accreditation against an official source"
"transport-planner","Transport Planner","Logistics, transport and supply chain","","","","missing_association","Verify exact provider programme, entry requirements, NQF record and accreditation against an official source"
"truck-driver","Truck Driver","Logistics, transport and supply chain","","","","missing_association","Verify exact provider programme, entry requirements, NQF record and accreditation against an official source"
"truck-driver-code-c1-ec","Truck Driver (Code C1 / EC)","Logistics, transport and supply chain","","","","missing_association","Verify exact provider programme, entry requirements, NQF record and accreditation against an official source"
"tug-master","Tug Master","Logistics, transport and supply chain","","","","missing_association","Verify exact provider programme, entry requirements, NQF record and accreditation against an official source"
"vehicle-testing-station-examiner","Vehicle Testing Station Examiner","Logistics, transport and supply chain","","","","missing_association","Verify exact provider programme, entry requirements, NQF record and accreditation against an official source"
"vehicle-tracker-recovery-agent","Vehicle Tracker / Recovery Agent","Logistics, transport and supply chain","","","","missing_association","Verify exact provider programme, entry requirements, NQF record and accreditation against an official source"
"warehouse-manager","Warehouse Manager","Logistics, transport and supply chain","","","","missing_association","Verify exact provider programme, entry requirements, NQF record and accreditation against an official source"
"warehouse-picker-packer","Warehouse Picker / Packer","Logistics, transport and supply chain","","","","missing_association","Verify exact provider programme, entry requirements, NQF record and accreditation against an official source"
"warehouse-supervisor","Warehouse Supervisor","Logistics, transport and supply chain","","","","missing_association","Verify exact provider programme, entry requirements, NQF record and accreditation against an official source"
"academic-dean","Academic Dean","Management, strategy and leadership","","","","missing_association","Verify exact provider programme, entry requirements, NQF record and accreditation against an official source"
"administration-clerk","Administration Clerk","Management, strategy and leadership","","","","missing_association","Verify exact provider programme, entry requirements, NQF record and accreditation against an official source"
"administration-manager","Administration Manager","Management, strategy and leadership","","","","missing_association","Verify exact provider programme, entry requirements, NQF record and accreditation against an official source"
"area-manager","Area Manager","Management, strategy and leadership","","","","missing_association","Verify exact provider programme, entry requirements, NQF record and accreditation against an official source"
"arts-and-culture-manager","Arts and Culture Manager","Management, strategy and leadership","","","","missing_association","Verify exact provider programme, entry requirements, NQF record and accreditation against an official source"
"bid-committee-member","Bid Committee Member","Management, strategy and leadership","","","","missing_association","Verify exact provider programme, entry requirements, NQF record and accreditation against an official source"
"board-chairperson-non-executive-director","Board Chairperson / Non-Executive Director","Management, strategy and leadership","","","","missing_association","Verify exact provider programme, entry requirements, NQF record and accreditation against an official source"
"board-member","Board Member","Management, strategy and leadership","","","","missing_association","Verify exact provider programme, entry requirements, NQF record and accreditation against an official source"
"board-member-non-profit","Board Member (Non-Profit)","Management, strategy and leadership","","","","missing_association","Verify exact provider programme, entry requirements, NQF record and accreditation against an official source"
"business-analyst-senior","Business Analyst (Senior)","Management, strategy and leadership","","","","missing_association","Verify exact provider programme, entry requirements, NQF record and accreditation against an official source"
"business-consultant","Business Consultant","Management, strategy and leadership","","","","missing_association","Verify exact provider programme, entry requirements, NQF record and accreditation against an official source"
"business-continuity-planner","Business Continuity Planner","Management, strategy and leadership","","","","missing_association","Verify exact provider programme, entry requirements, NQF record and accreditation against an official source"
"business-incubator-manager","Business Incubator Manager","Management, strategy and leadership","","","","missing_association","Verify exact provider programme, entry requirements, NQF record and accreditation against an official source"
"business-process-re-engineering-consultant","Business Process Re-engineering Consultant","Management, strategy and leadership","","","","missing_association","Verify exact provider programme, entry requirements, NQF record and accreditation against an official source"
"buyer-procurement-officer","Buyer / Procurement Officer","Management, strategy and leadership","","","","missing_association","Verify exact provider programme, entry requirements, NQF record and accreditation against an official source"
"change-manager","Change Manager","Management, strategy and leadership","","","","missing_association","Verify exact provider programme, entry requirements, NQF record and accreditation against an official source"
"chief-executive-officer","Chief Executive Officer","Management, strategy and leadership","","","","missing_association","Verify exact provider programme, entry requirements, NQF record and accreditation against an official source"
"chief-financial-officer","Chief Financial Officer","Management, strategy and leadership","","","","missing_association","Verify exact provider programme, entry requirements, NQF record and accreditation against an official source"
"chief-financial-officer-cfo","Chief Financial Officer (CFO)","Management, strategy and leadership","","","","missing_association","Verify exact provider programme, entry requirements, NQF record and accreditation against an official source"
"chief-human-resources-officer-chro","Chief Human Resources Officer (CHRO)","Management, strategy and leadership","","","","missing_association","Verify exact provider programme, entry requirements, NQF record and accreditation against an official source"
"chief-marketing-officer-cmo","Chief Marketing Officer (CMO)","Management, strategy and leadership","","","","missing_association","Verify exact provider programme, entry requirements, NQF record and accreditation against an official source"
"chief-operations-officer","Chief Operations Officer","Management, strategy and leadership","","","","missing_association","Verify exact provider programme, entry requirements, NQF record and accreditation against an official source"
"chief-operations-officer-coo","Chief Operations Officer (COO)","Management, strategy and leadership","","","","missing_association","Verify exact provider programme, entry requirements, NQF record and accreditation against an official source"
"chief-technology-officer","Chief Technology Officer","Management, strategy and leadership","","","","missing_association","Verify exact provider programme, entry requirements, NQF record and accreditation against an official source"
"clinical-director","Clinical Director","Management, strategy and leadership","","","","missing_association","Verify exact provider programme, entry requirements, NQF record and accreditation against an official source"
"club-manager","Club Manager","Management, strategy and leadership","","","","missing_association","Verify exact provider programme, entry requirements, NQF record and accreditation against an official source"
"co-operative-development-officer","Co-operative Development Officer","Management, strategy and leadership","","","","missing_association","Verify exact provider programme, entry requirements, NQF record and accreditation against an official source"
"co-operative-registrar-advisor","Co-operative Registrar Advisor","Management, strategy and leadership","","","","missing_association","Verify exact provider programme, entry requirements, NQF record and accreditation against an official source"
"communications-director","Communications Director","Management, strategy and leadership","","","","missing_association","Verify exact provider programme, entry requirements, NQF record and accreditation against an official source"
"communications-manager","Communications Manager","Management, strategy and leadership","","","","missing_association","Verify exact provider programme, entry requirements, NQF record and accreditation against an official source"
"company-secretary","Company Secretary","Management, strategy and leadership","","","","missing_association","Verify exact provider programme, entry requirements, NQF record and accreditation against an official source"
"compensation-and-benefits-analyst","Compensation and Benefits Analyst","Management, strategy and leadership","","","","missing_association","Verify exact provider programme, entry requirements, NQF record and accreditation against an official source"
"compliance-manager","Compliance Manager","Management, strategy and leadership","","","","missing_association","Verify exact provider programme, entry requirements, NQF record and accreditation against an official source"
"continuous-improvement-manager","Continuous Improvement Manager","Management, strategy and leadership","","","","missing_association","Verify exact provider programme, entry requirements, NQF record and accreditation against an official source"
"contract-manager","Contract Manager","Management, strategy and leadership","","","","missing_association","Verify exact provider programme, entry requirements, NQF record and accreditation against an official source"
"contracts-manager","Contracts Manager","Management, strategy and leadership","","","","missing_association","Verify exact provider programme, entry requirements, NQF record and accreditation against an official source"
"data-protection-officer","Data Protection Officer","Management, strategy and leadership","","","","missing_association","Verify exact provider programme, entry requirements, NQF record and accreditation against an official source"
"data-protection-officer-dpo-popia","Data Protection Officer (DPO / POPIA)","Management, strategy and leadership","","","","missing_association","Verify exact provider programme, entry requirements, NQF record and accreditation against an official source"
"deal-origination-analyst","Deal Origination Analyst","Management, strategy and leadership","","","","missing_association","Verify exact provider programme, entry requirements, NQF record and accreditation against an official source"
"diversity-and-inclusion-manager","Diversity and Inclusion Manager","Management, strategy and leadership","","","","missing_association","Verify exact provider programme, entry requirements, NQF record and accreditation against an official source"
"diversity-and-inclusion-officer","Diversity and Inclusion Officer","Management, strategy and leadership","","","","missing_association","Verify exact provider programme, entry requirements, NQF record and accreditation against an official source"
"employee-wellness-coordinator","Employee Wellness Coordinator","Management, strategy and leadership","","","","missing_association","Verify exact provider programme, entry requirements, NQF record and accreditation against an official source"
"engineering-manager","Engineering Manager","Management, strategy and leadership","","","","missing_association","Verify exact provider programme, entry requirements, NQF record and accreditation against an official source"
"enterprise-development-officer-smme","Enterprise Development Officer (SMME)","Management, strategy and leadership","","","","missing_association","Verify exact provider programme, entry requirements, NQF record and accreditation against an official source"
"enterprise-risk-manager","Enterprise Risk Manager","Management, strategy and leadership","","","","missing_association","Verify exact provider programme, entry requirements, NQF record and accreditation against an official source"
"entrepreneur","Entrepreneur","Management, strategy and leadership","","","","missing_association","Verify exact provider programme, entry requirements, NQF record and accreditation against an official source"
"environmental-management-system-coordinator","Environmental Management System Coordinator","Management, strategy and leadership","","","","missing_association","Verify exact provider programme, entry requirements, NQF record and accreditation against an official source"
"esg-sustainability-manager","ESG / Sustainability Manager","Management, strategy and leadership","","","","missing_association","Verify exact provider programme, entry requirements, NQF record and accreditation against an official source"
"executive-assistant-to-ceo","Executive Assistant to CEO","Management, strategy and leadership","","","","missing_association","Verify exact provider programme, entry requirements, NQF record and accreditation against an official source"
"faculty-head","Faculty Head","Management, strategy and leadership","","","","missing_association","Verify exact provider programme, entry requirements, NQF record and accreditation against an official source"
"finance-director","Finance Director","Management, strategy and leadership","","","","missing_association","Verify exact provider programme, entry requirements, NQF record and accreditation against an official source"
"franchise-development-manager","Franchise Development Manager","Management, strategy and leadership","","","","missing_association","Verify exact provider programme, entry requirements, NQF record and accreditation against an official source"
"fraud-prevention-officer","Fraud Prevention Officer","Management, strategy and leadership","","","","missing_association","Verify exact provider programme, entry requirements, NQF record and accreditation against an official source"
"general-manager","General Manager","Management, strategy and leadership","","","","missing_association","Verify exact provider programme, entry requirements, NQF record and accreditation against an official source"
"general-manager-sme","General Manager (SME)","Management, strategy and leadership","","","","missing_association","Verify exact provider programme, entry requirements, NQF record and accreditation against an official source"
"government-director","Government Director","Management, strategy and leadership","","","","missing_association","Verify exact provider programme, entry requirements, NQF record and accreditation against an official source"
"headhunter-executive-search-consultant","Headhunter / Executive Search Consultant","Management, strategy and leadership","","","","missing_association","Verify exact provider programme, entry requirements, NQF record and accreditation against an official source"
"health-and-safety-representative","Health and Safety Representative","Management, strategy and leadership","","","","missing_association","Verify exact provider programme, entry requirements, NQF record and accreditation against an official source"
"hospital-ceo","Hospital CEO","Management, strategy and leadership","","","","missing_association","Verify exact provider programme, entry requirements, NQF record and accreditation against an official source"
"hr-business-partner","HR Business Partner","Management, strategy and leadership","","","","missing_association","Verify exact provider programme, entry requirements, NQF record and accreditation against an official source"
"hr-consultant","HR Consultant","Management, strategy and leadership","","","","missing_association","Verify exact provider programme, entry requirements, NQF record and accreditation against an official source"
"hr-generalist-practitioner","HR Generalist / Practitioner","Management, strategy and leadership","","","","missing_association","Verify exact provider programme, entry requirements, NQF record and accreditation against an official source"
"hr-manager","HR Manager","Management, strategy and leadership","","","","missing_association","Verify exact provider programme, entry requirements, NQF record and accreditation against an official source"
"human-resources-director","Human Resources Director","Management, strategy and leadership","","","","missing_association","Verify exact provider programme, entry requirements, NQF record and accreditation against an official source"
"human-resources-manager","Human Resources Manager","Management, strategy and leadership","","","","missing_association","Verify exact provider programme, entry requirements, NQF record and accreditation against an official source"
"ict-director","ICT Director","Management, strategy and leadership","","","","missing_association","Verify exact provider programme, entry requirements, NQF record and accreditation against an official source"
"incubation-hub-manager","Incubation Hub Manager","Management, strategy and leadership","","","","missing_association","Verify exact provider programme, entry requirements, NQF record and accreditation against an official source"
"industrial-psychologist-registered","Industrial Psychologist (Registered)","Management, strategy and leadership","","","","missing_association","Verify exact provider programme, entry requirements, NQF record and accreditation against an official source"
"information-security-manager","Information Security Manager","Management, strategy and leadership","","","","missing_association","Verify exact provider programme, entry requirements, NQF record and accreditation against an official source"
"innovation-manager","Innovation Manager","Management, strategy and leadership","","","","missing_association","Verify exact provider programme, entry requirements, NQF record and accreditation against an official source"
"internal-control-manager","Internal Control Manager","Management, strategy and leadership","","","","missing_association","Verify exact provider programme, entry requirements, NQF record and accreditation against an official source"
"investment-manager","Investment Manager","Management, strategy and leadership","","","","missing_association","Verify exact provider programme, entry requirements, NQF record and accreditation against an official source"
"labour-relations-manager","Labour Relations Manager","Management, strategy and leadership","","","","missing_association","Verify exact provider programme, entry requirements, NQF record and accreditation against an official source"
"labour-relations-specialist","Labour Relations Specialist","Management, strategy and leadership","","","","missing_association","Verify exact provider programme, entry requirements, NQF record and accreditation against an official source"
"learning-and-development-manager","Learning and Development Manager","Management, strategy and leadership","","","","missing_association","Verify exact provider programme, entry requirements, NQF record and accreditation against an official source"
"local-economic-development-led-officer","Local Economic Development (LED) Officer","Management, strategy and leadership","","","","missing_association","Verify exact provider programme, entry requirements, NQF record and accreditation against an official source"
"m-a-advisory-associate","M&A Advisory Associate","Management, strategy and leadership","","","","missing_association","Verify exact provider programme, entry requirements, NQF record and accreditation against an official source"
"management-trainee-graduate-programme","Management Trainee (Graduate Programme)","Management, strategy and leadership","","","","missing_association","Verify exact provider programme, entry requirements, NQF record and accreditation against an official source"
"managing-director","Managing Director","Management, strategy and leadership","","","","missing_association","Verify exact provider programme, entry requirements, NQF record and accreditation against an official source"
"managing-director-ceo","Managing Director / CEO","Management, strategy and leadership","","","","missing_association","Verify exact provider programme, entry requirements, NQF record and accreditation against an official source"
"managing-partner-professional-services","Managing Partner (Professional Services)","Management, strategy and leadership","","","","missing_association","Verify exact provider programme, entry requirements, NQF record and accreditation against an official source"
"marketing-director","Marketing Director","Management, strategy and leadership","","","","missing_association","Verify exact provider programme, entry requirements, NQF record and accreditation against an official source"
"mine-manager","Mine Manager","Management, strategy and leadership","","","","missing_association","Verify exact provider programme, entry requirements, NQF record and accreditation against an official source"
"non-executive-director","Non-Executive Director","Management, strategy and leadership","","","","missing_association","Verify exact provider programme, entry requirements, NQF record and accreditation against an official source"
"nursing-manager","Nursing Manager","Management, strategy and leadership","","","","missing_association","Verify exact provider programme, entry requirements, NQF record and accreditation against an official source"
"ohs-manager-she-manager","OHS Manager / SHE Manager","Management, strategy and leadership","","","","missing_association","Verify exact provider programme, entry requirements, NQF record and accreditation against an official source"
"operations-manager","Operations Manager","Management, strategy and leadership","","","","missing_association","Verify exact provider programme, entry requirements, NQF record and accreditation against an official source"
"organisational-change-consultant","Organisational Change Consultant","Management, strategy and leadership","","","","missing_association","Verify exact provider programme, entry requirements, NQF record and accreditation against an official source"
"organisational-development-consultant","Organisational Development Consultant","Management, strategy and leadership","","","","missing_association","Verify exact provider programme, entry requirements, NQF record and accreditation against an official source"
"organisational-development-manager","Organisational Development Manager","Management, strategy and leadership","","","","missing_association","Verify exact provider programme, entry requirements, NQF record and accreditation against an official source"
"organisational-psychologist","Organisational Psychologist","Management, strategy and leadership","","","","missing_association","Verify exact provider programme, entry requirements, NQF record and accreditation against an official source"
"personal-assistant-to-director","Personal Assistant to Director","Management, strategy and leadership","","","","missing_association","Verify exact provider programme, entry requirements, NQF record and accreditation against an official source"
"plant-manager","Plant Manager","Management, strategy and leadership","","","","missing_association","Verify exact provider programme, entry requirements, NQF record and accreditation against an official source"
"policy-director","Policy Director","Management, strategy and leadership","","","","missing_association","Verify exact provider programme, entry requirements, NQF record and accreditation against an official source"
"portfolio-manager-corporate-strategy","Portfolio Manager (Corporate Strategy)","Management, strategy and leadership","","","","missing_association","Verify exact provider programme, entry requirements, NQF record and accreditation against an official source"
"prince2-pmp-project-manager","Prince2 / PMP Project Manager","Management, strategy and leadership","","","","missing_association","Verify exact provider programme, entry requirements, NQF record and accreditation against an official source"
"procurement-officer-government","Procurement Officer (Government)","Management, strategy and leadership","","","","missing_association","Verify exact provider programme, entry requirements, NQF record and accreditation against an official source"
"product-owner-agile","Product Owner (Agile)","Management, strategy and leadership","","","","missing_association","Verify exact provider programme, entry requirements, NQF record and accreditation against an official source"
"program-manager-corporate","Program Manager (Corporate)","Management, strategy and leadership","","","","missing_association","Verify exact provider programme, entry requirements, NQF record and accreditation against an official source"
"programme-manager","Programme Manager","Management, strategy and leadership","","","","missing_association","Verify exact provider programme, entry requirements, NQF record and accreditation against an official source"
"programme-manager-ngo-npo","Programme Manager (NGO / NPO)","Management, strategy and leadership","","","","missing_association","Verify exact provider programme, entry requirements, NQF record and accreditation against an official source"
"project-management-office-pmo-manager","Project Management Office (PMO) Manager","Management, strategy and leadership","","","","missing_association","Verify exact provider programme, entry requirements, NQF record and accreditation against an official source"
"project-manager","Project Manager","Management, strategy and leadership","","","","missing_association","Verify exact provider programme, entry requirements, NQF record and accreditation against an official source"
"psychometrist-independent-practice","Psychometrist (Independent Practice)","Management, strategy and leadership","","","","missing_association","Verify exact provider programme, entry requirements, NQF record and accreditation against an official source"
"public-sector-manager","Public Sector Manager","Management, strategy and leadership","","","","missing_association","Verify exact provider programme, entry requirements, NQF record and accreditation against an official source"
"quality-assurance-manager-iso-9001","Quality Assurance Manager (ISO 9001)","Management, strategy and leadership","","","","missing_association","Verify exact provider programme, entry requirements, NQF record and accreditation against an official source"
"records-filing-clerk","Records / Filing Clerk","Management, strategy and leadership","","","","missing_association","Verify exact provider programme, entry requirements, NQF record and accreditation against an official source"
"recruitment-consultant","Recruitment Consultant","Management, strategy and leadership","","","","missing_association","Verify exact provider programme, entry requirements, NQF record and accreditation against an official source"
"recruitment-manager","Recruitment Manager","Management, strategy and leadership","","","","missing_association","Verify exact provider programme, entry requirements, NQF record and accreditation against an official source"
"remote-work-hybrid-work-coordinator","Remote Work / Hybrid Work Coordinator","Management, strategy and leadership","","","","missing_association","Verify exact provider programme, entry requirements, NQF record and accreditation against an official source"
"research-director","Research Director","Management, strategy and leadership","","","","missing_association","Verify exact provider programme, entry requirements, NQF record and accreditation against an official source"
"restaurant-general-manager","Restaurant General Manager","Management, strategy and leadership","","","","missing_association","Verify exact provider programme, entry requirements, NQF record and accreditation against an official source"
"retail-general-manager","Retail General Manager","Management, strategy and leadership","","","","missing_association","Verify exact provider programme, entry requirements, NQF record and accreditation against an official source"
"risk-compliance-officer","Risk Compliance Officer","Management, strategy and leadership","","","","missing_association","Verify exact provider programme, entry requirements, NQF record and accreditation against an official source"
"risk-manager","Risk Manager","Management, strategy and leadership","","","","missing_association","Verify exact provider programme, entry requirements, NQF record and accreditation against an official source"
"safety-officer-construction","Safety Officer (Construction)","Management, strategy and leadership","","","","missing_association","Verify exact provider programme, entry requirements, NQF record and accreditation against an official source"
"scrum-master-agile-practitioner","Scrum Master / Agile Practitioner","Management, strategy and leadership","","","","missing_association","Verify exact provider programme, entry requirements, NQF record and accreditation against an official source"
"six-sigma-black-belt","Six Sigma Black Belt","Management, strategy and leadership","","","","missing_association","Verify exact provider programme, entry requirements, NQF record and accreditation against an official source"
"small-business-owner","Small Business Owner","Management, strategy and leadership","","","","missing_association","Verify exact provider programme, entry requirements, NQF record and accreditation against an official source"
"smme-development-advisor","SMME Development Advisor","Management, strategy and leadership","","","","missing_association","Verify exact provider programme, entry requirements, NQF record and accreditation against an official source"
"sport-manager","Sport Manager","Management, strategy and leadership","","","","missing_association","Verify exact provider programme, entry requirements, NQF record and accreditation against an official source"
"startup-founder","Startup Founder","Management, strategy and leadership","","","","missing_association","Verify exact provider programme, entry requirements, NQF record and accreditation against an official source"
"strategy-consultant","Strategy Consultant","Management, strategy and leadership","","","","missing_association","Verify exact provider programme, entry requirements, NQF record and accreditation against an official source"
"strategy-director","Strategy Director","Management, strategy and leadership","","","","missing_association","Verify exact provider programme, entry requirements, NQF record and accreditation against an official source"
"strategy-manager","Strategy Manager","Management, strategy and leadership","","","","missing_association","Verify exact provider programme, entry requirements, NQF record and accreditation against an official source"
"supply-chain-director","Supply Chain Director","Management, strategy and leadership","","","","missing_association","Verify exact provider programme, entry requirements, NQF record and accreditation against an official source"
"sustainability-director","Sustainability Director","Management, strategy and leadership","","","","missing_association","Verify exact provider programme, entry requirements, NQF record and accreditation against an official source"
"talent-acquisition-specialist","Talent Acquisition Specialist","Management, strategy and leadership","","","","missing_association","Verify exact provider programme, entry requirements, NQF record and accreditation against an official source"
"talent-manager","Talent Manager","Management, strategy and leadership","","","","missing_association","Verify exact provider programme, entry requirements, NQF record and accreditation against an official source"
"training-and-development-manager","Training and Development Manager","Management, strategy and leadership","","","","missing_association","Verify exact provider programme, entry requirements, NQF record and accreditation against an official source"
"training-and-development-officer","Training and Development Officer","Management, strategy and leadership","","","","missing_association","Verify exact provider programme, entry requirements, NQF record and accreditation against an official source"
"transformation-manager","Transformation Manager","Management, strategy and leadership","","","","missing_association","Verify exact provider programme, entry requirements, NQF record and accreditation against an official source"
"treasury-manager","Treasury Manager","Management, strategy and leadership","","","","missing_association","Verify exact provider programme, entry requirements, NQF record and accreditation against an official source"
"vendor-manager","Vendor Manager","Management, strategy and leadership","","","","missing_association","Verify exact provider programme, entry requirements, NQF record and accreditation against an official source"
"additive-manufacturing-3d-print-technician","Additive Manufacturing (3D Print) Technician","Manufacturing, mining and energy","","","","missing_association","Verify exact provider programme, entry requirements, NQF record and accreditation against an official source"
"agile-coach","Agile Coach","Manufacturing, mining and energy","","","","missing_association","Verify exact provider programme, entry requirements, NQF record and accreditation against an official source"
"artisan-fitter","Artisan Fitter","Manufacturing, mining and energy","","","","missing_association","Verify exact provider programme, entry requirements, NQF record and accreditation against an official source"
"assembly-worker","Assembly Worker","Manufacturing, mining and energy","","","","missing_association","Verify exact provider programme, entry requirements, NQF record and accreditation against an official source"
"battery-storage-technician","Battery Storage Technician","Manufacturing, mining and energy","","","","missing_association","Verify exact provider programme, entry requirements, NQF record and accreditation against an official source"
"beverage-bottling-line-operator","Beverage Bottling Line Operator","Manufacturing, mining and energy","","","","missing_association","Verify exact provider programme, entry requirements, NQF record and accreditation against an official source"
"blaster","Blaster","Manufacturing, mining and energy","","","","missing_association","Verify exact provider programme, entry requirements, NQF record and accreditation against an official source"
"boiler-maker-heavy","Boiler Maker (Heavy)","Manufacturing, mining and energy","","","","missing_association","Verify exact provider programme, entry requirements, NQF record and accreditation against an official source"
"boilermaker-artisan","Boilermaker (Artisan)","Manufacturing, mining and energy","","","","missing_association","Verify exact provider programme, entry requirements, NQF record and accreditation against an official source"
"brewery-operator","Brewery Operator","Manufacturing, mining and energy","","","","missing_association","Verify exact provider programme, entry requirements, NQF record and accreditation against an official source"
"brickmaking-machine-operator","Brickmaking Machine Operator","Manufacturing, mining and energy","","","","missing_association","Verify exact provider programme, entry requirements, NQF record and accreditation against an official source"
"bulldozer-operator","Bulldozer Operator","Manufacturing, mining and energy","","","","missing_association","Verify exact provider programme, entry requirements, NQF record and accreditation against an official source"
"calibration-technician","Calibration Technician","Manufacturing, mining and energy","","","","missing_association","Verify exact provider programme, entry requirements, NQF record and accreditation against an official source"
"canning-preserving-line-worker","Canning / Preserving Line Worker","Manufacturing, mining and energy","","","","missing_association","Verify exact provider programme, entry requirements, NQF record and accreditation against an official source"
"carpet-fitter","Carpet Fitter","Manufacturing, mining and energy","","","","missing_association","Verify exact provider programme, entry requirements, NQF record and accreditation against an official source"
"cement-plant-operator","Cement Plant Operator","Manufacturing, mining and energy","","","","missing_association","Verify exact provider programme, entry requirements, NQF record and accreditation against an official source"
"chemical-engineer","Chemical Engineer","Manufacturing, mining and energy","","","","missing_association","Verify exact provider programme, entry requirements, NQF record and accreditation against an official source"
"chemical-engineering-technician","Chemical Engineering Technician","Manufacturing, mining and energy","","","","missing_association","Verify exact provider programme, entry requirements, NQF record and accreditation against an official source"
"chemical-plant-operator","Chemical Plant Operator","Manufacturing, mining and energy","","","","missing_association","Verify exact provider programme, entry requirements, NQF record and accreditation against an official source"
"clothing-pattern-grader","Clothing Pattern Grader","Manufacturing, mining and energy","","","","missing_association","Verify exact provider programme, entry requirements, NQF record and accreditation against an official source"
"clothing-quality-controller","Clothing Quality Controller","Manufacturing, mining and energy","","","","missing_association","Verify exact provider programme, entry requirements, NQF record and accreditation against an official source"
"cnc-machine-operator","CNC Machine Operator","Manufacturing, mining and energy","","","","missing_association","Verify exact provider programme, entry requirements, NQF record and accreditation against an official source"
"cnc-programmer","CNC Programmer","Manufacturing, mining and energy","","","","missing_association","Verify exact provider programme, entry requirements, NQF record and accreditation against an official source"
"coal-miner-underground","Coal Miner (Underground)","Manufacturing, mining and energy","","","","missing_association","Verify exact provider programme, entry requirements, NQF record and accreditation against an official source"
"conveyor-operator","Conveyor Operator","Manufacturing, mining and energy","","","","missing_association","Verify exact provider programme, entry requirements, NQF record and accreditation against an official source"
"dairy-plant-operator","Dairy Plant Operator","Manufacturing, mining and energy","","","","missing_association","Verify exact provider programme, entry requirements, NQF record and accreditation against an official source"
"diamond-sorter-digger","Diamond Sorter / Digger","Manufacturing, mining and energy","","","","missing_association","Verify exact provider programme, entry requirements, NQF record and accreditation against an official source"
"dressmaker","Dressmaker","Manufacturing, mining and energy","","","","missing_association","Verify exact provider programme, entry requirements, NQF record and accreditation against an official source"
"dump-truck-driver-mining","Dump Truck Driver (Mining)","Manufacturing, mining and energy","","","","missing_association","Verify exact provider programme, entry requirements, NQF record and accreditation against an official source"
"dump-truck-operator","Dump Truck Operator","Manufacturing, mining and energy","","","","missing_association","Verify exact provider programme, entry requirements, NQF record and accreditation against an official source"
"electrical-engineer-plant","Electrical Engineer (Plant)","Manufacturing, mining and energy","","","","missing_association","Verify exact provider programme, entry requirements, NQF record and accreditation against an official source"
"electrician-industrial","Electrician (Industrial)","Manufacturing, mining and energy","","","","missing_association","Verify exact provider programme, entry requirements, NQF record and accreditation against an official source"
"electricity-distribution-linesman","Electricity Distribution Linesman","Manufacturing, mining and energy","","","","missing_association","Verify exact provider programme, entry requirements, NQF record and accreditation against an official source"
"electronics-technician","Electronics Technician","Manufacturing, mining and energy","","","","missing_association","Verify exact provider programme, entry requirements, NQF record and accreditation against an official source"
"electroplating-worker","Electroplating Worker","Manufacturing, mining and energy","","","","missing_association","Verify exact provider programme, entry requirements, NQF record and accreditation against an official source"
"energy-efficiency-auditor","Energy Efficiency Auditor","Manufacturing, mining and energy","","","","missing_association","Verify exact provider programme, entry requirements, NQF record and accreditation against an official source"
"energy-plant-operator-solar-wind","Energy Plant Operator (Solar/Wind)","Manufacturing, mining and energy","","","","missing_association","Verify exact provider programme, entry requirements, NQF record and accreditation against an official source"
"energy-technician","Energy Technician","Manufacturing, mining and energy","","","","missing_association","Verify exact provider programme, entry requirements, NQF record and accreditation against an official source"
"ev-battery-assembly-technician","EV Battery Assembly Technician","Manufacturing, mining and energy","","","","missing_association","Verify exact provider programme, entry requirements, NQF record and accreditation against an official source"
"excavator-operator","Excavator Operator","Manufacturing, mining and energy","","","","missing_association","Verify exact provider programme, entry requirements, NQF record and accreditation against an official source"
"explosives-worker","Explosives Worker","Manufacturing, mining and energy","","","","missing_association","Verify exact provider programme, entry requirements, NQF record and accreditation against an official source"
"factory-manager","Factory Manager","Manufacturing, mining and energy","","","","missing_association","Verify exact provider programme, entry requirements, NQF record and accreditation against an official source"
"food-processing-operator","Food Processing Operator","Manufacturing, mining and energy","","","","missing_association","Verify exact provider programme, entry requirements, NQF record and accreditation against an official source"
"footwear-stitcher","Footwear Stitcher","Manufacturing, mining and energy","","","","missing_association","Verify exact provider programme, entry requirements, NQF record and accreditation against an official source"
"furnace-operator","Furnace Operator","Manufacturing, mining and energy","","","","missing_association","Verify exact provider programme, entry requirements, NQF record and accreditation against an official source"
"furniture-manufacturing-operator","Furniture Manufacturing Operator","Manufacturing, mining and energy","","","","missing_association","Verify exact provider programme, entry requirements, NQF record and accreditation against an official source"
"garment-cutter","Garment Cutter","Manufacturing, mining and energy","","","","missing_association","Verify exact provider programme, entry requirements, NQF record and accreditation against an official source"
"geologist","Geologist","Manufacturing, mining and energy","","","","missing_association","Verify exact provider programme, entry requirements, NQF record and accreditation against an official source"
"geophysicist","Geophysicist","Manufacturing, mining and energy","","","","missing_association","Verify exact provider programme, entry requirements, NQF record and accreditation against an official source"
"glass-manufacturing-operator","Glass Manufacturing Operator","Manufacturing, mining and energy","","","","missing_association","Verify exact provider programme, entry requirements, NQF record and accreditation against an official source"
"gold-miner-underground","Gold Miner (Underground)","Manufacturing, mining and energy","","","","missing_association","Verify exact provider programme, entry requirements, NQF record and accreditation against an official source"
"grader-operator","Grader Operator","Manufacturing, mining and energy","","","","missing_association","Verify exact provider programme, entry requirements, NQF record and accreditation against an official source"
"grinding-machine-operator","Grinding Machine Operator","Manufacturing, mining and energy","","","","missing_association","Verify exact provider programme, entry requirements, NQF record and accreditation against an official source"
"hoist-operator","Hoist Operator","Manufacturing, mining and energy","","","","missing_association","Verify exact provider programme, entry requirements, NQF record and accreditation against an official source"
"industrial-chemist","Industrial Chemist","Manufacturing, mining and energy","","","","missing_association","Verify exact provider programme, entry requirements, NQF record and accreditation against an official source"
"instrument-mechanician","Instrument Mechanician","Manufacturing, mining and energy","","","","missing_association","Verify exact provider programme, entry requirements, NQF record and accreditation against an official source"
"instrumentation-technician","Instrumentation Technician","Manufacturing, mining and energy","","","","missing_association","Verify exact provider programme, entry requirements, NQF record and accreditation against an official source"
"knitting-machine-operator","Knitting Machine Operator","Manufacturing, mining and energy","","","","missing_association","Verify exact provider programme, entry requirements, NQF record and accreditation against an official source"
"laboratory-manager","Laboratory Manager","Manufacturing, mining and energy","","","","missing_association","Verify exact provider programme, entry requirements, NQF record and accreditation against an official source"
"laboratory-technician-manufacturing","Laboratory Technician (Manufacturing)","Manufacturing, mining and energy","","","","missing_association","Verify exact provider programme, entry requirements, NQF record and accreditation against an official source"
"lathe-operator","Lathe Operator","Manufacturing, mining and energy","","","","missing_association","Verify exact provider programme, entry requirements, NQF record and accreditation against an official source"
"lean-manufacturing-specialist","Lean Manufacturing Specialist","Manufacturing, mining and energy","","","","missing_association","Verify exact provider programme, entry requirements, NQF record and accreditation against an official source"
"leather-goods-maker","Leather Goods Maker","Manufacturing, mining and energy","","","","missing_association","Verify exact provider programme, entry requirements, NQF record and accreditation against an official source"
"leather-worker","Leather Worker","Manufacturing, mining and energy","","","","missing_association","Verify exact provider programme, entry requirements, NQF record and accreditation against an official source"
"loco-driver-underground-mine","Loco Driver (Underground Mine)","Manufacturing, mining and energy","","","","missing_association","Verify exact provider programme, entry requirements, NQF record and accreditation against an official source"
"machine-operator","Machine Operator","Manufacturing, mining and energy","","","","missing_association","Verify exact provider programme, entry requirements, NQF record and accreditation against an official source"
"machine-operator-manufacturing","Machine Operator (Manufacturing)","Manufacturing, mining and energy","","","","missing_association","Verify exact provider programme, entry requirements, NQF record and accreditation against an official source"
"maintenance-fitter","Maintenance Fitter","Manufacturing, mining and energy","","","","missing_association","Verify exact provider programme, entry requirements, NQF record and accreditation against an official source"
"maintenance-planner","Maintenance Planner","Manufacturing, mining and energy","","","","missing_association","Verify exact provider programme, entry requirements, NQF record and accreditation against an official source"
"manufacturing-engineer","Manufacturing Engineer","Manufacturing, mining and energy","","","","missing_association","Verify exact provider programme, entry requirements, NQF record and accreditation against an official source"
"manufacturing-manager","Manufacturing Manager","Manufacturing, mining and energy","","","","missing_association","Verify exact provider programme, entry requirements, NQF record and accreditation against an official source"
"materials-scientist","Materials Scientist","Manufacturing, mining and energy","","","","missing_association","Verify exact provider programme, entry requirements, NQF record and accreditation against an official source"
"mechanical-engineer-plant","Mechanical Engineer (Plant)","Manufacturing, mining and energy","","","","missing_association","Verify exact provider programme, entry requirements, NQF record and accreditation against an official source"
"mechanical-fitter","Mechanical Fitter","Manufacturing, mining and energy","","","","missing_association","Verify exact provider programme, entry requirements, NQF record and accreditation against an official source"
"metal-casting-worker","Metal Casting Worker","Manufacturing, mining and energy","","","","missing_association","Verify exact provider programme, entry requirements, NQF record and accreditation against an official source"
"metallurgical-engineer","Metallurgical Engineer","Manufacturing, mining and energy","","","","missing_association","Verify exact provider programme, entry requirements, NQF record and accreditation against an official source"
"metallurgical-engineer-extractive","Metallurgical Engineer (Extractive)","Manufacturing, mining and energy","","","","missing_association","Verify exact provider programme, entry requirements, NQF record and accreditation against an official source"
"metallurgist","Metallurgist","Manufacturing, mining and energy","","","","missing_association","Verify exact provider programme, entry requirements, NQF record and accreditation against an official source"
"metallurgist-plant","Metallurgist (Plant)","Manufacturing, mining and energy","","","","missing_association","Verify exact provider programme, entry requirements, NQF record and accreditation against an official source"
"meter-reader-electricity-water","Meter Reader (Electricity / Water)","Manufacturing, mining and energy","","","","missing_association","Verify exact provider programme, entry requirements, NQF record and accreditation against an official source"
"milling-machine-operator","Milling Machine Operator","Manufacturing, mining and energy","","","","missing_association","Verify exact provider programme, entry requirements, NQF record and accreditation against an official source"
"millwright-plant","Millwright (Plant)","Manufacturing, mining and energy","","","","missing_association","Verify exact provider programme, entry requirements, NQF record and accreditation against an official source"
"mine-loader","Mine Loader","Manufacturing, mining and energy","","","","missing_association","Verify exact provider programme, entry requirements, NQF record and accreditation against an official source"
"mine-overseer","Mine Overseer","Manufacturing, mining and energy","","","","missing_association","Verify exact provider programme, entry requirements, NQF record and accreditation against an official source"
"mine-planner","Mine Planner","Manufacturing, mining and energy","","","","missing_association","Verify exact provider programme, entry requirements, NQF record and accreditation against an official source"
"mine-safety-officer","Mine Safety Officer","Manufacturing, mining and energy","","","","missing_association","Verify exact provider programme, entry requirements, NQF record and accreditation against an official source"
"mine-surveyor","Mine Surveyor","Manufacturing, mining and energy","","","","missing_association","Verify exact provider programme, entry requirements, NQF record and accreditation against an official source"
"miner","Miner","Manufacturing, mining and energy","","","","missing_association","Verify exact provider programme, entry requirements, NQF record and accreditation against an official source"
"miner-production-stoping","Miner (Production / Stoping)","Manufacturing, mining and energy","","","","missing_association","Verify exact provider programme, entry requirements, NQF record and accreditation against an official source"
"mineral-processing-operator","Mineral Processing Operator","Manufacturing, mining and energy","","","","missing_association","Verify exact provider programme, entry requirements, NQF record and accreditation against an official source"
"mining-engineer","Mining Engineer","Manufacturing, mining and energy","","","","missing_association","Verify exact provider programme, entry requirements, NQF record and accreditation against an official source"
"mining-manager","Mining Manager","Manufacturing, mining and energy","","","","missing_association","Verify exact provider programme, entry requirements, NQF record and accreditation against an official source"
"mining-technician","Mining Technician","Manufacturing, mining and energy","","","","missing_association","Verify exact provider programme, entry requirements, NQF record and accreditation against an official source"
"motor-mechanic","Motor Mechanic","Manufacturing, mining and energy","","","","missing_association","Verify exact provider programme, entry requirements, NQF record and accreditation against an official source"
"mould-maker","Mould Maker","Manufacturing, mining and energy","","","","missing_association","Verify exact provider programme, entry requirements, NQF record and accreditation against an official source"
"non-destructive-testing-ndt-technician","Non-Destructive Testing (NDT) Technician","Manufacturing, mining and energy","","","","missing_association","Verify exact provider programme, entry requirements, NQF record and accreditation against an official source"
"nuclear-plant-operator-koeberg","Nuclear Plant Operator (Koeberg)","Manufacturing, mining and energy","","","","missing_association","Verify exact provider programme, entry requirements, NQF record and accreditation against an official source"
"packaging-operator","Packaging Operator","Manufacturing, mining and energy","","","","missing_association","Verify exact provider programme, entry requirements, NQF record and accreditation against an official source"
"paint-sprayer-industrial","Paint Sprayer (Industrial)","Manufacturing, mining and energy","","","","missing_association","Verify exact provider programme, entry requirements, NQF record and accreditation against an official source"
"panel-beater-spray-painter","Panel Beater / Spray Painter","Manufacturing, mining and energy","","","","missing_association","Verify exact provider programme, entry requirements, NQF record and accreditation against an official source"
"petrochemical-refinery-operator","Petrochemical Refinery Operator","Manufacturing, mining and energy","","","","missing_association","Verify exact provider programme, entry requirements, NQF record and accreditation against an official source"
"petrol-diesel-attendant","Petrol/Diesel Attendant","Manufacturing, mining and energy","","","","missing_association","Verify exact provider programme, entry requirements, NQF record and accreditation against an official source"
"petroleum-engineer","Petroleum Engineer","Manufacturing, mining and energy","","","","missing_association","Verify exact provider programme, entry requirements, NQF record and accreditation against an official source"
"plant-manager-manufacturing","Plant Manager (Manufacturing)","Manufacturing, mining and energy","","","","missing_association","Verify exact provider programme, entry requirements, NQF record and accreditation against an official source"
"plant-operator","Plant Operator","Manufacturing, mining and energy","","","","missing_association","Verify exact provider programme, entry requirements, NQF record and accreditation against an official source"
"plant-operator-excavator-bulldozer","Plant Operator (Excavator / Bulldozer)","Manufacturing, mining and energy","","","","missing_association","Verify exact provider programme, entry requirements, NQF record and accreditation against an official source"
"plastic-injection-moulder-operator","Plastic Injection Moulder Operator","Manufacturing, mining and energy","","","","missing_association","Verify exact provider programme, entry requirements, NQF record and accreditation against an official source"
"plastics-extrusion-operator","Plastics Extrusion Operator","Manufacturing, mining and energy","","","","missing_association","Verify exact provider programme, entry requirements, NQF record and accreditation against an official source"
"plastics-worker","Plastics Worker","Manufacturing, mining and energy","","","","missing_association","Verify exact provider programme, entry requirements, NQF record and accreditation against an official source"
"platinum-miner-ug","Platinum Miner (UG)","Manufacturing, mining and energy","","","","missing_association","Verify exact provider programme, entry requirements, NQF record and accreditation against an official source"
"power-line-worker-high-voltage","Power Line Worker (High Voltage)","Manufacturing, mining and energy","","","","missing_association","Verify exact provider programme, entry requirements, NQF record and accreditation against an official source"
"power-plant-operator","Power Plant Operator","Manufacturing, mining and energy","","","","missing_association","Verify exact provider programme, entry requirements, NQF record and accreditation against an official source"
"power-station-operator","Power Station Operator","Manufacturing, mining and energy","","","","missing_association","Verify exact provider programme, entry requirements, NQF record and accreditation against an official source"
"press-machine-operator","Press Machine Operator","Manufacturing, mining and energy","","","","missing_association","Verify exact provider programme, entry requirements, NQF record and accreditation against an official source"
"process-engineer","Process Engineer","Manufacturing, mining and energy","","","","missing_association","Verify exact provider programme, entry requirements, NQF record and accreditation against an official source"
"process-engineer-chemical","Process Engineer (Chemical)","Manufacturing, mining and energy","","","","missing_association","Verify exact provider programme, entry requirements, NQF record and accreditation against an official source"
"process-operator","Process Operator","Manufacturing, mining and energy","","","","missing_association","Verify exact provider programme, entry requirements, NQF record and accreditation against an official source"
"production-assembly-worker-electronics","Production Assembly Worker (Electronics)","Manufacturing, mining and energy","","","","missing_association","Verify exact provider programme, entry requirements, NQF record and accreditation against an official source"
"production-engineer","Production Engineer","Manufacturing, mining and energy","","","","missing_association","Verify exact provider programme, entry requirements, NQF record and accreditation against an official source"
"production-line-worker","Production Line Worker","Manufacturing, mining and energy","","","","missing_association","Verify exact provider programme, entry requirements, NQF record and accreditation against an official source"
"production-manager","Production Manager","Manufacturing, mining and energy","","","","missing_association","Verify exact provider programme, entry requirements, NQF record and accreditation against an official source"
"production-planner","Production Planner","Manufacturing, mining and energy","","","","missing_association","Verify exact provider programme, entry requirements, NQF record and accreditation against an official source"
"production-supervisor","Production Supervisor","Manufacturing, mining and energy","","","","missing_association","Verify exact provider programme, entry requirements, NQF record and accreditation against an official source"
"production-worker","Production Worker","Manufacturing, mining and energy","","","","missing_association","Verify exact provider programme, entry requirements, NQF record and accreditation against an official source"
"pulp-and-paper-mill-operator","Pulp and Paper Mill Operator","Manufacturing, mining and energy","","","","missing_association","Verify exact provider programme, entry requirements, NQF record and accreditation against an official source"
"quality-assurance-inspector","Quality Assurance Inspector","Manufacturing, mining and energy","","","","missing_association","Verify exact provider programme, entry requirements, NQF record and accreditation against an official source"
"quality-controller","Quality Controller","Manufacturing, mining and energy","","","","missing_association","Verify exact provider programme, entry requirements, NQF record and accreditation against an official source"
"quality-manager","Quality Manager","Manufacturing, mining and energy","","","","missing_association","Verify exact provider programme, entry requirements, NQF record and accreditation against an official source"
"quality-systems-auditor-iso","Quality Systems Auditor (ISO)","Manufacturing, mining and energy","","","","missing_association","Verify exact provider programme, entry requirements, NQF record and accreditation against an official source"
"recycling-plant-sorter","Recycling Plant Sorter","Manufacturing, mining and energy","","","","missing_association","Verify exact provider programme, entry requirements, NQF record and accreditation against an official source"
"recycling-worker","Recycling Worker","Manufacturing, mining and energy","","","","missing_association","Verify exact provider programme, entry requirements, NQF record and accreditation against an official source"
"refinery-operator","Refinery Operator","Manufacturing, mining and energy","","","","missing_association","Verify exact provider programme, entry requirements, NQF record and accreditation against an official source"
"refinery-process-operator","Refinery Process Operator","Manufacturing, mining and energy","","","","missing_association","Verify exact provider programme, entry requirements, NQF record and accreditation against an official source"
"renewable-energy-engineer","Renewable Energy Engineer","Manufacturing, mining and energy","","","","missing_association","Verify exact provider programme, entry requirements, NQF record and accreditation against an official source"
"rigger-construction","Rigger (Construction)","Manufacturing, mining and energy","","","","missing_association","Verify exact provider programme, entry requirements, NQF record and accreditation against an official source"
"robotics-cell-operator","Robotics Cell Operator","Manufacturing, mining and energy","","","","missing_association","Verify exact provider programme, entry requirements, NQF record and accreditation against an official source"
"rock-drill-operator","Rock Drill Operator","Manufacturing, mining and energy","","","","missing_association","Verify exact provider programme, entry requirements, NQF record and accreditation against an official source"
"rock-driller","Rock Driller","Manufacturing, mining and energy","","","","missing_association","Verify exact provider programme, entry requirements, NQF record and accreditation against an official source"
"rock-engineer","Rock Engineer","Manufacturing, mining and energy","","","","missing_association","Verify exact provider programme, entry requirements, NQF record and accreditation against an official source"
"rock-engineer-mining","Rock Engineer (Mining)","Manufacturing, mining and energy","","","","missing_association","Verify exact provider programme, entry requirements, NQF record and accreditation against an official source"
"rubber-goods-maker","Rubber Goods Maker","Manufacturing, mining and energy","","","","missing_association","Verify exact provider programme, entry requirements, NQF record and accreditation against an official source"
"rubber-worker","Rubber Worker","Manufacturing, mining and energy","","","","missing_association","Verify exact provider programme, entry requirements, NQF record and accreditation against an official source"
"sawmill-operator","Sawmill Operator","Manufacturing, mining and energy","","","","missing_association","Verify exact provider programme, entry requirements, NQF record and accreditation against an official source"
"scrap-metal-processor","Scrap Metal Processor","Manufacturing, mining and energy","","","","missing_association","Verify exact provider programme, entry requirements, NQF record and accreditation against an official source"
"scrap-metal-yard-worker","Scrap Metal Yard Worker","Manufacturing, mining and energy","","","","missing_association","Verify exact provider programme, entry requirements, NQF record and accreditation against an official source"
"sewing-machinist","Sewing Machinist","Manufacturing, mining and energy","","","","missing_association","Verify exact provider programme, entry requirements, NQF record and accreditation against an official source"
"shift-supervisor","Shift Supervisor","Manufacturing, mining and energy","","","","missing_association","Verify exact provider programme, entry requirements, NQF record and accreditation against an official source"
"shoe-footwear-maker","Shoe / Footwear Maker","Manufacturing, mining and energy","","","","missing_association","Verify exact provider programme, entry requirements, NQF record and accreditation against an official source"
"shoemaker","Shoemaker","Manufacturing, mining and energy","","","","missing_association","Verify exact provider programme, entry requirements, NQF record and accreditation against an official source"
"slinging-and-signalling-crew","Slinging and Signalling Crew","Manufacturing, mining and energy","","","","missing_association","Verify exact provider programme, entry requirements, NQF record and accreditation against an official source"
"soft-drink-cooldrink-plant-operator","Soft Drink / Cooldrink Plant Operator","Manufacturing, mining and energy","","","","missing_association","Verify exact provider programme, entry requirements, NQF record and accreditation against an official source"
"solar-panel-assembler","Solar Panel Assembler","Manufacturing, mining and energy","","","","missing_association","Verify exact provider programme, entry requirements, NQF record and accreditation against an official source"
"steam-engine-and-boiler-operator","Steam Engine and Boiler Operator","Manufacturing, mining and energy","","","","missing_association","Verify exact provider programme, entry requirements, NQF record and accreditation against an official source"
"substation-operator","Substation Operator","Manufacturing, mining and energy","","","","missing_association","Verify exact provider programme, entry requirements, NQF record and accreditation against an official source"
"tailor","Tailor","Manufacturing, mining and energy","","","","missing_association","Verify exact provider programme, entry requirements, NQF record and accreditation against an official source"
"textile-dyer","Textile Dyer","Manufacturing, mining and energy","","","","missing_association","Verify exact provider programme, entry requirements, NQF record and accreditation against an official source"
"textile-machine-operator","Textile Machine Operator","Manufacturing, mining and energy","","","","missing_association","Verify exact provider programme, entry requirements, NQF record and accreditation against an official source"
"timber-treater","Timber Treater","Manufacturing, mining and energy","","","","missing_association","Verify exact provider programme, entry requirements, NQF record and accreditation against an official source"
"tyre-builder","Tyre Builder","Manufacturing, mining and energy","","","","missing_association","Verify exact provider programme, entry requirements, NQF record and accreditation against an official source"
"tyre-fitter","Tyre Fitter","Manufacturing, mining and energy","","","","missing_association","Verify exact provider programme, entry requirements, NQF record and accreditation against an official source"
"ventilation-officer-mine","Ventilation Officer (Mine)","Manufacturing, mining and energy","","","","missing_association","Verify exact provider programme, entry requirements, NQF record and accreditation against an official source"
"waste-treatment-plant-operator","Waste Treatment Plant Operator","Manufacturing, mining and energy","","","","missing_association","Verify exact provider programme, entry requirements, NQF record and accreditation against an official source"
"water-treatment-plant-operator","Water Treatment Plant Operator","Manufacturing, mining and energy","","","","missing_association","Verify exact provider programme, entry requirements, NQF record and accreditation against an official source"
"water-treatment-process-controller","Water Treatment Process Controller","Manufacturing, mining and energy","","","","missing_association","Verify exact provider programme, entry requirements, NQF record and accreditation against an official source"
"weaver-textiles","Weaver (Textiles)","Manufacturing, mining and energy","","","","missing_association","Verify exact provider programme, entry requirements, NQF record and accreditation against an official source"
"welder-arc-mig-tig","Welder (Arc, MIG, TIG)","Manufacturing, mining and energy","","","","missing_association","Verify exact provider programme, entry requirements, NQF record and accreditation against an official source"
"welder-code-pressure","Welder (Code / Pressure)","Manufacturing, mining and energy","","","","missing_association","Verify exact provider programme, entry requirements, NQF record and accreditation against an official source"
"welding-co-ordinator","Welding Co-ordinator","Manufacturing, mining and energy","","","","missing_association","Verify exact provider programme, entry requirements, NQF record and accreditation against an official source"
"welding-machine-operator","Welding Machine Operator","Manufacturing, mining and energy","","","","missing_association","Verify exact provider programme, entry requirements, NQF record and accreditation against an official source"
"account-manager-agency","Account Manager (Agency)","Sales, marketing and customer work","","","","missing_association","Verify exact provider programme, entry requirements, NQF record and accreditation against an official source"
"account-manager-sales","Account Manager (Sales)","Sales, marketing and customer work","","","","missing_association","Verify exact provider programme, entry requirements, NQF record and accreditation against an official source"
"advertising-sales-agent","Advertising Sales Agent","Sales, marketing and customer work","","","","missing_association","Verify exact provider programme, entry requirements, NQF record and accreditation against an official source"
"affiliate-marketing-coordinator","Affiliate Marketing Coordinator","Sales, marketing and customer work","","","","missing_association","Verify exact provider programme, entry requirements, NQF record and accreditation against an official source"
"agricultural-equipment-sales-rep","Agricultural Equipment Sales Rep","Sales, marketing and customer work","","","","missing_association","Verify exact provider programme, entry requirements, NQF record and accreditation against an official source"
"auctioneer","Auctioneer","Sales, marketing and customer work","","","","missing_association","Verify exact provider programme, entry requirements, NQF record and accreditation against an official source"
"automotive-sales-consultant","Automotive Sales Consultant","Sales, marketing and customer work","","","","missing_association","Verify exact provider programme, entry requirements, NQF record and accreditation against an official source"
"beauty-consultant-retail","Beauty Consultant (Retail)","Sales, marketing and customer work","","","","missing_association","Verify exact provider programme, entry requirements, NQF record and accreditation against an official source"
"booking-clerk","Booking Clerk","Sales, marketing and customer work","","","","missing_association","Verify exact provider programme, entry requirements, NQF record and accreditation against an official source"
"brand-ambassador","Brand Ambassador","Sales, marketing and customer work","","","","missing_association","Verify exact provider programme, entry requirements, NQF record and accreditation against an official source"
"brand-strategist","Brand Strategist","Sales, marketing and customer work","","","","missing_association","Verify exact provider programme, entry requirements, NQF record and accreditation against an official source"
"building-hardware-sales-advisor","Building / Hardware Sales Advisor","Sales, marketing and customer work","","","","missing_association","Verify exact provider programme, entry requirements, NQF record and accreditation against an official source"
"business-development-manager","Business Development Manager","Sales, marketing and customer work","","","","missing_association","Verify exact provider programme, entry requirements, NQF record and accreditation against an official source"
"call-centre-agent","Call Centre Agent","Sales, marketing and customer work","","","","missing_association","Verify exact provider programme, entry requirements, NQF record and accreditation against an official source"
"call-centre-agent-inbound","Call Centre Agent (Inbound)","Sales, marketing and customer work","","","","missing_association","Verify exact provider programme, entry requirements, NQF record and accreditation against an official source"
"call-centre-agent-outbound","Call Centre Agent (Outbound)","Sales, marketing and customer work","","","","missing_association","Verify exact provider programme, entry requirements, NQF record and accreditation against an official source"
"call-centre-manager","Call Centre Manager","Sales, marketing and customer work","","","","missing_association","Verify exact provider programme, entry requirements, NQF record and accreditation against an official source"
"call-centre-quality-assurance-assessor","Call Centre Quality Assurance Assessor","Sales, marketing and customer work","","","","missing_association","Verify exact provider programme, entry requirements, NQF record and accreditation against an official source"
"call-centre-team-leader","Call Centre Team Leader","Sales, marketing and customer work","","","","missing_association","Verify exact provider programme, entry requirements, NQF record and accreditation against an official source"
"call-centre-trainer","Call Centre Trainer","Sales, marketing and customer work","","","","missing_association","Verify exact provider programme, entry requirements, NQF record and accreditation against an official source"
"call-centre-workforce-planner","Call Centre Workforce Planner","Sales, marketing and customer work","","","","missing_association","Verify exact provider programme, entry requirements, NQF record and accreditation against an official source"
"car-sales-executive","Car Sales Executive","Sales, marketing and customer work","","","","missing_association","Verify exact provider programme, entry requirements, NQF record and accreditation against an official source"
"car-salesperson","Car Salesperson","Sales, marketing and customer work","","","","missing_association","Verify exact provider programme, entry requirements, NQF record and accreditation against an official source"
"cashier","Cashier","Sales, marketing and customer work","","","","missing_association","Verify exact provider programme, entry requirements, NQF record and accreditation against an official source"
"cellular-mobile-phone-sales-consultant","Cellular / Mobile Phone Sales Consultant","Sales, marketing and customer work","","","","missing_association","Verify exact provider programme, entry requirements, NQF record and accreditation against an official source"
"channel-sales-manager","Channel Sales Manager","Sales, marketing and customer work","","","","missing_association","Verify exact provider programme, entry requirements, NQF record and accreditation against an official source"
"client-liaison-officer","Client Liaison Officer","Sales, marketing and customer work","","","","missing_association","Verify exact provider programme, entry requirements, NQF record and accreditation against an official source"
"commercial-sales-representative","Commercial Sales Representative","Sales, marketing and customer work","","","","missing_association","Verify exact provider programme, entry requirements, NQF record and accreditation against an official source"
"community-manager-online-brand","Community Manager (Online Brand)","Sales, marketing and customer work","","","","missing_association","Verify exact provider programme, entry requirements, NQF record and accreditation against an official source"
"contact-centre-agent","Contact Centre Agent","Sales, marketing and customer work","","","","missing_association","Verify exact provider programme, entry requirements, NQF record and accreditation against an official source"
"corporate-communications-officer","Corporate Communications Officer","Sales, marketing and customer work","","","","missing_association","Verify exact provider programme, entry requirements, NQF record and accreditation against an official source"
"cosmetics-sales-assistant","Cosmetics Sales Assistant","Sales, marketing and customer work","","","","missing_association","Verify exact provider programme, entry requirements, NQF record and accreditation against an official source"
"crisis-communications-advisor","Crisis Communications Advisor","Sales, marketing and customer work","","","","missing_association","Verify exact provider programme, entry requirements, NQF record and accreditation against an official source"
"customer-experience-cx-manager","Customer Experience (CX) Manager","Sales, marketing and customer work","","","","missing_association","Verify exact provider programme, entry requirements, NQF record and accreditation against an official source"
"customer-onboarding-specialist","Customer Onboarding Specialist","Sales, marketing and customer work","","","","missing_association","Verify exact provider programme, entry requirements, NQF record and accreditation against an official source"
"customer-service-agent","Customer Service Agent","Sales, marketing and customer work","","","","missing_association","Verify exact provider programme, entry requirements, NQF record and accreditation against an official source"
"customer-service-manager","Customer Service Manager","Sales, marketing and customer work","","","","missing_association","Verify exact provider programme, entry requirements, NQF record and accreditation against an official source"
"customer-service-representative","Customer Service Representative","Sales, marketing and customer work","","","","missing_association","Verify exact provider programme, entry requirements, NQF record and accreditation against an official source"
"customer-success-manager","Customer Success Manager","Sales, marketing and customer work","","","","missing_association","Verify exact provider programme, entry requirements, NQF record and accreditation against an official source"
"customer-support-manager","Customer Support Manager","Sales, marketing and customer work","","","","missing_association","Verify exact provider programme, entry requirements, NQF record and accreditation against an official source"
"customer-support-team-leader","Customer Support Team Leader","Sales, marketing and customer work","","","","missing_association","Verify exact provider programme, entry requirements, NQF record and accreditation against an official source"
"demonstrator","Demonstrator","Sales, marketing and customer work","","","","missing_association","Verify exact provider programme, entry requirements, NQF record and accreditation against an official source"
"direct-marketing-distributor","Direct Marketing Distributor","Sales, marketing and customer work","","","","missing_association","Verify exact provider programme, entry requirements, NQF record and accreditation against an official source"
"donor-relations-officer","Donor Relations Officer","Sales, marketing and customer work","","","","missing_association","Verify exact provider programme, entry requirements, NQF record and accreditation against an official source"
"door-to-door-sales-representative","Door-to-Door Sales Representative","Sales, marketing and customer work","","","","missing_association","Verify exact provider programme, entry requirements, NQF record and accreditation against an official source"
"door-to-door-sales-worker","Door-to-Door Sales Worker","Sales, marketing and customer work","","","","missing_association","Verify exact provider programme, entry requirements, NQF record and accreditation against an official source"
"e-commerce-customer-support","E-Commerce Customer Support","Sales, marketing and customer work","","","","missing_association","Verify exact provider programme, entry requirements, NQF record and accreditation against an official source"
"e-commerce-store-manager","E-Commerce Store Manager","Sales, marketing and customer work","","","","missing_association","Verify exact provider programme, entry requirements, NQF record and accreditation against an official source"
"electronics-sales-consultant","Electronics Sales Consultant","Sales, marketing and customer work","","","","missing_association","Verify exact provider programme, entry requirements, NQF record and accreditation against an official source"
"enquiry-clerk","Enquiry Clerk","Sales, marketing and customer work","","","","missing_association","Verify exact provider programme, entry requirements, NQF record and accreditation against an official source"
"estate-agent","Estate Agent","Sales, marketing and customer work","","","","missing_association","Verify exact provider programme, entry requirements, NQF record and accreditation against an official source"
"events-marketing-manager","Events Marketing Manager","Sales, marketing and customer work","","","","missing_association","Verify exact provider programme, entry requirements, NQF record and accreditation against an official source"
"exhibition-stand-coordinator","Exhibition Stand Coordinator","Sales, marketing and customer work","","","","missing_association","Verify exact provider programme, entry requirements, NQF record and accreditation against an official source"
"fashion-buyer","Fashion Buyer","Sales, marketing and customer work","","","","missing_association","Verify exact provider programme, entry requirements, NQF record and accreditation against an official source"
"field-marketing-manager","Field Marketing Manager","Sales, marketing and customer work","","","","missing_association","Verify exact provider programme, entry requirements, NQF record and accreditation against an official source"
"field-sales-agent-township","Field Sales Agent (Township)","Sales, marketing and customer work","","","","missing_association","Verify exact provider programme, entry requirements, NQF record and accreditation against an official source"
"fragrance-promoter","Fragrance Promoter","Sales, marketing and customer work","","","","missing_association","Verify exact provider programme, entry requirements, NQF record and accreditation against an official source"
"franchise-manager","Franchise Manager","Sales, marketing and customer work","","","","missing_association","Verify exact provider programme, entry requirements, NQF record and accreditation against an official source"
"franchise-owner-operator","Franchise Owner/Operator","Sales, marketing and customer work","","","","missing_association","Verify exact provider programme, entry requirements, NQF record and accreditation against an official source"
"fundraiser-ngo-npo","Fundraiser (NGO / NPO)","Sales, marketing and customer work","","","","missing_association","Verify exact provider programme, entry requirements, NQF record and accreditation against an official source"
"furniture-sales-consultant","Furniture Sales Consultant","Sales, marketing and customer work","","","","missing_association","Verify exact provider programme, entry requirements, NQF record and accreditation against an official source"
"hotel-receptionist","Hotel Receptionist","Sales, marketing and customer work","","","","missing_association","Verify exact provider programme, entry requirements, NQF record and accreditation against an official source"
"industrial-sales-engineer","Industrial Sales Engineer","Sales, marketing and customer work","","","","missing_association","Verify exact provider programme, entry requirements, NQF record and accreditation against an official source"
"influencer-marketing-coordinator","Influencer Marketing Coordinator","Sales, marketing and customer work","","","","missing_association","Verify exact provider programme, entry requirements, NQF record and accreditation against an official source"
"informal-trader","Informal Trader","Sales, marketing and customer work","","","","missing_association","Verify exact provider programme, entry requirements, NQF record and accreditation against an official source"
"information-clerk","Information Clerk","Sales, marketing and customer work","","","","missing_association","Verify exact provider programme, entry requirements, NQF record and accreditation against an official source"
"insurance-sales-agent","Insurance Sales Agent","Sales, marketing and customer work","","","","missing_association","Verify exact provider programme, entry requirements, NQF record and accreditation against an official source"
"it-software-account-executive","IT / Software Account Executive","Sales, marketing and customer work","","","","missing_association","Verify exact provider programme, entry requirements, NQF record and accreditation against an official source"
"key-account-manager","Key Account Manager","Sales, marketing and customer work","","","","missing_association","Verify exact provider programme, entry requirements, NQF record and accreditation against an official source"
"laboratory-equipment-sales-rep","Laboratory Equipment Sales Rep","Sales, marketing and customer work","","","","missing_association","Verify exact provider programme, entry requirements, NQF record and accreditation against an official source"
"loss-prevention-officer","Loss Prevention Officer","Sales, marketing and customer work","","","","missing_association","Verify exact provider programme, entry requirements, NQF record and accreditation against an official source"
"market-research-analyst","Market Research Analyst","Sales, marketing and customer work","","","","missing_association","Verify exact provider programme, entry requirements, NQF record and accreditation against an official source"
"market-stall-holder","Market Stall Holder","Sales, marketing and customer work","","","","missing_association","Verify exact provider programme, entry requirements, NQF record and accreditation against an official source"
"marketing-assistant","Marketing Assistant","Sales, marketing and customer work","","","","missing_association","Verify exact provider programme, entry requirements, NQF record and accreditation against an official source"
"marketing-coordinator","Marketing Coordinator","Sales, marketing and customer work","","","","missing_association","Verify exact provider programme, entry requirements, NQF record and accreditation against an official source"
"media-buyer","Media Buyer","Sales, marketing and customer work","","","","missing_association","Verify exact provider programme, entry requirements, NQF record and accreditation against an official source"
"media-planner","Media Planner","Sales, marketing and customer work","","","","missing_association","Verify exact provider programme, entry requirements, NQF record and accreditation against an official source"
"media-sales-representative","Media Sales Representative","Sales, marketing and customer work","","","","missing_association","Verify exact provider programme, entry requirements, NQF record and accreditation against an official source"
"medical-device-sales-specialist","Medical Device Sales Specialist","Sales, marketing and customer work","","","","missing_association","Verify exact provider programme, entry requirements, NQF record and accreditation against an official source"
"medical-sales-representative","Medical Sales Representative","Sales, marketing and customer work","","","","missing_association","Verify exact provider programme, entry requirements, NQF record and accreditation against an official source"
"merchandiser","Merchandiser","Sales, marketing and customer work","","","","missing_association","Verify exact provider programme, entry requirements, NQF record and accreditation against an official source"
"model","Model","Sales, marketing and customer work","","","","missing_association","Verify exact provider programme, entry requirements, NQF record and accreditation against an official source"
"motorcycle-sales-representative","Motorcycle Sales Representative","Sales, marketing and customer work","","","","missing_association","Verify exact provider programme, entry requirements, NQF record and accreditation against an official source"
"mystery-shopper","Mystery Shopper","Sales, marketing and customer work","","","","missing_association","Verify exact provider programme, entry requirements, NQF record and accreditation against an official source"
"network-marketer-direct-selling-agent","Network Marketer / Direct Selling Agent","Sales, marketing and customer work","","","","missing_association","Verify exact provider programme, entry requirements, NQF record and accreditation against an official source"
"office-equipment-sales-rep","Office Equipment Sales Rep","Sales, marketing and customer work","","","","missing_association","Verify exact provider programme, entry requirements, NQF record and accreditation against an official source"
"partner-success-manager","Partner Success Manager","Sales, marketing and customer work","","","","missing_association","Verify exact provider programme, entry requirements, NQF record and accreditation against an official source"
"personal-assistant-secretary","Personal Assistant / Secretary","Sales, marketing and customer work","","","","missing_association","Verify exact provider programme, entry requirements, NQF record and accreditation against an official source"
"pharmaceutical-representative","Pharmaceutical Representative","Sales, marketing and customer work","","","","missing_association","Verify exact provider programme, entry requirements, NQF record and accreditation against an official source"
"pharmaceutical-sales-rep-ethical","Pharmaceutical Sales Rep (Ethical)","Sales, marketing and customer work","","","","missing_association","Verify exact provider programme, entry requirements, NQF record and accreditation against an official source"
"pharmaceutical-sales-representative","Pharmaceutical Sales Representative","Sales, marketing and customer work","","","","missing_association","Verify exact provider programme, entry requirements, NQF record and accreditation against an official source"
"product-marketing-manager","Product Marketing Manager","Sales, marketing and customer work","","","","missing_association","Verify exact provider programme, entry requirements, NQF record and accreditation against an official source"
"promoter-field-marketer","Promoter / Field Marketer","Sales, marketing and customer work","","","","missing_association","Verify exact provider programme, entry requirements, NQF record and accreditation against an official source"
"promotions-officer","Promotions Officer","Sales, marketing and customer work","","","","missing_association","Verify exact provider programme, entry requirements, NQF record and accreditation against an official source"
"property-manager","Property Manager","Sales, marketing and customer work","","","","missing_association","Verify exact provider programme, entry requirements, NQF record and accreditation against an official source"
"public-relations-account-manager","Public Relations Account Manager","Sales, marketing and customer work","","","","missing_association","Verify exact provider programme, entry requirements, NQF record and accreditation against an official source"
"real-estate-agent","Real Estate Agent","Sales, marketing and customer work","","","","missing_association","Verify exact provider programme, entry requirements, NQF record and accreditation against an official source"
"real-estate-agent-intern","Real Estate Agent (Intern)","Sales, marketing and customer work","","","","missing_association","Verify exact provider programme, entry requirements, NQF record and accreditation against an official source"
"real-estate-principal","Real Estate Principal","Sales, marketing and customer work","","","","missing_association","Verify exact provider programme, entry requirements, NQF record and accreditation against an official source"
"receptionist-front-desk","Receptionist / Front Desk","Sales, marketing and customer work","","","","missing_association","Verify exact provider programme, entry requirements, NQF record and accreditation against an official source"
"retail-area-manager","Retail Area Manager","Sales, marketing and customer work","","","","missing_association","Verify exact provider programme, entry requirements, NQF record and accreditation against an official source"
"retail-buyer-merchandiser","Retail Buyer / Merchandiser","Sales, marketing and customer work","","","","missing_association","Verify exact provider programme, entry requirements, NQF record and accreditation against an official source"
"retail-department-manager","Retail Department Manager","Sales, marketing and customer work","","","","missing_association","Verify exact provider programme, entry requirements, NQF record and accreditation against an official source"
"retail-manager","Retail Manager","Sales, marketing and customer work","","","","missing_association","Verify exact provider programme, entry requirements, NQF record and accreditation against an official source"
"retail-marketing-coordinator","Retail Marketing Coordinator","Sales, marketing and customer work","","","","missing_association","Verify exact provider programme, entry requirements, NQF record and accreditation against an official source"
"retail-sales-assistant","Retail Sales Assistant","Sales, marketing and customer work","","","","missing_association","Verify exact provider programme, entry requirements, NQF record and accreditation against an official source"
"retail-store-manager","Retail Store Manager","Sales, marketing and customer work","","","","missing_association","Verify exact provider programme, entry requirements, NQF record and accreditation against an official source"
"retail-supervisor","Retail Supervisor","Sales, marketing and customer work","","","","missing_association","Verify exact provider programme, entry requirements, NQF record and accreditation against an official source"
"saas-sales-representative","SaaS Sales Representative","Sales, marketing and customer work","","","","missing_association","Verify exact provider programme, entry requirements, NQF record and accreditation against an official source"
"sales-assistant","Sales Assistant","Sales, marketing and customer work","","","","missing_association","Verify exact provider programme, entry requirements, NQF record and accreditation against an official source"
"sales-associate-luxury-goods","Sales Associate (Luxury Goods)","Sales, marketing and customer work","","","","missing_association","Verify exact provider programme, entry requirements, NQF record and accreditation against an official source"
"sales-clerk","Sales Clerk","Sales, marketing and customer work","","","","missing_association","Verify exact provider programme, entry requirements, NQF record and accreditation against an official source"
"sales-director","Sales Director","Sales, marketing and customer work","","","","missing_association","Verify exact provider programme, entry requirements, NQF record and accreditation against an official source"
"sales-enablement-specialist","Sales Enablement Specialist","Sales, marketing and customer work","","","","missing_association","Verify exact provider programme, entry requirements, NQF record and accreditation against an official source"
"sales-manager","Sales Manager","Sales, marketing and customer work","","","","missing_association","Verify exact provider programme, entry requirements, NQF record and accreditation against an official source"
"sales-operations-analyst","Sales Operations Analyst","Sales, marketing and customer work","","","","missing_association","Verify exact provider programme, entry requirements, NQF record and accreditation against an official source"
"sales-representative","Sales Representative","Sales, marketing and customer work","","","","missing_association","Verify exact provider programme, entry requirements, NQF record and accreditation against an official source"
"sales-representative-fmcg","Sales Representative (FMCG)","Sales, marketing and customer work","","","","missing_association","Verify exact provider programme, entry requirements, NQF record and accreditation against an official source"
"sdr-bdr-software-sales","SDR / BDR (Software Sales)","Sales, marketing and customer work","","","","missing_association","Verify exact provider programme, entry requirements, NQF record and accreditation against an official source"
"shop-assistant-cashier","Shop Assistant / Cashier","Sales, marketing and customer work","","","","missing_association","Verify exact provider programme, entry requirements, NQF record and accreditation against an official source"
"shop-sales-assistant","Shop Sales Assistant","Sales, marketing and customer work","","","","missing_association","Verify exact provider programme, entry requirements, NQF record and accreditation against an official source"
"social-media-sales-funnel-specialist","Social Media Sales Funnel Specialist","Sales, marketing and customer work","","","","missing_association","Verify exact provider programme, entry requirements, NQF record and accreditation against an official source"
"spaza-shop-owner","Spaza Shop Owner","Sales, marketing and customer work","","","","missing_association","Verify exact provider programme, entry requirements, NQF record and accreditation against an official source"
"sponsorship-coordinator","Sponsorship Coordinator","Sales, marketing and customer work","","","","missing_association","Verify exact provider programme, entry requirements, NQF record and accreditation against an official source"
"stock-inventory-planner-retail","Stock / Inventory Planner (Retail)","Sales, marketing and customer work","","","","missing_association","Verify exact provider programme, entry requirements, NQF record and accreditation against an official source"
"store-manager","Store Manager","Sales, marketing and customer work","","","","missing_association","Verify exact provider programme, entry requirements, NQF record and accreditation against an official source"
"street-vendor","Street Vendor","Sales, marketing and customer work","","","","missing_association","Verify exact provider programme, entry requirements, NQF record and accreditation against an official source"
"technical-sales-representative","Technical Sales Representative","Sales, marketing and customer work","","","","missing_association","Verify exact provider programme, entry requirements, NQF record and accreditation against an official source"
"technical-support-agent-helpdesk","Technical Support Agent (Helpdesk)","Sales, marketing and customer work","","","","missing_association","Verify exact provider programme, entry requirements, NQF record and accreditation against an official source"
"telesales-agent","Telesales Agent","Sales, marketing and customer work","","","","missing_association","Verify exact provider programme, entry requirements, NQF record and accreditation against an official source"
"ticket-agent","Ticket Agent","Sales, marketing and customer work","","","","missing_association","Verify exact provider programme, entry requirements, NQF record and accreditation against an official source"
"trade-marketer-fmcg","Trade Marketer (FMCG)","Sales, marketing and customer work","","","","missing_association","Verify exact provider programme, entry requirements, NQF record and accreditation against an official source"
"trade-show-sales-representative","Trade Show Sales Representative","Sales, marketing and customer work","","","","missing_association","Verify exact provider programme, entry requirements, NQF record and accreditation against an official source"
"travel-agent","Travel Agent","Sales, marketing and customer work","","","","missing_association","Verify exact provider programme, entry requirements, NQF record and accreditation against an official source"
"truck-sales-representative","Truck Sales Representative","Sales, marketing and customer work","","","","missing_association","Verify exact provider programme, entry requirements, NQF record and accreditation against an official source"
"used-car-sales-executive","Used Car Sales Executive","Sales, marketing and customer work","","","","missing_association","Verify exact provider programme, entry requirements, NQF record and accreditation against an official source"
"vehicle-finance-and-insurance-f-i-consultant","Vehicle Finance and Insurance (F&I) Consultant","Sales, marketing and customer work","","","","missing_association","Verify exact provider programme, entry requirements, NQF record and accreditation against an official source"
"vendor-relationship-manager","Vendor Relationship Manager","Sales, marketing and customer work","","","","missing_association","Verify exact provider programme, entry requirements, NQF record and accreditation against an official source"
"visual-merchandiser","Visual Merchandiser","Sales, marketing and customer work","","","","missing_association","Verify exact provider programme, entry requirements, NQF record and accreditation against an official source"
"visual-merchandising-manager","Visual Merchandising Manager","Sales, marketing and customer work","","","","missing_association","Verify exact provider programme, entry requirements, NQF record and accreditation against an official source"
"wholesale-manager","Wholesale Manager","Sales, marketing and customer work","","","","missing_association","Verify exact provider programme, entry requirements, NQF record and accreditation against an official source"
"wholesale-sales-representative","Wholesale Sales Representative","Sales, marketing and customer work","","","","missing_association","Verify exact provider programme, entry requirements, NQF record and accreditation against an official source"
"air-quality-monitoring-technician","Air Quality Monitoring Technician","Science, research and frontier careers","","","","missing_association","Verify exact provider programme, entry requirements, NQF record and accreditation against an official source"
"air-quality-officer","Air Quality Officer","Science, research and frontier careers","","","","missing_association","Verify exact provider programme, entry requirements, NQF record and accreditation against an official source"
"analytical-chemist","Analytical Chemist","Science, research and frontier careers","","","","missing_association","Verify exact provider programme, entry requirements, NQF record and accreditation against an official source"
"astronautical-engineer","Astronautical Engineer","Science, research and frontier careers","","","","missing_association","Verify exact provider programme, entry requirements, NQF record and accreditation against an official source"
"astronomer","Astronomer","Science, research and frontier careers","","","","missing_association","Verify exact provider programme, entry requirements, NQF record and accreditation against an official source"
"ballistics-expert","Ballistics Expert","Science, research and frontier careers","","","","missing_association","Verify exact provider programme, entry requirements, NQF record and accreditation against an official source"
"biochemist","Biochemist","Science, research and frontier careers","","","","missing_association","Verify exact provider programme, entry requirements, NQF record and accreditation against an official source"
"biodiversity-officer","Biodiversity Officer","Science, research and frontier careers","","","","missing_association","Verify exact provider programme, entry requirements, NQF record and accreditation against an official source"
"bioinformatics-scientist","Bioinformatics Scientist","Science, research and frontier careers","","","","missing_association","Verify exact provider programme, entry requirements, NQF record and accreditation against an official source"
"biologist","Biologist","Science, research and frontier careers","","","","missing_association","Verify exact provider programme, entry requirements, NQF record and accreditation against an official source"
"biomedical-technologist","Biomedical Technologist","Science, research and frontier careers","","","","missing_association","Verify exact provider programme, entry requirements, NQF record and accreditation against an official source"
"biostatistician","Biostatistician","Science, research and frontier careers","","","","missing_association","Verify exact provider programme, entry requirements, NQF record and accreditation against an official source"
"biotechnologist","Biotechnologist","Science, research and frontier careers","","","","missing_association","Verify exact provider programme, entry requirements, NQF record and accreditation against an official source"
"botanist","Botanist","Science, research and frontier careers","","","","missing_association","Verify exact provider programme, entry requirements, NQF record and accreditation against an official source"
"cartographer","Cartographer","Science, research and frontier careers","","","","missing_association","Verify exact provider programme, entry requirements, NQF record and accreditation against an official source"
"cell-biologist","Cell Biologist","Science, research and frontier careers","","","","missing_association","Verify exact provider programme, entry requirements, NQF record and accreditation against an official source"
"chemist","Chemist","Science, research and frontier careers","","","","missing_association","Verify exact provider programme, entry requirements, NQF record and accreditation against an official source"
"chemist-laboratory-analyst","Chemist (Laboratory Analyst)","Science, research and frontier careers","","","","missing_association","Verify exact provider programme, entry requirements, NQF record and accreditation against an official source"
"chromatography-analyst","Chromatography Analyst","Science, research and frontier careers","","","","missing_association","Verify exact provider programme, entry requirements, NQF record and accreditation against an official source"
"climate-change-scientist","Climate Change Scientist","Science, research and frontier careers","","","","missing_association","Verify exact provider programme, entry requirements, NQF record and accreditation against an official source"
"climatologist","Climatologist","Science, research and frontier careers","","","","missing_association","Verify exact provider programme, entry requirements, NQF record and accreditation against an official source"
"clinical-technologist","Clinical Technologist","Science, research and frontier careers","","","","missing_association","Verify exact provider programme, entry requirements, NQF record and accreditation against an official source"
"coastal-management-officer","Coastal Management Officer","Science, research and frontier careers","","","","missing_association","Verify exact provider programme, entry requirements, NQF record and accreditation against an official source"
"conservation-science-officer","Conservation Science Officer","Science, research and frontier careers","","","","missing_association","Verify exact provider programme, entry requirements, NQF record and accreditation against an official source"
"crime-scene-investigator-forensic","Crime Scene Investigator (Forensic)","Science, research and frontier careers","","","","missing_association","Verify exact provider programme, entry requirements, NQF record and accreditation against an official source"
"data-scientist-research","Data Scientist (Research)","Science, research and frontier careers","","","","missing_association","Verify exact provider programme, entry requirements, NQF record and accreditation against an official source"
"dna-analyst-forensic","DNA Analyst (Forensic)","Science, research and frontier careers","","","","missing_association","Verify exact provider programme, entry requirements, NQF record and accreditation against an official source"
"earth-science-technician","Earth Science Technician","Science, research and frontier careers","","","","missing_association","Verify exact provider programme, entry requirements, NQF record and accreditation against an official source"
"ecologist","Ecologist","Science, research and frontier careers","","","","missing_association","Verify exact provider programme, entry requirements, NQF record and accreditation against an official source"
"energy-storage-engineer","Energy Storage Engineer","Science, research and frontier careers","","","","missing_association","Verify exact provider programme, entry requirements, NQF record and accreditation against an official source"
"entomologist","Entomologist","Science, research and frontier careers","","","","missing_association","Verify exact provider programme, entry requirements, NQF record and accreditation against an official source"
"environmental-auditor","Environmental Auditor","Science, research and frontier careers","","","","missing_association","Verify exact provider programme, entry requirements, NQF record and accreditation against an official source"
"environmental-compliance-officer","Environmental Compliance Officer","Science, research and frontier careers","","","","missing_association","Verify exact provider programme, entry requirements, NQF record and accreditation against an official source"
"environmental-consultant","Environmental Consultant","Science, research and frontier careers","","","","missing_association","Verify exact provider programme, entry requirements, NQF record and accreditation against an official source"
"environmental-impact-assessment-practitioner","Environmental Impact Assessment Practitioner","Science, research and frontier careers","","","","missing_association","Verify exact provider programme, entry requirements, NQF record and accreditation against an official source"
"environmental-scientist","Environmental Scientist","Science, research and frontier careers","","","","missing_association","Verify exact provider programme, entry requirements, NQF record and accreditation against an official source"
"epidemiologist","Epidemiologist","Science, research and frontier careers","","","","missing_association","Verify exact provider programme, entry requirements, NQF record and accreditation against an official source"
"ergonomist","Ergonomist","Science, research and frontier careers","","","","missing_association","Verify exact provider programme, entry requirements, NQF record and accreditation against an official source"
"food-microbiologist","Food Microbiologist","Science, research and frontier careers","","","","missing_association","Verify exact provider programme, entry requirements, NQF record and accreditation against an official source"
"forensic-analyst","Forensic Analyst","Science, research and frontier careers","","","","missing_association","Verify exact provider programme, entry requirements, NQF record and accreditation against an official source"
"forensic-anthropologist","Forensic Anthropologist","Science, research and frontier careers","","","","missing_association","Verify exact provider programme, entry requirements, NQF record and accreditation against an official source"
"forensic-science-analyst","Forensic Science Analyst","Science, research and frontier careers","","","","missing_association","Verify exact provider programme, entry requirements, NQF record and accreditation against an official source"
"forensic-scientist","Forensic Scientist","Science, research and frontier careers","","","","missing_association","Verify exact provider programme, entry requirements, NQF record and accreditation against an official source"
"geneticist","Geneticist","Science, research and frontier careers","","","","missing_association","Verify exact provider programme, entry requirements, NQF record and accreditation against an official source"
"geochemist","Geochemist","Science, research and frontier careers","","","","missing_association","Verify exact provider programme, entry requirements, NQF record and accreditation against an official source"
"gis-specialist","GIS Specialist","Science, research and frontier careers","","","","missing_association","Verify exact provider programme, entry requirements, NQF record and accreditation against an official source"
"herpetologist","Herpetologist","Science, research and frontier careers","","","","missing_association","Verify exact provider programme, entry requirements, NQF record and accreditation against an official source"
"hydrogen-fuel-cell-researcher","Hydrogen Fuel Cell Researcher","Science, research and frontier careers","","","","missing_association","Verify exact provider programme, entry requirements, NQF record and accreditation against an official source"
"immunologist","Immunologist","Science, research and frontier careers","","","","missing_association","Verify exact provider programme, entry requirements, NQF record and accreditation against an official source"
"invasive-species-officer","Invasive Species Officer","Science, research and frontier careers","","","","missing_association","Verify exact provider programme, entry requirements, NQF record and accreditation against an official source"
"laboratory-assistant","Laboratory Assistant","Science, research and frontier careers","","","","missing_association","Verify exact provider programme, entry requirements, NQF record and accreditation against an official source"
"laboratory-technician","Laboratory Technician","Science, research and frontier careers","","","","missing_association","Verify exact provider programme, entry requirements, NQF record and accreditation against an official source"
"laboratory-technologist","Laboratory Technologist","Science, research and frontier careers","","","","missing_association","Verify exact provider programme, entry requirements, NQF record and accreditation against an official source"
"marine-biologist","Marine Biologist","Science, research and frontier careers","","","","missing_association","Verify exact provider programme, entry requirements, NQF record and accreditation against an official source"
"marine-scientist","Marine Scientist","Science, research and frontier careers","","","","missing_association","Verify exact provider programme, entry requirements, NQF record and accreditation against an official source"
"mathematician-applied","Mathematician (Applied)","Science, research and frontier careers","","","","missing_association","Verify exact provider programme, entry requirements, NQF record and accreditation against an official source"
"medical-physicist","Medical Physicist","Science, research and frontier careers","","","","missing_association","Verify exact provider programme, entry requirements, NQF record and accreditation against an official source"
"medical-scientist-pathology","Medical Scientist (Pathology)","Science, research and frontier careers","","","","missing_association","Verify exact provider programme, entry requirements, NQF record and accreditation against an official source"
"metallurgical-assayer","Metallurgical Assayer","Science, research and frontier careers","","","","missing_association","Verify exact provider programme, entry requirements, NQF record and accreditation against an official source"
"microbiologist","Microbiologist","Science, research and frontier careers","","","","missing_association","Verify exact provider programme, entry requirements, NQF record and accreditation against an official source"
"microbiology-laboratory-analyst","Microbiology Laboratory Analyst","Science, research and frontier careers","","","","missing_association","Verify exact provider programme, entry requirements, NQF record and accreditation against an official source"
"molecular-biologist","Molecular Biologist","Science, research and frontier careers","","","","missing_association","Verify exact provider programme, entry requirements, NQF record and accreditation against an official source"
"nanotechnologist","Nanotechnologist","Science, research and frontier careers","","","","missing_association","Verify exact provider programme, entry requirements, NQF record and accreditation against an official source"
"nuclear-medicine-technologist","Nuclear Medicine Technologist","Science, research and frontier careers","","","","missing_association","Verify exact provider programme, entry requirements, NQF record and accreditation against an official source"
"nuclear-scientist","Nuclear Scientist","Science, research and frontier careers","","","","missing_association","Verify exact provider programme, entry requirements, NQF record and accreditation against an official source"
"nuclear-scientist-reactor","Nuclear Scientist (Reactor)","Science, research and frontier careers","","","","missing_association","Verify exact provider programme, entry requirements, NQF record and accreditation against an official source"
"occupational-hygienist","Occupational Hygienist","Science, research and frontier careers","","","","missing_association","Verify exact provider programme, entry requirements, NQF record and accreditation against an official source"
"oceanographer","Oceanographer","Science, research and frontier careers","","","","missing_association","Verify exact provider programme, entry requirements, NQF record and accreditation against an official source"
"operations-researcher","Operations Researcher","Science, research and frontier careers","","","","missing_association","Verify exact provider programme, entry requirements, NQF record and accreditation against an official source"
"ornithologist","Ornithologist","Science, research and frontier careers","","","","missing_association","Verify exact provider programme, entry requirements, NQF record and accreditation against an official source"
"palaeontologist","Palaeontologist","Science, research and frontier careers","","","","missing_association","Verify exact provider programme, entry requirements, NQF record and accreditation against an official source"
"paleontologist","Paleontologist","Science, research and frontier careers","","","","missing_association","Verify exact provider programme, entry requirements, NQF record and accreditation against an official source"
"patent-examiner","Patent Examiner","Science, research and frontier careers","","","","missing_association","Verify exact provider programme, entry requirements, NQF record and accreditation against an official source"
"pharmacologist","Pharmacologist","Science, research and frontier careers","","","","missing_association","Verify exact provider programme, entry requirements, NQF record and accreditation against an official source"
"phd-researcher-candidate","PhD Researcher / Candidate","Science, research and frontier careers","","","","missing_association","Verify exact provider programme, entry requirements, NQF record and accreditation against an official source"
"physicist","Physicist","Science, research and frontier careers","","","","missing_association","Verify exact provider programme, entry requirements, NQF record and accreditation against an official source"
"protected-areas-manager","Protected Areas Manager","Science, research and frontier careers","","","","missing_association","Verify exact provider programme, entry requirements, NQF record and accreditation against an official source"
"public-health-medicine-specialist","Public Health Medicine Specialist","Science, research and frontier careers","","","","missing_association","Verify exact provider programme, entry requirements, NQF record and accreditation against an official source"
"quality-control-laboratory-analyst","Quality Control Laboratory Analyst","Science, research and frontier careers","","","","missing_association","Verify exact provider programme, entry requirements, NQF record and accreditation against an official source"
"quantitative-analyst","Quantitative Analyst","Science, research and frontier careers","","","","missing_association","Verify exact provider programme, entry requirements, NQF record and accreditation against an official source"
"radiation-protection-officer","Radiation Protection Officer","Science, research and frontier careers","","","","missing_association","Verify exact provider programme, entry requirements, NQF record and accreditation against an official source"
"radiotherapy-dosimetrist","Radiotherapy Dosimetrist","Science, research and frontier careers","","","","missing_association","Verify exact provider programme, entry requirements, NQF record and accreditation against an official source"
"regional-planner","Regional Planner","Science, research and frontier careers","","","","missing_association","Verify exact provider programme, entry requirements, NQF record and accreditation against an official source"
"remote-sensing-scientist","Remote Sensing Scientist","Science, research and frontier careers","","","","missing_association","Verify exact provider programme, entry requirements, NQF record and accreditation against an official source"
"renewable-energy-engineer-solar","Renewable Energy Engineer (Solar)","Science, research and frontier careers","","","","missing_association","Verify exact provider programme, entry requirements, NQF record and accreditation against an official source"
"renewable-energy-researcher","Renewable Energy Researcher","Science, research and frontier careers","","","","missing_association","Verify exact provider programme, entry requirements, NQF record and accreditation against an official source"
"research-assistant","Research Assistant","Science, research and frontier careers","","","","missing_association","Verify exact provider programme, entry requirements, NQF record and accreditation against an official source"
"research-assistant-university","Research Assistant (University)","Science, research and frontier careers","","","","missing_association","Verify exact provider programme, entry requirements, NQF record and accreditation against an official source"
"research-methodologist","Research Methodologist","Science, research and frontier careers","","","","missing_association","Verify exact provider programme, entry requirements, NQF record and accreditation against an official source"
"research-scientist","Research Scientist","Science, research and frontier careers","","","","missing_association","Verify exact provider programme, entry requirements, NQF record and accreditation against an official source"
"research-scientist-applied","Research Scientist (Applied)","Science, research and frontier careers","","","","missing_association","Verify exact provider programme, entry requirements, NQF record and accreditation against an official source"
"science-communicator","Science Communicator","Science, research and frontier careers","","","","missing_association","Verify exact provider programme, entry requirements, NQF record and accreditation against an official source"
"science-communicator-journalist","Science Communicator / Journalist","Science, research and frontier careers","","","","missing_association","Verify exact provider programme, entry requirements, NQF record and accreditation against an official source"
"science-grant-writer","Science Grant Writer","Science, research and frontier careers","","","","missing_association","Verify exact provider programme, entry requirements, NQF record and accreditation against an official source"
"science-lab-safety-officer","Science Lab Safety Officer","Science, research and frontier careers","","","","missing_association","Verify exact provider programme, entry requirements, NQF record and accreditation against an official source"
"science-laboratory-manager","Science Laboratory Manager","Science, research and frontier careers","","","","missing_association","Verify exact provider programme, entry requirements, NQF record and accreditation against an official source"
"seismologist","Seismologist","Science, research and frontier careers","","","","missing_association","Verify exact provider programme, entry requirements, NQF record and accreditation against an official source"
"sensory-scientist","Sensory Scientist","Science, research and frontier careers","","","","missing_association","Verify exact provider programme, entry requirements, NQF record and accreditation against an official source"
"solid-waste-manager","Solid Waste Manager","Science, research and frontier careers","","","","missing_association","Verify exact provider programme, entry requirements, NQF record and accreditation against an official source"
"space-weather-scientist","Space Weather Scientist","Science, research and frontier careers","","","","missing_association","Verify exact provider programme, entry requirements, NQF record and accreditation against an official source"
"spectroscopist","Spectroscopist","Science, research and frontier careers","","","","missing_association","Verify exact provider programme, entry requirements, NQF record and accreditation against an official source"
"surveyor-land","Surveyor (Land)","Science, research and frontier careers","","","","missing_association","Verify exact provider programme, entry requirements, NQF record and accreditation against an official source"
"town-planner","Town Planner","Science, research and frontier careers","","","","missing_association","Verify exact provider programme, entry requirements, NQF record and accreditation against an official source"
"toxicologist","Toxicologist","Science, research and frontier careers","","","","missing_association","Verify exact provider programme, entry requirements, NQF record and accreditation against an official source"
"urban-designer","Urban Designer","Science, research and frontier careers","","","","missing_association","Verify exact provider programme, entry requirements, NQF record and accreditation against an official source"
"virologist","Virologist","Science, research and frontier careers","","","","missing_association","Verify exact provider programme, entry requirements, NQF record and accreditation against an official source"
"volcanologist","Volcanologist","Science, research and frontier careers","","","","missing_association","Verify exact provider programme, entry requirements, NQF record and accreditation against an official source"
"volcanology-field-technician","Volcanology Field Technician","Science, research and frontier careers","","","","missing_association","Verify exact provider programme, entry requirements, NQF record and accreditation against an official source"
"water-microbiologist","Water Microbiologist","Science, research and frontier careers","","","","missing_association","Verify exact provider programme, entry requirements, NQF record and accreditation against an official source"
"water-quality-sampling-officer","Water Quality Sampling Officer","Science, research and frontier careers","","","","missing_association","Verify exact provider programme, entry requirements, NQF record and accreditation against an official source"
"water-quality-scientist","Water Quality Scientist","Science, research and frontier careers","","","","missing_association","Verify exact provider programme, entry requirements, NQF record and accreditation against an official source"
"water-scientist","Water Scientist","Science, research and frontier careers","","","","missing_association","Verify exact provider programme, entry requirements, NQF record and accreditation against an official source"
"wetland-ecologist","Wetland Ecologist","Science, research and frontier careers","","","","missing_association","Verify exact provider programme, entry requirements, NQF record and accreditation against an official source"
"wind-energy-engineer","Wind Energy Engineer","Science, research and frontier careers","","","","missing_association","Verify exact provider programme, entry requirements, NQF record and accreditation against an official source"
"zoologist","Zoologist","Science, research and frontier careers","","","","missing_association","Verify exact provider programme, entry requirements, NQF record and accreditation against an official source"
"access-control-technician","Access Control Technician","Skilled trades, construction and engineering","","","","missing_association","Verify exact provider programme, entry requirements, NQF record and accreditation against an official source"
"aeronautical-avionics-technician","Aeronautical Avionics Technician","Skilled trades, construction and engineering","","","","missing_association","Verify exact provider programme, entry requirements, NQF record and accreditation against an official source"
"agricultural-mechanic","Agricultural Mechanic","Skilled trades, construction and engineering","","","","missing_association","Verify exact provider programme, entry requirements, NQF record and accreditation against an official source"
"aircraft-maintenance-engineer","Aircraft Maintenance Engineer","Skilled trades, construction and engineering","","","","missing_association","Verify exact provider programme, entry requirements, NQF record and accreditation against an official source"
"aircraft-mechanic","Aircraft Mechanic","Skilled trades, construction and engineering","","","","missing_association","Verify exact provider programme, entry requirements, NQF record and accreditation against an official source"
"aircraft-sheetmetal-technician","Aircraft Sheetmetal Technician","Skilled trades, construction and engineering","","","","missing_association","Verify exact provider programme, entry requirements, NQF record and accreditation against an official source"
"architect","Architect","Skilled trades, construction and engineering","","","","missing_association","Verify exact provider programme, entry requirements, NQF record and accreditation against an official source"
"architectural-draughtsperson","Architectural Draughtsperson","Skilled trades, construction and engineering","","","","missing_association","Verify exact provider programme, entry requirements, NQF record and accreditation against an official source"
"architectural-technologist","Architectural Technologist","Skilled trades, construction and engineering","","","","missing_association","Verify exact provider programme, entry requirements, NQF record and accreditation against an official source"
"auto-body-repair-technician","Auto Body Repair Technician","Skilled trades, construction and engineering","","","","missing_association","Verify exact provider programme, entry requirements, NQF record and accreditation against an official source"
"auto-electrician","Auto Electrician","Skilled trades, construction and engineering","","","","missing_association","Verify exact provider programme, entry requirements, NQF record and accreditation against an official source"
"auto-trim-upholstery-technician","Auto Trim / Upholstery Technician","Skilled trades, construction and engineering","","","","missing_association","Verify exact provider programme, entry requirements, NQF record and accreditation against an official source"
"automotive-mechanic","Automotive Mechanic","Skilled trades, construction and engineering","","","","missing_association","Verify exact provider programme, entry requirements, NQF record and accreditation against an official source"
"basket-weaver","Basket Weaver","Skilled trades, construction and engineering","","","","missing_association","Verify exact provider programme, entry requirements, NQF record and accreditation against an official source"
"beadwork-artisan","Beadwork Artisan","Skilled trades, construction and engineering","","","","missing_association","Verify exact provider programme, entry requirements, NQF record and accreditation against an official source"
"bicycle-mechanic","Bicycle Mechanic","Skilled trades, construction and engineering","","","","missing_association","Verify exact provider programme, entry requirements, NQF record and accreditation against an official source"
"boat-builder","Boat Builder","Skilled trades, construction and engineering","","","","missing_association","Verify exact provider programme, entry requirements, NQF record and accreditation against an official source"
"boilermaker","Boilermaker","Skilled trades, construction and engineering","","","","missing_association","Verify exact provider programme, entry requirements, NQF record and accreditation against an official source"
"borehole-pump-installer","Borehole Pump Installer","Skilled trades, construction and engineering","","","","missing_association","Verify exact provider programme, entry requirements, NQF record and accreditation against an official source"
"bricklayer","Bricklayer","Skilled trades, construction and engineering","","","","missing_association","Verify exact provider programme, entry requirements, NQF record and accreditation against an official source"
"building-and-construction-labourer","Building and Construction Labourer","Skilled trades, construction and engineering","","","","missing_association","Verify exact provider programme, entry requirements, NQF record and accreditation against an official source"
"building-inspector","Building Inspector","Skilled trades, construction and engineering","","","","missing_association","Verify exact provider programme, entry requirements, NQF record and accreditation against an official source"
"building-services-technician","Building Services Technician","Skilled trades, construction and engineering","","","","missing_association","Verify exact provider programme, entry requirements, NQF record and accreditation against an official source"
"building-surveyor","Building Surveyor","Skilled trades, construction and engineering","","","","missing_association","Verify exact provider programme, entry requirements, NQF record and accreditation against an official source"
"cabinet-maker","Cabinet Maker","Skilled trades, construction and engineering","","","","missing_association","Verify exact provider programme, entry requirements, NQF record and accreditation against an official source"
"cabinetmaker","Cabinetmaker","Skilled trades, construction and engineering","","","","missing_association","Verify exact provider programme, entry requirements, NQF record and accreditation against an official source"
"carpenter","Carpenter","Skilled trades, construction and engineering","","","","missing_association","Verify exact provider programme, entry requirements, NQF record and accreditation against an official source"
"carpet-and-flooring-estimator","Carpet and Flooring Estimator","Skilled trades, construction and engineering","","","","missing_association","Verify exact provider programme, entry requirements, NQF record and accreditation against an official source"
"carpet-and-upholstery-cleaner","Carpet and Upholstery Cleaner","Skilled trades, construction and engineering","","","","missing_association","Verify exact provider programme, entry requirements, NQF record and accreditation against an official source"
"ceiling-and-partition-installer","Ceiling and Partition Installer","Skilled trades, construction and engineering","","","","missing_association","Verify exact provider programme, entry requirements, NQF record and accreditation against an official source"
"chimney-sweep","Chimney Sweep","Skilled trades, construction and engineering","","","","missing_association","Verify exact provider programme, entry requirements, NQF record and accreditation against an official source"
"civil-engineer","Civil Engineer","Skilled trades, construction and engineering","","","","missing_association","Verify exact provider programme, entry requirements, NQF record and accreditation against an official source"
"civil-engineering-draughtsperson","Civil Engineering Draughtsperson","Skilled trades, construction and engineering","","","","missing_association","Verify exact provider programme, entry requirements, NQF record and accreditation against an official source"
"civil-engineering-labourer","Civil Engineering Labourer","Skilled trades, construction and engineering","","","","missing_association","Verify exact provider programme, entry requirements, NQF record and accreditation against an official source"
"civil-engineering-technician","Civil Engineering Technician","Skilled trades, construction and engineering","","","","missing_association","Verify exact provider programme, entry requirements, NQF record and accreditation against an official source"
"civil-engineering-technologist","Civil Engineering Technologist","Skilled trades, construction and engineering","","","","missing_association","Verify exact provider programme, entry requirements, NQF record and accreditation against an official source"
"cnc-machinist","CNC Machinist","Skilled trades, construction and engineering","","","","missing_association","Verify exact provider programme, entry requirements, NQF record and accreditation against an official source"
"concreter","Concreter","Skilled trades, construction and engineering","","","","missing_association","Verify exact provider programme, entry requirements, NQF record and accreditation against an official source"
"construction-manager","Construction Manager","Skilled trades, construction and engineering","","","","missing_association","Verify exact provider programme, entry requirements, NQF record and accreditation against an official source"
"construction-project-manager","Construction Project Manager","Skilled trades, construction and engineering","","","","missing_association","Verify exact provider programme, entry requirements, NQF record and accreditation against an official source"
"construction-safety-officer","Construction Safety Officer","Skilled trades, construction and engineering","","","","missing_association","Verify exact provider programme, entry requirements, NQF record and accreditation against an official source"
"construction-site-supervisor","Construction Site Supervisor","Skilled trades, construction and engineering","","","","missing_association","Verify exact provider programme, entry requirements, NQF record and accreditation against an official source"
"cooper-barrel-maker","Cooper / Barrel Maker","Skilled trades, construction and engineering","","","","missing_association","Verify exact provider programme, entry requirements, NQF record and accreditation against an official source"
"crane-driver-overhead-tower","Crane Driver (Overhead / Tower)","Skilled trades, construction and engineering","","","","missing_association","Verify exact provider programme, entry requirements, NQF record and accreditation against an official source"
"crane-operator","Crane Operator","Skilled trades, construction and engineering","","","","missing_association","Verify exact provider programme, entry requirements, NQF record and accreditation against an official source"
"damp-proofer","Damp Proofer","Skilled trades, construction and engineering","","","","missing_association","Verify exact provider programme, entry requirements, NQF record and accreditation against an official source"
"diesel-mechanic","Diesel Mechanic","Skilled trades, construction and engineering","","","","missing_association","Verify exact provider programme, entry requirements, NQF record and accreditation against an official source"
"diver-construction-inspection","Diver (Construction / Inspection)","Skilled trades, construction and engineering","","","","missing_association","Verify exact provider programme, entry requirements, NQF record and accreditation against an official source"
"drainlayer","Drainlayer","Skilled trades, construction and engineering","","","","missing_association","Verify exact provider programme, entry requirements, NQF record and accreditation against an official source"
"draughtsperson","Draughtsperson","Skilled trades, construction and engineering","","","","missing_association","Verify exact provider programme, entry requirements, NQF record and accreditation against an official source"
"drill-rig-operator","Drill Rig Operator","Skilled trades, construction and engineering","","","","missing_association","Verify exact provider programme, entry requirements, NQF record and accreditation against an official source"
"drywall-installer","Drywall Installer","Skilled trades, construction and engineering","","","","missing_association","Verify exact provider programme, entry requirements, NQF record and accreditation against an official source"
"dstv-tv-installer","DSTV / TV Installer","Skilled trades, construction and engineering","","","","missing_association","Verify exact provider programme, entry requirements, NQF record and accreditation against an official source"
"earthmoving-plant-operator","Earthmoving Plant Operator","Skilled trades, construction and engineering","","","","missing_association","Verify exact provider programme, entry requirements, NQF record and accreditation against an official source"
"electric-fence-installer","Electric Fence Installer","Skilled trades, construction and engineering","","","","missing_association","Verify exact provider programme, entry requirements, NQF record and accreditation against an official source"
"electrical-engineer","Electrical Engineer","Skilled trades, construction and engineering","","","","missing_association","Verify exact provider programme, entry requirements, NQF record and accreditation against an official source"
"electrical-engineering-draughtsperson","Electrical Engineering Draughtsperson","Skilled trades, construction and engineering","","","","missing_association","Verify exact provider programme, entry requirements, NQF record and accreditation against an official source"
"electrical-engineering-technician","Electrical Engineering Technician","Skilled trades, construction and engineering","","","","missing_association","Verify exact provider programme, entry requirements, NQF record and accreditation against an official source"
"electrical-tester-single-phase","Electrical Tester (Single Phase)","Skilled trades, construction and engineering","","","","missing_association","Verify exact provider programme, entry requirements, NQF record and accreditation against an official source"
"electrical-wireman-ieb","Electrical Wireman (IEB)","Skilled trades, construction and engineering","","","","missing_association","Verify exact provider programme, entry requirements, NQF record and accreditation against an official source"
"technical-artisan","Electrician","Skilled trades, construction and engineering","","","","missing_association","Verify exact provider programme, entry requirements, NQF record and accreditation against an official source"
"electrician-residential-commercial","Electrician (Residential / Commercial)","Skilled trades, construction and engineering","","","","missing_association","Verify exact provider programme, entry requirements, NQF record and accreditation against an official source"
"engineering-patternmaker","Engineering Patternmaker","Skilled trades, construction and engineering","","","","missing_association","Verify exact provider programme, entry requirements, NQF record and accreditation against an official source"
"engineering-technologist","Engineering Technologist","Skilled trades, construction and engineering","","","","missing_association","Verify exact provider programme, entry requirements, NQF record and accreditation against an official source"
"escalator-technician","Escalator Technician","Skilled trades, construction and engineering","","","","missing_association","Verify exact provider programme, entry requirements, NQF record and accreditation against an official source"
"ev-electric-vehicle-technician","EV (Electric Vehicle) Technician","Skilled trades, construction and engineering","","","","missing_association","Verify exact provider programme, entry requirements, NQF record and accreditation against an official source"
"fence-erector","Fence Erector","Skilled trades, construction and engineering","","","","missing_association","Verify exact provider programme, entry requirements, NQF record and accreditation against an official source"
"fibre-optic-splicer","Fibre Optic Splicer","Skilled trades, construction and engineering","","","","missing_association","Verify exact provider programme, entry requirements, NQF record and accreditation against an official source"
"fibreglass-laminator","Fibreglass Laminator","Skilled trades, construction and engineering","","","","missing_association","Verify exact provider programme, entry requirements, NQF record and accreditation against an official source"
"fire-protection-technician","Fire Protection Technician","Skilled trades, construction and engineering","","","","missing_association","Verify exact provider programme, entry requirements, NQF record and accreditation against an official source"
"fitter-and-turner","Fitter and Turner","Skilled trades, construction and engineering","","","","missing_association","Verify exact provider programme, entry requirements, NQF record and accreditation against an official source"
"floor-finisher","Floor Finisher","Skilled trades, construction and engineering","","","","missing_association","Verify exact provider programme, entry requirements, NQF record and accreditation against an official source"
"floor-layer","Floor Layer","Skilled trades, construction and engineering","","","","missing_association","Verify exact provider programme, entry requirements, NQF record and accreditation against an official source"
"fumigator","Fumigator","Skilled trades, construction and engineering","","","","missing_association","Verify exact provider programme, entry requirements, NQF record and accreditation against an official source"
"gas-fitter","Gas Fitter","Skilled trades, construction and engineering","","","","missing_association","Verify exact provider programme, entry requirements, NQF record and accreditation against an official source"
"gas-installer-saqcc","Gas Installer (SAQCC)","Skilled trades, construction and engineering","","","","missing_association","Verify exact provider programme, entry requirements, NQF record and accreditation against an official source"
"gate-and-garage-door-automation-technician","Gate and Garage Door Automation Technician","Skilled trades, construction and engineering","","","","missing_association","Verify exact provider programme, entry requirements, NQF record and accreditation against an official source"
"generator-mechanic","Generator Mechanic","Skilled trades, construction and engineering","","","","missing_association","Verify exact provider programme, entry requirements, NQF record and accreditation against an official source"
"geotechnical-engineer","Geotechnical Engineer","Skilled trades, construction and engineering","","","","missing_association","Verify exact provider programme, entry requirements, NQF record and accreditation against an official source"
"glazier","Glazier","Skilled trades, construction and engineering","","","","missing_association","Verify exact provider programme, entry requirements, NQF record and accreditation against an official source"
"gunsmith","Gunsmith","Skilled trades, construction and engineering","","","","missing_association","Verify exact provider programme, entry requirements, NQF record and accreditation against an official source"
"health-and-safety-officer","Health and Safety Officer","Skilled trades, construction and engineering","","","","missing_association","Verify exact provider programme, entry requirements, NQF record and accreditation against an official source"
"heat-pump-installer","Heat Pump Installer","Skilled trades, construction and engineering","","","","missing_association","Verify exact provider programme, entry requirements, NQF record and accreditation against an official source"
"heating-ventilation-duct-installer","Heating / Ventilation Duct Installer","Skilled trades, construction and engineering","","","","missing_association","Verify exact provider programme, entry requirements, NQF record and accreditation against an official source"
"heavy-vehicle-mechanic","Heavy Vehicle Mechanic","Skilled trades, construction and engineering","","","","missing_association","Verify exact provider programme, entry requirements, NQF record and accreditation against an official source"
"heavy-duty-earthmoving-mechanic","Heavy-Duty Earthmoving Mechanic","Skilled trades, construction and engineering","","","","missing_association","Verify exact provider programme, entry requirements, NQF record and accreditation against an official source"
"industrial-engineer","Industrial Engineer","Skilled trades, construction and engineering","","","","missing_association","Verify exact provider programme, entry requirements, NQF record and accreditation against an official source"
"insulation-installer","Insulation Installer","Skilled trades, construction and engineering","","","","missing_association","Verify exact provider programme, entry requirements, NQF record and accreditation against an official source"
"interior-designer","Interior Designer","Skilled trades, construction and engineering","","","","missing_association","Verify exact provider programme, entry requirements, NQF record and accreditation against an official source"
"irrigation-technician","Irrigation Technician","Skilled trades, construction and engineering","","","","missing_association","Verify exact provider programme, entry requirements, NQF record and accreditation against an official source"
"jeweller","Jeweller","Skilled trades, construction and engineering","","","","missing_association","Verify exact provider programme, entry requirements, NQF record and accreditation against an official source"
"joiner","Joiner","Skilled trades, construction and engineering","","","","missing_association","Verify exact provider programme, entry requirements, NQF record and accreditation against an official source"
"land-surveyor","Land Surveyor","Skilled trades, construction and engineering","","","","missing_association","Verify exact provider programme, entry requirements, NQF record and accreditation against an official source"
"landscape-architect","Landscape Architect","Skilled trades, construction and engineering","","","","missing_association","Verify exact provider programme, entry requirements, NQF record and accreditation against an official source"
"leatherworker-saddler","Leatherworker / Saddler","Skilled trades, construction and engineering","","","","missing_association","Verify exact provider programme, entry requirements, NQF record and accreditation against an official source"
"lift-elevator-mechanic","Lift / Elevator Mechanic","Skilled trades, construction and engineering","","","","missing_association","Verify exact provider programme, entry requirements, NQF record and accreditation against an official source"
"lift-technician","Lift Technician","Skilled trades, construction and engineering","","","","missing_association","Verify exact provider programme, entry requirements, NQF record and accreditation against an official source"
"locksmith","Locksmith","Skilled trades, construction and engineering","","","","missing_association","Verify exact provider programme, entry requirements, NQF record and accreditation against an official source"
"marine-mechanic-outboard-inboard","Marine Mechanic (Outboard / Inboard)","Skilled trades, construction and engineering","","","","missing_association","Verify exact provider programme, entry requirements, NQF record and accreditation against an official source"
"master-electrician-installation-rules","Master Electrician (Installation Rules)","Skilled trades, construction and engineering","","","","missing_association","Verify exact provider programme, entry requirements, NQF record and accreditation against an official source"
"mechanical-engineer","Mechanical Engineer","Skilled trades, construction and engineering","","","","missing_association","Verify exact provider programme, entry requirements, NQF record and accreditation against an official source"
"mechanical-engineering-draughtsperson","Mechanical Engineering Draughtsperson","Skilled trades, construction and engineering","","","","missing_association","Verify exact provider programme, entry requirements, NQF record and accreditation against an official source"
"mechanical-engineering-technician","Mechanical Engineering Technician","Skilled trades, construction and engineering","","","","missing_association","Verify exact provider programme, entry requirements, NQF record and accreditation against an official source"
"mechatronics-technician","Mechatronics Technician","Skilled trades, construction and engineering","","","","missing_association","Verify exact provider programme, entry requirements, NQF record and accreditation against an official source"
"metal-fabricator","Metal Fabricator","Skilled trades, construction and engineering","","","","missing_association","Verify exact provider programme, entry requirements, NQF record and accreditation against an official source"
"millwright","Millwright","Skilled trades, construction and engineering","","","","missing_association","Verify exact provider programme, entry requirements, NQF record and accreditation against an official source"
"mobile-crane-operator","Mobile Crane Operator","Skilled trades, construction and engineering","","","","missing_association","Verify exact provider programme, entry requirements, NQF record and accreditation against an official source"
"motorcycle-mechanic","Motorcycle Mechanic","Skilled trades, construction and engineering","","","","missing_association","Verify exact provider programme, entry requirements, NQF record and accreditation against an official source"
"painter-and-decorator","Painter and Decorator","Skilled trades, construction and engineering","","","","missing_association","Verify exact provider programme, entry requirements, NQF record and accreditation against an official source"
"painting-trades-worker","Painting Trades Worker","Skilled trades, construction and engineering","","","","missing_association","Verify exact provider programme, entry requirements, NQF record and accreditation against an official source"
"panel-beater","Panel Beater","Skilled trades, construction and engineering","","","","missing_association","Verify exact provider programme, entry requirements, NQF record and accreditation against an official source"
"patternmaker-metal","Patternmaker (Metal)","Skilled trades, construction and engineering","","","","missing_association","Verify exact provider programme, entry requirements, NQF record and accreditation against an official source"
"pest-control-technician","Pest Control Technician","Skilled trades, construction and engineering","","","","missing_association","Verify exact provider programme, entry requirements, NQF record and accreditation against an official source"
"piano-tuner-technician","Piano Tuner / Technician","Skilled trades, construction and engineering","","","","missing_association","Verify exact provider programme, entry requirements, NQF record and accreditation against an official source"
"pipe-fitter","Pipe Fitter","Skilled trades, construction and engineering","","","","missing_association","Verify exact provider programme, entry requirements, NQF record and accreditation against an official source"
"pipefitter","Pipefitter","Skilled trades, construction and engineering","","","","missing_association","Verify exact provider programme, entry requirements, NQF record and accreditation against an official source"
"plasterer","Plasterer","Skilled trades, construction and engineering","","","","missing_association","Verify exact provider programme, entry requirements, NQF record and accreditation against an official source"
"plumber","Plumber","Skilled trades, construction and engineering","","","","missing_association","Verify exact provider programme, entry requirements, NQF record and accreditation against an official source"
"plumber-registered","Plumber (Registered)","Skilled trades, construction and engineering","","","","missing_association","Verify exact provider programme, entry requirements, NQF record and accreditation against an official source"
"power-tool-repair-technician","Power Tool Repair Technician","Skilled trades, construction and engineering","","","","missing_association","Verify exact provider programme, entry requirements, NQF record and accreditation against an official source"
"quantity-surveying-technician","Quantity Surveying Technician","Skilled trades, construction and engineering","","","","missing_association","Verify exact provider programme, entry requirements, NQF record and accreditation against an official source"
"quantity-surveyor","Quantity Surveyor","Skilled trades, construction and engineering","","","","missing_association","Verify exact provider programme, entry requirements, NQF record and accreditation against an official source"
"refrigeration-mechanic","Refrigeration Mechanic","Skilled trades, construction and engineering","","","","missing_association","Verify exact provider programme, entry requirements, NQF record and accreditation against an official source"
"refrigeration-technician","Refrigeration Technician","Skilled trades, construction and engineering","","","","missing_association","Verify exact provider programme, entry requirements, NQF record and accreditation against an official source"
"renewable-energy-installer-solar-pv","Renewable Energy Installer (Solar PV)","Skilled trades, construction and engineering","","","","missing_association","Verify exact provider programme, entry requirements, NQF record and accreditation against an official source"
"restoration-carpenter-heritage","Restoration Carpenter (Heritage)","Skilled trades, construction and engineering","","","","missing_association","Verify exact provider programme, entry requirements, NQF record and accreditation against an official source"
"rigger","Rigger","Skilled trades, construction and engineering","","","","missing_association","Verify exact provider programme, entry requirements, NQF record and accreditation against an official source"
"roofer","Roofer","Skilled trades, construction and engineering","","","","missing_association","Verify exact provider programme, entry requirements, NQF record and accreditation against an official source"
"roofer-waterproofing","Roofer (Waterproofing)","Skilled trades, construction and engineering","","","","missing_association","Verify exact provider programme, entry requirements, NQF record and accreditation against an official source"
"sailmaker-canvas-worker","Sailmaker / Canvas Worker","Skilled trades, construction and engineering","","","","missing_association","Verify exact provider programme, entry requirements, NQF record and accreditation against an official source"
"satellite-dish-installer","Satellite Dish Installer","Skilled trades, construction and engineering","","","","missing_association","Verify exact provider programme, entry requirements, NQF record and accreditation against an official source"
"scaffolder","Scaffolder","Skilled trades, construction and engineering","","","","missing_association","Verify exact provider programme, entry requirements, NQF record and accreditation against an official source"
"security-system-installer-alarm-cctv","Security System Installer (Alarm / CCTV)","Skilled trades, construction and engineering","","","","missing_association","Verify exact provider programme, entry requirements, NQF record and accreditation against an official source"
"sheet-metal-worker","Sheet Metal Worker","Skilled trades, construction and engineering","","","","missing_association","Verify exact provider programme, entry requirements, NQF record and accreditation against an official source"
"sheetmetal-worker","Sheetmetal Worker","Skilled trades, construction and engineering","","","","missing_association","Verify exact provider programme, entry requirements, NQF record and accreditation against an official source"
"shipwright-wooden-boat-builder","Shipwright / Wooden Boat Builder","Skilled trades, construction and engineering","","","","missing_association","Verify exact provider programme, entry requirements, NQF record and accreditation against an official source"
"shotfirer-mining-blasting","Shotfirer (Mining / Blasting)","Skilled trades, construction and engineering","","","","missing_association","Verify exact provider programme, entry requirements, NQF record and accreditation against an official source"
"signwriter","Signwriter","Skilled trades, construction and engineering","","","","missing_association","Verify exact provider programme, entry requirements, NQF record and accreditation against an official source"
"site-manager","Site Manager","Skilled trades, construction and engineering","","","","missing_association","Verify exact provider programme, entry requirements, NQF record and accreditation against an official source"
"small-engine-mechanic","Small Engine Mechanic","Skilled trades, construction and engineering","","","","missing_association","Verify exact provider programme, entry requirements, NQF record and accreditation against an official source"
"small-engine-mechanic-chainsaw-outboard","Small Engine Mechanic (Chainsaw / Outboard)","Skilled trades, construction and engineering","","","","missing_association","Verify exact provider programme, entry requirements, NQF record and accreditation against an official source"
"solar-geyser-installer","Solar Geyser Installer","Skilled trades, construction and engineering","","","","missing_association","Verify exact provider programme, entry requirements, NQF record and accreditation against an official source"
"solar-pv-installer","Solar PV Installer","Skilled trades, construction and engineering","","","","missing_association","Verify exact provider programme, entry requirements, NQF record and accreditation against an official source"
"steeplejack","Steeplejack","Skilled trades, construction and engineering","","","","missing_association","Verify exact provider programme, entry requirements, NQF record and accreditation against an official source"
"stone-cutter-quarry-worker","Stone Cutter / Quarry Worker","Skilled trades, construction and engineering","","","","missing_association","Verify exact provider programme, entry requirements, NQF record and accreditation against an official source"
"stonemason","Stonemason","Skilled trades, construction and engineering","","","","missing_association","Verify exact provider programme, entry requirements, NQF record and accreditation against an official source"
"structural-engineer","Structural Engineer","Skilled trades, construction and engineering","","","","missing_association","Verify exact provider programme, entry requirements, NQF record and accreditation against an official source"
"surveying-technician","Surveying Technician","Skilled trades, construction and engineering","","","","missing_association","Verify exact provider programme, entry requirements, NQF record and accreditation against an official source"
"suspended-ceiling-installer","Suspended Ceiling Installer","Skilled trades, construction and engineering","","","","missing_association","Verify exact provider programme, entry requirements, NQF record and accreditation against an official source"
"swimming-pool-builder","Swimming Pool Builder","Skilled trades, construction and engineering","","","","missing_association","Verify exact provider programme, entry requirements, NQF record and accreditation against an official source"
"swimming-pool-technician","Swimming Pool Technician","Skilled trades, construction and engineering","","","","missing_association","Verify exact provider programme, entry requirements, NQF record and accreditation against an official source"
"taxidermist","Taxidermist","Skilled trades, construction and engineering","","","","missing_association","Verify exact provider programme, entry requirements, NQF record and accreditation against an official source"
"tennis-court-sports-surfacing-installer","Tennis Court / Sports Surfacing Installer","Skilled trades, construction and engineering","","","","missing_association","Verify exact provider programme, entry requirements, NQF record and accreditation against an official source"
"thatcher","Thatcher","Skilled trades, construction and engineering","","","","missing_association","Verify exact provider programme, entry requirements, NQF record and accreditation against an official source"
"tiler","Tiler","Skilled trades, construction and engineering","","","","missing_association","Verify exact provider programme, entry requirements, NQF record and accreditation against an official source"
"tiler-wall-and-floor","Tiler (Wall and Floor)","Skilled trades, construction and engineering","","","","missing_association","Verify exact provider programme, entry requirements, NQF record and accreditation against an official source"
"toolmaker","Toolmaker","Skilled trades, construction and engineering","","","","missing_association","Verify exact provider programme, entry requirements, NQF record and accreditation against an official source"
"town-planning-technician","Town Planning Technician","Skilled trades, construction and engineering","","","","missing_association","Verify exact provider programme, entry requirements, NQF record and accreditation against an official source"
"tractor-mechanic","Tractor Mechanic","Skilled trades, construction and engineering","","","","missing_association","Verify exact provider programme, entry requirements, NQF record and accreditation against an official source"
"truck-trailer-body-builder","Truck Trailer Body Builder","Skilled trades, construction and engineering","","","","missing_association","Verify exact provider programme, entry requirements, NQF record and accreditation against an official source"
"upholsterer","Upholsterer","Skilled trades, construction and engineering","","","","missing_association","Verify exact provider programme, entry requirements, NQF record and accreditation against an official source"
"urban-and-regional-planner","Urban and Regional Planner","Skilled trades, construction and engineering","","","","missing_association","Verify exact provider programme, entry requirements, NQF record and accreditation against an official source"
"vehicle-spray-painter","Vehicle Spray Painter","Skilled trades, construction and engineering","","","","missing_association","Verify exact provider programme, entry requirements, NQF record and accreditation against an official source"
"vehicle-windscreen-fitter","Vehicle Windscreen Fitter","Skilled trades, construction and engineering","","","","missing_association","Verify exact provider programme, entry requirements, NQF record and accreditation against an official source"
"waste-treatment-operator","Waste Treatment Operator","Skilled trades, construction and engineering","","","","missing_association","Verify exact provider programme, entry requirements, NQF record and accreditation against an official source"
"waste-water-treatment-operator","Waste Water Treatment Operator","Skilled trades, construction and engineering","","","","missing_association","Verify exact provider programme, entry requirements, NQF record and accreditation against an official source"
"watch-and-clock-repairer","Watch and Clock Repairer","Skilled trades, construction and engineering","","","","missing_association","Verify exact provider programme, entry requirements, NQF record and accreditation against an official source"
"water-pump-mechanic","Water Pump Mechanic","Skilled trades, construction and engineering","","","","missing_association","Verify exact provider programme, entry requirements, NQF record and accreditation against an official source"
"water-treatment-operator","Water Treatment Operator","Skilled trades, construction and engineering","","","","missing_association","Verify exact provider programme, entry requirements, NQF record and accreditation against an official source"
"welder","Welder","Skilled trades, construction and engineering","","","","missing_association","Verify exact provider programme, entry requirements, NQF record and accreditation against an official source"
"welding-inspector","Welding Inspector","Skilled trades, construction and engineering","","","","missing_association","Verify exact provider programme, entry requirements, NQF record and accreditation against an official source"
"wig-maker","Wig Maker","Skilled trades, construction and engineering","","","","missing_association","Verify exact provider programme, entry requirements, NQF record and accreditation against an official source"
"wind-turbine-service-technician","Wind Turbine Service Technician","Skilled trades, construction and engineering","","","","missing_association","Verify exact provider programme, entry requirements, NQF record and accreditation against an official source"
"wood-machinist","Wood Machinist","Skilled trades, construction and engineering","","","","missing_association","Verify exact provider programme, entry requirements, NQF record and accreditation against an official source"
"accessibility-consultant-digital","Accessibility Consultant (Digital)","Technology, data and AI","","","","missing_association","Verify exact provider programme, entry requirements, NQF record and accreditation against an official source"
"ai-engineer","AI Engineer","Technology, data and AI","","","","missing_association","Verify exact provider programme, entry requirements, NQF record and accreditation against an official source"
"ai-ethics-and-compliance-officer","AI Ethics and Compliance Officer","Technology, data and AI","","","","missing_association","Verify exact provider programme, entry requirements, NQF record and accreditation against an official source"
"ai-ethics-reviewer","AI Ethics Reviewer","Technology, data and AI","","","","missing_association","Verify exact provider programme, entry requirements, NQF record and accreditation against an official source"
"ai-product-manager","AI Product Manager","Technology, data and AI","","","","missing_association","Verify exact provider programme, entry requirements, NQF record and accreditation against an official source"
"ai-product-specialist","AI Product Specialist","Technology, data and AI","","","","missing_association","Verify exact provider programme, entry requirements, NQF record and accreditation against an official source"
"ai-safety-researcher","AI Safety Researcher","Technology, data and AI","","","","missing_association","Verify exact provider programme, entry requirements, NQF record and accreditation against an official source"
"ai-training-data-specialist","AI Training Data Specialist","Technology, data and AI","","","","missing_association","Verify exact provider programme, entry requirements, NQF record and accreditation against an official source"
"ai-workflow-builder","AI Workflow Builder","Technology, data and AI","","","","missing_association","Verify exact provider programme, entry requirements, NQF record and accreditation against an official source"
"api-gateway-engineer","API Gateway Engineer","Technology, data and AI","","","","missing_association","Verify exact provider programme, entry requirements, NQF record and accreditation against an official source"
"application-support-analyst","Application Support Analyst","Technology, data and AI","","","","missing_association","Verify exact provider programme, entry requirements, NQF record and accreditation against an official source"
"ar-vr-developer","AR/VR Developer","Technology, data and AI","","","","missing_association","Verify exact provider programme, entry requirements, NQF record and accreditation against an official source"
"audio-visual-technician","Audio-Visual Technician","Technology, data and AI","","","","missing_association","Verify exact provider programme, entry requirements, NQF record and accreditation against an official source"
"automation-tester","Automation Tester","Technology, data and AI","","","","missing_association","Verify exact provider programme, entry requirements, NQF record and accreditation against an official source"
"back-end-developer","Back-End Developer","Technology, data and AI","","","","missing_association","Verify exact provider programme, entry requirements, NQF record and accreditation against an official source"
"backend-api-engineer","Backend API Engineer","Technology, data and AI","","","","missing_association","Verify exact provider programme, entry requirements, NQF record and accreditation against an official source"
"backup-and-recovery-specialist","Backup and Recovery Specialist","Technology, data and AI","","","","missing_association","Verify exact provider programme, entry requirements, NQF record and accreditation against an official source"
"bi-business-intelligence-developer","BI (Business Intelligence) Developer","Technology, data and AI","","","","missing_association","Verify exact provider programme, entry requirements, NQF record and accreditation against an official source"
"blockchain-developer","Blockchain Developer","Technology, data and AI","","","","missing_association","Verify exact provider programme, entry requirements, NQF record and accreditation against an official source"
"blockchain-protocol-developer","Blockchain Protocol Developer","Technology, data and AI","","","","missing_association","Verify exact provider programme, entry requirements, NQF record and accreditation against an official source"
"business-analyst","Business Analyst","Technology, data and AI","","","","missing_association","Verify exact provider programme, entry requirements, NQF record and accreditation against an official source"
"business-intelligence-analyst","Business Intelligence Analyst","Technology, data and AI","","","","missing_association","Verify exact provider programme, entry requirements, NQF record and accreditation against an official source"
"cable-technician","Cable Technician","Technology, data and AI","","","","missing_association","Verify exact provider programme, entry requirements, NQF record and accreditation against an official source"
"cartographic-technician","Cartographic Technician","Technology, data and AI","","","","missing_association","Verify exact provider programme, entry requirements, NQF record and accreditation against an official source"
"chatbot-conversational-ai-designer","Chatbot / Conversational AI Designer","Technology, data and AI","","","","missing_association","Verify exact provider programme, entry requirements, NQF record and accreditation against an official source"
"chief-data-officer-cdo","Chief Data Officer (CDO)","Technology, data and AI","","","","missing_association","Verify exact provider programme, entry requirements, NQF record and accreditation against an official source"
"chief-information-officer","Chief Information Officer","Technology, data and AI","","","","missing_association","Verify exact provider programme, entry requirements, NQF record and accreditation against an official source"
"chief-information-security-officer-ciso","Chief Information Security Officer (CISO)","Technology, data and AI","","","","missing_association","Verify exact provider programme, entry requirements, NQF record and accreditation against an official source"
"chief-technology-officer-cto","Chief Technology Officer (CTO)","Technology, data and AI","","","","missing_association","Verify exact provider programme, entry requirements, NQF record and accreditation against an official source"
"cloud-administrator","Cloud Administrator","Technology, data and AI","","","","missing_association","Verify exact provider programme, entry requirements, NQF record and accreditation against an official source"
"cloud-architect","Cloud Architect","Technology, data and AI","","","","missing_association","Verify exact provider programme, entry requirements, NQF record and accreditation against an official source"
"cloud-engineer","Cloud Engineer","Technology, data and AI","","","","missing_association","Verify exact provider programme, entry requirements, NQF record and accreditation against an official source"
"cloud-security-engineer","Cloud Security Engineer","Technology, data and AI","","","","missing_association","Verify exact provider programme, entry requirements, NQF record and accreditation against an official source"
"cloud-solutions-architect","Cloud Solutions Architect","Technology, data and AI","","","","missing_association","Verify exact provider programme, entry requirements, NQF record and accreditation against an official source"
"computer-network-architect","Computer Network Architect","Technology, data and AI","","","","missing_association","Verify exact provider programme, entry requirements, NQF record and accreditation against an official source"
"computer-operator","Computer Operator","Technology, data and AI","","","","missing_association","Verify exact provider programme, entry requirements, NQF record and accreditation against an official source"
"computer-scientist","Computer Scientist","Technology, data and AI","","","","missing_association","Verify exact provider programme, entry requirements, NQF record and accreditation against an official source"
"computer-vision-engineer","Computer Vision Engineer","Technology, data and AI","","","","missing_association","Verify exact provider programme, entry requirements, NQF record and accreditation against an official source"
"computing-professional-other","Computing Professional (Other)","Technology, data and AI","","","","missing_association","Verify exact provider programme, entry requirements, NQF record and accreditation against an official source"
"content-management-specialist","Content Management Specialist","Technology, data and AI","","","","missing_association","Verify exact provider programme, entry requirements, NQF record and accreditation against an official source"
"crm-administrator","CRM Administrator","Technology, data and AI","","","","missing_association","Verify exact provider programme, entry requirements, NQF record and accreditation against an official source"
"crm-administrator-salesforce-dynamics","CRM Administrator (Salesforce / Dynamics)","Technology, data and AI","","","","missing_association","Verify exact provider programme, entry requirements, NQF record and accreditation against an official source"
"customer-data-platform-specialist","Customer Data Platform Specialist","Technology, data and AI","","","","missing_association","Verify exact provider programme, entry requirements, NQF record and accreditation against an official source"
"cyber-security-analyst","Cyber Security Analyst","Technology, data and AI","","","","missing_association","Verify exact provider programme, entry requirements, NQF record and accreditation against an official source"
"cyber-security-specialist","Cyber Security Specialist","Technology, data and AI","","","","missing_association","Verify exact provider programme, entry requirements, NQF record and accreditation against an official source"
"cyber-threat-intelligence-analyst","Cyber Threat Intelligence Analyst","Technology, data and AI","","","","missing_association","Verify exact provider programme, entry requirements, NQF record and accreditation against an official source"
"data-analyst","Data Analyst","Technology, data and AI","","","","missing_association","Verify exact provider programme, entry requirements, NQF record and accreditation against an official source"
"data-analyst-operations","Data Analyst (Operations)","Technology, data and AI","","","","missing_association","Verify exact provider programme, entry requirements, NQF record and accreditation against an official source"
"data-capturer","Data Capturer","Technology, data and AI","","","","missing_association","Verify exact provider programme, entry requirements, NQF record and accreditation against an official source"
"data-centre-operator","Data Centre Operator","Technology, data and AI","","","","missing_association","Verify exact provider programme, entry requirements, NQF record and accreditation against an official source"
"data-engineer","Data Engineer","Technology, data and AI","","","","missing_association","Verify exact provider programme, entry requirements, NQF record and accreditation against an official source"
"data-entry-supervisor","Data Entry Supervisor","Technology, data and AI","","","","missing_association","Verify exact provider programme, entry requirements, NQF record and accreditation against an official source"
"data-governance-lead","Data Governance Lead","Technology, data and AI","","","","missing_association","Verify exact provider programme, entry requirements, NQF record and accreditation against an official source"
"data-scientist","Data Scientist","Technology, data and AI","","","","missing_association","Verify exact provider programme, entry requirements, NQF record and accreditation against an official source"
"data-warehouse-engineer","Data Warehouse Engineer","Technology, data and AI","","","","missing_association","Verify exact provider programme, entry requirements, NQF record and accreditation against an official source"
"database-administrator","Database Administrator","Technology, data and AI","","","","missing_association","Verify exact provider programme, entry requirements, NQF record and accreditation against an official source"
"database-administrator-dba","Database Administrator (DBA)","Technology, data and AI","","","","missing_association","Verify exact provider programme, entry requirements, NQF record and accreditation against an official source"
"design-systems-lead","Design Systems Lead","Technology, data and AI","","","","missing_association","Verify exact provider programme, entry requirements, NQF record and accreditation against an official source"
"developer-relations-engineer","Developer Relations Engineer","Technology, data and AI","","","","missing_association","Verify exact provider programme, entry requirements, NQF record and accreditation against an official source"
"devops-engineer","DevOps Engineer","Technology, data and AI","","","","missing_association","Verify exact provider programme, entry requirements, NQF record and accreditation against an official source"
"devops-release-manager","DevOps Release Manager","Technology, data and AI","","","","missing_association","Verify exact provider programme, entry requirements, NQF record and accreditation against an official source"
"digital-accessibility-tester","Digital Accessibility Tester","Technology, data and AI","","","","missing_association","Verify exact provider programme, entry requirements, NQF record and accreditation against an official source"
"digital-forensics-analyst","Digital Forensics Analyst","Technology, data and AI","","","","missing_association","Verify exact provider programme, entry requirements, NQF record and accreditation against an official source"
"digital-marketing-technologist","Digital Marketing Technologist","Technology, data and AI","","","","missing_association","Verify exact provider programme, entry requirements, NQF record and accreditation against an official source"
"digital-product-designer-growth","Digital Product Designer (Growth)","Technology, data and AI","","","","missing_association","Verify exact provider programme, entry requirements, NQF record and accreditation against an official source"
"digital-product-manager","Digital Product Manager","Technology, data and AI","","","","missing_association","Verify exact provider programme, entry requirements, NQF record and accreditation against an official source"
"digital-twin-engineer","Digital Twin Engineer","Technology, data and AI","","","","missing_association","Verify exact provider programme, entry requirements, NQF record and accreditation against an official source"
"documentation-specialist","Documentation Specialist","Technology, data and AI","","","","missing_association","Verify exact provider programme, entry requirements, NQF record and accreditation against an official source"
"drone-operator","Drone Operator","Technology, data and AI","","","","missing_association","Verify exact provider programme, entry requirements, NQF record and accreditation against an official source"
"e-learning-specialist","E-Learning Specialist","Technology, data and AI","","","","missing_association","Verify exact provider programme, entry requirements, NQF record and accreditation against an official source"
"edge-computing-specialist","Edge Computing Specialist","Technology, data and AI","","","","missing_association","Verify exact provider programme, entry requirements, NQF record and accreditation against an official source"
"edp-auditor","EDP Auditor","Technology, data and AI","","","","missing_association","Verify exact provider programme, entry requirements, NQF record and accreditation against an official source"
"electronics-engineer","Electronics Engineer","Technology, data and AI","","","","missing_association","Verify exact provider programme, entry requirements, NQF record and accreditation against an official source"
"email-marketing-specialist","Email Marketing Specialist","Technology, data and AI","","","","missing_association","Verify exact provider programme, entry requirements, NQF record and accreditation against an official source"
"embedded-systems-engineer","Embedded Systems Engineer","Technology, data and AI","","","","missing_association","Verify exact provider programme, entry requirements, NQF record and accreditation against an official source"
"enterprise-architect","Enterprise Architect","Technology, data and AI","","","","missing_association","Verify exact provider programme, entry requirements, NQF record and accreditation against an official source"
"erp-support-consultant","ERP Support Consultant","Technology, data and AI","","","","missing_association","Verify exact provider programme, entry requirements, NQF record and accreditation against an official source"
"etl-developer","ETL Developer","Technology, data and AI","","","","missing_association","Verify exact provider programme, entry requirements, NQF record and accreditation against an official source"
"firmware-engineer","Firmware Engineer","Technology, data and AI","","","","missing_association","Verify exact provider programme, entry requirements, NQF record and accreditation against an official source"
"flutter-cross-platform-developer","Flutter / Cross-Platform Developer","Technology, data and AI","","","","missing_association","Verify exact provider programme, entry requirements, NQF record and accreditation against an official source"
"forensic-computer-analyst","Forensic Computer Analyst","Technology, data and AI","","","","missing_association","Verify exact provider programme, entry requirements, NQF record and accreditation against an official source"
"fpga-engineer","FPGA Engineer","Technology, data and AI","","","","missing_association","Verify exact provider programme, entry requirements, NQF record and accreditation against an official source"
"front-end-developer","Front-End Developer","Technology, data and AI","","","","missing_association","Verify exact provider programme, entry requirements, NQF record and accreditation against an official source"
"frontend-engineer-web","Frontend Engineer (Web)","Technology, data and AI","","","","missing_association","Verify exact provider programme, entry requirements, NQF record and accreditation against an official source"
"full-stack-developer","Full-Stack Developer","Technology, data and AI","","","","missing_association","Verify exact provider programme, entry requirements, NQF record and accreditation against an official source"
"game-developer","Game Developer","Technology, data and AI","","","","missing_association","Verify exact provider programme, entry requirements, NQF record and accreditation against an official source"
"game-developer-indie","Game Developer (Indie)","Technology, data and AI","","","","missing_association","Verify exact provider programme, entry requirements, NQF record and accreditation against an official source"
"game-engine-programmer","Game Engine Programmer","Technology, data and AI","","","","missing_association","Verify exact provider programme, entry requirements, NQF record and accreditation against an official source"
"generative-ai-specialist","Generative AI Specialist","Technology, data and AI","","","","missing_association","Verify exact provider programme, entry requirements, NQF record and accreditation against an official source"
"geographic-information-systems-analyst","Geographic Information Systems Analyst","Technology, data and AI","","","","missing_association","Verify exact provider programme, entry requirements, NQF record and accreditation against an official source"
"gis-technician","GIS Technician","Technology, data and AI","","","","missing_association","Verify exact provider programme, entry requirements, NQF record and accreditation against an official source"
"growth-hacker-performance-marketer","Growth Hacker / Performance Marketer","Technology, data and AI","","","","missing_association","Verify exact provider programme, entry requirements, NQF record and accreditation against an official source"
"hardware-design-engineer","Hardware Design Engineer","Technology, data and AI","","","","missing_association","Verify exact provider programme, entry requirements, NQF record and accreditation against an official source"
"help-desk-support","Help Desk Support","Technology, data and AI","","","","missing_association","Verify exact provider programme, entry requirements, NQF record and accreditation against an official source"
"ict-policy-advisor","ICT Policy Advisor","Technology, data and AI","","","","missing_association","Verify exact provider programme, entry requirements, NQF record and accreditation against an official source"
"ict-sales-professional","ICT Sales Professional","Technology, data and AI","","","","missing_association","Verify exact provider programme, entry requirements, NQF record and accreditation against an official source"
"identity-and-access-management-iam-specialist","Identity and Access Management (IAM) Specialist","Technology, data and AI","","","","missing_association","Verify exact provider programme, entry requirements, NQF record and accreditation against an official source"
"information-officer","Information Officer","Technology, data and AI","","","","missing_association","Verify exact provider programme, entry requirements, NQF record and accreditation against an official source"
"information-security-analyst","Information Security Analyst","Technology, data and AI","","","","missing_association","Verify exact provider programme, entry requirements, NQF record and accreditation against an official source"
"information-systems-manager","Information Systems Manager","Technology, data and AI","","","","missing_association","Verify exact provider programme, entry requirements, NQF record and accreditation against an official source"
"integration-architect","Integration Architect","Technology, data and AI","","","","missing_association","Verify exact provider programme, entry requirements, NQF record and accreditation against an official source"
"interaction-designer","Interaction Designer","Technology, data and AI","","","","missing_association","Verify exact provider programme, entry requirements, NQF record and accreditation against an official source"
"iot-specialist","IoT Specialist","Technology, data and AI","","","","missing_association","Verify exact provider programme, entry requirements, NQF record and accreditation against an official source"
"it-auditor","IT Auditor","Technology, data and AI","","","","missing_association","Verify exact provider programme, entry requirements, NQF record and accreditation against an official source"
"it-coordinator","IT Coordinator","Technology, data and AI","","","","missing_association","Verify exact provider programme, entry requirements, NQF record and accreditation against an official source"
"it-governance-manager","IT Governance Manager","Technology, data and AI","","","","missing_association","Verify exact provider programme, entry requirements, NQF record and accreditation against an official source"
"it-governance-specialist","IT Governance Specialist","Technology, data and AI","","","","missing_association","Verify exact provider programme, entry requirements, NQF record and accreditation against an official source"
"it-manager","IT Manager","Technology, data and AI","","","","missing_association","Verify exact provider programme, entry requirements, NQF record and accreditation against an official source"
"it-procurement-specialist","IT Procurement Specialist","Technology, data and AI","","","","missing_association","Verify exact provider programme, entry requirements, NQF record and accreditation against an official source"
"it-project-manager","IT Project Manager","Technology, data and AI","","","","missing_association","Verify exact provider programme, entry requirements, NQF record and accreditation against an official source"
"it-risk-analyst","IT Risk Analyst","Technology, data and AI","","","","missing_association","Verify exact provider programme, entry requirements, NQF record and accreditation against an official source"
"it-security-architect","IT Security Architect","Technology, data and AI","","","","missing_association","Verify exact provider programme, entry requirements, NQF record and accreditation against an official source"
"it-service-desk-manager","IT Service Desk Manager","Technology, data and AI","","","","missing_association","Verify exact provider programme, entry requirements, NQF record and accreditation against an official source"
"it-support-manager","IT Support Manager","Technology, data and AI","","","","missing_association","Verify exact provider programme, entry requirements, NQF record and accreditation against an official source"
"it-support-technician","IT Support Technician","Technology, data and AI","","","","missing_association","Verify exact provider programme, entry requirements, NQF record and accreditation against an official source"
"it-support-technician-field","IT Support Technician (Field)","Technology, data and AI","","","","missing_association","Verify exact provider programme, entry requirements, NQF record and accreditation against an official source"
"it-trainer","IT Trainer","Technology, data and AI","","","","missing_association","Verify exact provider programme, entry requirements, NQF record and accreditation against an official source"
"knowledge-management-specialist","Knowledge Management Specialist","Technology, data and AI","","","","missing_association","Verify exact provider programme, entry requirements, NQF record and accreditation against an official source"
"kubernetes-administrator","Kubernetes Administrator","Technology, data and AI","","","","missing_association","Verify exact provider programme, entry requirements, NQF record and accreditation against an official source"
"large-language-model-llm-research-engineer","Large Language Model (LLM) Research Engineer","Technology, data and AI","","","","missing_association","Verify exact provider programme, entry requirements, NQF record and accreditation against an official source"
"low-code-no-code-developer","Low-Code / No-Code Developer","Technology, data and AI","","","","missing_association","Verify exact provider programme, entry requirements, NQF record and accreditation against an official source"
"low-code-mobile-app-builder","Low-Code Mobile App Builder","Technology, data and AI","","","","missing_association","Verify exact provider programme, entry requirements, NQF record and accreditation against an official source"
"machine-learning-engineer","Machine Learning Engineer","Technology, data and AI","","","","missing_association","Verify exact provider programme, entry requirements, NQF record and accreditation against an official source"
"mainframe-programmer","Mainframe Programmer","Technology, data and AI","","","","missing_association","Verify exact provider programme, entry requirements, NQF record and accreditation against an official source"
"marketing-automation-specialist","Marketing Automation Specialist","Technology, data and AI","","","","missing_association","Verify exact provider programme, entry requirements, NQF record and accreditation against an official source"
"marketing-data-analyst","Marketing Data Analyst","Technology, data and AI","","","","missing_association","Verify exact provider programme, entry requirements, NQF record and accreditation against an official source"
"microcomputer-support-assistant","Microcomputer Support Assistant","Technology, data and AI","","","","missing_association","Verify exact provider programme, entry requirements, NQF record and accreditation against an official source"
"mlops-engineer","MLOps Engineer","Technology, data and AI","","","","missing_association","Verify exact provider programme, entry requirements, NQF record and accreditation against an official source"
"mobile-app-developer","Mobile App Developer","Technology, data and AI","","","","missing_association","Verify exact provider programme, entry requirements, NQF record and accreditation against an official source"
"mobile-developer-android","Mobile Developer (Android)","Technology, data and AI","","","","missing_association","Verify exact provider programme, entry requirements, NQF record and accreditation against an official source"
"mobile-developer-ios","Mobile Developer (iOS)","Technology, data and AI","","","","missing_association","Verify exact provider programme, entry requirements, NQF record and accreditation against an official source"
"network-administrator","Network Administrator","Technology, data and AI","","","","missing_association","Verify exact provider programme, entry requirements, NQF record and accreditation against an official source"
"network-engineer","Network Engineer","Technology, data and AI","","","","missing_association","Verify exact provider programme, entry requirements, NQF record and accreditation against an official source"
"network-security-specialist","Network Security Specialist","Technology, data and AI","","","","missing_association","Verify exact provider programme, entry requirements, NQF record and accreditation against an official source"
"network-technician","Network Technician","Technology, data and AI","","","","missing_association","Verify exact provider programme, entry requirements, NQF record and accreditation against an official source"
"nlp-natural-language-processing-engineer","NLP (Natural Language Processing) Engineer","Technology, data and AI","","","","missing_association","Verify exact provider programme, entry requirements, NQF record and accreditation against an official source"
"no-code-automation-builder","No-Code Automation Builder","Technology, data and AI","","","","missing_association","Verify exact provider programme, entry requirements, NQF record and accreditation against an official source"
"observability-engineer","Observability Engineer","Technology, data and AI","","","","missing_association","Verify exact provider programme, entry requirements, NQF record and accreditation against an official source"
"office-systems-coordinator","Office Systems Coordinator","Technology, data and AI","","","","missing_association","Verify exact provider programme, entry requirements, NQF record and accreditation against an official source"
"open-source-community-manager","Open Source Community Manager","Technology, data and AI","","","","missing_association","Verify exact provider programme, entry requirements, NQF record and accreditation against an official source"
"penetration-tester","Penetration Tester","Technology, data and AI","","","","missing_association","Verify exact provider programme, entry requirements, NQF record and accreditation against an official source"
"penetration-tester-ethical-hacker","Penetration Tester / Ethical Hacker","Technology, data and AI","","","","missing_association","Verify exact provider programme, entry requirements, NQF record and accreditation against an official source"
"platform-engineer","Platform Engineer","Technology, data and AI","","","","missing_association","Verify exact provider programme, entry requirements, NQF record and accreditation against an official source"
"printing-prepress-technician-digital","Printing Prepress Technician (Digital)","Technology, data and AI","","","","missing_association","Verify exact provider programme, entry requirements, NQF record and accreditation against an official source"
"product-manager","Product Manager","Technology, data and AI","","","","missing_association","Verify exact provider programme, entry requirements, NQF record and accreditation against an official source"
"prompt-engineer","Prompt Engineer","Technology, data and AI","","","","missing_association","Verify exact provider programme, entry requirements, NQF record and accreditation against an official source"
"prompt-library-curator","Prompt Library Curator","Technology, data and AI","","","","missing_association","Verify exact provider programme, entry requirements, NQF record and accreditation against an official source"
"qa-tester","QA Tester","Technology, data and AI","","","","missing_association","Verify exact provider programme, entry requirements, NQF record and accreditation against an official source"
"quantitative-developer","Quantitative Developer","Technology, data and AI","","","","missing_association","Verify exact provider programme, entry requirements, NQF record and accreditation against an official source"
"quantum-computing-researcher","Quantum Computing Researcher","Technology, data and AI","","","","missing_association","Verify exact provider programme, entry requirements, NQF record and accreditation against an official source"
"quantum-computing-specialist","Quantum Computing Specialist","Technology, data and AI","","","","missing_association","Verify exact provider programme, entry requirements, NQF record and accreditation against an official source"
"radio-communications-technician","Radio Communications Technician","Technology, data and AI","","","","missing_association","Verify exact provider programme, entry requirements, NQF record and accreditation against an official source"
"records-manager","Records Manager","Technology, data and AI","","","","missing_association","Verify exact provider programme, entry requirements, NQF record and accreditation against an official source"
"robotics-process-automation-rpa-analyst","Robotics Process Automation (RPA) Analyst","Technology, data and AI","","","","missing_association","Verify exact provider programme, entry requirements, NQF record and accreditation against an official source"
"robotics-technician","Robotics Technician","Technology, data and AI","","","","missing_association","Verify exact provider programme, entry requirements, NQF record and accreditation against an official source"
"rpa-developer","RPA Developer","Technology, data and AI","","","","missing_association","Verify exact provider programme, entry requirements, NQF record and accreditation against an official source"
"saas-implementation-consultant","SaaS Implementation Consultant","Technology, data and AI","","","","missing_association","Verify exact provider programme, entry requirements, NQF record and accreditation against an official source"
"satellite-communications-technician","Satellite Communications Technician","Technology, data and AI","","","","missing_association","Verify exact provider programme, entry requirements, NQF record and accreditation against an official source"
"scrum-master","Scrum Master","Technology, data and AI","","","","missing_association","Verify exact provider programme, entry requirements, NQF record and accreditation against an official source"
"search-engine-evaluator","Search Engine Evaluator","Technology, data and AI","","","","missing_association","Verify exact provider programme, entry requirements, NQF record and accreditation against an official source"
"search-engine-marketing-sem-specialist","Search Engine Marketing (SEM) Specialist","Technology, data and AI","","","","missing_association","Verify exact provider programme, entry requirements, NQF record and accreditation against an official source"
"search-engine-optimisation-seo-specialist","Search Engine Optimisation (SEO) Specialist","Technology, data and AI","","","","missing_association","Verify exact provider programme, entry requirements, NQF record and accreditation against an official source"
"security-operations-soc-analyst","Security Operations (SOC) Analyst","Technology, data and AI","","","","missing_association","Verify exact provider programme, entry requirements, NQF record and accreditation against an official source"
"security-operations-centre-analyst","Security Operations Centre Analyst","Technology, data and AI","","","","missing_association","Verify exact provider programme, entry requirements, NQF record and accreditation against an official source"
"seo-specialist","SEO Specialist","Technology, data and AI","","","","missing_association","Verify exact provider programme, entry requirements, NQF record and accreditation against an official source"
"service-desk-analyst","Service Desk Analyst","Technology, data and AI","","","","missing_association","Verify exact provider programme, entry requirements, NQF record and accreditation against an official source"
"site-reliability-engineer","Site Reliability Engineer","Technology, data and AI","","","","missing_association","Verify exact provider programme, entry requirements, NQF record and accreditation against an official source"
"site-reliability-engineer-sre","Site Reliability Engineer (SRE)","Technology, data and AI","","","","missing_association","Verify exact provider programme, entry requirements, NQF record and accreditation against an official source"
"smart-contract-auditor","Smart Contract Auditor","Technology, data and AI","","","","missing_association","Verify exact provider programme, entry requirements, NQF record and accreditation against an official source"
"software-developer","Software Developer","Technology, data and AI","","","","missing_association","Verify exact provider programme, entry requirements, NQF record and accreditation against an official source"
"software-tester","Software Tester","Technology, data and AI","","","","missing_association","Verify exact provider programme, entry requirements, NQF record and accreditation against an official source"
"solutions-architect","Solutions Architect","Technology, data and AI","","","","missing_association","Verify exact provider programme, entry requirements, NQF record and accreditation against an official source"
"storage-engineer","Storage Engineer","Technology, data and AI","","","","missing_association","Verify exact provider programme, entry requirements, NQF record and accreditation against an official source"
"systems-administrator","Systems Administrator","Technology, data and AI","","","","missing_association","Verify exact provider programme, entry requirements, NQF record and accreditation against an official source"
"systems-analyst","Systems Analyst","Technology, data and AI","","","","missing_association","Verify exact provider programme, entry requirements, NQF record and accreditation against an official source"
"technical-product-manager","Technical Product Manager","Technology, data and AI","","","","missing_association","Verify exact provider programme, entry requirements, NQF record and accreditation against an official source"
"technical-writer","Technical Writer","Technology, data and AI","","","","missing_association","Verify exact provider programme, entry requirements, NQF record and accreditation against an official source"
"technical-writer-software","Technical Writer (Software)","Technology, data and AI","","","","missing_association","Verify exact provider programme, entry requirements, NQF record and accreditation against an official source"
"telecommunications-engineer","Telecommunications Engineer","Technology, data and AI","","","","missing_association","Verify exact provider programme, entry requirements, NQF record and accreditation against an official source"
"telecommunications-technician","Telecommunications Technician","Technology, data and AI","","","","missing_association","Verify exact provider programme, entry requirements, NQF record and accreditation against an official source"
"telephonist-pabx-operator","Telephonist / PABX Operator","Technology, data and AI","","","","missing_association","Verify exact provider programme, entry requirements, NQF record and accreditation against an official source"
"ui-designer","UI Designer","Technology, data and AI","","","","missing_association","Verify exact provider programme, entry requirements, NQF record and accreditation against an official source"
"ux-designer","UX Designer","Technology, data and AI","","","","missing_association","Verify exact provider programme, entry requirements, NQF record and accreditation against an official source"
"ux-researcher","UX Researcher","Technology, data and AI","","","","missing_association","Verify exact provider programme, entry requirements, NQF record and accreditation against an official source"
"web-developer","Web Developer","Technology, data and AI","","","","missing_association","Verify exact provider programme, entry requirements, NQF record and accreditation against an official source"
"web3-smart-contract-developer","Web3 / Smart Contract Developer","Technology, data and AI","","","","missing_association","Verify exact provider programme, entry requirements, NQF record and accreditation against an official source"
