batch_id,sprint_phase,career_id,career_title,stream,research_priority,research_lane,primary_researcher_role,evidence_reviewer_role,qa_reviewer_role,current_status,qa_status,required_output,handoff_rule
"batch_01","phase_2","agricultural-economist","Agricultural Economist","Agriculture, food and environment","medium","agri-food-environment","qualification_accreditation_researcher","source_evidence_reviewer","learner_safety_editor","not_started","not_started","occupation mapping record | claim verification record | qualification/accreditation note | learner-safe profile update recommendation","No salary, demand, APS, provider-entry or registration claim moves to reviewed/published without source URL, access date, verification status and confidence score."
"batch_01","phase_2","agricultural-equipment-operator","Agricultural Equipment Operator","Agriculture, food and environment","medium","agri-food-environment","qualification_accreditation_researcher","source_evidence_reviewer","learner_safety_editor","not_started","not_started","occupation mapping record | claim verification record | qualification/accreditation note | learner-safe profile update recommendation","No salary, demand, APS, provider-entry or registration claim moves to reviewed/published without source URL, access date, verification status and confidence score."
"batch_01","phase_2","agricultural-extension-officer","Agricultural Extension Officer","Agriculture, food and environment","medium","agri-food-environment","qualification_accreditation_researcher","source_evidence_reviewer","learner_safety_editor","not_started","not_started","occupation mapping record | claim verification record | qualification/accreditation note | learner-safe profile update recommendation","No salary, demand, APS, provider-entry or registration claim moves to reviewed/published without source URL, access date, verification status and confidence score."
"batch_01","phase_2","agricultural-inspector","Agricultural Inspector","Agriculture, food and environment","medium","agri-food-environment","qualification_accreditation_researcher","source_evidence_reviewer","learner_safety_editor","not_started","not_started","occupation mapping record | claim verification record | qualification/accreditation note | learner-safe profile update recommendation","No salary, demand, APS, provider-entry or registration claim moves to reviewed/published without source URL, access date, verification status and confidence score."
"batch_01","phase_2","agricultural-scientist-agronomist","Agricultural Scientist / Agronomist","Agriculture, food and environment","medium","agri-food-environment","qualification_accreditation_researcher","source_evidence_reviewer","learner_safety_editor","not_started","not_started","occupation mapping record | claim verification record | qualification/accreditation note | learner-safe profile update recommendation","No salary, demand, APS, provider-entry or registration claim moves to reviewed/published without source URL, access date, verification status and confidence score."
"batch_01","phase_2","agricultural-technician","Agricultural Technician","Agriculture, food and environment","medium","agri-food-environment","qualification_accreditation_researcher","source_evidence_reviewer","learner_safety_editor","not_started","not_started","occupation mapping record | claim verification record | qualification/accreditation note | learner-safe profile update recommendation","No salary, demand, APS, provider-entry or registration claim moves to reviewed/published without source URL, access date, verification status and confidence score."
"batch_01","phase_2","baker","Baker","Agriculture, food and environment","medium","agri-food-environment","qualification_accreditation_researcher","source_evidence_reviewer","learner_safety_editor","not_started","not_started","occupation mapping record | claim verification record | qualification/accreditation note | learner-safe profile update recommendation","No salary, demand, APS, provider-entry or registration claim moves to reviewed/published without source URL, access date, verification status and confidence score."
"batch_01","phase_2","beekeeper","Beekeeper","Agriculture, food and environment","medium","agri-food-environment","qualification_accreditation_researcher","source_evidence_reviewer","learner_safety_editor","not_started","not_started","occupation mapping record | claim verification record | qualification/accreditation note | learner-safe profile update recommendation","No salary, demand, APS, provider-entry or registration claim moves to reviewed/published without source URL, access date, verification status and confidence score."
"batch_01","phase_2","brewer","Brewer","Agriculture, food and environment","medium","agri-food-environment","qualification_accreditation_researcher","source_evidence_reviewer","learner_safety_editor","not_started","not_started","occupation mapping record | claim verification record | qualification/accreditation note | learner-safe profile update recommendation","No salary, demand, APS, provider-entry or registration claim moves to reviewed/published without source URL, access date, verification status and confidence score."
"batch_01","phase_2","butcher","Butcher","Agriculture, food and environment","medium","agri-food-environment","qualification_accreditation_researcher","source_evidence_reviewer","learner_safety_editor","not_started","not_started","occupation mapping record | claim verification record | qualification/accreditation note | learner-safe profile update recommendation","No salary, demand, APS, provider-entry or registration claim moves to reviewed/published without source URL, access date, verification status and confidence score."
"batch_01","phase_2","climate-change-analyst","Climate Change Analyst","Agriculture, food and environment","medium","agri-food-environment","qualification_accreditation_researcher","source_evidence_reviewer","learner_safety_editor","not_started","not_started","occupation mapping record | claim verification record | qualification/accreditation note | learner-safe profile update recommendation","No salary, demand, APS, provider-entry or registration claim moves to reviewed/published without source URL, access date, verification status and confidence score."
"batch_01","phase_2","conservation-scientist","Conservation Scientist","Agriculture, food and environment","medium","agri-food-environment","qualification_accreditation_researcher","source_evidence_reviewer","learner_safety_editor","not_started","not_started","occupation mapping record | claim verification record | qualification/accreditation note | learner-safe profile update recommendation","No salary, demand, APS, provider-entry or registration claim moves to reviewed/published without source URL, access date, verification status and confidence score."
"batch_01","phase_2","crop-farmer","Crop Farmer","Agriculture, food and environment","medium","agri-food-environment","qualification_accreditation_researcher","source_evidence_reviewer","learner_safety_editor","not_started","not_started","occupation mapping record | claim verification record | qualification/accreditation note | learner-safe profile update recommendation","No salary, demand, APS, provider-entry or registration claim moves to reviewed/published without source URL, access date, verification status and confidence score."
"batch_01","phase_2","dairy-farmer","Dairy Farmer","Agriculture, food and environment","medium","agri-food-environment","qualification_accreditation_researcher","source_evidence_reviewer","learner_safety_editor","not_started","not_started","occupation mapping record | claim verification record | qualification/accreditation note | learner-safe profile update recommendation","No salary, demand, APS, provider-entry or registration claim moves to reviewed/published without source URL, access date, verification status and confidence score."
"batch_01","phase_2","environmental-health-practitioner","Environmental Health Practitioner","Agriculture, food and environment","medium","agri-food-environment","qualification_accreditation_researcher","source_evidence_reviewer","learner_safety_editor","not_started","not_started","occupation mapping record | claim verification record | qualification/accreditation note | learner-safe profile update recommendation","No salary, demand, APS, provider-entry or registration claim moves to reviewed/published without source URL, access date, verification status and confidence score."
"batch_01","phase_2","environmental-manager","Environmental Manager","Agriculture, food and environment","medium","agri-food-environment","qualification_accreditation_researcher","source_evidence_reviewer","learner_safety_editor","not_started","not_started","occupation mapping record | claim verification record | qualification/accreditation note | learner-safe profile update recommendation","No salary, demand, APS, provider-entry or registration claim moves to reviewed/published without source URL, access date, verification status and confidence score."
"batch_01","phase_2","environmental-officer","Environmental Officer","Agriculture, food and environment","medium","agri-food-environment","qualification_accreditation_researcher","source_evidence_reviewer","learner_safety_editor","not_started","not_started","occupation mapping record | claim verification record | qualification/accreditation note | learner-safe profile update recommendation","No salary, demand, APS, provider-entry or registration claim moves to reviewed/published without source URL, access date, verification status and confidence score."
"batch_01","phase_2","environmental-scientist-consultant","Environmental Scientist / Consultant","Agriculture, food and environment","medium","agri-food-environment","qualification_accreditation_researcher","source_evidence_reviewer","learner_safety_editor","not_started","not_started","occupation mapping record | claim verification record | qualification/accreditation note | learner-safe profile update recommendation","No salary, demand, APS, provider-entry or registration claim moves to reviewed/published without source URL, access date, verification status and confidence score."
"batch_01","phase_2","farm-hand","Farm Hand","Agriculture, food and environment","medium","agri-food-environment","qualification_accreditation_researcher","source_evidence_reviewer","learner_safety_editor","not_started","not_started","occupation mapping record | claim verification record | qualification/accreditation note | learner-safe profile update recommendation","No salary, demand, APS, provider-entry or registration claim moves to reviewed/published without source URL, access date, verification status and confidence score."
"batch_01","phase_2","farm-manager","Farm Manager","Agriculture, food and environment","medium","agri-food-environment","qualification_accreditation_researcher","source_evidence_reviewer","learner_safety_editor","not_started","not_started","occupation mapping record | claim verification record | qualification/accreditation note | learner-safe profile update recommendation","No salary, demand, APS, provider-entry or registration claim moves to reviewed/published without source URL, access date, verification status and confidence score."
"batch_01","phase_2","farm-worker","Farm Worker","Agriculture, food and environment","medium","agri-food-environment","qualification_accreditation_researcher","source_evidence_reviewer","learner_safety_editor","not_started","not_started","occupation mapping record | claim verification record | qualification/accreditation note | learner-safe profile update recommendation","No salary, demand, APS, provider-entry or registration claim moves to reviewed/published without source URL, access date, verification status and confidence score."
"batch_01","phase_2","field-guide","Field Guide","Agriculture, food and environment","medium","agri-food-environment","qualification_accreditation_researcher","source_evidence_reviewer","learner_safety_editor","not_started","not_started","occupation mapping record | claim verification record | qualification/accreditation note | learner-safe profile update recommendation","No salary, demand, APS, provider-entry or registration claim moves to reviewed/published without source URL, access date, verification status and confidence score."
"batch_01","phase_2","fish-farm-worker","Fish Farm Worker","Agriculture, food and environment","medium","agri-food-environment","qualification_accreditation_researcher","source_evidence_reviewer","learner_safety_editor","not_started","not_started","occupation mapping record | claim verification record | qualification/accreditation note | learner-safe profile update recommendation","No salary, demand, APS, provider-entry or registration claim moves to reviewed/published without source URL, access date, verification status and confidence score."
"batch_01","phase_2","fisher","Fisher","Agriculture, food and environment","medium","agri-food-environment","qualification_accreditation_researcher","source_evidence_reviewer","learner_safety_editor","not_started","not_started","occupation mapping record | claim verification record | qualification/accreditation note | learner-safe profile update recommendation","No salary, demand, APS, provider-entry or registration claim moves to reviewed/published without source URL, access date, verification status and confidence score."
"batch_01","phase_2","fisheries-officer","Fisheries Officer","Agriculture, food and environment","medium","agri-food-environment","qualification_accreditation_researcher","source_evidence_reviewer","learner_safety_editor","not_started","not_started","occupation mapping record | claim verification record | qualification/accreditation note | learner-safe profile update recommendation","No salary, demand, APS, provider-entry or registration claim moves to reviewed/published without source URL, access date, verification status and confidence score."
"batch_02","phase_2","florist","Florist","Agriculture, food and environment","medium","agri-food-environment","qualification_accreditation_researcher","source_evidence_reviewer","learner_safety_editor","not_started","not_started","occupation mapping record | claim verification record | qualification/accreditation note | learner-safe profile update recommendation","No salary, demand, APS, provider-entry or registration claim moves to reviewed/published without source URL, access date, verification status and confidence score."
"batch_02","phase_2","food-safety-auditor","Food Safety Auditor","Agriculture, food and environment","medium","agri-food-environment","qualification_accreditation_researcher","source_evidence_reviewer","learner_safety_editor","not_started","not_started","occupation mapping record | claim verification record | qualification/accreditation note | learner-safe profile update recommendation","No salary, demand, APS, provider-entry or registration claim moves to reviewed/published without source URL, access date, verification status and confidence score."
"batch_02","phase_2","food-scientist","Food Scientist","Agriculture, food and environment","medium","agri-food-environment","qualification_accreditation_researcher","source_evidence_reviewer","learner_safety_editor","not_started","not_started","occupation mapping record | claim verification record | qualification/accreditation note | learner-safe profile update recommendation","No salary, demand, APS, provider-entry or registration claim moves to reviewed/published without source URL, access date, verification status and confidence score."
"batch_02","phase_2","food-technologist","Food Technologist","Agriculture, food and environment","medium","agri-food-environment","qualification_accreditation_researcher","source_evidence_reviewer","learner_safety_editor","not_started","not_started","occupation mapping record | claim verification record | qualification/accreditation note | learner-safe profile update recommendation","No salary, demand, APS, provider-entry or registration claim moves to reviewed/published without source URL, access date, verification status and confidence score."
"batch_02","phase_2","forester","Forester","Agriculture, food and environment","medium","agri-food-environment","qualification_accreditation_researcher","source_evidence_reviewer","learner_safety_editor","not_started","not_started","occupation mapping record | claim verification record | qualification/accreditation note | learner-safe profile update recommendation","No salary, demand, APS, provider-entry or registration claim moves to reviewed/published without source URL, access date, verification status and confidence score."
"batch_02","phase_2","forestry-technician","Forestry Technician","Agriculture, food and environment","medium","agri-food-environment","qualification_accreditation_researcher","source_evidence_reviewer","learner_safety_editor","not_started","not_started","occupation mapping record | claim verification record | qualification/accreditation note | learner-safe profile update recommendation","No salary, demand, APS, provider-entry or registration claim moves to reviewed/published without source URL, access date, verification status and confidence score."
"batch_02","phase_2","game-farmer","Game Farmer","Agriculture, food and environment","medium","agri-food-environment","qualification_accreditation_researcher","source_evidence_reviewer","learner_safety_editor","not_started","not_started","occupation mapping record | claim verification record | qualification/accreditation note | learner-safe profile update recommendation","No salary, demand, APS, provider-entry or registration claim moves to reviewed/published without source URL, access date, verification status and confidence score."
"batch_02","phase_2","gardener","Gardener","Agriculture, food and environment","medium","agri-food-environment","qualification_accreditation_researcher","source_evidence_reviewer","learner_safety_editor","not_started","not_started","occupation mapping record | claim verification record | qualification/accreditation note | learner-safe profile update recommendation","No salary, demand, APS, provider-entry or registration claim moves to reviewed/published without source URL, access date, verification status and confidence score."
"batch_02","phase_2","groundskeeper","Groundskeeper","Agriculture, food and environment","medium","agri-food-environment","qualification_accreditation_researcher","source_evidence_reviewer","learner_safety_editor","not_started","not_started","occupation mapping record | claim verification record | qualification/accreditation note | learner-safe profile update recommendation","No salary, demand, APS, provider-entry or registration claim moves to reviewed/published without source URL, access date, verification status and confidence score."
"batch_02","phase_2","herdsperson","Herdsperson","Agriculture, food and environment","medium","agri-food-environment","qualification_accreditation_researcher","source_evidence_reviewer","learner_safety_editor","not_started","not_started","occupation mapping record | claim verification record | qualification/accreditation note | learner-safe profile update recommendation","No salary, demand, APS, provider-entry or registration claim moves to reviewed/published without source URL, access date, verification status and confidence score."
"batch_02","phase_2","horticulturist","Horticulturist","Agriculture, food and environment","medium","agri-food-environment","qualification_accreditation_researcher","source_evidence_reviewer","learner_safety_editor","not_started","not_started","occupation mapping record | claim verification record | qualification/accreditation note | learner-safe profile update recommendation","No salary, demand, APS, provider-entry or registration claim moves to reviewed/published without source URL, access date, verification status and confidence score."
"batch_02","phase_2","hydrologist","Hydrologist","Agriculture, food and environment","medium","agri-food-environment","qualification_accreditation_researcher","source_evidence_reviewer","learner_safety_editor","not_started","not_started","occupation mapping record | claim verification record | qualification/accreditation note | learner-safe profile update recommendation","No salary, demand, APS, provider-entry or registration claim moves to reviewed/published without source URL, access date, verification status and confidence score."
"batch_02","phase_2","landscape-gardener","Landscape Gardener","Agriculture, food and environment","medium","agri-food-environment","qualification_accreditation_researcher","source_evidence_reviewer","learner_safety_editor","not_started","not_started","occupation mapping record | claim verification record | qualification/accreditation note | learner-safe profile update recommendation","No salary, demand, APS, provider-entry or registration claim moves to reviewed/published without source URL, access date, verification status and confidence score."
"batch_02","phase_2","livestock-farmer","Livestock Farmer","Agriculture, food and environment","medium","agri-food-environment","qualification_accreditation_researcher","source_evidence_reviewer","learner_safety_editor","not_started","not_started","occupation mapping record | claim verification record | qualification/accreditation note | learner-safe profile update recommendation","No salary, demand, APS, provider-entry or registration claim moves to reviewed/published without source URL, access date, verification status and confidence score."
"batch_02","phase_2","meteorologist","Meteorologist","Agriculture, food and environment","medium","agri-food-environment","qualification_accreditation_researcher","source_evidence_reviewer","learner_safety_editor","not_started","not_started","occupation mapping record | claim verification record | qualification/accreditation note | learner-safe profile update recommendation","No salary, demand, APS, provider-entry or registration claim moves to reviewed/published without source URL, access date, verification status and confidence score."
"batch_02","phase_2","mixed-crop-and-livestock-farmer","Mixed Crop and Livestock Farmer","Agriculture, food and environment","medium","agri-food-environment","qualification_accreditation_researcher","source_evidence_reviewer","learner_safety_editor","not_started","not_started","occupation mapping record | claim verification record | qualification/accreditation note | learner-safe profile update recommendation","No salary, demand, APS, provider-entry or registration claim moves to reviewed/published without source URL, access date, verification status and confidence score."
"batch_02","phase_2","nature-conservation-officer","Nature Conservation Officer","Agriculture, food and environment","medium","agri-food-environment","qualification_accreditation_researcher","source_evidence_reviewer","learner_safety_editor","not_started","not_started","occupation mapping record | claim verification record | qualification/accreditation note | learner-safe profile update recommendation","No salary, demand, APS, provider-entry or registration claim moves to reviewed/published without source URL, access date, verification status and confidence score."
"batch_02","phase_2","nursery-worker","Nursery Worker","Agriculture, food and environment","medium","agri-food-environment","qualification_accreditation_researcher","source_evidence_reviewer","learner_safety_editor","not_started","not_started","occupation mapping record | claim verification record | qualification/accreditation note | learner-safe profile update recommendation","No salary, demand, APS, provider-entry or registration claim moves to reviewed/published without source URL, access date, verification status and confidence score."
"batch_02","phase_2","park-ranger","Park Ranger","Agriculture, food and environment","medium","agri-food-environment","qualification_accreditation_researcher","source_evidence_reviewer","learner_safety_editor","not_started","not_started","occupation mapping record | claim verification record | qualification/accreditation note | learner-safe profile update recommendation","No salary, demand, APS, provider-entry or registration claim moves to reviewed/published without source URL, access date, verification status and confidence score."
"batch_02","phase_2","poultry-farmer","Poultry Farmer","Agriculture, food and environment","medium","agri-food-environment","qualification_accreditation_researcher","source_evidence_reviewer","learner_safety_editor","not_started","not_started","occupation mapping record | claim verification record | qualification/accreditation note | learner-safe profile update recommendation","No salary, demand, APS, provider-entry or registration claim moves to reviewed/published without source URL, access date, verification status and confidence score."
"batch_02","phase_2","quality-controller-food","Quality Controller (Food)","Agriculture, food and environment","medium","agri-food-environment","qualification_accreditation_researcher","source_evidence_reviewer","learner_safety_editor","not_started","not_started","occupation mapping record | claim verification record | qualification/accreditation note | learner-safe profile update recommendation","No salary, demand, APS, provider-entry or registration claim moves to reviewed/published without source URL, access date, verification status and confidence score."
"batch_02","phase_2","shearer","Shearer","Agriculture, food and environment","medium","agri-food-environment","qualification_accreditation_researcher","source_evidence_reviewer","learner_safety_editor","not_started","not_started","occupation mapping record | claim verification record | qualification/accreditation note | learner-safe profile update recommendation","No salary, demand, APS, provider-entry or registration claim moves to reviewed/published without source URL, access date, verification status and confidence score."
"batch_02","phase_2","soil-scientist","Soil Scientist","Agriculture, food and environment","medium","agri-food-environment","qualification_accreditation_researcher","source_evidence_reviewer","learner_safety_editor","not_started","not_started","occupation mapping record | claim verification record | qualification/accreditation note | learner-safe profile update recommendation","No salary, demand, APS, provider-entry or registration claim moves to reviewed/published without source URL, access date, verification status and confidence score."
"batch_02","phase_2","sustainability-officer","Sustainability Officer","Agriculture, food and environment","medium","agri-food-environment","qualification_accreditation_researcher","source_evidence_reviewer","learner_safety_editor","not_started","not_started","occupation mapping record | claim verification record | qualification/accreditation note | learner-safe profile update recommendation","No salary, demand, APS, provider-entry or registration claim moves to reviewed/published without source URL, access date, verification status and confidence score."
"batch_02","phase_2","tree-surgeon","Tree Surgeon","Agriculture, food and environment","medium","agri-food-environment","qualification_accreditation_researcher","source_evidence_reviewer","learner_safety_editor","not_started","not_started","occupation mapping record | claim verification record | qualification/accreditation note | learner-safe profile update recommendation","No salary, demand, APS, provider-entry or registration claim moves to reviewed/published without source URL, access date, verification status and confidence score."
"batch_03","phase_2","veterinary-technician","Veterinary Technician","Agriculture, food and environment","medium","agri-food-environment","qualification_accreditation_researcher","source_evidence_reviewer","learner_safety_editor","not_started","not_started","occupation mapping record | claim verification record | qualification/accreditation note | learner-safe profile update recommendation","No salary, demand, APS, provider-entry or registration claim moves to reviewed/published without source URL, access date, verification status and confidence score."
"batch_03","phase_2","waste-management-officer","Waste Management Officer","Agriculture, food and environment","medium","agri-food-environment","qualification_accreditation_researcher","source_evidence_reviewer","learner_safety_editor","not_started","not_started","occupation mapping record | claim verification record | qualification/accreditation note | learner-safe profile update recommendation","No salary, demand, APS, provider-entry or registration claim moves to reviewed/published without source URL, access date, verification status and confidence score."
"batch_03","phase_2","water-quality-technician","Water Quality Technician","Agriculture, food and environment","medium","agri-food-environment","qualification_accreditation_researcher","source_evidence_reviewer","learner_safety_editor","not_started","not_started","occupation mapping record | claim verification record | qualification/accreditation note | learner-safe profile update recommendation","No salary, demand, APS, provider-entry or registration claim moves to reviewed/published without source URL, access date, verification status and confidence score."
"batch_03","phase_2","wine-maker","Wine Maker","Agriculture, food and environment","medium","agri-food-environment","qualification_accreditation_researcher","source_evidence_reviewer","learner_safety_editor","not_started","not_started","occupation mapping record | claim verification record | qualification/accreditation note | learner-safe profile update recommendation","No salary, demand, APS, provider-entry or registration claim moves to reviewed/published without source URL, access date, verification status and confidence score."
"batch_03","phase_2","air-defence-operator","Air Defence Operator","Armed forces and security services","medium","general-research","occupation_mapper","source_evidence_reviewer","learner_safety_editor","not_started","not_started","occupation mapping record | claim verification record | qualification/accreditation note | learner-safe profile update recommendation","No salary, demand, APS, provider-entry or registration claim moves to reviewed/published without source URL, access date, verification status and confidence score."
"batch_03","phase_2","air-force-ground-crew","Air Force Ground Crew","Armed forces and security services","medium","general-research","occupation_mapper","source_evidence_reviewer","learner_safety_editor","not_started","not_started","occupation mapping record | claim verification record | qualification/accreditation note | learner-safe profile update recommendation","No salary, demand, APS, provider-entry or registration claim moves to reviewed/published without source URL, access date, verification status and confidence score."
"batch_03","phase_2","air-force-pilot","Air Force Pilot","Armed forces and security services","medium","general-research","occupation_mapper","source_evidence_reviewer","learner_safety_editor","not_started","not_started","occupation mapping record | claim verification record | qualification/accreditation note | learner-safe profile update recommendation","No salary, demand, APS, provider-entry or registration claim moves to reviewed/published without source URL, access date, verification status and confidence score."
"batch_03","phase_2","airport-security-officer","Airport Security Officer","Armed forces and security services","medium","general-research","occupation_mapper","source_evidence_reviewer","learner_safety_editor","not_started","not_started","occupation mapping record | claim verification record | qualification/accreditation note | learner-safe profile update recommendation","No salary, demand, APS, provider-entry or registration claim moves to reviewed/published without source URL, access date, verification status and confidence score."
"batch_03","phase_2","armed-forces-instructor","Armed Forces Instructor","Armed forces and security services","medium","general-research","occupation_mapper","source_evidence_reviewer","learner_safety_editor","not_started","not_started","occupation mapping record | claim verification record | qualification/accreditation note | learner-safe profile update recommendation","No salary, demand, APS, provider-entry or registration claim moves to reviewed/published without source URL, access date, verification status and confidence score."
"batch_03","phase_2","armed-response-officer","Armed Response Officer","Armed forces and security services","medium","general-research","occupation_mapper","source_evidence_reviewer","learner_safety_editor","not_started","not_started","occupation mapping record | claim verification record | qualification/accreditation note | learner-safe profile update recommendation","No salary, demand, APS, provider-entry or registration claim moves to reviewed/published without source URL, access date, verification status and confidence score."
"batch_03","phase_2","armoured-vehicle-crew","Armoured Vehicle Crew","Armed forces and security services","medium","general-research","occupation_mapper","source_evidence_reviewer","learner_safety_editor","not_started","not_started","occupation mapping record | claim verification record | qualification/accreditation note | learner-safe profile update recommendation","No salary, demand, APS, provider-entry or registration claim moves to reviewed/published without source URL, access date, verification status and confidence score."
"batch_03","phase_2","artillery-operator","Artillery Operator","Armed forces and security services","medium","general-research","occupation_mapper","source_evidence_reviewer","learner_safety_editor","not_started","not_started","occupation mapping record | claim verification record | qualification/accreditation note | learner-safe profile update recommendation","No salary, demand, APS, provider-entry or registration claim moves to reviewed/published without source URL, access date, verification status and confidence score."
"batch_03","phase_2","border-management-officer","Border Management Officer","Armed forces and security services","medium","general-research","occupation_mapper","source_evidence_reviewer","learner_safety_editor","not_started","not_started","occupation mapping record | claim verification record | qualification/accreditation note | learner-safe profile update recommendation","No salary, demand, APS, provider-entry or registration claim moves to reviewed/published without source URL, access date, verification status and confidence score."
"batch_03","phase_2","cash-in-transit-operative","Cash-in-Transit Operative","Armed forces and security services","medium","general-research","occupation_mapper","source_evidence_reviewer","learner_safety_editor","not_started","not_started","occupation mapping record | claim verification record | qualification/accreditation note | learner-safe profile update recommendation","No salary, demand, APS, provider-entry or registration claim moves to reviewed/published without source URL, access date, verification status and confidence score."
"batch_03","phase_2","cctv-operator","CCTV Operator","Armed forces and security services","medium","general-research","occupation_mapper","source_evidence_reviewer","learner_safety_editor","not_started","not_started","occupation mapping record | claim verification record | qualification/accreditation note | learner-safe profile update recommendation","No salary, demand, APS, provider-entry or registration claim moves to reviewed/published without source URL, access date, verification status and confidence score."
"batch_03","phase_2","close-protection-officer","Close Protection Officer","Armed forces and security services","medium","general-research","occupation_mapper","source_evidence_reviewer","learner_safety_editor","not_started","not_started","occupation mapping record | claim verification record | qualification/accreditation note | learner-safe profile update recommendation","No salary, demand, APS, provider-entry or registration claim moves to reviewed/published without source URL, access date, verification status and confidence score."
"batch_03","phase_2","crime-intelligence-analyst","Crime Intelligence Analyst","Armed forces and security services","medium","general-research","occupation_mapper","source_evidence_reviewer","learner_safety_editor","not_started","not_started","occupation mapping record | claim verification record | qualification/accreditation note | learner-safe profile update recommendation","No salary, demand, APS, provider-entry or registration claim moves to reviewed/published without source URL, access date, verification status and confidence score."
"batch_03","phase_2","defence-analyst","Defence Analyst","Armed forces and security services","medium","general-research","occupation_mapper","source_evidence_reviewer","learner_safety_editor","not_started","not_started","occupation mapping record | claim verification record | qualification/accreditation note | learner-safe profile update recommendation","No salary, demand, APS, provider-entry or registration claim moves to reviewed/published without source URL, access date, verification status and confidence score."
"batch_03","phase_2","defence-scientist","Defence Scientist","Armed forces and security services","medium","general-research","occupation_mapper","source_evidence_reviewer","learner_safety_editor","not_started","not_started","occupation mapping record | claim verification record | qualification/accreditation note | learner-safe profile update recommendation","No salary, demand, APS, provider-entry or registration claim moves to reviewed/published without source URL, access date, verification status and confidence score."
"batch_03","phase_2","forensic-investigator","Forensic Investigator","Armed forces and security services","medium","general-research","occupation_mapper","source_evidence_reviewer","learner_safety_editor","not_started","not_started","occupation mapping record | claim verification record | qualification/accreditation note | learner-safe profile update recommendation","No salary, demand, APS, provider-entry or registration claim moves to reviewed/published without source URL, access date, verification status and confidence score."
"batch_03","phase_2","infantry-soldier","Infantry Soldier","Armed forces and security services","medium","general-research","occupation_mapper","source_evidence_reviewer","learner_safety_editor","not_started","not_started","occupation mapping record | claim verification record | qualification/accreditation note | learner-safe profile update recommendation","No salary, demand, APS, provider-entry or registration claim moves to reviewed/published without source URL, access date, verification status and confidence score."
"batch_03","phase_2","loss-prevention-officer","Loss Prevention Officer","Armed forces and security services","medium","general-research","occupation_mapper","source_evidence_reviewer","learner_safety_editor","not_started","not_started","occupation mapping record | claim verification record | qualification/accreditation note | learner-safe profile update recommendation","No salary, demand, APS, provider-entry or registration claim moves to reviewed/published without source URL, access date, verification status and confidence score."
"batch_03","phase_2","metro-police-officer","Metro Police Officer","Armed forces and security services","medium","general-research","occupation_mapper","source_evidence_reviewer","learner_safety_editor","not_started","not_started","occupation mapping record | claim verification record | qualification/accreditation note | learner-safe profile update recommendation","No salary, demand, APS, provider-entry or registration claim moves to reviewed/published without source URL, access date, verification status and confidence score."
"batch_03","phase_2","military-communication-specialist","Military Communication Specialist","Armed forces and security services","medium","general-research","occupation_mapper","source_evidence_reviewer","learner_safety_editor","not_started","not_started","occupation mapping record | claim verification record | qualification/accreditation note | learner-safe profile update recommendation","No salary, demand, APS, provider-entry or registration claim moves to reviewed/published without source URL, access date, verification status and confidence score."
"batch_03","phase_2","military-engineer","Military Engineer","Armed forces and security services","medium","general-research","occupation_mapper","source_evidence_reviewer","learner_safety_editor","not_started","not_started","occupation mapping record | claim verification record | qualification/accreditation note | learner-safe profile update recommendation","No salary, demand, APS, provider-entry or registration claim moves to reviewed/published without source URL, access date, verification status and confidence score."
"batch_04","phase_2","military-intelligence-officer","Military Intelligence Officer","Armed forces and security services","medium","general-research","occupation_mapper","source_evidence_reviewer","learner_safety_editor","not_started","not_started","occupation mapping record | claim verification record | qualification/accreditation note | learner-safe profile update recommendation","No salary, demand, APS, provider-entry or registration claim moves to reviewed/published without source URL, access date, verification status and confidence score."
"batch_04","phase_2","military-it-specialist","Military IT Specialist","Armed forces and security services","medium","general-research","occupation_mapper","source_evidence_reviewer","learner_safety_editor","not_started","not_started","occupation mapping record | claim verification record | qualification/accreditation note | learner-safe profile update recommendation","No salary, demand, APS, provider-entry or registration claim moves to reviewed/published without source URL, access date, verification status and confidence score."
"batch_04","phase_2","military-logistician","Military Logistician","Armed forces and security services","medium","general-research","occupation_mapper","source_evidence_reviewer","learner_safety_editor","not_started","not_started","occupation mapping record | claim verification record | qualification/accreditation note | learner-safe profile update recommendation","No salary, demand, APS, provider-entry or registration claim moves to reviewed/published without source URL, access date, verification status and confidence score."
"batch_04","phase_2","military-medic","Military Medic","Armed forces and security services","medium","general-research","occupation_mapper","source_evidence_reviewer","learner_safety_editor","not_started","not_started","occupation mapping record | claim verification record | qualification/accreditation note | learner-safe profile update recommendation","No salary, demand, APS, provider-entry or registration claim moves to reviewed/published without source URL, access date, verification status and confidence score."
"batch_04","phase_2","military-nurse","Military Nurse","Armed forces and security services","medium","general-research","occupation_mapper","source_evidence_reviewer","learner_safety_editor","not_started","not_started","occupation mapping record | claim verification record | qualification/accreditation note | learner-safe profile update recommendation","No salary, demand, APS, provider-entry or registration claim moves to reviewed/published without source URL, access date, verification status and confidence score."
"batch_04","phase_2","military-pilot","Military Pilot","Armed forces and security services","medium","general-research","occupation_mapper","source_evidence_reviewer","learner_safety_editor","not_started","not_started","occupation mapping record | claim verification record | qualification/accreditation note | learner-safe profile update recommendation","No salary, demand, APS, provider-entry or registration claim moves to reviewed/published without source URL, access date, verification status and confidence score."
"batch_04","phase_2","military-police","Military Police","Armed forces and security services","medium","general-research","occupation_mapper","source_evidence_reviewer","learner_safety_editor","not_started","not_started","occupation mapping record | claim verification record | qualification/accreditation note | learner-safe profile update recommendation","No salary, demand, APS, provider-entry or registration claim moves to reviewed/published without source URL, access date, verification status and confidence score."
"batch_04","phase_2","naval-sailor","Naval Sailor","Armed forces and security services","medium","general-research","occupation_mapper","source_evidence_reviewer","learner_safety_editor","not_started","not_started","occupation mapping record | claim verification record | qualification/accreditation note | learner-safe profile update recommendation","No salary, demand, APS, provider-entry or registration claim moves to reviewed/published without source URL, access date, verification status and confidence score."
"batch_04","phase_2","peacekeeping-officer","Peacekeeping Officer","Armed forces and security services","medium","general-research","occupation_mapper","source_evidence_reviewer","learner_safety_editor","not_started","not_started","occupation mapping record | claim verification record | qualification/accreditation note | learner-safe profile update recommendation","No salary, demand, APS, provider-entry or registration claim moves to reviewed/published without source URL, access date, verification status and confidence score."
"batch_04","phase_2","port-security-officer","Port Security Officer","Armed forces and security services","medium","general-research","occupation_mapper","source_evidence_reviewer","learner_safety_editor","not_started","not_started","occupation mapping record | claim verification record | qualification/accreditation note | learner-safe profile update recommendation","No salary, demand, APS, provider-entry or registration claim moves to reviewed/published without source URL, access date, verification status and confidence score."
"batch_04","phase_2","private-security-operator","Private Security Operator","Armed forces and security services","medium","general-research","occupation_mapper","source_evidence_reviewer","learner_safety_editor","not_started","not_started","occupation mapping record | claim verification record | qualification/accreditation note | learner-safe profile update recommendation","No salary, demand, APS, provider-entry or registration claim moves to reviewed/published without source URL, access date, verification status and confidence score."
"batch_04","phase_2","reservist","Reservist","Armed forces and security services","medium","general-research","occupation_mapper","source_evidence_reviewer","learner_safety_editor","not_started","not_started","occupation mapping record | claim verification record | qualification/accreditation note | learner-safe profile update recommendation","No salary, demand, APS, provider-entry or registration claim moves to reviewed/published without source URL, access date, verification status and confidence score."
"batch_04","phase_2","saps-detective","SAPS Detective","Armed forces and security services","medium","general-research","occupation_mapper","source_evidence_reviewer","learner_safety_editor","not_started","not_started","occupation mapping record | claim verification record | qualification/accreditation note | learner-safe profile update recommendation","No salary, demand, APS, provider-entry or registration claim moves to reviewed/published without source URL, access date, verification status and confidence score."
"batch_04","phase_2","security-consultant","Security Consultant","Armed forces and security services","medium","general-research","occupation_mapper","source_evidence_reviewer","learner_safety_editor","not_started","not_started","occupation mapping record | claim verification record | qualification/accreditation note | learner-safe profile update recommendation","No salary, demand, APS, provider-entry or registration claim moves to reviewed/published without source URL, access date, verification status and confidence score."
"batch_04","phase_2","security-response-officer","Security Response Officer","Armed forces and security services","medium","general-research","occupation_mapper","source_evidence_reviewer","learner_safety_editor","not_started","not_started","occupation mapping record | claim verification record | qualification/accreditation note | learner-safe profile update recommendation","No salary, demand, APS, provider-entry or registration claim moves to reviewed/published without source URL, access date, verification status and confidence score."
"batch_04","phase_2","security-supervisor","Security Supervisor","Armed forces and security services","medium","general-research","occupation_mapper","source_evidence_reviewer","learner_safety_editor","not_started","not_started","occupation mapping record | claim verification record | qualification/accreditation note | learner-safe profile update recommendation","No salary, demand, APS, provider-entry or registration claim moves to reviewed/published without source URL, access date, verification status and confidence score."
"batch_04","phase_2","submariner","Submariner","Armed forces and security services","medium","general-research","occupation_mapper","source_evidence_reviewer","learner_safety_editor","not_started","not_started","occupation mapping record | claim verification record | qualification/accreditation note | learner-safe profile update recommendation","No salary, demand, APS, provider-entry or registration claim moves to reviewed/published without source URL, access date, verification status and confidence score."
"batch_04","phase_2","vip-protection-officer","VIP Protection Officer","Armed forces and security services","medium","general-research","occupation_mapper","source_evidence_reviewer","learner_safety_editor","not_started","not_started","occupation mapping record | claim verification record | qualification/accreditation note | learner-safe profile update recommendation","No salary, demand, APS, provider-entry or registration claim moves to reviewed/published without source URL, access date, verification status and confidence score."
"batch_04","phase_2","actor","Actor","Arts, culture, heritage and society","medium","arts-culture-society","career_reality_researcher","source_evidence_reviewer","learner_safety_editor","not_started","not_started","occupation mapping record | claim verification record | qualification/accreditation note | learner-safe profile update recommendation","No salary, demand, APS, provider-entry or registration claim moves to reviewed/published without source URL, access date, verification status and confidence score."
"batch_04","phase_2","archaeologist","Archaeologist","Arts, culture, heritage and society","medium","arts-culture-society","career_reality_researcher","source_evidence_reviewer","learner_safety_editor","not_started","not_started","occupation mapping record | claim verification record | qualification/accreditation note | learner-safe profile update recommendation","No salary, demand, APS, provider-entry or registration claim moves to reviewed/published without source URL, access date, verification status and confidence score."
"batch_04","phase_2","art-critic","Art Critic","Arts, culture, heritage and society","medium","arts-culture-society","career_reality_researcher","source_evidence_reviewer","learner_safety_editor","not_started","not_started","occupation mapping record | claim verification record | qualification/accreditation note | learner-safe profile update recommendation","No salary, demand, APS, provider-entry or registration claim moves to reviewed/published without source URL, access date, verification status and confidence score."
"batch_04","phase_2","art-gallery-assistant","Art Gallery Assistant","Arts, culture, heritage and society","medium","arts-culture-society","career_reality_researcher","source_evidence_reviewer","learner_safety_editor","not_started","not_started","occupation mapping record | claim verification record | qualification/accreditation note | learner-safe profile update recommendation","No salary, demand, APS, provider-entry or registration claim moves to reviewed/published without source URL, access date, verification status and confidence score."
"batch_04","phase_2","art-therapist","Art Therapist","Arts, culture, heritage and society","medium","arts-culture-society","career_reality_researcher","source_evidence_reviewer","learner_safety_editor","not_started","not_started","occupation mapping record | claim verification record | qualification/accreditation note | learner-safe profile update recommendation","No salary, demand, APS, provider-entry or registration claim moves to reviewed/published without source URL, access date, verification status and confidence score."
"batch_04","phase_2","arts-administrator","Arts Administrator","Arts, culture, heritage and society","medium","arts-culture-society","career_reality_researcher","source_evidence_reviewer","learner_safety_editor","not_started","not_started","occupation mapping record | claim verification record | qualification/accreditation note | learner-safe profile update recommendation","No salary, demand, APS, provider-entry or registration claim moves to reviewed/published without source URL, access date, verification status and confidence score."
"batch_04","phase_2","arts-manager","Arts Manager","Arts, culture, heritage and society","medium","arts-culture-society","career_reality_researcher","source_evidence_reviewer","learner_safety_editor","not_started","not_started","occupation mapping record | claim verification record | qualification/accreditation note | learner-safe profile update recommendation","No salary, demand, APS, provider-entry or registration claim moves to reviewed/published without source URL, access date, verification status and confidence score."
"batch_05","phase_2","basket-weaver","Basket Weaver","Arts, culture, heritage and society","medium","arts-culture-society","career_reality_researcher","source_evidence_reviewer","learner_safety_editor","not_started","not_started","occupation mapping record | claim verification record | qualification/accreditation note | learner-safe profile update recommendation","No salary, demand, APS, provider-entry or registration claim moves to reviewed/published without source URL, access date, verification status and confidence score."
"batch_05","phase_2","beadworker","Beadworker","Arts, culture, heritage and society","medium","arts-culture-society","career_reality_researcher","source_evidence_reviewer","learner_safety_editor","not_started","not_started","occupation mapping record | claim verification record | qualification/accreditation note | learner-safe profile update recommendation","No salary, demand, APS, provider-entry or registration claim moves to reviewed/published without source URL, access date, verification status and confidence score."
"batch_05","phase_2","ceramicist","Ceramicist","Arts, culture, heritage and society","medium","arts-culture-society","career_reality_researcher","source_evidence_reviewer","learner_safety_editor","not_started","not_started","occupation mapping record | claim verification record | qualification/accreditation note | learner-safe profile update recommendation","No salary, demand, APS, provider-entry or registration claim moves to reviewed/published without source URL, access date, verification status and confidence score."
"batch_05","phase_2","choreographer","Choreographer","Arts, culture, heritage and society","medium","arts-culture-society","career_reality_researcher","source_evidence_reviewer","learner_safety_editor","not_started","not_started","occupation mapping record | claim verification record | qualification/accreditation note | learner-safe profile update recommendation","No salary, demand, APS, provider-entry or registration claim moves to reviewed/published without source URL, access date, verification status and confidence score."
"batch_05","phase_2","cinematographer","Cinematographer","Arts, culture, heritage and society","medium","arts-culture-society","career_reality_researcher","source_evidence_reviewer","learner_safety_editor","not_started","not_started","occupation mapping record | claim verification record | qualification/accreditation note | learner-safe profile update recommendation","No salary, demand, APS, provider-entry or registration claim moves to reviewed/published without source URL, access date, verification status and confidence score."
"batch_05","phase_2","costume-designer","Costume Designer","Arts, culture, heritage and society","medium","arts-culture-society","career_reality_researcher","source_evidence_reviewer","learner_safety_editor","not_started","not_started","occupation mapping record | claim verification record | qualification/accreditation note | learner-safe profile update recommendation","No salary, demand, APS, provider-entry or registration claim moves to reviewed/published without source URL, access date, verification status and confidence score."
"batch_05","phase_2","craft-worker","Craft Worker","Arts, culture, heritage and society","medium","arts-culture-society","career_reality_researcher","source_evidence_reviewer","learner_safety_editor","not_started","not_started","occupation mapping record | claim verification record | qualification/accreditation note | learner-safe profile update recommendation","No salary, demand, APS, provider-entry or registration claim moves to reviewed/published without source URL, access date, verification status and confidence score."
"batch_05","phase_2","cultural-anthropologist","Cultural Anthropologist","Arts, culture, heritage and society","medium","arts-culture-society","career_reality_researcher","source_evidence_reviewer","learner_safety_editor","not_started","not_started","occupation mapping record | claim verification record | qualification/accreditation note | learner-safe profile update recommendation","No salary, demand, APS, provider-entry or registration claim moves to reviewed/published without source URL, access date, verification status and confidence score."
"batch_05","phase_2","cultural-event-organiser","Cultural Event Organiser","Arts, culture, heritage and society","medium","arts-culture-society","career_reality_researcher","source_evidence_reviewer","learner_safety_editor","not_started","not_started","occupation mapping record | claim verification record | qualification/accreditation note | learner-safe profile update recommendation","No salary, demand, APS, provider-entry or registration claim moves to reviewed/published without source URL, access date, verification status and confidence score."
"batch_05","phase_2","dance-instructor","Dance Instructor","Arts, culture, heritage and society","medium","arts-culture-society","career_reality_researcher","source_evidence_reviewer","learner_safety_editor","not_started","not_started","occupation mapping record | claim verification record | qualification/accreditation note | learner-safe profile update recommendation","No salary, demand, APS, provider-entry or registration claim moves to reviewed/published without source URL, access date, verification status and confidence score."
"batch_05","phase_2","dancer","Dancer","Arts, culture, heritage and society","medium","arts-culture-society","career_reality_researcher","source_evidence_reviewer","learner_safety_editor","not_started","not_started","occupation mapping record | claim verification record | qualification/accreditation note | learner-safe profile update recommendation","No salary, demand, APS, provider-entry or registration claim moves to reviewed/published without source URL, access date, verification status and confidence score."
"batch_05","phase_2","drama-teacher","Drama Teacher","Arts, culture, heritage and society","medium","arts-culture-society","career_reality_researcher","source_evidence_reviewer","learner_safety_editor","not_started","not_started","occupation mapping record | claim verification record | qualification/accreditation note | learner-safe profile update recommendation","No salary, demand, APS, provider-entry or registration claim moves to reviewed/published without source URL, access date, verification status and confidence score."
"batch_05","phase_2","drama-therapist","Drama Therapist","Arts, culture, heritage and society","medium","arts-culture-society","career_reality_researcher","source_evidence_reviewer","learner_safety_editor","not_started","not_started","occupation mapping record | claim verification record | qualification/accreditation note | learner-safe profile update recommendation","No salary, demand, APS, provider-entry or registration claim moves to reviewed/published without source URL, access date, verification status and confidence score."
"batch_05","phase_2","festival-coordinator","Festival Coordinator","Arts, culture, heritage and society","medium","arts-culture-society","career_reality_researcher","source_evidence_reviewer","learner_safety_editor","not_started","not_started","occupation mapping record | claim verification record | qualification/accreditation note | learner-safe profile update recommendation","No salary, demand, APS, provider-entry or registration claim moves to reviewed/published without source URL, access date, verification status and confidence score."
"batch_05","phase_2","gallery-curator","Gallery Curator","Arts, culture, heritage and society","medium","arts-culture-society","career_reality_researcher","source_evidence_reviewer","learner_safety_editor","not_started","not_started","occupation mapping record | claim verification record | qualification/accreditation note | learner-safe profile update recommendation","No salary, demand, APS, provider-entry or registration claim moves to reviewed/published without source URL, access date, verification status and confidence score."
"batch_05","phase_2","glass-blower","Glass Blower","Arts, culture, heritage and society","medium","arts-culture-society","career_reality_researcher","source_evidence_reviewer","learner_safety_editor","not_started","not_started","occupation mapping record | claim verification record | qualification/accreditation note | learner-safe profile update recommendation","No salary, demand, APS, provider-entry or registration claim moves to reviewed/published without source URL, access date, verification status and confidence score."
"batch_05","phase_2","heritage-officer","Heritage Officer","Arts, culture, heritage and society","medium","arts-culture-society","career_reality_researcher","source_evidence_reviewer","learner_safety_editor","not_started","not_started","occupation mapping record | claim verification record | qualification/accreditation note | learner-safe profile update recommendation","No salary, demand, APS, provider-entry or registration claim moves to reviewed/published without source URL, access date, verification status and confidence score."
"batch_05","phase_2","instrument-technician","Instrument Technician","Arts, culture, heritage and society","medium","arts-culture-society","career_reality_researcher","source_evidence_reviewer","learner_safety_editor","not_started","not_started","occupation mapping record | claim verification record | qualification/accreditation note | learner-safe profile update recommendation","No salary, demand, APS, provider-entry or registration claim moves to reviewed/published without source URL, access date, verification status and confidence score."
"batch_05","phase_2","jewellery-maker","Jewellery Maker","Arts, culture, heritage and society","medium","arts-culture-society","career_reality_researcher","source_evidence_reviewer","learner_safety_editor","not_started","not_started","occupation mapping record | claim verification record | qualification/accreditation note | learner-safe profile update recommendation","No salary, demand, APS, provider-entry or registration claim moves to reviewed/published without source URL, access date, verification status and confidence score."
"batch_05","phase_2","lighting-designer","Lighting Designer","Arts, culture, heritage and society","medium","arts-culture-society","career_reality_researcher","source_evidence_reviewer","learner_safety_editor","not_started","not_started","occupation mapping record | claim verification record | qualification/accreditation note | learner-safe profile update recommendation","No salary, demand, APS, provider-entry or registration claim moves to reviewed/published without source URL, access date, verification status and confidence score."
"batch_05","phase_2","music-composer","Music Composer","Arts, culture, heritage and society","medium","arts-culture-society","career_reality_researcher","source_evidence_reviewer","learner_safety_editor","not_started","not_started","occupation mapping record | claim verification record | qualification/accreditation note | learner-safe profile update recommendation","No salary, demand, APS, provider-entry or registration claim moves to reviewed/published without source URL, access date, verification status and confidence score."
"batch_05","phase_2","music-director","Music Director","Arts, culture, heritage and society","medium","arts-culture-society","career_reality_researcher","source_evidence_reviewer","learner_safety_editor","not_started","not_started","occupation mapping record | claim verification record | qualification/accreditation note | learner-safe profile update recommendation","No salary, demand, APS, provider-entry or registration claim moves to reviewed/published without source URL, access date, verification status and confidence score."
"batch_05","phase_2","music-producer","Music Producer","Arts, culture, heritage and society","medium","arts-culture-society","career_reality_researcher","source_evidence_reviewer","learner_safety_editor","not_started","not_started","occupation mapping record | claim verification record | qualification/accreditation note | learner-safe profile update recommendation","No salary, demand, APS, provider-entry or registration claim moves to reviewed/published without source URL, access date, verification status and confidence score."
"batch_05","phase_2","music-therapist","Music Therapist","Arts, culture, heritage and society","medium","arts-culture-society","career_reality_researcher","source_evidence_reviewer","learner_safety_editor","not_started","not_started","occupation mapping record | claim verification record | qualification/accreditation note | learner-safe profile update recommendation","No salary, demand, APS, provider-entry or registration claim moves to reviewed/published without source URL, access date, verification status and confidence score."
"batch_05","phase_2","musician","Musician","Arts, culture, heritage and society","medium","arts-culture-society","career_reality_researcher","source_evidence_reviewer","learner_safety_editor","not_started","not_started","occupation mapping record | claim verification record | qualification/accreditation note | learner-safe profile update recommendation","No salary, demand, APS, provider-entry or registration claim moves to reviewed/published without source URL, access date, verification status and confidence score."
"batch_06","phase_2","painter-artist","Painter (Artist)","Arts, culture, heritage and society","medium","arts-culture-society","career_reality_researcher","source_evidence_reviewer","learner_safety_editor","not_started","not_started","occupation mapping record | claim verification record | qualification/accreditation note | learner-safe profile update recommendation","No salary, demand, APS, provider-entry or registration claim moves to reviewed/published without source URL, access date, verification status and confidence score."
"batch_06","phase_2","potter","Potter","Arts, culture, heritage and society","medium","arts-culture-society","career_reality_researcher","source_evidence_reviewer","learner_safety_editor","not_started","not_started","occupation mapping record | claim verification record | qualification/accreditation note | learner-safe profile update recommendation","No salary, demand, APS, provider-entry or registration claim moves to reviewed/published without source URL, access date, verification status and confidence score."
"batch_06","phase_2","screenwriter","Screenwriter","Arts, culture, heritage and society","medium","arts-culture-society","career_reality_researcher","source_evidence_reviewer","learner_safety_editor","not_started","not_started","occupation mapping record | claim verification record | qualification/accreditation note | learner-safe profile update recommendation","No salary, demand, APS, provider-entry or registration claim moves to reviewed/published without source URL, access date, verification status and confidence score."
"batch_06","phase_2","sculptor","Sculptor","Arts, culture, heritage and society","medium","arts-culture-society","career_reality_researcher","source_evidence_reviewer","learner_safety_editor","not_started","not_started","occupation mapping record | claim verification record | qualification/accreditation note | learner-safe profile update recommendation","No salary, demand, APS, provider-entry or registration claim moves to reviewed/published without source URL, access date, verification status and confidence score."
"batch_06","phase_2","singer","Singer","Arts, culture, heritage and society","medium","arts-culture-society","career_reality_researcher","source_evidence_reviewer","learner_safety_editor","not_started","not_started","occupation mapping record | claim verification record | qualification/accreditation note | learner-safe profile update recommendation","No salary, demand, APS, provider-entry or registration claim moves to reviewed/published without source URL, access date, verification status and confidence score."
"batch_06","phase_2","sound-designer","Sound Designer","Arts, culture, heritage and society","medium","arts-culture-society","career_reality_researcher","source_evidence_reviewer","learner_safety_editor","not_started","not_started","occupation mapping record | claim verification record | qualification/accreditation note | learner-safe profile update recommendation","No salary, demand, APS, provider-entry or registration claim moves to reviewed/published without source URL, access date, verification status and confidence score."
"batch_06","phase_2","stage-manager","Stage Manager","Arts, culture, heritage and society","medium","arts-culture-society","career_reality_researcher","source_evidence_reviewer","learner_safety_editor","not_started","not_started","occupation mapping record | claim verification record | qualification/accreditation note | learner-safe profile update recommendation","No salary, demand, APS, provider-entry or registration claim moves to reviewed/published without source URL, access date, verification status and confidence score."
"batch_06","phase_2","theatre-technician","Theatre Technician","Arts, culture, heritage and society","medium","arts-culture-society","career_reality_researcher","source_evidence_reviewer","learner_safety_editor","not_started","not_started","occupation mapping record | claim verification record | qualification/accreditation note | learner-safe profile update recommendation","No salary, demand, APS, provider-entry or registration claim moves to reviewed/published without source URL, access date, verification status and confidence score."
"batch_06","phase_2","weaver","Weaver","Arts, culture, heritage and society","medium","arts-culture-society","career_reality_researcher","source_evidence_reviewer","learner_safety_editor","not_started","not_started","occupation mapping record | claim verification record | qualification/accreditation note | learner-safe profile update recommendation","No salary, demand, APS, provider-entry or registration claim moves to reviewed/published without source URL, access date, verification status and confidence score."
"batch_06","phase_2","woodcarver","Woodcarver","Arts, culture, heritage and society","medium","arts-culture-society","career_reality_researcher","source_evidence_reviewer","learner_safety_editor","not_started","not_started","occupation mapping record | claim verification record | qualification/accreditation note | learner-safe profile update recommendation","No salary, demand, APS, provider-entry or registration claim moves to reviewed/published without source URL, access date, verification status and confidence score."
"batch_06","phase_2","advertising-creative","Advertising Creative","Creative, media and design","medium","creative-media-design","career_reality_researcher","source_evidence_reviewer","learner_safety_editor","not_started","not_started","occupation mapping record | claim verification record | qualification/accreditation note | learner-safe profile update recommendation","No salary, demand, APS, provider-entry or registration claim moves to reviewed/published without source URL, access date, verification status and confidence score."
"batch_06","phase_2","animator","Animator","Creative, media and design","medium","creative-media-design","career_reality_researcher","source_evidence_reviewer","learner_safety_editor","not_started","not_started","occupation mapping record | claim verification record | qualification/accreditation note | learner-safe profile update recommendation","No salary, demand, APS, provider-entry or registration claim moves to reviewed/published without source URL, access date, verification status and confidence score."
"batch_06","phase_2","art-director","Art Director","Creative, media and design","medium","creative-media-design","career_reality_researcher","source_evidence_reviewer","learner_safety_editor","not_started","not_started","occupation mapping record | claim verification record | qualification/accreditation note | learner-safe profile update recommendation","No salary, demand, APS, provider-entry or registration claim moves to reviewed/published without source URL, access date, verification status and confidence score."
"batch_06","phase_2","barber","Barber","Creative, media and design","medium","creative-media-design","career_reality_researcher","source_evidence_reviewer","learner_safety_editor","not_started","not_started","occupation mapping record | claim verification record | qualification/accreditation note | learner-safe profile update recommendation","No salary, demand, APS, provider-entry or registration claim moves to reviewed/published without source URL, access date, verification status and confidence score."
"batch_06","phase_2","beauty-therapist","Beauty Therapist","Creative, media and design","medium","creative-media-design","career_reality_researcher","source_evidence_reviewer","learner_safety_editor","not_started","not_started","occupation mapping record | claim verification record | qualification/accreditation note | learner-safe profile update recommendation","No salary, demand, APS, provider-entry or registration claim moves to reviewed/published without source URL, access date, verification status and confidence score."
"batch_06","phase_2","book-editor","Book Editor","Creative, media and design","medium","creative-media-design","career_reality_researcher","source_evidence_reviewer","learner_safety_editor","not_started","not_started","occupation mapping record | claim verification record | qualification/accreditation note | learner-safe profile update recommendation","No salary, demand, APS, provider-entry or registration claim moves to reviewed/published without source URL, access date, verification status and confidence score."
"batch_06","phase_2","brand-manager","Brand Manager","Creative, media and design","medium","creative-media-design","career_reality_researcher","source_evidence_reviewer","learner_safety_editor","not_started","not_started","occupation mapping record | claim verification record | qualification/accreditation note | learner-safe profile update recommendation","No salary, demand, APS, provider-entry or registration claim moves to reviewed/published without source URL, access date, verification status and confidence score."
"batch_06","phase_2","broadcast-technician","Broadcast Technician","Creative, media and design","medium","creative-media-design","career_reality_researcher","source_evidence_reviewer","learner_safety_editor","not_started","not_started","occupation mapping record | claim verification record | qualification/accreditation note | learner-safe profile update recommendation","No salary, demand, APS, provider-entry or registration claim moves to reviewed/published without source URL, access date, verification status and confidence score."
"batch_06","phase_2","communications-officer","Communications Officer","Creative, media and design","medium","creative-media-design","career_reality_researcher","source_evidence_reviewer","learner_safety_editor","not_started","not_started","occupation mapping record | claim verification record | qualification/accreditation note | learner-safe profile update recommendation","No salary, demand, APS, provider-entry or registration claim moves to reviewed/published without source URL, access date, verification status and confidence score."
"batch_06","phase_2","content-writer","Content Writer","Creative, media and design","medium","creative-media-design","career_reality_researcher","source_evidence_reviewer","learner_safety_editor","not_started","not_started","occupation mapping record | claim verification record | qualification/accreditation note | learner-safe profile update recommendation","No salary, demand, APS, provider-entry or registration claim moves to reviewed/published without source URL, access date, verification status and confidence score."
"batch_06","phase_2","copywriter","Copywriter","Creative, media and design","medium","creative-media-design","career_reality_researcher","source_evidence_reviewer","learner_safety_editor","not_started","not_started","occupation mapping record | claim verification record | qualification/accreditation note | learner-safe profile update recommendation","No salary, demand, APS, provider-entry or registration claim moves to reviewed/published without source URL, access date, verification status and confidence score."
"batch_06","phase_2","creative-director","Creative Director","Creative, media and design","medium","creative-media-design","career_reality_researcher","source_evidence_reviewer","learner_safety_editor","not_started","not_started","occupation mapping record | claim verification record | qualification/accreditation note | learner-safe profile update recommendation","No salary, demand, APS, provider-entry or registration claim moves to reviewed/published without source URL, access date, verification status and confidence score."
"batch_06","phase_2","digital-marketing-specialist","Digital Marketing Specialist","Creative, media and design","medium","creative-media-design","career_reality_researcher","source_evidence_reviewer","learner_safety_editor","not_started","not_started","occupation mapping record | claim verification record | qualification/accreditation note | learner-safe profile update recommendation","No salary, demand, APS, provider-entry or registration claim moves to reviewed/published without source URL, access date, verification status and confidence score."
"batch_06","phase_2","digital-print-operator","Digital Print Operator","Creative, media and design","medium","creative-media-design","career_reality_researcher","source_evidence_reviewer","learner_safety_editor","not_started","not_started","occupation mapping record | claim verification record | qualification/accreditation note | learner-safe profile update recommendation","No salary, demand, APS, provider-entry or registration claim moves to reviewed/published without source URL, access date, verification status and confidence score."
"batch_06","phase_2","editor-publications","Editor (Publications)","Creative, media and design","medium","creative-media-design","career_reality_researcher","source_evidence_reviewer","learner_safety_editor","not_started","not_started","occupation mapping record | claim verification record | qualification/accreditation note | learner-safe profile update recommendation","No salary, demand, APS, provider-entry or registration claim moves to reviewed/published without source URL, access date, verification status and confidence score."
"batch_07","phase_2","exhibition-designer","Exhibition Designer","Creative, media and design","medium","creative-media-design","career_reality_researcher","source_evidence_reviewer","learner_safety_editor","not_started","not_started","occupation mapping record | claim verification record | qualification/accreditation note | learner-safe profile update recommendation","No salary, demand, APS, provider-entry or registration claim moves to reviewed/published without source URL, access date, verification status and confidence score."
"batch_07","phase_2","fashion-designer","Fashion Designer","Creative, media and design","medium","creative-media-design","career_reality_researcher","source_evidence_reviewer","learner_safety_editor","not_started","not_started","occupation mapping record | claim verification record | qualification/accreditation note | learner-safe profile update recommendation","No salary, demand, APS, provider-entry or registration claim moves to reviewed/published without source URL, access date, verification status and confidence score."
"batch_07","phase_2","film-director","Film Director","Creative, media and design","medium","creative-media-design","career_reality_researcher","source_evidence_reviewer","learner_safety_editor","not_started","not_started","occupation mapping record | claim verification record | qualification/accreditation note | learner-safe profile update recommendation","No salary, demand, APS, provider-entry or registration claim moves to reviewed/published without source URL, access date, verification status and confidence score."
"batch_07","phase_2","film-producer","Film Producer","Creative, media and design","medium","creative-media-design","career_reality_researcher","source_evidence_reviewer","learner_safety_editor","not_started","not_started","occupation mapping record | claim verification record | qualification/accreditation note | learner-safe profile update recommendation","No salary, demand, APS, provider-entry or registration claim moves to reviewed/published without source URL, access date, verification status and confidence score."
"batch_07","phase_2","graphic-designer","Graphic Designer","Creative, media and design","medium","creative-media-design","career_reality_researcher","source_evidence_reviewer","learner_safety_editor","not_started","not_started","occupation mapping record | claim verification record | qualification/accreditation note | learner-safe profile update recommendation","No salary, demand, APS, provider-entry or registration claim moves to reviewed/published without source URL, access date, verification status and confidence score."
"batch_07","phase_2","hairdresser","Hairdresser","Creative, media and design","medium","creative-media-design","career_reality_researcher","source_evidence_reviewer","learner_safety_editor","not_started","not_started","occupation mapping record | claim verification record | qualification/accreditation note | learner-safe profile update recommendation","No salary, demand, APS, provider-entry or registration claim moves to reviewed/published without source URL, access date, verification status and confidence score."
"batch_07","phase_2","illustrator","Illustrator","Creative, media and design","medium","creative-media-design","career_reality_researcher","source_evidence_reviewer","learner_safety_editor","not_started","not_started","occupation mapping record | claim verification record | qualification/accreditation note | learner-safe profile update recommendation","No salary, demand, APS, provider-entry or registration claim moves to reviewed/published without source URL, access date, verification status and confidence score."
"batch_07","phase_2","industrial-designer","Industrial Designer","Creative, media and design","medium","creative-media-design","career_reality_researcher","source_evidence_reviewer","learner_safety_editor","not_started","not_started","occupation mapping record | claim verification record | qualification/accreditation note | learner-safe profile update recommendation","No salary, demand, APS, provider-entry or registration claim moves to reviewed/published without source URL, access date, verification status and confidence score."
"batch_07","phase_2","interpreter","Interpreter","Creative, media and design","medium","creative-media-design","career_reality_researcher","source_evidence_reviewer","learner_safety_editor","not_started","not_started","occupation mapping record | claim verification record | qualification/accreditation note | learner-safe profile update recommendation","No salary, demand, APS, provider-entry or registration claim moves to reviewed/published without source URL, access date, verification status and confidence score."
"batch_07","phase_2","jewellery-designer","Jewellery Designer","Creative, media and design","medium","creative-media-design","career_reality_researcher","source_evidence_reviewer","learner_safety_editor","not_started","not_started","occupation mapping record | claim verification record | qualification/accreditation note | learner-safe profile update recommendation","No salary, demand, APS, provider-entry or registration claim moves to reviewed/published without source URL, access date, verification status and confidence score."
"batch_07","phase_2","journalist","Journalist","Creative, media and design","medium","creative-media-design","career_reality_researcher","source_evidence_reviewer","learner_safety_editor","not_started","not_started","occupation mapping record | claim verification record | qualification/accreditation note | learner-safe profile update recommendation","No salary, demand, APS, provider-entry or registration claim moves to reviewed/published without source URL, access date, verification status and confidence score."
"batch_07","phase_2","lighting-technician","Lighting Technician","Creative, media and design","medium","creative-media-design","career_reality_researcher","source_evidence_reviewer","learner_safety_editor","not_started","not_started","occupation mapping record | claim verification record | qualification/accreditation note | learner-safe profile update recommendation","No salary, demand, APS, provider-entry or registration claim moves to reviewed/published without source URL, access date, verification status and confidence score."
"batch_07","phase_2","make-up-artist","Make-Up Artist","Creative, media and design","medium","creative-media-design","career_reality_researcher","source_evidence_reviewer","learner_safety_editor","not_started","not_started","occupation mapping record | claim verification record | qualification/accreditation note | learner-safe profile update recommendation","No salary, demand, APS, provider-entry or registration claim moves to reviewed/published without source URL, access date, verification status and confidence score."
"batch_07","phase_2","marketing-manager","Marketing Manager","Creative, media and design","medium","creative-media-design","career_reality_researcher","source_evidence_reviewer","learner_safety_editor","not_started","not_started","occupation mapping record | claim verification record | qualification/accreditation note | learner-safe profile update recommendation","No salary, demand, APS, provider-entry or registration claim moves to reviewed/published without source URL, access date, verification status and confidence score."
"batch_07","phase_2","motion-graphics-designer","Motion Graphics Designer","Creative, media and design","medium","creative-media-design","career_reality_researcher","source_evidence_reviewer","learner_safety_editor","not_started","not_started","occupation mapping record | claim verification record | qualification/accreditation note | learner-safe profile update recommendation","No salary, demand, APS, provider-entry or registration claim moves to reviewed/published without source URL, access date, verification status and confidence score."
"batch_07","phase_2","multimedia-designer","Multimedia Designer","Creative, media and design","medium","creative-media-design","career_reality_researcher","source_evidence_reviewer","learner_safety_editor","not_started","not_started","occupation mapping record | claim verification record | qualification/accreditation note | learner-safe profile update recommendation","No salary, demand, APS, provider-entry or registration claim moves to reviewed/published without source URL, access date, verification status and confidence score."
"batch_07","phase_2","nail-technician","Nail Technician","Creative, media and design","medium","creative-media-design","career_reality_researcher","source_evidence_reviewer","learner_safety_editor","not_started","not_started","occupation mapping record | claim verification record | qualification/accreditation note | learner-safe profile update recommendation","No salary, demand, APS, provider-entry or registration claim moves to reviewed/published without source URL, access date, verification status and confidence score."
"batch_07","phase_2","photographer","Photographer","Creative, media and design","medium","creative-media-design","career_reality_researcher","source_evidence_reviewer","learner_safety_editor","not_started","not_started","occupation mapping record | claim verification record | qualification/accreditation note | learner-safe profile update recommendation","No salary, demand, APS, provider-entry or registration claim moves to reviewed/published without source URL, access date, verification status and confidence score."
"batch_07","phase_2","prepress-technician","Prepress Technician","Creative, media and design","medium","creative-media-design","career_reality_researcher","source_evidence_reviewer","learner_safety_editor","not_started","not_started","occupation mapping record | claim verification record | qualification/accreditation note | learner-safe profile update recommendation","No salary, demand, APS, provider-entry or registration claim moves to reviewed/published without source URL, access date, verification status and confidence score."
"batch_07","phase_2","printing-worker","Printing Worker","Creative, media and design","medium","creative-media-design","career_reality_researcher","source_evidence_reviewer","learner_safety_editor","not_started","not_started","occupation mapping record | claim verification record | qualification/accreditation note | learner-safe profile update recommendation","No salary, demand, APS, provider-entry or registration claim moves to reviewed/published without source URL, access date, verification status and confidence score."
"batch_07","phase_2","production-assistant-media","Production Assistant (Media)","Creative, media and design","medium","creative-media-design","career_reality_researcher","source_evidence_reviewer","learner_safety_editor","not_started","not_started","occupation mapping record | claim verification record | qualification/accreditation note | learner-safe profile update recommendation","No salary, demand, APS, provider-entry or registration claim moves to reviewed/published without source URL, access date, verification status and confidence score."
"batch_07","phase_2","proofreader","Proofreader","Creative, media and design","medium","creative-media-design","career_reality_researcher","source_evidence_reviewer","learner_safety_editor","not_started","not_started","occupation mapping record | claim verification record | qualification/accreditation note | learner-safe profile update recommendation","No salary, demand, APS, provider-entry or registration claim moves to reviewed/published without source URL, access date, verification status and confidence score."
"batch_07","phase_2","public-relations-manager","Public Relations Manager","Creative, media and design","medium","creative-media-design","career_reality_researcher","source_evidence_reviewer","learner_safety_editor","not_started","not_started","occupation mapping record | claim verification record | qualification/accreditation note | learner-safe profile update recommendation","No salary, demand, APS, provider-entry or registration claim moves to reviewed/published without source URL, access date, verification status and confidence score."
"batch_07","phase_2","public-relations-officer","Public Relations Officer","Creative, media and design","medium","creative-media-design","career_reality_researcher","source_evidence_reviewer","learner_safety_editor","not_started","not_started","occupation mapping record | claim verification record | qualification/accreditation note | learner-safe profile update recommendation","No salary, demand, APS, provider-entry or registration claim moves to reviewed/published without source URL, access date, verification status and confidence score."
"batch_07","phase_2","publishing-assistant","Publishing Assistant","Creative, media and design","medium","creative-media-design","career_reality_researcher","source_evidence_reviewer","learner_safety_editor","not_started","not_started","occupation mapping record | claim verification record | qualification/accreditation note | learner-safe profile update recommendation","No salary, demand, APS, provider-entry or registration claim moves to reviewed/published without source URL, access date, verification status and confidence score."
"batch_08","phase_2","radio-presenter","Radio Presenter","Creative, media and design","medium","creative-media-design","career_reality_researcher","source_evidence_reviewer","learner_safety_editor","not_started","not_started","occupation mapping record | claim verification record | qualification/accreditation note | learner-safe profile update recommendation","No salary, demand, APS, provider-entry or registration claim moves to reviewed/published without source URL, access date, verification status and confidence score."
"batch_08","phase_2","screen-printer","Screen Printer","Creative, media and design","medium","creative-media-design","career_reality_researcher","source_evidence_reviewer","learner_safety_editor","not_started","not_started","occupation mapping record | claim verification record | qualification/accreditation note | learner-safe profile update recommendation","No salary, demand, APS, provider-entry or registration claim moves to reviewed/published without source URL, access date, verification status and confidence score."
"batch_08","phase_2","set-designer","Set Designer","Creative, media and design","medium","creative-media-design","career_reality_researcher","source_evidence_reviewer","learner_safety_editor","not_started","not_started","occupation mapping record | claim verification record | qualification/accreditation note | learner-safe profile update recommendation","No salary, demand, APS, provider-entry or registration claim moves to reviewed/published without source URL, access date, verification status and confidence score."
"batch_08","phase_2","sign-language-interpreter","Sign Language Interpreter","Creative, media and design","medium","creative-media-design","career_reality_researcher","source_evidence_reviewer","learner_safety_editor","not_started","not_started","occupation mapping record | claim verification record | qualification/accreditation note | learner-safe profile update recommendation","No salary, demand, APS, provider-entry or registration claim moves to reviewed/published without source URL, access date, verification status and confidence score."
"batch_08","phase_2","social-media-manager","Social Media Manager","Creative, media and design","medium","creative-media-design","career_reality_researcher","source_evidence_reviewer","learner_safety_editor","not_started","not_started","occupation mapping record | claim verification record | qualification/accreditation note | learner-safe profile update recommendation","No salary, demand, APS, provider-entry or registration claim moves to reviewed/published without source URL, access date, verification status and confidence score."
"batch_08","phase_2","sound-engineer","Sound Engineer","Creative, media and design","medium","creative-media-design","career_reality_researcher","source_evidence_reviewer","learner_safety_editor","not_started","not_started","occupation mapping record | claim verification record | qualification/accreditation note | learner-safe profile update recommendation","No salary, demand, APS, provider-entry or registration claim moves to reviewed/published without source URL, access date, verification status and confidence score."
"batch_08","phase_2","sound-technician","Sound Technician","Creative, media and design","medium","creative-media-design","career_reality_researcher","source_evidence_reviewer","learner_safety_editor","not_started","not_started","occupation mapping record | claim verification record | qualification/accreditation note | learner-safe profile update recommendation","No salary, demand, APS, provider-entry or registration claim moves to reviewed/published without source URL, access date, verification status and confidence score."
"batch_08","phase_2","tattoo-artist","Tattoo Artist","Creative, media and design","medium","creative-media-design","career_reality_researcher","source_evidence_reviewer","learner_safety_editor","not_started","not_started","occupation mapping record | claim verification record | qualification/accreditation note | learner-safe profile update recommendation","No salary, demand, APS, provider-entry or registration claim moves to reviewed/published without source URL, access date, verification status and confidence score."
"batch_08","phase_2","television-presenter","Television Presenter","Creative, media and design","medium","creative-media-design","career_reality_researcher","source_evidence_reviewer","learner_safety_editor","not_started","not_started","occupation mapping record | claim verification record | qualification/accreditation note | learner-safe profile update recommendation","No salary, demand, APS, provider-entry or registration claim moves to reviewed/published without source URL, access date, verification status and confidence score."
"batch_08","phase_2","textile-designer","Textile Designer","Creative, media and design","medium","creative-media-design","career_reality_researcher","source_evidence_reviewer","learner_safety_editor","not_started","not_started","occupation mapping record | claim verification record | qualification/accreditation note | learner-safe profile update recommendation","No salary, demand, APS, provider-entry or registration claim moves to reviewed/published without source URL, access date, verification status and confidence score."
"batch_08","phase_2","translator","Translator","Creative, media and design","medium","creative-media-design","career_reality_researcher","source_evidence_reviewer","learner_safety_editor","not_started","not_started","occupation mapping record | claim verification record | qualification/accreditation note | learner-safe profile update recommendation","No salary, demand, APS, provider-entry or registration claim moves to reviewed/published without source URL, access date, verification status and confidence score."
"batch_08","phase_2","video-editor","Video Editor","Creative, media and design","medium","creative-media-design","career_reality_researcher","source_evidence_reviewer","learner_safety_editor","not_started","not_started","occupation mapping record | claim verification record | qualification/accreditation note | learner-safe profile update recommendation","No salary, demand, APS, provider-entry or registration claim moves to reviewed/published without source URL, access date, verification status and confidence score."
"batch_08","phase_2","videographer","Videographer","Creative, media and design","medium","creative-media-design","career_reality_researcher","source_evidence_reviewer","learner_safety_editor","not_started","not_started","occupation mapping record | claim verification record | qualification/accreditation note | learner-safe profile update recommendation","No salary, demand, APS, provider-entry or registration claim moves to reviewed/published without source URL, access date, verification status and confidence score."
"batch_08","phase_2","web-designer","Web Designer","Creative, media and design","medium","creative-media-design","career_reality_researcher","source_evidence_reviewer","learner_safety_editor","not_started","not_started","occupation mapping record | claim verification record | qualification/accreditation note | learner-safe profile update recommendation","No salary, demand, APS, provider-entry or registration claim moves to reviewed/published without source URL, access date, verification status and confidence score."
"batch_08","phase_2","adult-literacy-teacher","Adult Literacy Teacher","Education, training and youth development","medium","education-youth","professional_registration_researcher","source_evidence_reviewer","learner_safety_editor","not_started","not_started","occupation mapping record | claim verification record | qualification/accreditation note | learner-safe profile update recommendation","No salary, demand, APS, provider-entry or registration claim moves to reviewed/published without source URL, access date, verification status and confidence score."
"batch_08","phase_2","archivist","Archivist","Education, training and youth development","medium","education-youth","professional_registration_researcher","source_evidence_reviewer","learner_safety_editor","not_started","not_started","occupation mapping record | claim verification record | qualification/accreditation note | learner-safe profile update recommendation","No salary, demand, APS, provider-entry or registration claim moves to reviewed/published without source URL, access date, verification status and confidence score."
"batch_08","phase_2","art-teacher","Art Teacher","Education, training and youth development","medium","education-youth","professional_registration_researcher","source_evidence_reviewer","learner_safety_editor","not_started","not_started","occupation mapping record | claim verification record | qualification/accreditation note | learner-safe profile update recommendation","No salary, demand, APS, provider-entry or registration claim moves to reviewed/published without source URL, access date, verification status and confidence score."
"batch_08","phase_2","corporate-trainer","Corporate Trainer","Education, training and youth development","medium","education-youth","professional_registration_researcher","source_evidence_reviewer","learner_safety_editor","not_started","not_started","occupation mapping record | claim verification record | qualification/accreditation note | learner-safe profile update recommendation","No salary, demand, APS, provider-entry or registration claim moves to reviewed/published without source URL, access date, verification status and confidence score."
"batch_08","phase_2","curriculum-developer","Curriculum Developer","Education, training and youth development","medium","education-youth","professional_registration_researcher","source_evidence_reviewer","learner_safety_editor","not_started","not_started","occupation mapping record | claim verification record | qualification/accreditation note | learner-safe profile update recommendation","No salary, demand, APS, provider-entry or registration claim moves to reviewed/published without source URL, access date, verification status and confidence score."
"batch_08","phase_2","day-care-manager","Day Care Manager","Education, training and youth development","medium","education-youth","professional_registration_researcher","source_evidence_reviewer","learner_safety_editor","not_started","not_started","occupation mapping record | claim verification record | qualification/accreditation note | learner-safe profile update recommendation","No salary, demand, APS, provider-entry or registration claim moves to reviewed/published without source URL, access date, verification status and confidence score."
"batch_08","phase_2","e-learning-developer","E-Learning Developer","Education, training and youth development","medium","education-youth","professional_registration_researcher","source_evidence_reviewer","learner_safety_editor","not_started","not_started","occupation mapping record | claim verification record | qualification/accreditation note | learner-safe profile update recommendation","No salary, demand, APS, provider-entry or registration claim moves to reviewed/published without source URL, access date, verification status and confidence score."
"batch_08","phase_2","early-childhood-development-practitioner","Early Childhood Development Practitioner","Education, training and youth development","medium","education-youth","professional_registration_researcher","source_evidence_reviewer","learner_safety_editor","not_started","not_started","occupation mapping record | claim verification record | qualification/accreditation note | learner-safe profile update recommendation","No salary, demand, APS, provider-entry or registration claim moves to reviewed/published without source URL, access date, verification status and confidence score."
"batch_08","phase_2","ecd-assistant","ECD Assistant","Education, training and youth development","medium","education-youth","professional_registration_researcher","source_evidence_reviewer","learner_safety_editor","not_started","not_started","occupation mapping record | claim verification record | qualification/accreditation note | learner-safe profile update recommendation","No salary, demand, APS, provider-entry or registration claim moves to reviewed/published without source URL, access date, verification status and confidence score."
"batch_08","phase_2","education-assistant","Education Assistant","Education, training and youth development","medium","education-youth","professional_registration_researcher","source_evidence_reviewer","learner_safety_editor","not_started","not_started","occupation mapping record | claim verification record | qualification/accreditation note | learner-safe profile update recommendation","No salary, demand, APS, provider-entry or registration claim moves to reviewed/published without source URL, access date, verification status and confidence score."
"batch_08","phase_2","education-consultant","Education Consultant","Education, training and youth development","medium","education-youth","professional_registration_researcher","source_evidence_reviewer","learner_safety_editor","not_started","not_started","occupation mapping record | claim verification record | qualification/accreditation note | learner-safe profile update recommendation","No salary, demand, APS, provider-entry or registration claim moves to reviewed/published without source URL, access date, verification status and confidence score."
"batch_09","phase_2","education-manager","Education Manager","Education, training and youth development","medium","education-youth","professional_registration_researcher","source_evidence_reviewer","learner_safety_editor","not_started","not_started","occupation mapping record | claim verification record | qualification/accreditation note | learner-safe profile update recommendation","No salary, demand, APS, provider-entry or registration claim moves to reviewed/published without source URL, access date, verification status and confidence score."
"batch_09","phase_2","educational-psychologist","Educational Psychologist","Education, training and youth development","medium","education-youth","professional_registration_researcher","source_evidence_reviewer","learner_safety_editor","not_started","not_started","occupation mapping record | claim verification record | qualification/accreditation note | learner-safe profile update recommendation","No salary, demand, APS, provider-entry or registration claim moves to reviewed/published without source URL, access date, verification status and confidence score."
"batch_09","phase_2","geography-teacher","Geography Teacher","Education, training and youth development","medium","education-youth","professional_registration_researcher","source_evidence_reviewer","learner_safety_editor","not_started","not_started","occupation mapping record | claim verification record | qualification/accreditation note | learner-safe profile update recommendation","No salary, demand, APS, provider-entry or registration claim moves to reviewed/published without source URL, access date, verification status and confidence score."
"batch_09","phase_2","history-teacher","History Teacher","Education, training and youth development","medium","education-youth","professional_registration_researcher","source_evidence_reviewer","learner_safety_editor","not_started","not_started","occupation mapping record | claim verification record | qualification/accreditation note | learner-safe profile update recommendation","No salary, demand, APS, provider-entry or registration claim moves to reviewed/published without source URL, access date, verification status and confidence score."
"batch_09","phase_2","instructional-designer","Instructional Designer","Education, training and youth development","medium","education-youth","professional_registration_researcher","source_evidence_reviewer","learner_safety_editor","not_started","not_started","occupation mapping record | claim verification record | qualification/accreditation note | learner-safe profile update recommendation","No salary, demand, APS, provider-entry or registration claim moves to reviewed/published without source URL, access date, verification status and confidence score."
"batch_09","phase_2","language-teacher","Language Teacher","Education, training and youth development","medium","education-youth","professional_registration_researcher","source_evidence_reviewer","learner_safety_editor","not_started","not_started","occupation mapping record | claim verification record | qualification/accreditation note | learner-safe profile update recommendation","No salary, demand, APS, provider-entry or registration claim moves to reviewed/published without source URL, access date, verification status and confidence score."
"batch_09","phase_2","librarian","Librarian","Education, training and youth development","medium","education-youth","professional_registration_researcher","source_evidence_reviewer","learner_safety_editor","not_started","not_started","occupation mapping record | claim verification record | qualification/accreditation note | learner-safe profile update recommendation","No salary, demand, APS, provider-entry or registration claim moves to reviewed/published without source URL, access date, verification status and confidence score."
"batch_09","phase_2","library-assistant","Library Assistant","Education, training and youth development","medium","education-youth","professional_registration_researcher","source_evidence_reviewer","learner_safety_editor","not_started","not_started","occupation mapping record | claim verification record | qualification/accreditation note | learner-safe profile update recommendation","No salary, demand, APS, provider-entry or registration claim moves to reviewed/published without source URL, access date, verification status and confidence score."
"batch_09","phase_2","life-orientation-teacher","Life Orientation Teacher","Education, training and youth development","medium","education-youth","professional_registration_researcher","source_evidence_reviewer","learner_safety_editor","not_started","not_started","occupation mapping record | claim verification record | qualification/accreditation note | learner-safe profile update recommendation","No salary, demand, APS, provider-entry or registration claim moves to reviewed/published without source URL, access date, verification status and confidence score."
"batch_09","phase_2","mathematics-teacher","Mathematics Teacher","Education, training and youth development","medium","education-youth","professional_registration_researcher","source_evidence_reviewer","learner_safety_editor","not_started","not_started","occupation mapping record | claim verification record | qualification/accreditation note | learner-safe profile update recommendation","No salary, demand, APS, provider-entry or registration claim moves to reviewed/published without source URL, access date, verification status and confidence score."
"batch_09","phase_2","museum-curator","Museum Curator","Education, training and youth development","medium","education-youth","professional_registration_researcher","source_evidence_reviewer","learner_safety_editor","not_started","not_started","occupation mapping record | claim verification record | qualification/accreditation note | learner-safe profile update recommendation","No salary, demand, APS, provider-entry or registration claim moves to reviewed/published without source URL, access date, verification status and confidence score."
"batch_09","phase_2","museum-educator","Museum Educator","Education, training and youth development","medium","education-youth","professional_registration_researcher","source_evidence_reviewer","learner_safety_editor","not_started","not_started","occupation mapping record | claim verification record | qualification/accreditation note | learner-safe profile update recommendation","No salary, demand, APS, provider-entry or registration claim moves to reviewed/published without source URL, access date, verification status and confidence score."
"batch_09","phase_2","music-teacher","Music Teacher","Education, training and youth development","medium","education-youth","professional_registration_researcher","source_evidence_reviewer","learner_safety_editor","not_started","not_started","occupation mapping record | claim verification record | qualification/accreditation note | learner-safe profile update recommendation","No salary, demand, APS, provider-entry or registration claim moves to reviewed/published without source URL, access date, verification status and confidence score."
"batch_09","phase_2","physical-education-teacher","Physical Education Teacher","Education, training and youth development","medium","education-youth","professional_registration_researcher","source_evidence_reviewer","learner_safety_editor","not_started","not_started","occupation mapping record | claim verification record | qualification/accreditation note | learner-safe profile update recommendation","No salary, demand, APS, provider-entry or registration claim moves to reviewed/published without source URL, access date, verification status and confidence score."
"batch_09","phase_2","primary-school-teacher","Primary School Teacher","Education, training and youth development","medium","education-youth","professional_registration_researcher","source_evidence_reviewer","learner_safety_editor","not_started","not_started","occupation mapping record | claim verification record | qualification/accreditation note | learner-safe profile update recommendation","No salary, demand, APS, provider-entry or registration claim moves to reviewed/published without source URL, access date, verification status and confidence score."
"batch_09","phase_2","professor","Professor","Education, training and youth development","medium","education-youth","professional_registration_researcher","source_evidence_reviewer","learner_safety_editor","not_started","not_started","occupation mapping record | claim verification record | qualification/accreditation note | learner-safe profile update recommendation","No salary, demand, APS, provider-entry or registration claim moves to reviewed/published without source URL, access date, verification status and confidence score."
"batch_09","phase_2","researcher-education","Researcher (Education)","Education, training and youth development","medium","education-youth","professional_registration_researcher","source_evidence_reviewer","learner_safety_editor","not_started","not_started","occupation mapping record | claim verification record | qualification/accreditation note | learner-safe profile update recommendation","No salary, demand, APS, provider-entry or registration claim moves to reviewed/published without source URL, access date, verification status and confidence score."
"batch_09","phase_2","school-counsellor","School Counsellor","Education, training and youth development","medium","education-youth","professional_registration_researcher","source_evidence_reviewer","learner_safety_editor","not_started","not_started","occupation mapping record | claim verification record | qualification/accreditation note | learner-safe profile update recommendation","No salary, demand, APS, provider-entry or registration claim moves to reviewed/published without source URL, access date, verification status and confidence score."
"batch_09","phase_2","school-principal","School Principal","Education, training and youth development","medium","education-youth","professional_registration_researcher","source_evidence_reviewer","learner_safety_editor","not_started","not_started","occupation mapping record | claim verification record | qualification/accreditation note | learner-safe profile update recommendation","No salary, demand, APS, provider-entry or registration claim moves to reviewed/published without source URL, access date, verification status and confidence score."
"batch_09","phase_2","science-teacher","Science Teacher","Education, training and youth development","medium","education-youth","professional_registration_researcher","source_evidence_reviewer","learner_safety_editor","not_started","not_started","occupation mapping record | claim verification record | qualification/accreditation note | learner-safe profile update recommendation","No salary, demand, APS, provider-entry or registration claim moves to reviewed/published without source URL, access date, verification status and confidence score."
"batch_09","phase_2","secondary-school-teacher","Secondary School Teacher","Education, training and youth development","medium","education-youth","professional_registration_researcher","source_evidence_reviewer","learner_safety_editor","not_started","not_started","occupation mapping record | claim verification record | qualification/accreditation note | learner-safe profile update recommendation","No salary, demand, APS, provider-entry or registration claim moves to reviewed/published without source URL, access date, verification status and confidence score."
"batch_09","phase_2","skills-development-facilitator","Skills Development Facilitator","Education, training and youth development","medium","education-youth","professional_registration_researcher","source_evidence_reviewer","learner_safety_editor","not_started","not_started","occupation mapping record | claim verification record | qualification/accreditation note | learner-safe profile update recommendation","No salary, demand, APS, provider-entry or registration claim moves to reviewed/published without source URL, access date, verification status and confidence score."
"batch_09","phase_2","special-needs-teacher","Special Needs Teacher","Education, training and youth development","medium","education-youth","professional_registration_researcher","source_evidence_reviewer","learner_safety_editor","not_started","not_started","occupation mapping record | claim verification record | qualification/accreditation note | learner-safe profile update recommendation","No salary, demand, APS, provider-entry or registration claim moves to reviewed/published without source URL, access date, verification status and confidence score."
"batch_09","phase_2","sports-coach-educational","Sports Coach (Educational)","Education, training and youth development","medium","education-youth","professional_registration_researcher","source_evidence_reviewer","learner_safety_editor","not_started","not_started","occupation mapping record | claim verification record | qualification/accreditation note | learner-safe profile update recommendation","No salary, demand, APS, provider-entry or registration claim moves to reviewed/published without source URL, access date, verification status and confidence score."
"batch_09","phase_2","teacher","Teacher","Education, training and youth development","medium","education-youth","professional_registration_researcher","source_evidence_reviewer","learner_safety_editor","not_started","not_started","occupation mapping record | claim verification record | qualification/accreditation note | learner-safe profile update recommendation","No salary, demand, APS, provider-entry or registration claim moves to reviewed/published without source URL, access date, verification status and confidence score."
"batch_10","phase_2","teaching-assistant","Teaching Assistant","Education, training and youth development","medium","education-youth","professional_registration_researcher","source_evidence_reviewer","learner_safety_editor","not_started","not_started","occupation mapping record | claim verification record | qualification/accreditation note | learner-safe profile update recommendation","No salary, demand, APS, provider-entry or registration claim moves to reviewed/published without source URL, access date, verification status and confidence score."
"batch_10","phase_2","technology-teacher","Technology Teacher","Education, training and youth development","medium","education-youth","professional_registration_researcher","source_evidence_reviewer","learner_safety_editor","not_started","not_started","occupation mapping record | claim verification record | qualification/accreditation note | learner-safe profile update recommendation","No salary, demand, APS, provider-entry or registration claim moves to reviewed/published without source URL, access date, verification status and confidence score."
"batch_10","phase_2","training-manager","Training Manager","Education, training and youth development","medium","education-youth","professional_registration_researcher","source_evidence_reviewer","learner_safety_editor","not_started","not_started","occupation mapping record | claim verification record | qualification/accreditation note | learner-safe profile update recommendation","No salary, demand, APS, provider-entry or registration claim moves to reviewed/published without source URL, access date, verification status and confidence score."
"batch_10","phase_2","training-officer","Training Officer","Education, training and youth development","medium","education-youth","professional_registration_researcher","source_evidence_reviewer","learner_safety_editor","not_started","not_started","occupation mapping record | claim verification record | qualification/accreditation note | learner-safe profile update recommendation","No salary, demand, APS, provider-entry or registration claim moves to reviewed/published without source URL, access date, verification status and confidence score."
"batch_10","phase_2","tutor","Tutor","Education, training and youth development","medium","education-youth","professional_registration_researcher","source_evidence_reviewer","learner_safety_editor","not_started","not_started","occupation mapping record | claim verification record | qualification/accreditation note | learner-safe profile update recommendation","No salary, demand, APS, provider-entry or registration claim moves to reviewed/published without source URL, access date, verification status and confidence score."
"batch_10","phase_2","university-lecturer","University Lecturer","Education, training and youth development","medium","education-youth","professional_registration_researcher","source_evidence_reviewer","learner_safety_editor","not_started","not_started","occupation mapping record | claim verification record | qualification/accreditation note | learner-safe profile update recommendation","No salary, demand, APS, provider-entry or registration claim moves to reviewed/published without source URL, access date, verification status and confidence score."
"batch_10","phase_2","vocational-education-teacher","Vocational Education Teacher","Education, training and youth development","medium","education-youth","professional_registration_researcher","source_evidence_reviewer","learner_safety_editor","not_started","not_started","occupation mapping record | claim verification record | qualification/accreditation note | learner-safe profile update recommendation","No salary, demand, APS, provider-entry or registration claim moves to reviewed/published without source URL, access date, verification status and confidence score."
"batch_10","phase_2","bricklayer-labourer","Bricklayer Labourer","Elementary and entry-level work","medium","general-research","occupation_mapper","source_evidence_reviewer","learner_safety_editor","not_started","not_started","occupation mapping record | claim verification record | qualification/accreditation note | learner-safe profile update recommendation","No salary, demand, APS, provider-entry or registration claim moves to reviewed/published without source URL, access date, verification status and confidence score."
"batch_10","phase_2","building-labourer","Building Labourer","Elementary and entry-level work","medium","general-research","occupation_mapper","source_evidence_reviewer","learner_safety_editor","not_started","not_started","occupation mapping record | claim verification record | qualification/accreditation note | learner-safe profile update recommendation","No salary, demand, APS, provider-entry or registration claim moves to reviewed/published without source URL, access date, verification status and confidence score."
"batch_10","phase_2","car-wash-attendant","Car Wash Attendant","Elementary and entry-level work","medium","general-research","occupation_mapper","source_evidence_reviewer","learner_safety_editor","not_started","not_started","occupation mapping record | claim verification record | qualification/accreditation note | learner-safe profile update recommendation","No salary, demand, APS, provider-entry or registration claim moves to reviewed/published without source URL, access date, verification status and confidence score."
"batch_10","phase_2","carpenter-assistant","Carpenter Assistant","Elementary and entry-level work","medium","general-research","occupation_mapper","source_evidence_reviewer","learner_safety_editor","not_started","not_started","occupation mapping record | claim verification record | qualification/accreditation note | learner-safe profile update recommendation","No salary, demand, APS, provider-entry or registration claim moves to reviewed/published without source URL, access date, verification status and confidence score."
"batch_10","phase_2","construction-assistant","Construction Assistant","Elementary and entry-level work","medium","general-research","occupation_mapper","source_evidence_reviewer","learner_safety_editor","not_started","not_started","occupation mapping record | claim verification record | qualification/accreditation note | learner-safe profile update recommendation","No salary, demand, APS, provider-entry or registration claim moves to reviewed/published without source URL, access date, verification status and confidence score."
"batch_10","phase_2","construction-labourer","Construction Labourer","Elementary and entry-level work","medium","general-research","occupation_mapper","source_evidence_reviewer","learner_safety_editor","not_started","not_started","occupation mapping record | claim verification record | qualification/accreditation note | learner-safe profile update recommendation","No salary, demand, APS, provider-entry or registration claim moves to reviewed/published without source URL, access date, verification status and confidence score."
"batch_10","phase_2","dry-cleaning-worker","Dry-Cleaning Worker","Elementary and entry-level work","medium","general-research","occupation_mapper","source_evidence_reviewer","learner_safety_editor","not_started","not_started","occupation mapping record | claim verification record | qualification/accreditation note | learner-safe profile update recommendation","No salary, demand, APS, provider-entry or registration claim moves to reviewed/published without source URL, access date, verification status and confidence score."
"batch_10","phase_2","electrician-assistant","Electrician Assistant","Elementary and entry-level work","medium","general-research","occupation_mapper","source_evidence_reviewer","learner_safety_editor","not_started","not_started","occupation mapping record | claim verification record | qualification/accreditation note | learner-safe profile update recommendation","No salary, demand, APS, provider-entry or registration claim moves to reviewed/published without source URL, access date, verification status and confidence score."
"batch_10","phase_2","event-set-up-worker","Event Set-Up Worker","Elementary and entry-level work","medium","general-research","occupation_mapper","source_evidence_reviewer","learner_safety_editor","not_started","not_started","occupation mapping record | claim verification record | qualification/accreditation note | learner-safe profile update recommendation","No salary, demand, APS, provider-entry or registration claim moves to reviewed/published without source URL, access date, verification status and confidence score."
"batch_10","phase_2","factory-worker","Factory Worker","Elementary and entry-level work","medium","general-research","occupation_mapper","source_evidence_reviewer","learner_safety_editor","not_started","not_started","occupation mapping record | claim verification record | qualification/accreditation note | learner-safe profile update recommendation","No salary, demand, APS, provider-entry or registration claim moves to reviewed/published without source URL, access date, verification status and confidence score."
"batch_10","phase_2","farm-labourer","Farm Labourer","Elementary and entry-level work","medium","general-research","occupation_mapper","source_evidence_reviewer","learner_safety_editor","not_started","not_started","occupation mapping record | claim verification record | qualification/accreditation note | learner-safe profile update recommendation","No salary, demand, APS, provider-entry or registration claim moves to reviewed/published without source URL, access date, verification status and confidence score."
"batch_10","phase_2","fishing-labourer","Fishing Labourer","Elementary and entry-level work","medium","general-research","occupation_mapper","source_evidence_reviewer","learner_safety_editor","not_started","not_started","occupation mapping record | claim verification record | qualification/accreditation note | learner-safe profile update recommendation","No salary, demand, APS, provider-entry or registration claim moves to reviewed/published without source URL, access date, verification status and confidence score."
"batch_10","phase_2","fruit-picker","Fruit Picker","Elementary and entry-level work","medium","general-research","occupation_mapper","source_evidence_reviewer","learner_safety_editor","not_started","not_started","occupation mapping record | claim verification record | qualification/accreditation note | learner-safe profile update recommendation","No salary, demand, APS, provider-entry or registration claim moves to reviewed/published without source URL, access date, verification status and confidence score."
"batch_10","phase_2","garden-worker","Garden Worker","Elementary and entry-level work","medium","general-research","occupation_mapper","source_evidence_reviewer","learner_safety_editor","not_started","not_started","occupation mapping record | claim verification record | qualification/accreditation note | learner-safe profile update recommendation","No salary, demand, APS, provider-entry or registration claim moves to reviewed/published without source URL, access date, verification status and confidence score."
"batch_10","phase_2","gate-attendant","Gate Attendant","Elementary and entry-level work","medium","general-research","occupation_mapper","source_evidence_reviewer","learner_safety_editor","not_started","not_started","occupation mapping record | claim verification record | qualification/accreditation note | learner-safe profile update recommendation","No salary, demand, APS, provider-entry or registration claim moves to reviewed/published without source URL, access date, verification status and confidence score."
"batch_10","phase_2","general-hand","General Hand","Elementary and entry-level work","medium","general-research","occupation_mapper","source_evidence_reviewer","learner_safety_editor","not_started","not_started","occupation mapping record | claim verification record | qualification/accreditation note | learner-safe profile update recommendation","No salary, demand, APS, provider-entry or registration claim moves to reviewed/published without source URL, access date, verification status and confidence score."
"batch_10","phase_2","general-labourer","General Labourer","Elementary and entry-level work","medium","general-research","occupation_mapper","source_evidence_reviewer","learner_safety_editor","not_started","not_started","occupation mapping record | claim verification record | qualification/accreditation note | learner-safe profile update recommendation","No salary, demand, APS, provider-entry or registration claim moves to reviewed/published without source URL, access date, verification status and confidence score."
"batch_10","phase_2","grocery-packer","Grocery Packer","Elementary and entry-level work","medium","general-research","occupation_mapper","source_evidence_reviewer","learner_safety_editor","not_started","not_started","occupation mapping record | claim verification record | qualification/accreditation note | learner-safe profile update recommendation","No salary, demand, APS, provider-entry or registration claim moves to reviewed/published without source URL, access date, verification status and confidence score."
"batch_11","phase_2","hand-packer","Hand Packer","Elementary and entry-level work","medium","general-research","occupation_mapper","source_evidence_reviewer","learner_safety_editor","not_started","not_started","occupation mapping record | claim verification record | qualification/accreditation note | learner-safe profile update recommendation","No salary, demand, APS, provider-entry or registration claim moves to reviewed/published without source URL, access date, verification status and confidence score."
"batch_11","phase_2","harvest-worker","Harvest Worker","Elementary and entry-level work","medium","general-research","occupation_mapper","source_evidence_reviewer","learner_safety_editor","not_started","not_started","occupation mapping record | claim verification record | qualification/accreditation note | learner-safe profile update recommendation","No salary, demand, APS, provider-entry or registration claim moves to reviewed/published without source URL, access date, verification status and confidence score."
"batch_11","phase_2","housekeeper","Housekeeper","Elementary and entry-level work","medium","general-research","occupation_mapper","source_evidence_reviewer","learner_safety_editor","not_started","not_started","occupation mapping record | claim verification record | qualification/accreditation note | learner-safe profile update recommendation","No salary, demand, APS, provider-entry or registration claim moves to reviewed/published without source URL, access date, verification status and confidence score."
"batch_11","phase_2","messenger","Messenger","Elementary and entry-level work","medium","general-research","occupation_mapper","source_evidence_reviewer","learner_safety_editor","not_started","not_started","occupation mapping record | claim verification record | qualification/accreditation note | learner-safe profile update recommendation","No salary, demand, APS, provider-entry or registration claim moves to reviewed/published without source URL, access date, verification status and confidence score."
"batch_11","phase_2","mining-labourer","Mining Labourer","Elementary and entry-level work","medium","general-research","occupation_mapper","source_evidence_reviewer","learner_safety_editor","not_started","not_started","occupation mapping record | claim verification record | qualification/accreditation note | learner-safe profile update recommendation","No salary, demand, APS, provider-entry or registration claim moves to reviewed/published without source URL, access date, verification status and confidence score."
"batch_11","phase_2","odd-job-worker","Odd Job Worker","Elementary and entry-level work","medium","general-research","occupation_mapper","source_evidence_reviewer","learner_safety_editor","not_started","not_started","occupation mapping record | claim verification record | qualification/accreditation note | learner-safe profile update recommendation","No salary, demand, APS, provider-entry or registration claim moves to reviewed/published without source URL, access date, verification status and confidence score."
"batch_11","phase_2","office-runner","Office Runner","Elementary and entry-level work","medium","general-research","occupation_mapper","source_evidence_reviewer","learner_safety_editor","not_started","not_started","occupation mapping record | claim verification record | qualification/accreditation note | learner-safe profile update recommendation","No salary, demand, APS, provider-entry or registration claim moves to reviewed/published without source URL, access date, verification status and confidence score."
"batch_11","phase_2","packaging-labourer","Packaging Labourer","Elementary and entry-level work","medium","general-research","occupation_mapper","source_evidence_reviewer","learner_safety_editor","not_started","not_started","occupation mapping record | claim verification record | qualification/accreditation note | learner-safe profile update recommendation","No salary, demand, APS, provider-entry or registration claim moves to reviewed/published without source URL, access date, verification status and confidence score."
"batch_11","phase_2","packer","Packer","Elementary and entry-level work","medium","general-research","occupation_mapper","source_evidence_reviewer","learner_safety_editor","not_started","not_started","occupation mapping record | claim verification record | qualification/accreditation note | learner-safe profile update recommendation","No salary, demand, APS, provider-entry or registration claim moves to reviewed/published without source URL, access date, verification status and confidence score."
"batch_11","phase_2","painter-labourer","Painter Labourer","Elementary and entry-level work","medium","general-research","occupation_mapper","source_evidence_reviewer","learner_safety_editor","not_started","not_started","occupation mapping record | claim verification record | qualification/accreditation note | learner-safe profile update recommendation","No salary, demand, APS, provider-entry or registration claim moves to reviewed/published without source URL, access date, verification status and confidence score."
"batch_11","phase_2","park-maintenance-worker","Park Maintenance Worker","Elementary and entry-level work","medium","general-research","occupation_mapper","source_evidence_reviewer","learner_safety_editor","not_started","not_started","occupation mapping record | claim verification record | qualification/accreditation note | learner-safe profile update recommendation","No salary, demand, APS, provider-entry or registration claim moves to reviewed/published without source URL, access date, verification status and confidence score."
"batch_11","phase_2","parking-meter-attendant","Parking Meter Attendant","Elementary and entry-level work","medium","general-research","occupation_mapper","source_evidence_reviewer","learner_safety_editor","not_started","not_started","occupation mapping record | claim verification record | qualification/accreditation note | learner-safe profile update recommendation","No salary, demand, APS, provider-entry or registration claim moves to reviewed/published without source URL, access date, verification status and confidence score."
"batch_11","phase_2","plumber-assistant","Plumber Assistant","Elementary and entry-level work","medium","general-research","occupation_mapper","source_evidence_reviewer","learner_safety_editor","not_started","not_started","occupation mapping record | claim verification record | qualification/accreditation note | learner-safe profile update recommendation","No salary, demand, APS, provider-entry or registration claim moves to reviewed/published without source URL, access date, verification status and confidence score."
"batch_11","phase_2","refuse-collector","Refuse Collector","Elementary and entry-level work","medium","general-research","occupation_mapper","source_evidence_reviewer","learner_safety_editor","not_started","not_started","occupation mapping record | claim verification record | qualification/accreditation note | learner-safe profile update recommendation","No salary, demand, APS, provider-entry or registration claim moves to reviewed/published without source URL, access date, verification status and confidence score."
"batch_11","phase_2","road-worker","Road Worker","Elementary and entry-level work","medium","general-research","occupation_mapper","source_evidence_reviewer","learner_safety_editor","not_started","not_started","occupation mapping record | claim verification record | qualification/accreditation note | learner-safe profile update recommendation","No salary, demand, APS, provider-entry or registration claim moves to reviewed/published without source URL, access date, verification status and confidence score."
"batch_11","phase_2","service-station-attendant","Service Station Attendant","Elementary and entry-level work","medium","general-research","occupation_mapper","source_evidence_reviewer","learner_safety_editor","not_started","not_started","occupation mapping record | claim verification record | qualification/accreditation note | learner-safe profile update recommendation","No salary, demand, APS, provider-entry or registration claim moves to reviewed/published without source URL, access date, verification status and confidence score."
"batch_11","phase_2","shelf-filler","Shelf Filler","Elementary and entry-level work","medium","general-research","occupation_mapper","source_evidence_reviewer","learner_safety_editor","not_started","not_started","occupation mapping record | claim verification record | qualification/accreditation note | learner-safe profile update recommendation","No salary, demand, APS, provider-entry or registration claim moves to reviewed/published without source URL, access date, verification status and confidence score."
"batch_11","phase_2","shelf-packer-night-fill","Shelf Packer (Night Fill)","Elementary and entry-level work","medium","general-research","occupation_mapper","source_evidence_reviewer","learner_safety_editor","not_started","not_started","occupation mapping record | claim verification record | qualification/accreditation note | learner-safe profile update recommendation","No salary, demand, APS, provider-entry or registration claim moves to reviewed/published without source URL, access date, verification status and confidence score."
"batch_11","phase_2","sorting-worker","Sorting Worker","Elementary and entry-level work","medium","general-research","occupation_mapper","source_evidence_reviewer","learner_safety_editor","not_started","not_started","occupation mapping record | claim verification record | qualification/accreditation note | learner-safe profile update recommendation","No salary, demand, APS, provider-entry or registration claim moves to reviewed/published without source URL, access date, verification status and confidence score."
"batch_11","phase_2","street-sweeper","Street Sweeper","Elementary and entry-level work","medium","general-research","occupation_mapper","source_evidence_reviewer","learner_safety_editor","not_started","not_started","occupation mapping record | claim verification record | qualification/accreditation note | learner-safe profile update recommendation","No salary, demand, APS, provider-entry or registration claim moves to reviewed/published without source URL, access date, verification status and confidence score."
"batch_11","phase_2","tea-attendant","Tea Attendant","Elementary and entry-level work","medium","general-research","occupation_mapper","source_evidence_reviewer","learner_safety_editor","not_started","not_started","occupation mapping record | claim verification record | qualification/accreditation note | learner-safe profile update recommendation","No salary, demand, APS, provider-entry or registration claim moves to reviewed/published without source URL, access date, verification status and confidence score."
"batch_11","phase_2","ticket-taker","Ticket Taker","Elementary and entry-level work","medium","general-research","occupation_mapper","source_evidence_reviewer","learner_safety_editor","not_started","not_started","occupation mapping record | claim verification record | qualification/accreditation note | learner-safe profile update recommendation","No salary, demand, APS, provider-entry or registration claim moves to reviewed/published without source URL, access date, verification status and confidence score."
"batch_11","phase_2","trolley-collector","Trolley Collector","Elementary and entry-level work","medium","general-research","occupation_mapper","source_evidence_reviewer","learner_safety_editor","not_started","not_started","occupation mapping record | claim verification record | qualification/accreditation note | learner-safe profile update recommendation","No salary, demand, APS, provider-entry or registration claim moves to reviewed/published without source URL, access date, verification status and confidence score."
"batch_11","phase_2","tyre-fitter-assistant","Tyre Fitter Assistant","Elementary and entry-level work","medium","general-research","occupation_mapper","source_evidence_reviewer","learner_safety_editor","not_started","not_started","occupation mapping record | claim verification record | qualification/accreditation note | learner-safe profile update recommendation","No salary, demand, APS, provider-entry or registration claim moves to reviewed/published without source URL, access date, verification status and confidence score."
"batch_11","phase_2","usher","Usher","Elementary and entry-level work","medium","general-research","occupation_mapper","source_evidence_reviewer","learner_safety_editor","not_started","not_started","occupation mapping record | claim verification record | qualification/accreditation note | learner-safe profile update recommendation","No salary, demand, APS, provider-entry or registration claim moves to reviewed/published without source URL, access date, verification status and confidence score."
"batch_12","phase_1","accountant","Accountant","Finance, admin and business operations","high","finance-business-services","occupation_mapper","source_evidence_reviewer","learner_safety_editor","not_started","not_started","occupation mapping record | claim verification record | qualification/accreditation note | learner-safe profile update recommendation","No salary, demand, APS, provider-entry or registration claim moves to reviewed/published without source URL, access date, verification status and confidence score."
"batch_12","phase_1","accounting-officer","Accounting Officer","Finance, admin and business operations","high","finance-business-services","occupation_mapper","source_evidence_reviewer","learner_safety_editor","not_started","not_started","occupation mapping record | claim verification record | qualification/accreditation note | learner-safe profile update recommendation","No salary, demand, APS, provider-entry or registration claim moves to reviewed/published without source URL, access date, verification status and confidence score."
"batch_12","phase_1","accounts-clerk","Accounts Clerk","Finance, admin and business operations","high","finance-business-services","occupation_mapper","source_evidence_reviewer","learner_safety_editor","not_started","not_started","occupation mapping record | claim verification record | qualification/accreditation note | learner-safe profile update recommendation","No salary, demand, APS, provider-entry or registration claim moves to reviewed/published without source URL, access date, verification status and confidence score."
"batch_12","phase_1","accounts-payable-clerk","Accounts Payable Clerk","Finance, admin and business operations","high","finance-business-services","occupation_mapper","source_evidence_reviewer","learner_safety_editor","not_started","not_started","occupation mapping record | claim verification record | qualification/accreditation note | learner-safe profile update recommendation","No salary, demand, APS, provider-entry or registration claim moves to reviewed/published without source URL, access date, verification status and confidence score."
"batch_12","phase_1","accounts-receivable-clerk","Accounts Receivable Clerk","Finance, admin and business operations","high","finance-business-services","occupation_mapper","source_evidence_reviewer","learner_safety_editor","not_started","not_started","occupation mapping record | claim verification record | qualification/accreditation note | learner-safe profile update recommendation","No salary, demand, APS, provider-entry or registration claim moves to reviewed/published without source URL, access date, verification status and confidence score."
"batch_12","phase_1","actuarial-assistant","Actuarial Assistant","Finance, admin and business operations","high","finance-business-services","occupation_mapper","source_evidence_reviewer","learner_safety_editor","not_started","not_started","occupation mapping record | claim verification record | qualification/accreditation note | learner-safe profile update recommendation","No salary, demand, APS, provider-entry or registration claim moves to reviewed/published without source URL, access date, verification status and confidence score."
"batch_12","phase_1","actuary","Actuary","Finance, admin and business operations","high","finance-business-services","occupation_mapper","source_evidence_reviewer","learner_safety_editor","not_started","not_started","occupation mapping record | claim verification record | qualification/accreditation note | learner-safe profile update recommendation","No salary, demand, APS, provider-entry or registration claim moves to reviewed/published without source URL, access date, verification status and confidence score."
"batch_12","phase_1","administrative-officer","Administrative Officer","Finance, admin and business operations","high","finance-business-services","occupation_mapper","source_evidence_reviewer","learner_safety_editor","not_started","not_started","occupation mapping record | claim verification record | qualification/accreditation note | learner-safe profile update recommendation","No salary, demand, APS, provider-entry or registration claim moves to reviewed/published without source URL, access date, verification status and confidence score."
"batch_12","phase_1","auditor","Auditor","Finance, admin and business operations","high","finance-business-services","occupation_mapper","source_evidence_reviewer","learner_safety_editor","not_started","not_started","occupation mapping record | claim verification record | qualification/accreditation note | learner-safe profile update recommendation","No salary, demand, APS, provider-entry or registration claim moves to reviewed/published without source URL, access date, verification status and confidence score."
"batch_12","phase_1","banking-consultant","Banking Consultant","Finance, admin and business operations","high","finance-business-services","occupation_mapper","source_evidence_reviewer","learner_safety_editor","not_started","not_started","occupation mapping record | claim verification record | qualification/accreditation note | learner-safe profile update recommendation","No salary, demand, APS, provider-entry or registration claim moves to reviewed/published without source URL, access date, verification status and confidence score."
"batch_12","phase_1","bookkeeper","Bookkeeper","Finance, admin and business operations","high","finance-business-services","occupation_mapper","source_evidence_reviewer","learner_safety_editor","not_started","not_started","occupation mapping record | claim verification record | qualification/accreditation note | learner-safe profile update recommendation","No salary, demand, APS, provider-entry or registration claim moves to reviewed/published without source URL, access date, verification status and confidence score."
"batch_12","phase_1","budget-analyst","Budget Analyst","Finance, admin and business operations","high","finance-business-services","occupation_mapper","source_evidence_reviewer","learner_safety_editor","not_started","not_started","occupation mapping record | claim verification record | qualification/accreditation note | learner-safe profile update recommendation","No salary, demand, APS, provider-entry or registration claim moves to reviewed/published without source URL, access date, verification status and confidence score."
"batch_12","phase_1","business-process-analyst","Business Process Analyst","Finance, admin and business operations","high","finance-business-services","occupation_mapper","source_evidence_reviewer","learner_safety_editor","not_started","not_started","occupation mapping record | claim verification record | qualification/accreditation note | learner-safe profile update recommendation","No salary, demand, APS, provider-entry or registration claim moves to reviewed/published without source URL, access date, verification status and confidence score."
"batch_12","phase_1","buyer","Buyer","Finance, admin and business operations","high","finance-business-services","occupation_mapper","source_evidence_reviewer","learner_safety_editor","not_started","not_started","occupation mapping record | claim verification record | qualification/accreditation note | learner-safe profile update recommendation","No salary, demand, APS, provider-entry or registration claim moves to reviewed/published without source URL, access date, verification status and confidence score."
"batch_12","phase_1","chartered-accountant-ca-sa","Chartered Accountant (CA(SA))","Finance, admin and business operations","high","finance-business-services","occupation_mapper","source_evidence_reviewer","learner_safety_editor","not_started","not_started","occupation mapping record | claim verification record | qualification/accreditation note | learner-safe profile update recommendation","No salary, demand, APS, provider-entry or registration claim moves to reviewed/published without source URL, access date, verification status and confidence score."
"batch_12","phase_1","clerical-supervisor","Clerical Supervisor","Finance, admin and business operations","high","finance-business-services","occupation_mapper","source_evidence_reviewer","learner_safety_editor","not_started","not_started","occupation mapping record | claim verification record | qualification/accreditation note | learner-safe profile update recommendation","No salary, demand, APS, provider-entry or registration claim moves to reviewed/published without source URL, access date, verification status and confidence score."
"batch_12","phase_1","collections-specialist","Collections Specialist","Finance, admin and business operations","high","finance-business-services","occupation_mapper","source_evidence_reviewer","learner_safety_editor","not_started","not_started","occupation mapping record | claim verification record | qualification/accreditation note | learner-safe profile update recommendation","No salary, demand, APS, provider-entry or registration claim moves to reviewed/published without source URL, access date, verification status and confidence score."
"batch_12","phase_1","compliance-officer","Compliance Officer","Finance, admin and business operations","high","finance-business-services","occupation_mapper","source_evidence_reviewer","learner_safety_editor","not_started","not_started","occupation mapping record | claim verification record | qualification/accreditation note | learner-safe profile update recommendation","No salary, demand, APS, provider-entry or registration claim moves to reviewed/published without source URL, access date, verification status and confidence score."
"batch_12","phase_1","contract-administrator","Contract Administrator","Finance, admin and business operations","high","finance-business-services","occupation_mapper","source_evidence_reviewer","learner_safety_editor","not_started","not_started","occupation mapping record | claim verification record | qualification/accreditation note | learner-safe profile update recommendation","No salary, demand, APS, provider-entry or registration claim moves to reviewed/published without source URL, access date, verification status and confidence score."
"batch_12","phase_1","cost-accountant","Cost Accountant","Finance, admin and business operations","high","finance-business-services","occupation_mapper","source_evidence_reviewer","learner_safety_editor","not_started","not_started","occupation mapping record | claim verification record | qualification/accreditation note | learner-safe profile update recommendation","No salary, demand, APS, provider-entry or registration claim moves to reviewed/published without source URL, access date, verification status and confidence score."
"batch_12","phase_1","credit-analyst","Credit Analyst","Finance, admin and business operations","high","finance-business-services","occupation_mapper","source_evidence_reviewer","learner_safety_editor","not_started","not_started","occupation mapping record | claim verification record | qualification/accreditation note | learner-safe profile update recommendation","No salary, demand, APS, provider-entry or registration claim moves to reviewed/published without source URL, access date, verification status and confidence score."
"batch_12","phase_1","credit-manager","Credit Manager","Finance, admin and business operations","high","finance-business-services","occupation_mapper","source_evidence_reviewer","learner_safety_editor","not_started","not_started","occupation mapping record | claim verification record | qualification/accreditation note | learner-safe profile update recommendation","No salary, demand, APS, provider-entry or registration claim moves to reviewed/published without source URL, access date, verification status and confidence score."
"batch_12","phase_1","creditors-clerk","Creditors Clerk","Finance, admin and business operations","high","finance-business-services","occupation_mapper","source_evidence_reviewer","learner_safety_editor","not_started","not_started","occupation mapping record | claim verification record | qualification/accreditation note | learner-safe profile update recommendation","No salary, demand, APS, provider-entry or registration claim moves to reviewed/published without source URL, access date, verification status and confidence score."
"batch_12","phase_1","data-entry-clerk","Data Entry Clerk","Finance, admin and business operations","high","finance-business-services","occupation_mapper","source_evidence_reviewer","learner_safety_editor","not_started","not_started","occupation mapping record | claim verification record | qualification/accreditation note | learner-safe profile update recommendation","No salary, demand, APS, provider-entry or registration claim moves to reviewed/published without source URL, access date, verification status and confidence score."
"batch_12","phase_1","debtors-clerk","Debtors Clerk","Finance, admin and business operations","high","finance-business-services","occupation_mapper","source_evidence_reviewer","learner_safety_editor","not_started","not_started","occupation mapping record | claim verification record | qualification/accreditation note | learner-safe profile update recommendation","No salary, demand, APS, provider-entry or registration claim moves to reviewed/published without source URL, access date, verification status and confidence score."
"batch_13","phase_1","economist","Economist","Finance, admin and business operations","high","finance-business-services","occupation_mapper","source_evidence_reviewer","learner_safety_editor","not_started","not_started","occupation mapping record | claim verification record | qualification/accreditation note | learner-safe profile update recommendation","No salary, demand, APS, provider-entry or registration claim moves to reviewed/published without source URL, access date, verification status and confidence score."
"batch_13","phase_1","entrepreneurship-programme-coordinator","Entrepreneurship Programme Coordinator","Finance, admin and business operations","high","finance-business-services","occupation_mapper","source_evidence_reviewer","learner_safety_editor","not_started","not_started","occupation mapping record | claim verification record | qualification/accreditation note | learner-safe profile update recommendation","No salary, demand, APS, provider-entry or registration claim moves to reviewed/published without source URL, access date, verification status and confidence score."
"batch_13","phase_1","executive-assistant","Executive Assistant","Finance, admin and business operations","high","finance-business-services","occupation_mapper","source_evidence_reviewer","learner_safety_editor","not_started","not_started","occupation mapping record | claim verification record | qualification/accreditation note | learner-safe profile update recommendation","No salary, demand, APS, provider-entry or registration claim moves to reviewed/published without source URL, access date, verification status and confidence score."
"batch_13","phase_1","finance-clerk","Finance Clerk","Finance, admin and business operations","high","finance-business-services","occupation_mapper","source_evidence_reviewer","learner_safety_editor","not_started","not_started","occupation mapping record | claim verification record | qualification/accreditation note | learner-safe profile update recommendation","No salary, demand, APS, provider-entry or registration claim moves to reviewed/published without source URL, access date, verification status and confidence score."
"batch_13","phase_1","finance-manager","Finance Manager","Finance, admin and business operations","high","finance-business-services","occupation_mapper","source_evidence_reviewer","learner_safety_editor","not_started","not_started","occupation mapping record | claim verification record | qualification/accreditation note | learner-safe profile update recommendation","No salary, demand, APS, provider-entry or registration claim moves to reviewed/published without source URL, access date, verification status and confidence score."
"batch_13","phase_1","finance-officer","Finance Officer","Finance, admin and business operations","high","finance-business-services","occupation_mapper","source_evidence_reviewer","learner_safety_editor","not_started","not_started","occupation mapping record | claim verification record | qualification/accreditation note | learner-safe profile update recommendation","No salary, demand, APS, provider-entry or registration claim moves to reviewed/published without source URL, access date, verification status and confidence score."
"batch_13","phase_1","financial-advisor","Financial Advisor","Finance, admin and business operations","high","finance-business-services","occupation_mapper","source_evidence_reviewer","learner_safety_editor","not_started","not_started","occupation mapping record | claim verification record | qualification/accreditation note | learner-safe profile update recommendation","No salary, demand, APS, provider-entry or registration claim moves to reviewed/published without source URL, access date, verification status and confidence score."
"batch_13","phase_1","financial-analyst","Financial Analyst","Finance, admin and business operations","high","finance-business-services","occupation_mapper","source_evidence_reviewer","learner_safety_editor","not_started","not_started","occupation mapping record | claim verification record | qualification/accreditation note | learner-safe profile update recommendation","No salary, demand, APS, provider-entry or registration claim moves to reviewed/published without source URL, access date, verification status and confidence score."
"batch_13","phase_1","financial-manager","Financial Manager","Finance, admin and business operations","high","finance-business-services","occupation_mapper","source_evidence_reviewer","learner_safety_editor","not_started","not_started","occupation mapping record | claim verification record | qualification/accreditation note | learner-safe profile update recommendation","No salary, demand, APS, provider-entry or registration claim moves to reviewed/published without source URL, access date, verification status and confidence score."
"batch_13","phase_1","financial-services-adviser","Financial Services Adviser","Finance, admin and business operations","high","finance-business-services","occupation_mapper","source_evidence_reviewer","learner_safety_editor","not_started","not_started","occupation mapping record | claim verification record | qualification/accreditation note | learner-safe profile update recommendation","No salary, demand, APS, provider-entry or registration claim moves to reviewed/published without source URL, access date, verification status and confidence score."
"batch_13","phase_1","fraud-analyst","Fraud Analyst","Finance, admin and business operations","high","finance-business-services","occupation_mapper","source_evidence_reviewer","learner_safety_editor","not_started","not_started","occupation mapping record | claim verification record | qualification/accreditation note | learner-safe profile update recommendation","No salary, demand, APS, provider-entry or registration claim moves to reviewed/published without source URL, access date, verification status and confidence score."
"batch_13","phase_1","general-clerk","General Clerk","Finance, admin and business operations","high","finance-business-services","occupation_mapper","source_evidence_reviewer","learner_safety_editor","not_started","not_started","occupation mapping record | claim verification record | qualification/accreditation note | learner-safe profile update recommendation","No salary, demand, APS, provider-entry or registration claim moves to reviewed/published without source URL, access date, verification status and confidence score."
"batch_13","phase_1","general-office-clerk","General Office Clerk","Finance, admin and business operations","high","finance-business-services","occupation_mapper","source_evidence_reviewer","learner_safety_editor","not_started","not_started","occupation mapping record | claim verification record | qualification/accreditation note | learner-safe profile update recommendation","No salary, demand, APS, provider-entry or registration claim moves to reviewed/published without source URL, access date, verification status and confidence score."
"batch_13","phase_1","human-resources-clerk","Human Resources Clerk","Finance, admin and business operations","high","finance-business-services","occupation_mapper","source_evidence_reviewer","learner_safety_editor","not_started","not_started","occupation mapping record | claim verification record | qualification/accreditation note | learner-safe profile update recommendation","No salary, demand, APS, provider-entry or registration claim moves to reviewed/published without source URL, access date, verification status and confidence score."
"batch_13","phase_1","insurance-broker","Insurance Broker","Finance, admin and business operations","high","finance-business-services","occupation_mapper","source_evidence_reviewer","learner_safety_editor","not_started","not_started","occupation mapping record | claim verification record | qualification/accreditation note | learner-safe profile update recommendation","No salary, demand, APS, provider-entry or registration claim moves to reviewed/published without source URL, access date, verification status and confidence score."
"batch_13","phase_1","insurance-claims-assessor","Insurance Claims Assessor","Finance, admin and business operations","high","finance-business-services","occupation_mapper","source_evidence_reviewer","learner_safety_editor","not_started","not_started","occupation mapping record | claim verification record | qualification/accreditation note | learner-safe profile update recommendation","No salary, demand, APS, provider-entry or registration claim moves to reviewed/published without source URL, access date, verification status and confidence score."
"batch_13","phase_1","internal-auditor","Internal Auditor","Finance, admin and business operations","high","finance-business-services","occupation_mapper","source_evidence_reviewer","learner_safety_editor","not_started","not_started","occupation mapping record | claim verification record | qualification/accreditation note | learner-safe profile update recommendation","No salary, demand, APS, provider-entry or registration claim moves to reviewed/published without source URL, access date, verification status and confidence score."
"batch_13","phase_1","investment-operations-analyst","Investment Operations Analyst","Finance, admin and business operations","high","finance-business-services","occupation_mapper","source_evidence_reviewer","learner_safety_editor","not_started","not_started","occupation mapping record | claim verification record | qualification/accreditation note | learner-safe profile update recommendation","No salary, demand, APS, provider-entry or registration claim moves to reviewed/published without source URL, access date, verification status and confidence score."
"batch_13","phase_1","finance-accounting","Junior Accountant","Finance, admin and business operations","high","finance-business-services","occupation_mapper","source_evidence_reviewer","learner_safety_editor","not_started","not_started","occupation mapping record | claim verification record | qualification/accreditation note | learner-safe profile update recommendation","No salary, demand, APS, provider-entry or registration claim moves to reviewed/published without source URL, access date, verification status and confidence score."
"batch_13","phase_1","management-accountant","Management Accountant","Finance, admin and business operations","high","finance-business-services","occupation_mapper","source_evidence_reviewer","learner_safety_editor","not_started","not_started","occupation mapping record | claim verification record | qualification/accreditation note | learner-safe profile update recommendation","No salary, demand, APS, provider-entry or registration claim moves to reviewed/published without source URL, access date, verification status and confidence score."
"batch_13","phase_1","management-consultant","Management Consultant","Finance, admin and business operations","high","finance-business-services","occupation_mapper","source_evidence_reviewer","learner_safety_editor","not_started","not_started","occupation mapping record | claim verification record | qualification/accreditation note | learner-safe profile update recommendation","No salary, demand, APS, provider-entry or registration claim moves to reviewed/published without source URL, access date, verification status and confidence score."
"batch_13","phase_1","mathematician","Mathematician","Finance, admin and business operations","high","finance-business-services","occupation_mapper","source_evidence_reviewer","learner_safety_editor","not_started","not_started","occupation mapping record | claim verification record | qualification/accreditation note | learner-safe profile update recommendation","No salary, demand, APS, provider-entry or registration claim moves to reviewed/published without source URL, access date, verification status and confidence score."
"batch_13","phase_1","mortgage-broker","Mortgage Broker","Finance, admin and business operations","high","finance-business-services","occupation_mapper","source_evidence_reviewer","learner_safety_editor","not_started","not_started","occupation mapping record | claim verification record | qualification/accreditation note | learner-safe profile update recommendation","No salary, demand, APS, provider-entry or registration claim moves to reviewed/published without source URL, access date, verification status and confidence score."
"batch_13","phase_1","office-administrator","Office Administrator","Finance, admin and business operations","high","finance-business-services","occupation_mapper","source_evidence_reviewer","learner_safety_editor","not_started","not_started","occupation mapping record | claim verification record | qualification/accreditation note | learner-safe profile update recommendation","No salary, demand, APS, provider-entry or registration claim moves to reviewed/published without source URL, access date, verification status and confidence score."
"batch_13","phase_1","office-manager","Office Manager","Finance, admin and business operations","high","finance-business-services","occupation_mapper","source_evidence_reviewer","learner_safety_editor","not_started","not_started","occupation mapping record | claim verification record | qualification/accreditation note | learner-safe profile update recommendation","No salary, demand, APS, provider-entry or registration claim moves to reviewed/published without source URL, access date, verification status and confidence score."
"batch_14","phase_1","operations-coordinator","Operations Coordinator","Finance, admin and business operations","high","finance-business-services","occupation_mapper","source_evidence_reviewer","learner_safety_editor","not_started","not_started","occupation mapping record | claim verification record | qualification/accreditation note | learner-safe profile update recommendation","No salary, demand, APS, provider-entry or registration claim moves to reviewed/published without source URL, access date, verification status and confidence score."
"batch_14","phase_1","payroll-administrator","Payroll Administrator","Finance, admin and business operations","high","finance-business-services","occupation_mapper","source_evidence_reviewer","learner_safety_editor","not_started","not_started","occupation mapping record | claim verification record | qualification/accreditation note | learner-safe profile update recommendation","No salary, demand, APS, provider-entry or registration claim moves to reviewed/published without source URL, access date, verification status and confidence score."
"batch_14","phase_1","payroll-clerk","Payroll Clerk","Finance, admin and business operations","high","finance-business-services","occupation_mapper","source_evidence_reviewer","learner_safety_editor","not_started","not_started","occupation mapping record | claim verification record | qualification/accreditation note | learner-safe profile update recommendation","No salary, demand, APS, provider-entry or registration claim moves to reviewed/published without source URL, access date, verification status and confidence score."
"batch_14","phase_1","payroll-officer","Payroll Officer","Finance, admin and business operations","high","finance-business-services","occupation_mapper","source_evidence_reviewer","learner_safety_editor","not_started","not_started","occupation mapping record | claim verification record | qualification/accreditation note | learner-safe profile update recommendation","No salary, demand, APS, provider-entry or registration claim moves to reviewed/published without source URL, access date, verification status and confidence score."
"batch_14","phase_1","personal-assistant","Personal Assistant","Finance, admin and business operations","high","finance-business-services","occupation_mapper","source_evidence_reviewer","learner_safety_editor","not_started","not_started","occupation mapping record | claim verification record | qualification/accreditation note | learner-safe profile update recommendation","No salary, demand, APS, provider-entry or registration claim moves to reviewed/published without source URL, access date, verification status and confidence score."
"batch_14","phase_1","procurement-officer","Procurement Officer","Finance, admin and business operations","high","finance-business-services","occupation_mapper","source_evidence_reviewer","learner_safety_editor","not_started","not_started","occupation mapping record | claim verification record | qualification/accreditation note | learner-safe profile update recommendation","No salary, demand, APS, provider-entry or registration claim moves to reviewed/published without source URL, access date, verification status and confidence score."
"batch_14","phase_1","project-coordinator","Project Coordinator","Finance, admin and business operations","high","finance-business-services","occupation_mapper","source_evidence_reviewer","learner_safety_editor","not_started","not_started","occupation mapping record | claim verification record | qualification/accreditation note | learner-safe profile update recommendation","No salary, demand, APS, provider-entry or registration claim moves to reviewed/published without source URL, access date, verification status and confidence score."
"batch_14","phase_1","purchasing-officer","Purchasing Officer","Finance, admin and business operations","high","finance-business-services","occupation_mapper","source_evidence_reviewer","learner_safety_editor","not_started","not_started","occupation mapping record | claim verification record | qualification/accreditation note | learner-safe profile update recommendation","No salary, demand, APS, provider-entry or registration claim moves to reviewed/published without source URL, access date, verification status and confidence score."
"batch_14","phase_1","receptionist","Receptionist","Finance, admin and business operations","high","finance-business-services","occupation_mapper","source_evidence_reviewer","learner_safety_editor","not_started","not_started","occupation mapping record | claim verification record | qualification/accreditation note | learner-safe profile update recommendation","No salary, demand, APS, provider-entry or registration claim moves to reviewed/published without source URL, access date, verification status and confidence score."
"batch_14","phase_1","risk-analyst","Risk Analyst","Finance, admin and business operations","high","finance-business-services","occupation_mapper","source_evidence_reviewer","learner_safety_editor","not_started","not_started","occupation mapping record | claim verification record | qualification/accreditation note | learner-safe profile update recommendation","No salary, demand, APS, provider-entry or registration claim moves to reviewed/published without source URL, access date, verification status and confidence score."
"batch_14","phase_1","sales-administrator","Sales Administrator","Finance, admin and business operations","high","finance-business-services","occupation_mapper","source_evidence_reviewer","learner_safety_editor","not_started","not_started","occupation mapping record | claim verification record | qualification/accreditation note | learner-safe profile update recommendation","No salary, demand, APS, provider-entry or registration claim moves to reviewed/published without source URL, access date, verification status and confidence score."
"batch_14","phase_1","secretary","Secretary","Finance, admin and business operations","high","finance-business-services","occupation_mapper","source_evidence_reviewer","learner_safety_editor","not_started","not_started","occupation mapping record | claim verification record | qualification/accreditation note | learner-safe profile update recommendation","No salary, demand, APS, provider-entry or registration claim moves to reviewed/published without source URL, access date, verification status and confidence score."
"batch_14","phase_1","statistician","Statistician","Finance, admin and business operations","high","finance-business-services","occupation_mapper","source_evidence_reviewer","learner_safety_editor","not_started","not_started","occupation mapping record | claim verification record | qualification/accreditation note | learner-safe profile update recommendation","No salary, demand, APS, provider-entry or registration claim moves to reviewed/published without source URL, access date, verification status and confidence score."
"batch_14","phase_1","stock-controller","Stock Controller","Finance, admin and business operations","high","finance-business-services","occupation_mapper","source_evidence_reviewer","learner_safety_editor","not_started","not_started","occupation mapping record | claim verification record | qualification/accreditation note | learner-safe profile update recommendation","No salary, demand, APS, provider-entry or registration claim moves to reviewed/published without source URL, access date, verification status and confidence score."
"batch_14","phase_1","switchboard-operator","Switchboard Operator","Finance, admin and business operations","high","finance-business-services","occupation_mapper","source_evidence_reviewer","learner_safety_editor","not_started","not_started","occupation mapping record | claim verification record | qualification/accreditation note | learner-safe profile update recommendation","No salary, demand, APS, provider-entry or registration claim moves to reviewed/published without source URL, access date, verification status and confidence score."
"batch_14","phase_1","tax-assistant","Tax Assistant","Finance, admin and business operations","high","finance-business-services","occupation_mapper","source_evidence_reviewer","learner_safety_editor","not_started","not_started","occupation mapping record | claim verification record | qualification/accreditation note | learner-safe profile update recommendation","No salary, demand, APS, provider-entry or registration claim moves to reviewed/published without source URL, access date, verification status and confidence score."
"batch_14","phase_1","tax-consultant","Tax Consultant","Finance, admin and business operations","high","finance-business-services","occupation_mapper","source_evidence_reviewer","learner_safety_editor","not_started","not_started","occupation mapping record | claim verification record | qualification/accreditation note | learner-safe profile update recommendation","No salary, demand, APS, provider-entry or registration claim moves to reviewed/published without source URL, access date, verification status and confidence score."
"batch_14","phase_1","tax-practitioner","Tax Practitioner","Finance, admin and business operations","high","finance-business-services","occupation_mapper","source_evidence_reviewer","learner_safety_editor","not_started","not_started","occupation mapping record | claim verification record | qualification/accreditation note | learner-safe profile update recommendation","No salary, demand, APS, provider-entry or registration claim moves to reviewed/published without source URL, access date, verification status and confidence score."
"batch_14","phase_1","tender-administrator","Tender Administrator","Finance, admin and business operations","high","finance-business-services","occupation_mapper","source_evidence_reviewer","learner_safety_editor","not_started","not_started","occupation mapping record | claim verification record | qualification/accreditation note | learner-safe profile update recommendation","No salary, demand, APS, provider-entry or registration claim moves to reviewed/published without source URL, access date, verification status and confidence score."
"batch_14","phase_1","typist","Typist","Finance, admin and business operations","high","finance-business-services","occupation_mapper","source_evidence_reviewer","learner_safety_editor","not_started","not_started","occupation mapping record | claim verification record | qualification/accreditation note | learner-safe profile update recommendation","No salary, demand, APS, provider-entry or registration claim moves to reviewed/published without source URL, access date, verification status and confidence score."
"batch_14","phase_1","underwriter","Underwriter","Finance, admin and business operations","high","finance-business-services","occupation_mapper","source_evidence_reviewer","learner_safety_editor","not_started","not_started","occupation mapping record | claim verification record | qualification/accreditation note | learner-safe profile update recommendation","No salary, demand, APS, provider-entry or registration claim moves to reviewed/published without source URL, access date, verification status and confidence score."
"batch_14","phase_1","valuer","Valuer","Finance, admin and business operations","high","finance-business-services","occupation_mapper","source_evidence_reviewer","learner_safety_editor","not_started","not_started","occupation mapping record | claim verification record | qualification/accreditation note | learner-safe profile update recommendation","No salary, demand, APS, provider-entry or registration claim moves to reviewed/published without source URL, access date, verification status and confidence score."
"batch_14","phase_1","acupuncturist","Acupuncturist","Health, care and social services","high","health-care-social","professional_registration_researcher","source_evidence_reviewer","learner_safety_editor","not_started","not_started","occupation mapping record | claim verification record | qualification/accreditation note | learner-safe profile update recommendation","No salary, demand, APS, provider-entry or registration claim moves to reviewed/published without source URL, access date, verification status and confidence score."
"batch_14","phase_1","aged-care-worker","Aged Care Worker","Health, care and social services","high","health-care-social","professional_registration_researcher","source_evidence_reviewer","learner_safety_editor","not_started","not_started","occupation mapping record | claim verification record | qualification/accreditation note | learner-safe profile update recommendation","No salary, demand, APS, provider-entry or registration claim moves to reviewed/published without source URL, access date, verification status and confidence score."
"batch_14","phase_1","anaesthesiologist","Anaesthesiologist","Health, care and social services","high","health-care-social","professional_registration_researcher","source_evidence_reviewer","learner_safety_editor","not_started","not_started","occupation mapping record | claim verification record | qualification/accreditation note | learner-safe profile update recommendation","No salary, demand, APS, provider-entry or registration claim moves to reviewed/published without source URL, access date, verification status and confidence score."
"batch_15","phase_1","audiologist","Audiologist","Health, care and social services","high","health-care-social","professional_registration_researcher","source_evidence_reviewer","learner_safety_editor","not_started","not_started","occupation mapping record | claim verification record | qualification/accreditation note | learner-safe profile update recommendation","No salary, demand, APS, provider-entry or registration claim moves to reviewed/published without source URL, access date, verification status and confidence score."
"batch_15","phase_1","ayurvedic-practitioner","Ayurvedic Practitioner","Health, care and social services","high","health-care-social","professional_registration_researcher","source_evidence_reviewer","learner_safety_editor","not_started","not_started","occupation mapping record | claim verification record | qualification/accreditation note | learner-safe profile update recommendation","No salary, demand, APS, provider-entry or registration claim moves to reviewed/published without source URL, access date, verification status and confidence score."
"batch_15","phase_1","biomedical-engineer","Biomedical Engineer","Health, care and social services","high","health-care-social","professional_registration_researcher","source_evidence_reviewer","learner_safety_editor","not_started","not_started","occupation mapping record | claim verification record | qualification/accreditation note | learner-safe profile update recommendation","No salary, demand, APS, provider-entry or registration claim moves to reviewed/published without source URL, access date, verification status and confidence score."
"batch_15","phase_1","care-worker","Care Worker","Health, care and social services","high","health-care-social","professional_registration_researcher","source_evidence_reviewer","learner_safety_editor","not_started","not_started","occupation mapping record | claim verification record | qualification/accreditation note | learner-safe profile update recommendation","No salary, demand, APS, provider-entry or registration claim moves to reviewed/published without source URL, access date, verification status and confidence score."
"batch_15","phase_1","child-care-worker","Child Care Worker","Health, care and social services","high","health-care-social","professional_registration_researcher","source_evidence_reviewer","learner_safety_editor","not_started","not_started","occupation mapping record | claim verification record | qualification/accreditation note | learner-safe profile update recommendation","No salary, demand, APS, provider-entry or registration claim moves to reviewed/published without source URL, access date, verification status and confidence score."
"batch_15","phase_1","chiropractor","Chiropractor","Health, care and social services","high","health-care-social","professional_registration_researcher","source_evidence_reviewer","learner_safety_editor","not_started","not_started","occupation mapping record | claim verification record | qualification/accreditation note | learner-safe profile update recommendation","No salary, demand, APS, provider-entry or registration claim moves to reviewed/published without source URL, access date, verification status and confidence score."
"batch_15","phase_1","cleaner-healthcare","Cleaner (Healthcare)","Health, care and social services","high","health-care-social","professional_registration_researcher","source_evidence_reviewer","learner_safety_editor","not_started","not_started","occupation mapping record | claim verification record | qualification/accreditation note | learner-safe profile update recommendation","No salary, demand, APS, provider-entry or registration claim moves to reviewed/published without source URL, access date, verification status and confidence score."
"batch_15","phase_1","clinical-psychologist","Clinical Psychologist","Health, care and social services","high","health-care-social","professional_registration_researcher","source_evidence_reviewer","learner_safety_editor","not_started","not_started","occupation mapping record | claim verification record | qualification/accreditation note | learner-safe profile update recommendation","No salary, demand, APS, provider-entry or registration claim moves to reviewed/published without source URL, access date, verification status and confidence score."
"batch_15","phase_1","clinical-research-coordinator","Clinical Research Coordinator","Health, care and social services","high","health-care-social","professional_registration_researcher","source_evidence_reviewer","learner_safety_editor","not_started","not_started","occupation mapping record | claim verification record | qualification/accreditation note | learner-safe profile update recommendation","No salary, demand, APS, provider-entry or registration claim moves to reviewed/published without source URL, access date, verification status and confidence score."
"batch_15","phase_1","community-development-worker","Community Development Worker","Health, care and social services","high","health-care-social","professional_registration_researcher","source_evidence_reviewer","learner_safety_editor","not_started","not_started","occupation mapping record | claim verification record | qualification/accreditation note | learner-safe profile update recommendation","No salary, demand, APS, provider-entry or registration claim moves to reviewed/published without source URL, access date, verification status and confidence score."
"batch_15","phase_1","community-health-worker","Community Health Worker","Health, care and social services","high","health-care-social","professional_registration_researcher","source_evidence_reviewer","learner_safety_editor","not_started","not_started","occupation mapping record | claim verification record | qualification/accreditation note | learner-safe profile update recommendation","No salary, demand, APS, provider-entry or registration claim moves to reviewed/published without source URL, access date, verification status and confidence score."
"batch_15","phase_1","counselling-psychologist","Counselling Psychologist","Health, care and social services","high","health-care-social","professional_registration_researcher","source_evidence_reviewer","learner_safety_editor","not_started","not_started","occupation mapping record | claim verification record | qualification/accreditation note | learner-safe profile update recommendation","No salary, demand, APS, provider-entry or registration claim moves to reviewed/published without source URL, access date, verification status and confidence score."
"batch_15","phase_1","dental-assistant","Dental Assistant","Health, care and social services","high","health-care-social","professional_registration_researcher","source_evidence_reviewer","learner_safety_editor","not_started","not_started","occupation mapping record | claim verification record | qualification/accreditation note | learner-safe profile update recommendation","No salary, demand, APS, provider-entry or registration claim moves to reviewed/published without source URL, access date, verification status and confidence score."
"batch_15","phase_1","dental-hygienist","Dental Hygienist","Health, care and social services","high","health-care-social","professional_registration_researcher","source_evidence_reviewer","learner_safety_editor","not_started","not_started","occupation mapping record | claim verification record | qualification/accreditation note | learner-safe profile update recommendation","No salary, demand, APS, provider-entry or registration claim moves to reviewed/published without source URL, access date, verification status and confidence score."
"batch_15","phase_1","dentist","Dentist","Health, care and social services","high","health-care-social","professional_registration_researcher","source_evidence_reviewer","learner_safety_editor","not_started","not_started","occupation mapping record | claim verification record | qualification/accreditation note | learner-safe profile update recommendation","No salary, demand, APS, provider-entry or registration claim moves to reviewed/published without source URL, access date, verification status and confidence score."
"batch_15","phase_1","dietician","Dietician","Health, care and social services","high","health-care-social","professional_registration_researcher","source_evidence_reviewer","learner_safety_editor","not_started","not_started","occupation mapping record | claim verification record | qualification/accreditation note | learner-safe profile update recommendation","No salary, demand, APS, provider-entry or registration claim moves to reviewed/published without source URL, access date, verification status and confidence score."
"batch_15","phase_1","disability-support-worker","Disability Support Worker","Health, care and social services","high","health-care-social","professional_registration_researcher","source_evidence_reviewer","learner_safety_editor","not_started","not_started","occupation mapping record | claim verification record | qualification/accreditation note | learner-safe profile update recommendation","No salary, demand, APS, provider-entry or registration claim moves to reviewed/published without source URL, access date, verification status and confidence score."
"batch_15","phase_1","dispensing-optician","Dispensing Optician","Health, care and social services","high","health-care-social","professional_registration_researcher","source_evidence_reviewer","learner_safety_editor","not_started","not_started","occupation mapping record | claim verification record | qualification/accreditation note | learner-safe profile update recommendation","No salary, demand, APS, provider-entry or registration claim moves to reviewed/published without source URL, access date, verification status and confidence score."
"batch_15","phase_1","embalmer","Embalmer","Health, care and social services","high","health-care-social","professional_registration_researcher","source_evidence_reviewer","learner_safety_editor","not_started","not_started","occupation mapping record | claim verification record | qualification/accreditation note | learner-safe profile update recommendation","No salary, demand, APS, provider-entry or registration claim moves to reviewed/published without source URL, access date, verification status and confidence score."
"batch_15","phase_1","emergency-care-technician","Emergency Care Technician","Health, care and social services","high","health-care-social","professional_registration_researcher","source_evidence_reviewer","learner_safety_editor","not_started","not_started","occupation mapping record | claim verification record | qualification/accreditation note | learner-safe profile update recommendation","No salary, demand, APS, provider-entry or registration claim moves to reviewed/published without source URL, access date, verification status and confidence score."
"batch_15","phase_1","enrolled-nurse","Enrolled Nurse","Health, care and social services","high","health-care-social","professional_registration_researcher","source_evidence_reviewer","learner_safety_editor","not_started","not_started","occupation mapping record | claim verification record | qualification/accreditation note | learner-safe profile update recommendation","No salary, demand, APS, provider-entry or registration claim moves to reviewed/published without source URL, access date, verification status and confidence score."
"batch_15","phase_1","environmental-health-officer","Environmental Health Officer","Health, care and social services","high","health-care-social","professional_registration_researcher","source_evidence_reviewer","learner_safety_editor","not_started","not_started","occupation mapping record | claim verification record | qualification/accreditation note | learner-safe profile update recommendation","No salary, demand, APS, provider-entry or registration claim moves to reviewed/published without source URL, access date, verification status and confidence score."
"batch_15","phase_1","family-therapist","Family Therapist","Health, care and social services","high","health-care-social","professional_registration_researcher","source_evidence_reviewer","learner_safety_editor","not_started","not_started","occupation mapping record | claim verification record | qualification/accreditation note | learner-safe profile update recommendation","No salary, demand, APS, provider-entry or registration claim moves to reviewed/published without source URL, access date, verification status and confidence score."
"batch_15","phase_1","funeral-worker","Funeral Worker","Health, care and social services","high","health-care-social","professional_registration_researcher","source_evidence_reviewer","learner_safety_editor","not_started","not_started","occupation mapping record | claim verification record | qualification/accreditation note | learner-safe profile update recommendation","No salary, demand, APS, provider-entry or registration claim moves to reviewed/published without source URL, access date, verification status and confidence score."
"batch_15","phase_1","health-promotion-officer","Health Promotion Officer","Health, care and social services","high","health-care-social","professional_registration_researcher","source_evidence_reviewer","learner_safety_editor","not_started","not_started","occupation mapping record | claim verification record | qualification/accreditation note | learner-safe profile update recommendation","No salary, demand, APS, provider-entry or registration claim moves to reviewed/published without source URL, access date, verification status and confidence score."
"batch_16","phase_1","health-services-manager","Health Services Manager","Health, care and social services","high","health-care-social","professional_registration_researcher","source_evidence_reviewer","learner_safety_editor","not_started","not_started","occupation mapping record | claim verification record | qualification/accreditation note | learner-safe profile update recommendation","No salary, demand, APS, provider-entry or registration claim moves to reviewed/published without source URL, access date, verification status and confidence score."
"batch_16","phase_1","home-care-worker","Home Care Worker","Health, care and social services","high","health-care-social","professional_registration_researcher","source_evidence_reviewer","learner_safety_editor","not_started","not_started","occupation mapping record | claim verification record | qualification/accreditation note | learner-safe profile update recommendation","No salary, demand, APS, provider-entry or registration claim moves to reviewed/published without source URL, access date, verification status and confidence score."
"batch_16","phase_1","homeopathy-practitioner","Homeopathy Practitioner","Health, care and social services","high","health-care-social","professional_registration_researcher","source_evidence_reviewer","learner_safety_editor","not_started","not_started","occupation mapping record | claim verification record | qualification/accreditation note | learner-safe profile update recommendation","No salary, demand, APS, provider-entry or registration claim moves to reviewed/published without source URL, access date, verification status and confidence score."
"batch_16","phase_1","hospital-administrator","Hospital Administrator","Health, care and social services","high","health-care-social","professional_registration_researcher","source_evidence_reviewer","learner_safety_editor","not_started","not_started","occupation mapping record | claim verification record | qualification/accreditation note | learner-safe profile update recommendation","No salary, demand, APS, provider-entry or registration claim moves to reviewed/published without source URL, access date, verification status and confidence score."
"batch_16","phase_1","infection-control-nurse","Infection Control Nurse","Health, care and social services","high","health-care-social","professional_registration_researcher","source_evidence_reviewer","learner_safety_editor","not_started","not_started","occupation mapping record | claim verification record | qualification/accreditation note | learner-safe profile update recommendation","No salary, demand, APS, provider-entry or registration claim moves to reviewed/published without source URL, access date, verification status and confidence score."
"batch_16","phase_1","medical-laboratory-technician","Medical Laboratory Technician","Health, care and social services","high","health-care-social","professional_registration_researcher","source_evidence_reviewer","learner_safety_editor","not_started","not_started","occupation mapping record | claim verification record | qualification/accreditation note | learner-safe profile update recommendation","No salary, demand, APS, provider-entry or registration claim moves to reviewed/published without source URL, access date, verification status and confidence score."
"batch_16","phase_1","medical-practitioner","Medical Practitioner","Health, care and social services","high","health-care-social","professional_registration_researcher","source_evidence_reviewer","learner_safety_editor","not_started","not_started","occupation mapping record | claim verification record | qualification/accreditation note | learner-safe profile update recommendation","No salary, demand, APS, provider-entry or registration claim moves to reviewed/published without source URL, access date, verification status and confidence score."
"batch_16","phase_1","medical-scientist","Medical Scientist","Health, care and social services","high","health-care-social","professional_registration_researcher","source_evidence_reviewer","learner_safety_editor","not_started","not_started","occupation mapping record | claim verification record | qualification/accreditation note | learner-safe profile update recommendation","No salary, demand, APS, provider-entry or registration claim moves to reviewed/published without source URL, access date, verification status and confidence score."
"batch_16","phase_1","medical-specialist","Medical Specialist","Health, care and social services","high","health-care-social","professional_registration_researcher","source_evidence_reviewer","learner_safety_editor","not_started","not_started","occupation mapping record | claim verification record | qualification/accreditation note | learner-safe profile update recommendation","No salary, demand, APS, provider-entry or registration claim moves to reviewed/published without source URL, access date, verification status and confidence score."
"batch_16","phase_1","medical-superintendent","Medical Superintendent","Health, care and social services","high","health-care-social","professional_registration_researcher","source_evidence_reviewer","learner_safety_editor","not_started","not_started","occupation mapping record | claim verification record | qualification/accreditation note | learner-safe profile update recommendation","No salary, demand, APS, provider-entry or registration claim moves to reviewed/published without source URL, access date, verification status and confidence score."
"batch_16","phase_1","medical-technologist","Medical Technologist","Health, care and social services","high","health-care-social","professional_registration_researcher","source_evidence_reviewer","learner_safety_editor","not_started","not_started","occupation mapping record | claim verification record | qualification/accreditation note | learner-safe profile update recommendation","No salary, demand, APS, provider-entry or registration claim moves to reviewed/published without source URL, access date, verification status and confidence score."
"batch_16","phase_1","mental-health-nurse","Mental Health Nurse","Health, care and social services","high","health-care-social","professional_registration_researcher","source_evidence_reviewer","learner_safety_editor","not_started","not_started","occupation mapping record | claim verification record | qualification/accreditation note | learner-safe profile update recommendation","No salary, demand, APS, provider-entry or registration claim moves to reviewed/published without source URL, access date, verification status and confidence score."
"batch_16","phase_1","midwife","Midwife","Health, care and social services","high","health-care-social","professional_registration_researcher","source_evidence_reviewer","learner_safety_editor","not_started","not_started","occupation mapping record | claim verification record | qualification/accreditation note | learner-safe profile update recommendation","No salary, demand, APS, provider-entry or registration claim moves to reviewed/published without source URL, access date, verification status and confidence score."
"batch_16","phase_1","mortuary-attendant","Mortuary Attendant","Health, care and social services","high","health-care-social","professional_registration_researcher","source_evidence_reviewer","learner_safety_editor","not_started","not_started","occupation mapping record | claim verification record | qualification/accreditation note | learner-safe profile update recommendation","No salary, demand, APS, provider-entry or registration claim moves to reviewed/published without source URL, access date, verification status and confidence score."
"batch_16","phase_1","naturopath","Naturopath","Health, care and social services","high","health-care-social","professional_registration_researcher","source_evidence_reviewer","learner_safety_editor","not_started","not_started","occupation mapping record | claim verification record | qualification/accreditation note | learner-safe profile update recommendation","No salary, demand, APS, provider-entry or registration claim moves to reviewed/published without source URL, access date, verification status and confidence score."
"batch_16","phase_1","nursing-assistant","Nursing Assistant","Health, care and social services","high","health-care-social","professional_registration_researcher","source_evidence_reviewer","learner_safety_editor","not_started","not_started","occupation mapping record | claim verification record | qualification/accreditation note | learner-safe profile update recommendation","No salary, demand, APS, provider-entry or registration claim moves to reviewed/published without source URL, access date, verification status and confidence score."
"batch_16","phase_1","nutritionist","Nutritionist","Health, care and social services","high","health-care-social","professional_registration_researcher","source_evidence_reviewer","learner_safety_editor","not_started","not_started","occupation mapping record | claim verification record | qualification/accreditation note | learner-safe profile update recommendation","No salary, demand, APS, provider-entry or registration claim moves to reviewed/published without source URL, access date, verification status and confidence score."
"batch_16","phase_1","occupational-health-and-safety-officer","Occupational Health and Safety Officer","Health, care and social services","high","health-care-social","professional_registration_researcher","source_evidence_reviewer","learner_safety_editor","not_started","not_started","occupation mapping record | claim verification record | qualification/accreditation note | learner-safe profile update recommendation","No salary, demand, APS, provider-entry or registration claim moves to reviewed/published without source URL, access date, verification status and confidence score."
"batch_16","phase_1","occupational-health-nurse","Occupational Health Nurse","Health, care and social services","high","health-care-social","professional_registration_researcher","source_evidence_reviewer","learner_safety_editor","not_started","not_started","occupation mapping record | claim verification record | qualification/accreditation note | learner-safe profile update recommendation","No salary, demand, APS, provider-entry or registration claim moves to reviewed/published without source URL, access date, verification status and confidence score."
"batch_16","phase_1","occupational-therapist","Occupational Therapist","Health, care and social services","high","health-care-social","professional_registration_researcher","source_evidence_reviewer","learner_safety_editor","not_started","not_started","occupation mapping record | claim verification record | qualification/accreditation note | learner-safe profile update recommendation","No salary, demand, APS, provider-entry or registration claim moves to reviewed/published without source URL, access date, verification status and confidence score."
"batch_16","phase_1","optometrist","Optometrist","Health, care and social services","high","health-care-social","professional_registration_researcher","source_evidence_reviewer","learner_safety_editor","not_started","not_started","occupation mapping record | claim verification record | qualification/accreditation note | learner-safe profile update recommendation","No salary, demand, APS, provider-entry or registration claim moves to reviewed/published without source URL, access date, verification status and confidence score."
"batch_16","phase_1","paediatrician","Paediatrician","Health, care and social services","high","health-care-social","professional_registration_researcher","source_evidence_reviewer","learner_safety_editor","not_started","not_started","occupation mapping record | claim verification record | qualification/accreditation note | learner-safe profile update recommendation","No salary, demand, APS, provider-entry or registration claim moves to reviewed/published without source URL, access date, verification status and confidence score."
"batch_16","phase_1","paramedic","Paramedic","Health, care and social services","high","health-care-social","professional_registration_researcher","source_evidence_reviewer","learner_safety_editor","not_started","not_started","occupation mapping record | claim verification record | qualification/accreditation note | learner-safe profile update recommendation","No salary, demand, APS, provider-entry or registration claim moves to reviewed/published without source URL, access date, verification status and confidence score."
"batch_16","phase_1","pathologist","Pathologist","Health, care and social services","high","health-care-social","professional_registration_researcher","source_evidence_reviewer","learner_safety_editor","not_started","not_started","occupation mapping record | claim verification record | qualification/accreditation note | learner-safe profile update recommendation","No salary, demand, APS, provider-entry or registration claim moves to reviewed/published without source URL, access date, verification status and confidence score."
"batch_16","phase_1","pharmacist","Pharmacist","Health, care and social services","high","health-care-social","professional_registration_researcher","source_evidence_reviewer","learner_safety_editor","not_started","not_started","occupation mapping record | claim verification record | qualification/accreditation note | learner-safe profile update recommendation","No salary, demand, APS, provider-entry or registration claim moves to reviewed/published without source URL, access date, verification status and confidence score."
"batch_17","phase_1","pharmacy-assistant","Pharmacy Assistant","Health, care and social services","high","health-care-social","professional_registration_researcher","source_evidence_reviewer","learner_safety_editor","not_started","not_started","occupation mapping record | claim verification record | qualification/accreditation note | learner-safe profile update recommendation","No salary, demand, APS, provider-entry or registration claim moves to reviewed/published without source URL, access date, verification status and confidence score."
"batch_17","phase_1","physiotherapist","Physiotherapist","Health, care and social services","high","health-care-social","professional_registration_researcher","source_evidence_reviewer","learner_safety_editor","not_started","not_started","occupation mapping record | claim verification record | qualification/accreditation note | learner-safe profile update recommendation","No salary, demand, APS, provider-entry or registration claim moves to reviewed/published without source URL, access date, verification status and confidence score."
"batch_17","phase_1","primary-health-care-nurse","Primary Health Care Nurse","Health, care and social services","high","health-care-social","professional_registration_researcher","source_evidence_reviewer","learner_safety_editor","not_started","not_started","occupation mapping record | claim verification record | qualification/accreditation note | learner-safe profile update recommendation","No salary, demand, APS, provider-entry or registration claim moves to reviewed/published without source URL, access date, verification status and confidence score."
"batch_17","phase_1","psychiatrist","Psychiatrist","Health, care and social services","high","health-care-social","professional_registration_researcher","source_evidence_reviewer","learner_safety_editor","not_started","not_started","occupation mapping record | claim verification record | qualification/accreditation note | learner-safe profile update recommendation","No salary, demand, APS, provider-entry or registration claim moves to reviewed/published without source URL, access date, verification status and confidence score."
"batch_17","phase_1","radiographer","Radiographer","Health, care and social services","high","health-care-social","professional_registration_researcher","source_evidence_reviewer","learner_safety_editor","not_started","not_started","occupation mapping record | claim verification record | qualification/accreditation note | learner-safe profile update recommendation","No salary, demand, APS, provider-entry or registration claim moves to reviewed/published without source URL, access date, verification status and confidence score."
"batch_17","phase_1","radiologist","Radiologist","Health, care and social services","high","health-care-social","professional_registration_researcher","source_evidence_reviewer","learner_safety_editor","not_started","not_started","occupation mapping record | claim verification record | qualification/accreditation note | learner-safe profile update recommendation","No salary, demand, APS, provider-entry or registration claim moves to reviewed/published without source URL, access date, verification status and confidence score."
"batch_17","phase_1","registered-nurse","Registered Nurse","Health, care and social services","high","health-care-social","professional_registration_researcher","source_evidence_reviewer","learner_safety_editor","not_started","not_started","occupation mapping record | claim verification record | qualification/accreditation note | learner-safe profile update recommendation","No salary, demand, APS, provider-entry or registration claim moves to reviewed/published without source URL, access date, verification status and confidence score."
"batch_17","phase_1","social-worker","Social Worker","Health, care and social services","high","health-care-social","professional_registration_researcher","source_evidence_reviewer","learner_safety_editor","not_started","not_started","occupation mapping record | claim verification record | qualification/accreditation note | learner-safe profile update recommendation","No salary, demand, APS, provider-entry or registration claim moves to reviewed/published without source URL, access date, verification status and confidence score."
"batch_17","phase_1","speech-therapist","Speech Therapist","Health, care and social services","high","health-care-social","professional_registration_researcher","source_evidence_reviewer","learner_safety_editor","not_started","not_started","occupation mapping record | claim verification record | qualification/accreditation note | learner-safe profile update recommendation","No salary, demand, APS, provider-entry or registration claim moves to reviewed/published without source URL, access date, verification status and confidence score."
"batch_17","phase_1","substance-abuse-counsellor","Substance Abuse Counsellor","Health, care and social services","high","health-care-social","professional_registration_researcher","source_evidence_reviewer","learner_safety_editor","not_started","not_started","occupation mapping record | claim verification record | qualification/accreditation note | learner-safe profile update recommendation","No salary, demand, APS, provider-entry or registration claim moves to reviewed/published without source URL, access date, verification status and confidence score."
"batch_17","phase_1","surgeon","Surgeon","Health, care and social services","high","health-care-social","professional_registration_researcher","source_evidence_reviewer","learner_safety_editor","not_started","not_started","occupation mapping record | claim verification record | qualification/accreditation note | learner-safe profile update recommendation","No salary, demand, APS, provider-entry or registration claim moves to reviewed/published without source URL, access date, verification status and confidence score."
"batch_17","phase_1","theatre-nurse","Theatre Nurse","Health, care and social services","high","health-care-social","professional_registration_researcher","source_evidence_reviewer","learner_safety_editor","not_started","not_started","occupation mapping record | claim verification record | qualification/accreditation note | learner-safe profile update recommendation","No salary, demand, APS, provider-entry or registration claim moves to reviewed/published without source URL, access date, verification status and confidence score."
"batch_17","phase_1","traditional-health-practitioner","Traditional Health Practitioner","Health, care and social services","high","health-care-social","professional_registration_researcher","source_evidence_reviewer","learner_safety_editor","not_started","not_started","occupation mapping record | claim verification record | qualification/accreditation note | learner-safe profile update recommendation","No salary, demand, APS, provider-entry or registration claim moves to reviewed/published without source URL, access date, verification status and confidence score."
"batch_17","phase_1","veterinarian","Veterinarian","Health, care and social services","high","health-care-social","professional_registration_researcher","source_evidence_reviewer","learner_safety_editor","not_started","not_started","occupation mapping record | claim verification record | qualification/accreditation note | learner-safe profile update recommendation","No salary, demand, APS, provider-entry or registration claim moves to reviewed/published without source URL, access date, verification status and confidence score."
"batch_17","phase_1","veterinary-assistant","Veterinary Assistant","Health, care and social services","high","health-care-social","professional_registration_researcher","source_evidence_reviewer","learner_safety_editor","not_started","not_started","occupation mapping record | claim verification record | qualification/accreditation note | learner-safe profile update recommendation","No salary, demand, APS, provider-entry or registration claim moves to reviewed/published without source URL, access date, verification status and confidence score."
"batch_17","phase_1","youth-worker","Youth Worker","Health, care and social services","high","health-care-social","professional_registration_researcher","source_evidence_reviewer","learner_safety_editor","not_started","not_started","occupation mapping record | claim verification record | qualification/accreditation note | learner-safe profile update recommendation","No salary, demand, APS, provider-entry or registration claim moves to reviewed/published without source URL, access date, verification status and confidence score."
"batch_17","phase_2","airline-cabin-crew","Airline Cabin Crew","Hospitality, tourism, sport and events","medium","hospitality-tourism-sport","qualification_accreditation_researcher","source_evidence_reviewer","learner_safety_editor","not_started","not_started","occupation mapping record | claim verification record | qualification/accreditation note | learner-safe profile update recommendation","No salary, demand, APS, provider-entry or registration claim moves to reviewed/published without source URL, access date, verification status and confidence score."
"batch_17","phase_2","athlete","Athlete","Hospitality, tourism, sport and events","medium","hospitality-tourism-sport","qualification_accreditation_researcher","source_evidence_reviewer","learner_safety_editor","not_started","not_started","occupation mapping record | claim verification record | qualification/accreditation note | learner-safe profile update recommendation","No salary, demand, APS, provider-entry or registration claim moves to reviewed/published without source URL, access date, verification status and confidence score."
"batch_17","phase_2","barista","Barista","Hospitality, tourism, sport and events","medium","hospitality-tourism-sport","qualification_accreditation_researcher","source_evidence_reviewer","learner_safety_editor","not_started","not_started","occupation mapping record | claim verification record | qualification/accreditation note | learner-safe profile update recommendation","No salary, demand, APS, provider-entry or registration claim moves to reviewed/published without source URL, access date, verification status and confidence score."
"batch_17","phase_2","bartender","Bartender","Hospitality, tourism, sport and events","medium","hospitality-tourism-sport","qualification_accreditation_researcher","source_evidence_reviewer","learner_safety_editor","not_started","not_started","occupation mapping record | claim verification record | qualification/accreditation note | learner-safe profile update recommendation","No salary, demand, APS, provider-entry or registration claim moves to reviewed/published without source URL, access date, verification status and confidence score."
"batch_17","phase_2","bell-attendant","Bell Attendant","Hospitality, tourism, sport and events","medium","hospitality-tourism-sport","qualification_accreditation_researcher","source_evidence_reviewer","learner_safety_editor","not_started","not_started","occupation mapping record | claim verification record | qualification/accreditation note | learner-safe profile update recommendation","No salary, demand, APS, provider-entry or registration claim moves to reviewed/published without source URL, access date, verification status and confidence score."
"batch_17","phase_2","car-rental-agent","Car Rental Agent","Hospitality, tourism, sport and events","medium","hospitality-tourism-sport","qualification_accreditation_researcher","source_evidence_reviewer","learner_safety_editor","not_started","not_started","occupation mapping record | claim verification record | qualification/accreditation note | learner-safe profile update recommendation","No salary, demand, APS, provider-entry or registration claim moves to reviewed/published without source URL, access date, verification status and confidence score."
"batch_17","phase_2","casino-worker","Casino Worker","Hospitality, tourism, sport and events","medium","hospitality-tourism-sport","qualification_accreditation_researcher","source_evidence_reviewer","learner_safety_editor","not_started","not_started","occupation mapping record | claim verification record | qualification/accreditation note | learner-safe profile update recommendation","No salary, demand, APS, provider-entry or registration claim moves to reviewed/published without source URL, access date, verification status and confidence score."
"batch_17","phase_2","catering-assistant","Catering Assistant","Hospitality, tourism, sport and events","medium","hospitality-tourism-sport","qualification_accreditation_researcher","source_evidence_reviewer","learner_safety_editor","not_started","not_started","occupation mapping record | claim verification record | qualification/accreditation note | learner-safe profile update recommendation","No salary, demand, APS, provider-entry or registration claim moves to reviewed/published without source URL, access date, verification status and confidence score."
"batch_17","phase_2","catering-manager","Catering Manager","Hospitality, tourism, sport and events","medium","hospitality-tourism-sport","qualification_accreditation_researcher","source_evidence_reviewer","learner_safety_editor","not_started","not_started","occupation mapping record | claim verification record | qualification/accreditation note | learner-safe profile update recommendation","No salary, demand, APS, provider-entry or registration claim moves to reviewed/published without source URL, access date, verification status and confidence score."
"batch_18","phase_2","chef","Chef","Hospitality, tourism, sport and events","medium","hospitality-tourism-sport","qualification_accreditation_researcher","source_evidence_reviewer","learner_safety_editor","not_started","not_started","occupation mapping record | claim verification record | qualification/accreditation note | learner-safe profile update recommendation","No salary, demand, APS, provider-entry or registration claim moves to reviewed/published without source URL, access date, verification status and confidence score."
"batch_18","phase_2","concierge","Concierge","Hospitality, tourism, sport and events","medium","hospitality-tourism-sport","qualification_accreditation_researcher","source_evidence_reviewer","learner_safety_editor","not_started","not_started","occupation mapping record | claim verification record | qualification/accreditation note | learner-safe profile update recommendation","No salary, demand, APS, provider-entry or registration claim moves to reviewed/published without source URL, access date, verification status and confidence score."
"batch_18","phase_2","conference-organiser","Conference Organiser","Hospitality, tourism, sport and events","medium","hospitality-tourism-sport","qualification_accreditation_researcher","source_evidence_reviewer","learner_safety_editor","not_started","not_started","occupation mapping record | claim verification record | qualification/accreditation note | learner-safe profile update recommendation","No salary, demand, APS, provider-entry or registration claim moves to reviewed/published without source URL, access date, verification status and confidence score."
"batch_18","phase_2","cook","Cook","Hospitality, tourism, sport and events","medium","hospitality-tourism-sport","qualification_accreditation_researcher","source_evidence_reviewer","learner_safety_editor","not_started","not_started","occupation mapping record | claim verification record | qualification/accreditation note | learner-safe profile update recommendation","No salary, demand, APS, provider-entry or registration claim moves to reviewed/published without source URL, access date, verification status and confidence score."
"batch_18","phase_2","cruise-ship-attendant","Cruise Ship Attendant","Hospitality, tourism, sport and events","medium","hospitality-tourism-sport","qualification_accreditation_researcher","source_evidence_reviewer","learner_safety_editor","not_started","not_started","occupation mapping record | claim verification record | qualification/accreditation note | learner-safe profile update recommendation","No salary, demand, APS, provider-entry or registration claim moves to reviewed/published without source URL, access date, verification status and confidence score."
"batch_18","phase_2","dishwasher","Dishwasher","Hospitality, tourism, sport and events","medium","hospitality-tourism-sport","qualification_accreditation_researcher","source_evidence_reviewer","learner_safety_editor","not_started","not_started","occupation mapping record | claim verification record | qualification/accreditation note | learner-safe profile update recommendation","No salary, demand, APS, provider-entry or registration claim moves to reviewed/published without source URL, access date, verification status and confidence score."
"batch_18","phase_2","event-coordinator","Event Coordinator","Hospitality, tourism, sport and events","medium","hospitality-tourism-sport","qualification_accreditation_researcher","source_evidence_reviewer","learner_safety_editor","not_started","not_started","occupation mapping record | claim verification record | qualification/accreditation note | learner-safe profile update recommendation","No salary, demand, APS, provider-entry or registration claim moves to reviewed/published without source URL, access date, verification status and confidence score."
"batch_18","phase_2","event-manager","Event Manager","Hospitality, tourism, sport and events","medium","hospitality-tourism-sport","qualification_accreditation_researcher","source_evidence_reviewer","learner_safety_editor","not_started","not_started","occupation mapping record | claim verification record | qualification/accreditation note | learner-safe profile update recommendation","No salary, demand, APS, provider-entry or registration claim moves to reviewed/published without source URL, access date, verification status and confidence score."
"batch_18","phase_2","fast-food-cook","Fast Food Cook","Hospitality, tourism, sport and events","medium","hospitality-tourism-sport","qualification_accreditation_researcher","source_evidence_reviewer","learner_safety_editor","not_started","not_started","occupation mapping record | claim verification record | qualification/accreditation note | learner-safe profile update recommendation","No salary, demand, APS, provider-entry or registration claim moves to reviewed/published without source URL, access date, verification status and confidence score."
"batch_18","phase_2","fitness-instructor","Fitness Instructor","Hospitality, tourism, sport and events","medium","hospitality-tourism-sport","qualification_accreditation_researcher","source_evidence_reviewer","learner_safety_editor","not_started","not_started","occupation mapping record | claim verification record | qualification/accreditation note | learner-safe profile update recommendation","No salary, demand, APS, provider-entry or registration claim moves to reviewed/published without source URL, access date, verification status and confidence score."
"batch_18","phase_2","food-service-manager","Food Service Manager","Hospitality, tourism, sport and events","medium","hospitality-tourism-sport","qualification_accreditation_researcher","source_evidence_reviewer","learner_safety_editor","not_started","not_started","occupation mapping record | claim verification record | qualification/accreditation note | learner-safe profile update recommendation","No salary, demand, APS, provider-entry or registration claim moves to reviewed/published without source URL, access date, verification status and confidence score."
"batch_18","phase_2","front-of-house-manager","Front of House Manager","Hospitality, tourism, sport and events","medium","hospitality-tourism-sport","qualification_accreditation_researcher","source_evidence_reviewer","learner_safety_editor","not_started","not_started","occupation mapping record | claim verification record | qualification/accreditation note | learner-safe profile update recommendation","No salary, demand, APS, provider-entry or registration claim moves to reviewed/published without source URL, access date, verification status and confidence score."
"batch_18","phase_2","game-ranger","Game Ranger","Hospitality, tourism, sport and events","medium","hospitality-tourism-sport","qualification_accreditation_researcher","source_evidence_reviewer","learner_safety_editor","not_started","not_started","occupation mapping record | claim verification record | qualification/accreditation note | learner-safe profile update recommendation","No salary, demand, APS, provider-entry or registration claim moves to reviewed/published without source URL, access date, verification status and confidence score."
"batch_18","phase_2","gaming-table-supervisor","Gaming Table Supervisor","Hospitality, tourism, sport and events","medium","hospitality-tourism-sport","qualification_accreditation_researcher","source_evidence_reviewer","learner_safety_editor","not_started","not_started","occupation mapping record | claim verification record | qualification/accreditation note | learner-safe profile update recommendation","No salary, demand, APS, provider-entry or registration claim moves to reviewed/published without source URL, access date, verification status and confidence score."
"batch_18","phase_2","guest-house-manager","Guest House Manager","Hospitality, tourism, sport and events","medium","hospitality-tourism-sport","qualification_accreditation_researcher","source_evidence_reviewer","learner_safety_editor","not_started","not_started","occupation mapping record | claim verification record | qualification/accreditation note | learner-safe profile update recommendation","No salary, demand, APS, provider-entry or registration claim moves to reviewed/published without source URL, access date, verification status and confidence score."
"batch_18","phase_2","head-waiter","Head Waiter","Hospitality, tourism, sport and events","medium","hospitality-tourism-sport","qualification_accreditation_researcher","source_evidence_reviewer","learner_safety_editor","not_started","not_started","occupation mapping record | claim verification record | qualification/accreditation note | learner-safe profile update recommendation","No salary, demand, APS, provider-entry or registration claim moves to reviewed/published without source URL, access date, verification status and confidence score."
"batch_18","phase_2","hotel-manager","Hotel Manager","Hospitality, tourism, sport and events","medium","hospitality-tourism-sport","qualification_accreditation_researcher","source_evidence_reviewer","learner_safety_editor","not_started","not_started","occupation mapping record | claim verification record | qualification/accreditation note | learner-safe profile update recommendation","No salary, demand, APS, provider-entry or registration claim moves to reviewed/published without source URL, access date, verification status and confidence score."
"batch_18","phase_2","housekeeper-hospitality","Housekeeper (Hospitality)","Hospitality, tourism, sport and events","medium","hospitality-tourism-sport","qualification_accreditation_researcher","source_evidence_reviewer","learner_safety_editor","not_started","not_started","occupation mapping record | claim verification record | qualification/accreditation note | learner-safe profile update recommendation","No salary, demand, APS, provider-entry or registration claim moves to reviewed/published without source URL, access date, verification status and confidence score."
"batch_18","phase_2","kitchen-hand","Kitchen Hand","Hospitality, tourism, sport and events","medium","hospitality-tourism-sport","qualification_accreditation_researcher","source_evidence_reviewer","learner_safety_editor","not_started","not_started","occupation mapping record | claim verification record | qualification/accreditation note | learner-safe profile update recommendation","No salary, demand, APS, provider-entry or registration claim moves to reviewed/published without source URL, access date, verification status and confidence score."
"batch_18","phase_2","laundry-worker","Laundry Worker","Hospitality, tourism, sport and events","medium","hospitality-tourism-sport","qualification_accreditation_researcher","source_evidence_reviewer","learner_safety_editor","not_started","not_started","occupation mapping record | claim verification record | qualification/accreditation note | learner-safe profile update recommendation","No salary, demand, APS, provider-entry or registration claim moves to reviewed/published without source URL, access date, verification status and confidence score."
"batch_18","phase_2","lifeguard","Lifeguard","Hospitality, tourism, sport and events","medium","hospitality-tourism-sport","qualification_accreditation_researcher","source_evidence_reviewer","learner_safety_editor","not_started","not_started","occupation mapping record | claim verification record | qualification/accreditation note | learner-safe profile update recommendation","No salary, demand, APS, provider-entry or registration claim moves to reviewed/published without source URL, access date, verification status and confidence score."
"batch_18","phase_2","lodge-manager","Lodge Manager","Hospitality, tourism, sport and events","medium","hospitality-tourism-sport","qualification_accreditation_researcher","source_evidence_reviewer","learner_safety_editor","not_started","not_started","occupation mapping record | claim verification record | qualification/accreditation note | learner-safe profile update recommendation","No salary, demand, APS, provider-entry or registration claim moves to reviewed/published without source URL, access date, verification status and confidence score."
"batch_18","phase_2","museum-tour-guide","Museum Tour Guide","Hospitality, tourism, sport and events","medium","hospitality-tourism-sport","qualification_accreditation_researcher","source_evidence_reviewer","learner_safety_editor","not_started","not_started","occupation mapping record | claim verification record | qualification/accreditation note | learner-safe profile update recommendation","No salary, demand, APS, provider-entry or registration claim moves to reviewed/published without source URL, access date, verification status and confidence score."
"batch_18","phase_2","pastry-chef","Pastry Chef","Hospitality, tourism, sport and events","medium","hospitality-tourism-sport","qualification_accreditation_researcher","source_evidence_reviewer","learner_safety_editor","not_started","not_started","occupation mapping record | claim verification record | qualification/accreditation note | learner-safe profile update recommendation","No salary, demand, APS, provider-entry or registration claim moves to reviewed/published without source URL, access date, verification status and confidence score."
"batch_18","phase_2","personal-trainer","Personal Trainer","Hospitality, tourism, sport and events","medium","hospitality-tourism-sport","qualification_accreditation_researcher","source_evidence_reviewer","learner_safety_editor","not_started","not_started","occupation mapping record | claim verification record | qualification/accreditation note | learner-safe profile update recommendation","No salary, demand, APS, provider-entry or registration claim moves to reviewed/published without source URL, access date, verification status and confidence score."
"batch_19","phase_2","porter","Porter","Hospitality, tourism, sport and events","medium","hospitality-tourism-sport","qualification_accreditation_researcher","source_evidence_reviewer","learner_safety_editor","not_started","not_started","occupation mapping record | claim verification record | qualification/accreditation note | learner-safe profile update recommendation","No salary, demand, APS, provider-entry or registration claim moves to reviewed/published without source URL, access date, verification status and confidence score."
"batch_19","phase_2","recreation-officer","Recreation Officer","Hospitality, tourism, sport and events","medium","hospitality-tourism-sport","qualification_accreditation_researcher","source_evidence_reviewer","learner_safety_editor","not_started","not_started","occupation mapping record | claim verification record | qualification/accreditation note | learner-safe profile update recommendation","No salary, demand, APS, provider-entry or registration claim moves to reviewed/published without source URL, access date, verification status and confidence score."
"batch_19","phase_2","restaurant-manager","Restaurant Manager","Hospitality, tourism, sport and events","medium","hospitality-tourism-sport","qualification_accreditation_researcher","source_evidence_reviewer","learner_safety_editor","not_started","not_started","occupation mapping record | claim verification record | qualification/accreditation note | learner-safe profile update recommendation","No salary, demand, APS, provider-entry or registration claim moves to reviewed/published without source URL, access date, verification status and confidence score."
"batch_19","phase_2","sommelier","Sommelier","Hospitality, tourism, sport and events","medium","hospitality-tourism-sport","qualification_accreditation_researcher","source_evidence_reviewer","learner_safety_editor","not_started","not_started","occupation mapping record | claim verification record | qualification/accreditation note | learner-safe profile update recommendation","No salary, demand, APS, provider-entry or registration claim moves to reviewed/published without source URL, access date, verification status and confidence score."
"batch_19","phase_2","sous-chef","Sous Chef","Hospitality, tourism, sport and events","medium","hospitality-tourism-sport","qualification_accreditation_researcher","source_evidence_reviewer","learner_safety_editor","not_started","not_started","occupation mapping record | claim verification record | qualification/accreditation note | learner-safe profile update recommendation","No salary, demand, APS, provider-entry or registration claim moves to reviewed/published without source URL, access date, verification status and confidence score."
"batch_19","phase_2","sports-administrator","Sports Administrator","Hospitality, tourism, sport and events","medium","hospitality-tourism-sport","qualification_accreditation_researcher","source_evidence_reviewer","learner_safety_editor","not_started","not_started","occupation mapping record | claim verification record | qualification/accreditation note | learner-safe profile update recommendation","No salary, demand, APS, provider-entry or registration claim moves to reviewed/published without source URL, access date, verification status and confidence score."
"batch_19","phase_2","sports-coach","Sports Coach","Hospitality, tourism, sport and events","medium","hospitality-tourism-sport","qualification_accreditation_researcher","source_evidence_reviewer","learner_safety_editor","not_started","not_started","occupation mapping record | claim verification record | qualification/accreditation note | learner-safe profile update recommendation","No salary, demand, APS, provider-entry or registration claim moves to reviewed/published without source URL, access date, verification status and confidence score."
"batch_19","phase_2","sports-manager","Sports Manager","Hospitality, tourism, sport and events","medium","hospitality-tourism-sport","qualification_accreditation_researcher","source_evidence_reviewer","learner_safety_editor","not_started","not_started","occupation mapping record | claim verification record | qualification/accreditation note | learner-safe profile update recommendation","No salary, demand, APS, provider-entry or registration claim moves to reviewed/published without source URL, access date, verification status and confidence score."
"batch_19","phase_2","sports-referee","Sports Referee","Hospitality, tourism, sport and events","medium","hospitality-tourism-sport","qualification_accreditation_researcher","source_evidence_reviewer","learner_safety_editor","not_started","not_started","occupation mapping record | claim verification record | qualification/accreditation note | learner-safe profile update recommendation","No salary, demand, APS, provider-entry or registration claim moves to reviewed/published without source URL, access date, verification status and confidence score."
"batch_19","phase_2","theme-park-attendant","Theme Park Attendant","Hospitality, tourism, sport and events","medium","hospitality-tourism-sport","qualification_accreditation_researcher","source_evidence_reviewer","learner_safety_editor","not_started","not_started","occupation mapping record | claim verification record | qualification/accreditation note | learner-safe profile update recommendation","No salary, demand, APS, provider-entry or registration claim moves to reviewed/published without source URL, access date, verification status and confidence score."
"batch_19","phase_2","tour-guide","Tour Guide","Hospitality, tourism, sport and events","medium","hospitality-tourism-sport","qualification_accreditation_researcher","source_evidence_reviewer","learner_safety_editor","not_started","not_started","occupation mapping record | claim verification record | qualification/accreditation note | learner-safe profile update recommendation","No salary, demand, APS, provider-entry or registration claim moves to reviewed/published without source URL, access date, verification status and confidence score."
"batch_19","phase_2","tourism-officer","Tourism Officer","Hospitality, tourism, sport and events","medium","hospitality-tourism-sport","qualification_accreditation_researcher","source_evidence_reviewer","learner_safety_editor","not_started","not_started","occupation mapping record | claim verification record | qualification/accreditation note | learner-safe profile update recommendation","No salary, demand, APS, provider-entry or registration claim moves to reviewed/published without source URL, access date, verification status and confidence score."
"batch_19","phase_2","travel-agency-manager","Travel Agency Manager","Hospitality, tourism, sport and events","medium","hospitality-tourism-sport","qualification_accreditation_researcher","source_evidence_reviewer","learner_safety_editor","not_started","not_started","occupation mapping record | claim verification record | qualification/accreditation note | learner-safe profile update recommendation","No salary, demand, APS, provider-entry or registration claim moves to reviewed/published without source URL, access date, verification status and confidence score."
"batch_19","phase_2","travel-consultant","Travel Consultant","Hospitality, tourism, sport and events","medium","hospitality-tourism-sport","qualification_accreditation_researcher","source_evidence_reviewer","learner_safety_editor","not_started","not_started","occupation mapping record | claim verification record | qualification/accreditation note | learner-safe profile update recommendation","No salary, demand, APS, provider-entry or registration claim moves to reviewed/published without source URL, access date, verification status and confidence score."
"batch_19","phase_2","umpire","Umpire","Hospitality, tourism, sport and events","medium","hospitality-tourism-sport","qualification_accreditation_researcher","source_evidence_reviewer","learner_safety_editor","not_started","not_started","occupation mapping record | claim verification record | qualification/accreditation note | learner-safe profile update recommendation","No salary, demand, APS, provider-entry or registration claim moves to reviewed/published without source URL, access date, verification status and confidence score."
"batch_19","phase_2","waiter","Waiter","Hospitality, tourism, sport and events","medium","hospitality-tourism-sport","qualification_accreditation_researcher","source_evidence_reviewer","learner_safety_editor","not_started","not_started","occupation mapping record | claim verification record | qualification/accreditation note | learner-safe profile update recommendation","No salary, demand, APS, provider-entry or registration claim moves to reviewed/published without source URL, access date, verification status and confidence score."
"batch_19","phase_2","wedding-planner","Wedding Planner","Hospitality, tourism, sport and events","medium","hospitality-tourism-sport","qualification_accreditation_researcher","source_evidence_reviewer","learner_safety_editor","not_started","not_started","occupation mapping record | claim verification record | qualification/accreditation note | learner-safe profile update recommendation","No salary, demand, APS, provider-entry or registration claim moves to reviewed/published without source URL, access date, verification status and confidence score."
"batch_19","phase_2","wine-steward","Wine Steward","Hospitality, tourism, sport and events","medium","hospitality-tourism-sport","qualification_accreditation_researcher","source_evidence_reviewer","learner_safety_editor","not_started","not_started","occupation mapping record | claim verification record | qualification/accreditation note | learner-safe profile update recommendation","No salary, demand, APS, provider-entry or registration claim moves to reviewed/published without source URL, access date, verification status and confidence score."
"batch_19","phase_3","appliance-repairer","Appliance Repairer","Informal, entrepreneurship and community economy","standard","informal-enterprise","career_reality_researcher","source_evidence_reviewer","learner_safety_editor","not_started","not_started","occupation mapping record | claim verification record | qualification/accreditation note | learner-safe profile update recommendation","No salary, demand, APS, provider-entry or registration claim moves to reviewed/published without source URL, access date, verification status and confidence score."
"batch_19","phase_3","auto-electrician-informal","Auto Electrician (Informal)","Informal, entrepreneurship and community economy","standard","informal-enterprise","career_reality_researcher","source_evidence_reviewer","learner_safety_editor","not_started","not_started","occupation mapping record | claim verification record | qualification/accreditation note | learner-safe profile update recommendation","No salary, demand, APS, provider-entry or registration claim moves to reviewed/published without source URL, access date, verification status and confidence score."
"batch_19","phase_3","beadwork-artisan","Beadwork Artisan","Informal, entrepreneurship and community economy","standard","informal-enterprise","career_reality_researcher","source_evidence_reviewer","learner_safety_editor","not_started","not_started","occupation mapping record | claim verification record | qualification/accreditation note | learner-safe profile update recommendation","No salary, demand, APS, provider-entry or registration claim moves to reviewed/published without source URL, access date, verification status and confidence score."
"batch_19","phase_3","bicycle-repairer","Bicycle Repairer","Informal, entrepreneurship and community economy","standard","informal-enterprise","career_reality_researcher","source_evidence_reviewer","learner_safety_editor","not_started","not_started","occupation mapping record | claim verification record | qualification/accreditation note | learner-safe profile update recommendation","No salary, demand, APS, provider-entry or registration claim moves to reviewed/published without source URL, access date, verification status and confidence score."
"batch_19","phase_3","builder-self-employed","Builder (Self-Employed)","Informal, entrepreneurship and community economy","standard","informal-enterprise","career_reality_researcher","source_evidence_reviewer","learner_safety_editor","not_started","not_started","occupation mapping record | claim verification record | qualification/accreditation note | learner-safe profile update recommendation","No salary, demand, APS, provider-entry or registration claim moves to reviewed/published without source URL, access date, verification status and confidence score."
"batch_19","phase_3","car-guard","Car Guard","Informal, entrepreneurship and community economy","standard","informal-enterprise","career_reality_researcher","source_evidence_reviewer","learner_safety_editor","not_started","not_started","occupation mapping record | claim verification record | qualification/accreditation note | learner-safe profile update recommendation","No salary, demand, APS, provider-entry or registration claim moves to reviewed/published without source URL, access date, verification status and confidence score."
"batch_19","phase_3","car-mechanic-informal","Car Mechanic (Informal)","Informal, entrepreneurship and community economy","standard","informal-enterprise","career_reality_researcher","source_evidence_reviewer","learner_safety_editor","not_started","not_started","occupation mapping record | claim verification record | qualification/accreditation note | learner-safe profile update recommendation","No salary, demand, APS, provider-entry or registration claim moves to reviewed/published without source URL, access date, verification status and confidence score."
"batch_20","phase_3","car-washer","Car Washer","Informal, entrepreneurship and community economy","standard","informal-enterprise","career_reality_researcher","source_evidence_reviewer","learner_safety_editor","not_started","not_started","occupation mapping record | claim verification record | qualification/accreditation note | learner-safe profile update recommendation","No salary, demand, APS, provider-entry or registration claim moves to reviewed/published without source URL, access date, verification status and confidence score."
"batch_20","phase_3","carpenter-self-employed","Carpenter (Self-Employed)","Informal, entrepreneurship and community economy","standard","informal-enterprise","career_reality_researcher","source_evidence_reviewer","learner_safety_editor","not_started","not_started","occupation mapping record | claim verification record | qualification/accreditation note | learner-safe profile update recommendation","No salary, demand, APS, provider-entry or registration claim moves to reviewed/published without source URL, access date, verification status and confidence score."
"batch_20","phase_3","caterer-home-based","Caterer (Home-Based)","Informal, entrepreneurship and community economy","standard","informal-enterprise","career_reality_researcher","source_evidence_reviewer","learner_safety_editor","not_started","not_started","occupation mapping record | claim verification record | qualification/accreditation note | learner-safe profile update recommendation","No salary, demand, APS, provider-entry or registration claim moves to reviewed/published without source URL, access date, verification status and confidence score."
"batch_20","phase_3","cell-phone-repairer","Cell Phone Repairer","Informal, entrepreneurship and community economy","standard","informal-enterprise","career_reality_researcher","source_evidence_reviewer","learner_safety_editor","not_started","not_started","occupation mapping record | claim verification record | qualification/accreditation note | learner-safe profile update recommendation","No salary, demand, APS, provider-entry or registration claim moves to reviewed/published without source URL, access date, verification status and confidence score."
"batch_20","phase_3","child-minder","Child Minder","Informal, entrepreneurship and community economy","standard","informal-enterprise","career_reality_researcher","source_evidence_reviewer","learner_safety_editor","not_started","not_started","occupation mapping record | claim verification record | qualification/accreditation note | learner-safe profile update recommendation","No salary, demand, APS, provider-entry or registration claim moves to reviewed/published without source URL, access date, verification status and confidence score."
"batch_20","phase_3","cleaner","Cleaner","Informal, entrepreneurship and community economy","standard","informal-enterprise","career_reality_researcher","source_evidence_reviewer","learner_safety_editor","not_started","not_started","occupation mapping record | claim verification record | qualification/accreditation note | learner-safe profile update recommendation","No salary, demand, APS, provider-entry or registration claim moves to reviewed/published without source URL, access date, verification status and confidence score."
"batch_20","phase_3","community-health-worker-informal","Community Health Worker (Informal)","Informal, entrepreneurship and community economy","standard","informal-enterprise","career_reality_researcher","source_evidence_reviewer","learner_safety_editor","not_started","not_started","occupation mapping record | claim verification record | qualification/accreditation note | learner-safe profile update recommendation","No salary, demand, APS, provider-entry or registration claim moves to reviewed/published without source URL, access date, verification status and confidence score."
"batch_20","phase_3","computer-repairer-informal","Computer Repairer (Informal)","Informal, entrepreneurship and community economy","standard","informal-enterprise","career_reality_researcher","source_evidence_reviewer","learner_safety_editor","not_started","not_started","occupation mapping record | claim verification record | qualification/accreditation note | learner-safe profile update recommendation","No salary, demand, APS, provider-entry or registration claim moves to reviewed/published without source URL, access date, verification status and confidence score."
"batch_20","phase_3","construction-labourer-informal","Construction Labourer (Informal)","Informal, entrepreneurship and community economy","standard","informal-enterprise","career_reality_researcher","source_evidence_reviewer","learner_safety_editor","not_started","not_started","occupation mapping record | claim verification record | qualification/accreditation note | learner-safe profile update recommendation","No salary, demand, APS, provider-entry or registration claim moves to reviewed/published without source URL, access date, verification status and confidence score."
"batch_20","phase_3","content-creator","Content Creator","Informal, entrepreneurship and community economy","standard","informal-enterprise","career_reality_researcher","source_evidence_reviewer","learner_safety_editor","not_started","not_started","occupation mapping record | claim verification record | qualification/accreditation note | learner-safe profile update recommendation","No salary, demand, APS, provider-entry or registration claim moves to reviewed/published without source URL, access date, verification status and confidence score."
"batch_20","phase_3","courier-self-employed","Courier (Self-Employed)","Informal, entrepreneurship and community economy","standard","informal-enterprise","career_reality_researcher","source_evidence_reviewer","learner_safety_editor","not_started","not_started","occupation mapping record | claim verification record | qualification/accreditation note | learner-safe profile update recommendation","No salary, demand, APS, provider-entry or registration claim moves to reviewed/published without source URL, access date, verification status and confidence score."
"batch_20","phase_3","craft-beer-brewer-small-scale","Craft Beer Brewer (Small Scale)","Informal, entrepreneurship and community economy","standard","informal-enterprise","career_reality_researcher","source_evidence_reviewer","learner_safety_editor","not_started","not_started","occupation mapping record | claim verification record | qualification/accreditation note | learner-safe profile update recommendation","No salary, demand, APS, provider-entry or registration claim moves to reviewed/published without source URL, access date, verification status and confidence score."
"batch_20","phase_3","day-mother","Day Mother","Informal, entrepreneurship and community economy","standard","informal-enterprise","career_reality_researcher","source_evidence_reviewer","learner_safety_editor","not_started","not_started","occupation mapping record | claim verification record | qualification/accreditation note | learner-safe profile update recommendation","No salary, demand, APS, provider-entry or registration claim moves to reviewed/published without source URL, access date, verification status and confidence score."
"batch_20","phase_3","dog-walker","Dog Walker","Informal, entrepreneurship and community economy","standard","informal-enterprise","career_reality_researcher","source_evidence_reviewer","learner_safety_editor","not_started","not_started","occupation mapping record | claim verification record | qualification/accreditation note | learner-safe profile update recommendation","No salary, demand, APS, provider-entry or registration claim moves to reviewed/published without source URL, access date, verification status and confidence score."
"batch_20","phase_3","domestic-worker","Domestic Worker","Informal, entrepreneurship and community economy","standard","informal-enterprise","career_reality_researcher","source_evidence_reviewer","learner_safety_editor","not_started","not_started","occupation mapping record | claim verification record | qualification/accreditation note | learner-safe profile update recommendation","No salary, demand, APS, provider-entry or registration claim moves to reviewed/published without source URL, access date, verification status and confidence score."
"batch_20","phase_3","dressmaker-informal","Dressmaker (Informal)","Informal, entrepreneurship and community economy","standard","informal-enterprise","career_reality_researcher","source_evidence_reviewer","learner_safety_editor","not_started","not_started","occupation mapping record | claim verification record | qualification/accreditation note | learner-safe profile update recommendation","No salary, demand, APS, provider-entry or registration claim moves to reviewed/published without source URL, access date, verification status and confidence score."
"batch_20","phase_3","elderly-carer-private","Elderly Carer (Private)","Informal, entrepreneurship and community economy","standard","informal-enterprise","career_reality_researcher","source_evidence_reviewer","learner_safety_editor","not_started","not_started","occupation mapping record | claim verification record | qualification/accreditation note | learner-safe profile update recommendation","No salary, demand, APS, provider-entry or registration claim moves to reviewed/published without source URL, access date, verification status and confidence score."
"batch_20","phase_3","electrician-self-employed","Electrician (Self-Employed)","Informal, entrepreneurship and community economy","standard","informal-enterprise","career_reality_researcher","source_evidence_reviewer","learner_safety_editor","not_started","not_started","occupation mapping record | claim verification record | qualification/accreditation note | learner-safe profile update recommendation","No salary, demand, APS, provider-entry or registration claim moves to reviewed/published without source URL, access date, verification status and confidence score."
"batch_20","phase_3","event-decorator","Event Decorator","Informal, entrepreneurship and community economy","standard","informal-enterprise","career_reality_researcher","source_evidence_reviewer","learner_safety_editor","not_started","not_started","occupation mapping record | claim verification record | qualification/accreditation note | learner-safe profile update recommendation","No salary, demand, APS, provider-entry or registration claim moves to reviewed/published without source URL, access date, verification status and confidence score."
"batch_20","phase_3","event-staff-casual","Event Staff (Casual)","Informal, entrepreneurship and community economy","standard","informal-enterprise","career_reality_researcher","source_evidence_reviewer","learner_safety_editor","not_started","not_started","occupation mapping record | claim verification record | qualification/accreditation note | learner-safe profile update recommendation","No salary, demand, APS, provider-entry or registration claim moves to reviewed/published without source URL, access date, verification status and confidence score."
"batch_20","phase_3","farm-labourer-casual","Farm Labourer (Casual)","Informal, entrepreneurship and community economy","standard","informal-enterprise","career_reality_researcher","source_evidence_reviewer","learner_safety_editor","not_started","not_started","occupation mapping record | claim verification record | qualification/accreditation note | learner-safe profile update recommendation","No salary, demand, APS, provider-entry or registration claim moves to reviewed/published without source URL, access date, verification status and confidence score."
"batch_20","phase_3","fashion-designer-informal","Fashion Designer (Informal)","Informal, entrepreneurship and community economy","standard","informal-enterprise","career_reality_researcher","source_evidence_reviewer","learner_safety_editor","not_started","not_started","occupation mapping record | claim verification record | qualification/accreditation note | learner-safe profile update recommendation","No salary, demand, APS, provider-entry or registration claim moves to reviewed/published without source URL, access date, verification status and confidence score."
"batch_20","phase_3","fence-erector","Fence Erector","Informal, entrepreneurship and community economy","standard","informal-enterprise","career_reality_researcher","source_evidence_reviewer","learner_safety_editor","not_started","not_started","occupation mapping record | claim verification record | qualification/accreditation note | learner-safe profile update recommendation","No salary, demand, APS, provider-entry or registration claim moves to reviewed/published without source URL, access date, verification status and confidence score."
"batch_20","phase_3","food-vendor","Food Vendor","Informal, entrepreneurship and community economy","standard","informal-enterprise","career_reality_researcher","source_evidence_reviewer","learner_safety_editor","not_started","not_started","occupation mapping record | claim verification record | qualification/accreditation note | learner-safe profile update recommendation","No salary, demand, APS, provider-entry or registration claim moves to reviewed/published without source URL, access date, verification status and confidence score."
"batch_20","phase_3","freelance-writer","Freelance Writer","Informal, entrepreneurship and community economy","standard","informal-enterprise","career_reality_researcher","source_evidence_reviewer","learner_safety_editor","not_started","not_started","occupation mapping record | claim verification record | qualification/accreditation note | learner-safe profile update recommendation","No salary, demand, APS, provider-entry or registration claim moves to reviewed/published without source URL, access date, verification status and confidence score."
"batch_21","phase_3","fruit-and-vegetable-seller","Fruit and Vegetable Seller","Informal, entrepreneurship and community economy","standard","informal-enterprise","career_reality_researcher","source_evidence_reviewer","learner_safety_editor","not_started","not_started","occupation mapping record | claim verification record | qualification/accreditation note | learner-safe profile update recommendation","No salary, demand, APS, provider-entry or registration claim moves to reviewed/published without source URL, access date, verification status and confidence score."
"batch_21","phase_3","fruit-picker-seasonal","Fruit Picker (Seasonal)","Informal, entrepreneurship and community economy","standard","informal-enterprise","career_reality_researcher","source_evidence_reviewer","learner_safety_editor","not_started","not_started","occupation mapping record | claim verification record | qualification/accreditation note | learner-safe profile update recommendation","No salary, demand, APS, provider-entry or registration claim moves to reviewed/published without source URL, access date, verification status and confidence score."
"batch_21","phase_3","furniture-maker-informal","Furniture Maker (Informal)","Informal, entrepreneurship and community economy","standard","informal-enterprise","career_reality_researcher","source_evidence_reviewer","learner_safety_editor","not_started","not_started","occupation mapping record | claim verification record | qualification/accreditation note | learner-safe profile update recommendation","No salary, demand, APS, provider-entry or registration claim moves to reviewed/published without source URL, access date, verification status and confidence score."
"batch_21","phase_3","furniture-removals","Furniture Removals","Informal, entrepreneurship and community economy","standard","informal-enterprise","career_reality_researcher","source_evidence_reviewer","learner_safety_editor","not_started","not_started","occupation mapping record | claim verification record | qualification/accreditation note | learner-safe profile update recommendation","No salary, demand, APS, provider-entry or registration claim moves to reviewed/published without source URL, access date, verification status and confidence score."
"batch_21","phase_3","gardener-domestic","Gardener (Domestic)","Informal, entrepreneurship and community economy","standard","informal-enterprise","career_reality_researcher","source_evidence_reviewer","learner_safety_editor","not_started","not_started","occupation mapping record | claim verification record | qualification/accreditation note | learner-safe profile update recommendation","No salary, demand, APS, provider-entry or registration claim moves to reviewed/published without source URL, access date, verification status and confidence score."
"batch_21","phase_3","graphic-designer-freelance","Graphic Designer (Freelance)","Informal, entrepreneurship and community economy","standard","informal-enterprise","career_reality_researcher","source_evidence_reviewer","learner_safety_editor","not_started","not_started","occupation mapping record | claim verification record | qualification/accreditation note | learner-safe profile update recommendation","No salary, demand, APS, provider-entry or registration claim moves to reviewed/published without source URL, access date, verification status and confidence score."
"batch_21","phase_3","hair-braider","Hair Braider","Informal, entrepreneurship and community economy","standard","informal-enterprise","career_reality_researcher","source_evidence_reviewer","learner_safety_editor","not_started","not_started","occupation mapping record | claim verification record | qualification/accreditation note | learner-safe profile update recommendation","No salary, demand, APS, provider-entry or registration claim moves to reviewed/published without source URL, access date, verification status and confidence score."
"batch_21","phase_3","handyman","Handyman","Informal, entrepreneurship and community economy","standard","informal-enterprise","career_reality_researcher","source_evidence_reviewer","learner_safety_editor","not_started","not_started","occupation mapping record | claim verification record | qualification/accreditation note | learner-safe profile update recommendation","No salary, demand, APS, provider-entry or registration claim moves to reviewed/published without source URL, access date, verification status and confidence score."
"batch_21","phase_3","hawker","Hawker","Informal, entrepreneurship and community economy","standard","informal-enterprise","career_reality_researcher","source_evidence_reviewer","learner_safety_editor","not_started","not_started","occupation mapping record | claim verification record | qualification/accreditation note | learner-safe profile update recommendation","No salary, demand, APS, provider-entry or registration claim moves to reviewed/published without source URL, access date, verification status and confidence score."
"batch_21","phase_3","home-baker","Home Baker","Informal, entrepreneurship and community economy","standard","informal-enterprise","career_reality_researcher","source_evidence_reviewer","learner_safety_editor","not_started","not_started","occupation mapping record | claim verification record | qualification/accreditation note | learner-safe profile update recommendation","No salary, demand, APS, provider-entry or registration claim moves to reviewed/published without source URL, access date, verification status and confidence score."
"batch_21","phase_3","home-carer","Home Carer","Informal, entrepreneurship and community economy","standard","informal-enterprise","career_reality_researcher","source_evidence_reviewer","learner_safety_editor","not_started","not_started","occupation mapping record | claim verification record | qualification/accreditation note | learner-safe profile update recommendation","No salary, demand, APS, provider-entry or registration claim moves to reviewed/published without source URL, access date, verification status and confidence score."
"batch_21","phase_3","housekeeper-private","Housekeeper (Private)","Informal, entrepreneurship and community economy","standard","informal-enterprise","career_reality_researcher","source_evidence_reviewer","learner_safety_editor","not_started","not_started","occupation mapping record | claim verification record | qualification/accreditation note | learner-safe profile update recommendation","No salary, demand, APS, provider-entry or registration claim moves to reviewed/published without source URL, access date, verification status and confidence score."
"batch_21","phase_3","industrial-cleaner","Industrial Cleaner","Informal, entrepreneurship and community economy","standard","informal-enterprise","career_reality_researcher","source_evidence_reviewer","learner_safety_editor","not_started","not_started","occupation mapping record | claim verification record | qualification/accreditation note | learner-safe profile update recommendation","No salary, demand, APS, provider-entry or registration claim moves to reviewed/published without source URL, access date, verification status and confidence score."
"batch_21","phase_3","informal-food-outlet-operator","Informal Food Outlet Operator","Informal, entrepreneurship and community economy","standard","informal-enterprise","career_reality_researcher","source_evidence_reviewer","learner_safety_editor","not_started","not_started","occupation mapping record | claim verification record | qualification/accreditation note | learner-safe profile update recommendation","No salary, demand, APS, provider-entry or registration claim moves to reviewed/published without source URL, access date, verification status and confidence score."
"batch_21","phase_3","ironing-worker","Ironing Worker","Informal, entrepreneurship and community economy","standard","informal-enterprise","career_reality_researcher","source_evidence_reviewer","learner_safety_editor","not_started","not_started","occupation mapping record | claim verification record | qualification/accreditation note | learner-safe profile update recommendation","No salary, demand, APS, provider-entry or registration claim moves to reviewed/published without source URL, access date, verification status and confidence score."
"batch_21","phase_3","knitting-worker","Knitting Worker","Informal, entrepreneurship and community economy","standard","informal-enterprise","career_reality_researcher","source_evidence_reviewer","learner_safety_editor","not_started","not_started","occupation mapping record | claim verification record | qualification/accreditation note | learner-safe profile update recommendation","No salary, demand, APS, provider-entry or registration claim moves to reviewed/published without source URL, access date, verification status and confidence score."
"batch_21","phase_3","laundry-operator-informal","Laundry Operator (Informal)","Informal, entrepreneurship and community economy","standard","informal-enterprise","career_reality_researcher","source_evidence_reviewer","learner_safety_editor","not_started","not_started","occupation mapping record | claim verification record | qualification/accreditation note | learner-safe profile update recommendation","No salary, demand, APS, provider-entry or registration claim moves to reviewed/published without source URL, access date, verification status and confidence score."
"batch_21","phase_3","loading-and-unloading-worker","Loading and Unloading Worker","Informal, entrepreneurship and community economy","standard","informal-enterprise","career_reality_researcher","source_evidence_reviewer","learner_safety_editor","not_started","not_started","occupation mapping record | claim verification record | qualification/accreditation note | learner-safe profile update recommendation","No salary, demand, APS, provider-entry or registration claim moves to reviewed/published without source URL, access date, verification status and confidence score."
"batch_21","phase_3","mattress-maker","Mattress Maker","Informal, entrepreneurship and community economy","standard","informal-enterprise","career_reality_researcher","source_evidence_reviewer","learner_safety_editor","not_started","not_started","occupation mapping record | claim verification record | qualification/accreditation note | learner-safe profile update recommendation","No salary, demand, APS, provider-entry or registration claim moves to reviewed/published without source URL, access date, verification status and confidence score."
"batch_21","phase_3","mobile-barber","Mobile Barber","Informal, entrepreneurship and community economy","standard","informal-enterprise","career_reality_researcher","source_evidence_reviewer","learner_safety_editor","not_started","not_started","occupation mapping record | claim verification record | qualification/accreditation note | learner-safe profile update recommendation","No salary, demand, APS, provider-entry or registration claim moves to reviewed/published without source URL, access date, verification status and confidence score."
"batch_21","phase_3","nanny","Nanny","Informal, entrepreneurship and community economy","standard","informal-enterprise","career_reality_researcher","source_evidence_reviewer","learner_safety_editor","not_started","not_started","occupation mapping record | claim verification record | qualification/accreditation note | learner-safe profile update recommendation","No salary, demand, APS, provider-entry or registration claim moves to reviewed/published without source URL, access date, verification status and confidence score."
"batch_21","phase_3","office-cleaner","Office Cleaner","Informal, entrepreneurship and community economy","standard","informal-enterprise","career_reality_researcher","source_evidence_reviewer","learner_safety_editor","not_started","not_started","occupation mapping record | claim verification record | qualification/accreditation note | learner-safe profile update recommendation","No salary, demand, APS, provider-entry or registration claim moves to reviewed/published without source URL, access date, verification status and confidence score."
"batch_21","phase_3","online-tutor","Online Tutor","Informal, entrepreneurship and community economy","standard","informal-enterprise","career_reality_researcher","source_evidence_reviewer","learner_safety_editor","not_started","not_started","occupation mapping record | claim verification record | qualification/accreditation note | learner-safe profile update recommendation","No salary, demand, APS, provider-entry or registration claim moves to reviewed/published without source URL, access date, verification status and confidence score."
"batch_21","phase_3","painter-self-employed","Painter (Self-Employed)","Informal, entrepreneurship and community economy","standard","informal-enterprise","career_reality_researcher","source_evidence_reviewer","learner_safety_editor","not_started","not_started","occupation mapping record | claim verification record | qualification/accreditation note | learner-safe profile update recommendation","No salary, demand, APS, provider-entry or registration claim moves to reviewed/published without source URL, access date, verification status and confidence score."
"batch_21","phase_3","panel-beater-informal","Panel Beater (Informal)","Informal, entrepreneurship and community economy","standard","informal-enterprise","career_reality_researcher","source_evidence_reviewer","learner_safety_editor","not_started","not_started","occupation mapping record | claim verification record | qualification/accreditation note | learner-safe profile update recommendation","No salary, demand, APS, provider-entry or registration claim moves to reviewed/published without source URL, access date, verification status and confidence score."
"batch_22","phase_3","parking-attendant","Parking Attendant","Informal, entrepreneurship and community economy","standard","informal-enterprise","career_reality_researcher","source_evidence_reviewer","learner_safety_editor","not_started","not_started","occupation mapping record | claim verification record | qualification/accreditation note | learner-safe profile update recommendation","No salary, demand, APS, provider-entry or registration claim moves to reviewed/published without source URL, access date, verification status and confidence score."
"batch_22","phase_3","paving-contractor","Paving Contractor","Informal, entrepreneurship and community economy","standard","informal-enterprise","career_reality_researcher","source_evidence_reviewer","learner_safety_editor","not_started","not_started","occupation mapping record | claim verification record | qualification/accreditation note | learner-safe profile update recommendation","No salary, demand, APS, provider-entry or registration claim moves to reviewed/published without source URL, access date, verification status and confidence score."
"batch_22","phase_3","pet-groomer","Pet Groomer","Informal, entrepreneurship and community economy","standard","informal-enterprise","career_reality_researcher","source_evidence_reviewer","learner_safety_editor","not_started","not_started","occupation mapping record | claim verification record | qualification/accreditation note | learner-safe profile update recommendation","No salary, demand, APS, provider-entry or registration claim moves to reviewed/published without source URL, access date, verification status and confidence score."
"batch_22","phase_3","photographer-freelance","Photographer (Freelance)","Informal, entrepreneurship and community economy","standard","informal-enterprise","career_reality_researcher","source_evidence_reviewer","learner_safety_editor","not_started","not_started","occupation mapping record | claim verification record | qualification/accreditation note | learner-safe profile update recommendation","No salary, demand, APS, provider-entry or registration claim moves to reviewed/published without source URL, access date, verification status and confidence score."
"batch_22","phase_3","plumber-self-employed","Plumber (Self-Employed)","Informal, entrepreneurship and community economy","standard","informal-enterprise","career_reality_researcher","source_evidence_reviewer","learner_safety_editor","not_started","not_started","occupation mapping record | claim verification record | qualification/accreditation note | learner-safe profile update recommendation","No salary, demand, APS, provider-entry or registration claim moves to reviewed/published without source URL, access date, verification status and confidence score."
"batch_22","phase_3","promotional-staff","Promotional Staff","Informal, entrepreneurship and community economy","standard","informal-enterprise","career_reality_researcher","source_evidence_reviewer","learner_safety_editor","not_started","not_started","occupation mapping record | claim verification record | qualification/accreditation note | learner-safe profile update recommendation","No salary, demand, APS, provider-entry or registration claim moves to reviewed/published without source URL, access date, verification status and confidence score."
"batch_22","phase_3","recycling-collector","Recycling Collector","Informal, entrepreneurship and community economy","standard","informal-enterprise","career_reality_researcher","source_evidence_reviewer","learner_safety_editor","not_started","not_started","occupation mapping record | claim verification record | qualification/accreditation note | learner-safe profile update recommendation","No salary, demand, APS, provider-entry or registration claim moves to reviewed/published without source URL, access date, verification status and confidence score."
"batch_22","phase_3","sangoma","Sangoma","Informal, entrepreneurship and community economy","standard","informal-enterprise","career_reality_researcher","source_evidence_reviewer","learner_safety_editor","not_started","not_started","occupation mapping record | claim verification record | qualification/accreditation note | learner-safe profile update recommendation","No salary, demand, APS, provider-entry or registration claim moves to reviewed/published without source URL, access date, verification status and confidence score."
"batch_22","phase_3","scrap-metal-collector","Scrap Metal Collector","Informal, entrepreneurship and community economy","standard","informal-enterprise","career_reality_researcher","source_evidence_reviewer","learner_safety_editor","not_started","not_started","occupation mapping record | claim verification record | qualification/accreditation note | learner-safe profile update recommendation","No salary, demand, APS, provider-entry or registration claim moves to reviewed/published without source URL, access date, verification status and confidence score."
"batch_22","phase_3","second-hand-goods-seller","Second-Hand Goods Seller","Informal, entrepreneurship and community economy","standard","informal-enterprise","career_reality_researcher","source_evidence_reviewer","learner_safety_editor","not_started","not_started","occupation mapping record | claim verification record | qualification/accreditation note | learner-safe profile update recommendation","No salary, demand, APS, provider-entry or registration claim moves to reviewed/published without source URL, access date, verification status and confidence score."
"batch_22","phase_3","sewing-machine-operator-informal","Sewing Machine Operator (Informal)","Informal, entrepreneurship and community economy","standard","informal-enterprise","career_reality_researcher","source_evidence_reviewer","learner_safety_editor","not_started","not_started","occupation mapping record | claim verification record | qualification/accreditation note | learner-safe profile update recommendation","No salary, demand, APS, provider-entry or registration claim moves to reviewed/published without source URL, access date, verification status and confidence score."
"batch_22","phase_3","shebeen-owner","Shebeen Owner","Informal, entrepreneurship and community economy","standard","informal-enterprise","career_reality_researcher","source_evidence_reviewer","learner_safety_editor","not_started","not_started","occupation mapping record | claim verification record | qualification/accreditation note | learner-safe profile update recommendation","No salary, demand, APS, provider-entry or registration claim moves to reviewed/published without source URL, access date, verification status and confidence score."
"batch_22","phase_3","shoe-repairer","Shoe Repairer","Informal, entrepreneurship and community economy","standard","informal-enterprise","career_reality_researcher","source_evidence_reviewer","learner_safety_editor","not_started","not_started","occupation mapping record | claim verification record | qualification/accreditation note | learner-safe profile update recommendation","No salary, demand, APS, provider-entry or registration claim moves to reviewed/published without source URL, access date, verification status and confidence score."
"batch_22","phase_3","social-media-influencer","Social Media Influencer","Informal, entrepreneurship and community economy","standard","informal-enterprise","career_reality_researcher","source_evidence_reviewer","learner_safety_editor","not_started","not_started","occupation mapping record | claim verification record | qualification/accreditation note | learner-safe profile update recommendation","No salary, demand, APS, provider-entry or registration claim moves to reviewed/published without source URL, access date, verification status and confidence score."
"batch_22","phase_3","street-hairdresser","Street Hairdresser","Informal, entrepreneurship and community economy","standard","informal-enterprise","career_reality_researcher","source_evidence_reviewer","learner_safety_editor","not_started","not_started","occupation mapping record | claim verification record | qualification/accreditation note | learner-safe profile update recommendation","No salary, demand, APS, provider-entry or registration claim moves to reviewed/published without source URL, access date, verification status and confidence score."
"batch_22","phase_3","taxi-owner-operator","Taxi Owner-Operator","Informal, entrepreneurship and community economy","standard","informal-enterprise","career_reality_researcher","source_evidence_reviewer","learner_safety_editor","not_started","not_started","occupation mapping record | claim verification record | qualification/accreditation note | learner-safe profile update recommendation","No salary, demand, APS, provider-entry or registration claim moves to reviewed/published without source URL, access date, verification status and confidence score."
"batch_22","phase_3","traditional-birth-attendant","Traditional Birth Attendant","Informal, entrepreneurship and community economy","standard","informal-enterprise","career_reality_researcher","source_evidence_reviewer","learner_safety_editor","not_started","not_started","occupation mapping record | claim verification record | qualification/accreditation note | learner-safe profile update recommendation","No salary, demand, APS, provider-entry or registration claim moves to reviewed/published without source URL, access date, verification status and confidence score."
"batch_22","phase_3","traditional-healer","Traditional Healer","Informal, entrepreneurship and community economy","standard","informal-enterprise","career_reality_researcher","source_evidence_reviewer","learner_safety_editor","not_started","not_started","occupation mapping record | claim verification record | qualification/accreditation note | learner-safe profile update recommendation","No salary, demand, APS, provider-entry or registration claim moves to reviewed/published without source URL, access date, verification status and confidence score."
"batch_22","phase_3","tuck-shop-operator","Tuck Shop Operator","Informal, entrepreneurship and community economy","standard","informal-enterprise","career_reality_researcher","source_evidence_reviewer","learner_safety_editor","not_started","not_started","occupation mapping record | claim verification record | qualification/accreditation note | learner-safe profile update recommendation","No salary, demand, APS, provider-entry or registration claim moves to reviewed/published without source URL, access date, verification status and confidence score."
"batch_22","phase_3","tutor-self-employed","Tutor (Self-Employed)","Informal, entrepreneurship and community economy","standard","informal-enterprise","career_reality_researcher","source_evidence_reviewer","learner_safety_editor","not_started","not_started","occupation mapping record | claim verification record | qualification/accreditation note | learner-safe profile update recommendation","No salary, demand, APS, provider-entry or registration claim moves to reviewed/published without source URL, access date, verification status and confidence score."
"batch_22","phase_3","tv-repairer","TV Repairer","Informal, entrepreneurship and community economy","standard","informal-enterprise","career_reality_researcher","source_evidence_reviewer","learner_safety_editor","not_started","not_started","occupation mapping record | claim verification record | qualification/accreditation note | learner-safe profile update recommendation","No salary, demand, APS, provider-entry or registration claim moves to reviewed/published without source URL, access date, verification status and confidence score."
"batch_22","phase_3","tyre-fitter","Tyre Fitter","Informal, entrepreneurship and community economy","standard","informal-enterprise","career_reality_researcher","source_evidence_reviewer","learner_safety_editor","not_started","not_started","occupation mapping record | claim verification record | qualification/accreditation note | learner-safe profile update recommendation","No salary, demand, APS, provider-entry or registration claim moves to reviewed/published without source URL, access date, verification status and confidence score."
"batch_22","phase_3","waste-picker","Waste Picker","Informal, entrepreneurship and community economy","standard","informal-enterprise","career_reality_researcher","source_evidence_reviewer","learner_safety_editor","not_started","not_started","occupation mapping record | claim verification record | qualification/accreditation note | learner-safe profile update recommendation","No salary, demand, APS, provider-entry or registration claim moves to reviewed/published without source URL, access date, verification status and confidence score."
"batch_22","phase_3","welder-self-employed","Welder (Self-Employed)","Informal, entrepreneurship and community economy","standard","informal-enterprise","career_reality_researcher","source_evidence_reviewer","learner_safety_editor","not_started","not_started","occupation mapping record | claim verification record | qualification/accreditation note | learner-safe profile update recommendation","No salary, demand, APS, provider-entry or registration claim moves to reviewed/published without source URL, access date, verification status and confidence score."
"batch_22","phase_2","advocate","Advocate","Law, public service and public safety","medium","public-law-safety","professional_registration_researcher","source_evidence_reviewer","learner_safety_editor","not_started","not_started","occupation mapping record | claim verification record | qualification/accreditation note | learner-safe profile update recommendation","No salary, demand, APS, provider-entry or registration claim moves to reviewed/published without source URL, access date, verification status and confidence score."
"batch_23","phase_2","air-force-officer","Air Force Officer","Law, public service and public safety","medium","public-law-safety","professional_registration_researcher","source_evidence_reviewer","learner_safety_editor","not_started","not_started","occupation mapping record | claim verification record | qualification/accreditation note | learner-safe profile update recommendation","No salary, demand, APS, provider-entry or registration claim moves to reviewed/published without source URL, access date, verification status and confidence score."
"batch_23","phase_2","attorney","Attorney","Law, public service and public safety","medium","public-law-safety","professional_registration_researcher","source_evidence_reviewer","learner_safety_editor","not_started","not_started","occupation mapping record | claim verification record | qualification/accreditation note | learner-safe profile update recommendation","No salary, demand, APS, provider-entry or registration claim moves to reviewed/published without source URL, access date, verification status and confidence score."
"batch_23","phase_2","cash-in-transit-guard","Cash-in-Transit Guard","Law, public service and public safety","medium","public-law-safety","professional_registration_researcher","source_evidence_reviewer","learner_safety_editor","not_started","not_started","occupation mapping record | claim verification record | qualification/accreditation note | learner-safe profile update recommendation","No salary, demand, APS, provider-entry or registration claim moves to reviewed/published without source URL, access date, verification status and confidence score."
"batch_23","phase_2","child-protection-officer","Child Protection Officer","Law, public service and public safety","medium","public-law-safety","professional_registration_researcher","source_evidence_reviewer","learner_safety_editor","not_started","not_started","occupation mapping record | claim verification record | qualification/accreditation note | learner-safe profile update recommendation","No salary, demand, APS, provider-entry or registration claim moves to reviewed/published without source URL, access date, verification status and confidence score."
"batch_23","phase_2","conveyancer","Conveyancer","Law, public service and public safety","medium","public-law-safety","professional_registration_researcher","source_evidence_reviewer","learner_safety_editor","not_started","not_started","occupation mapping record | claim verification record | qualification/accreditation note | learner-safe profile update recommendation","No salary, demand, APS, provider-entry or registration claim moves to reviewed/published without source URL, access date, verification status and confidence score."
"batch_23","phase_2","correctional-facility-manager","Correctional Facility Manager","Law, public service and public safety","medium","public-law-safety","professional_registration_researcher","source_evidence_reviewer","learner_safety_editor","not_started","not_started","occupation mapping record | claim verification record | qualification/accreditation note | learner-safe profile update recommendation","No salary, demand, APS, provider-entry or registration claim moves to reviewed/published without source URL, access date, verification status and confidence score."
"batch_23","phase_2","correctional-services-officer","Correctional Services Officer","Law, public service and public safety","medium","public-law-safety","professional_registration_researcher","source_evidence_reviewer","learner_safety_editor","not_started","not_started","occupation mapping record | claim verification record | qualification/accreditation note | learner-safe profile update recommendation","No salary, demand, APS, provider-entry or registration claim moves to reviewed/published without source URL, access date, verification status and confidence score."
"batch_23","phase_2","court-clerk","Court Clerk","Law, public service and public safety","medium","public-law-safety","professional_registration_researcher","source_evidence_reviewer","learner_safety_editor","not_started","not_started","occupation mapping record | claim verification record | qualification/accreditation note | learner-safe profile update recommendation","No salary, demand, APS, provider-entry or registration claim moves to reviewed/published without source URL, access date, verification status and confidence score."
"batch_23","phase_2","court-interpreter","Court Interpreter","Law, public service and public safety","medium","public-law-safety","professional_registration_researcher","source_evidence_reviewer","learner_safety_editor","not_started","not_started","occupation mapping record | claim verification record | qualification/accreditation note | learner-safe profile update recommendation","No salary, demand, APS, provider-entry or registration claim moves to reviewed/published without source URL, access date, verification status and confidence score."
"batch_23","phase_2","diplomat","Diplomat","Law, public service and public safety","medium","public-law-safety","professional_registration_researcher","source_evidence_reviewer","learner_safety_editor","not_started","not_started","occupation mapping record | claim verification record | qualification/accreditation note | learner-safe profile update recommendation","No salary, demand, APS, provider-entry or registration claim moves to reviewed/published without source URL, access date, verification status and confidence score."
"batch_23","phase_2","electoral-officer","Electoral Officer","Law, public service and public safety","medium","public-law-safety","professional_registration_researcher","source_evidence_reviewer","learner_safety_editor","not_started","not_started","occupation mapping record | claim verification record | qualification/accreditation note | learner-safe profile update recommendation","No salary, demand, APS, provider-entry or registration claim moves to reviewed/published without source URL, access date, verification status and confidence score."
"batch_23","phase_2","emergency-management-director","Emergency Management Director","Law, public service and public safety","medium","public-law-safety","professional_registration_researcher","source_evidence_reviewer","learner_safety_editor","not_started","not_started","occupation mapping record | claim verification record | qualification/accreditation note | learner-safe profile update recommendation","No salary, demand, APS, provider-entry or registration claim moves to reviewed/published without source URL, access date, verification status and confidence score."
"batch_23","phase_2","fire-chief","Fire Chief","Law, public service and public safety","medium","public-law-safety","professional_registration_researcher","source_evidence_reviewer","learner_safety_editor","not_started","not_started","occupation mapping record | claim verification record | qualification/accreditation note | learner-safe profile update recommendation","No salary, demand, APS, provider-entry or registration claim moves to reviewed/published without source URL, access date, verification status and confidence score."
"batch_23","phase_2","firefighter","Firefighter","Law, public service and public safety","medium","public-law-safety","professional_registration_researcher","source_evidence_reviewer","learner_safety_editor","not_started","not_started","occupation mapping record | claim verification record | qualification/accreditation note | learner-safe profile update recommendation","No salary, demand, APS, provider-entry or registration claim moves to reviewed/published without source URL, access date, verification status and confidence score."
"batch_23","phase_2","foreign-service-officer","Foreign Service Officer","Law, public service and public safety","medium","public-law-safety","professional_registration_researcher","source_evidence_reviewer","learner_safety_editor","not_started","not_started","occupation mapping record | claim verification record | qualification/accreditation note | learner-safe profile update recommendation","No salary, demand, APS, provider-entry or registration claim moves to reviewed/published without source URL, access date, verification status and confidence score."
"batch_23","phase_2","government-policy-analyst","Government Policy Analyst","Law, public service and public safety","medium","public-law-safety","professional_registration_researcher","source_evidence_reviewer","learner_safety_editor","not_started","not_started","occupation mapping record | claim verification record | qualification/accreditation note | learner-safe profile update recommendation","No salary, demand, APS, provider-entry or registration claim moves to reviewed/published without source URL, access date, verification status and confidence score."
"batch_23","phase_2","home-affairs-officer","Home Affairs Officer","Law, public service and public safety","medium","public-law-safety","professional_registration_researcher","source_evidence_reviewer","learner_safety_editor","not_started","not_started","occupation mapping record | claim verification record | qualification/accreditation note | learner-safe profile update recommendation","No salary, demand, APS, provider-entry or registration claim moves to reviewed/published without source URL, access date, verification status and confidence score."
"batch_23","phase_2","immigration-officer","Immigration Officer","Law, public service and public safety","medium","public-law-safety","professional_registration_researcher","source_evidence_reviewer","learner_safety_editor","not_started","not_started","occupation mapping record | claim verification record | qualification/accreditation note | learner-safe profile update recommendation","No salary, demand, APS, provider-entry or registration claim moves to reviewed/published without source URL, access date, verification status and confidence score."
"batch_23","phase_2","judge","Judge","Law, public service and public safety","medium","public-law-safety","professional_registration_researcher","source_evidence_reviewer","learner_safety_editor","not_started","not_started","occupation mapping record | claim verification record | qualification/accreditation note | learner-safe profile update recommendation","No salary, demand, APS, provider-entry or registration claim moves to reviewed/published without source URL, access date, verification status and confidence score."
"batch_23","phase_2","labour-inspector","Labour Inspector","Law, public service and public safety","medium","public-law-safety","professional_registration_researcher","source_evidence_reviewer","learner_safety_editor","not_started","not_started","occupation mapping record | claim verification record | qualification/accreditation note | learner-safe profile update recommendation","No salary, demand, APS, provider-entry or registration claim moves to reviewed/published without source URL, access date, verification status and confidence score."
"batch_23","phase_2","labour-relations-officer","Labour Relations Officer","Law, public service and public safety","medium","public-law-safety","professional_registration_researcher","source_evidence_reviewer","learner_safety_editor","not_started","not_started","occupation mapping record | claim verification record | qualification/accreditation note | learner-safe profile update recommendation","No salary, demand, APS, provider-entry or registration claim moves to reviewed/published without source URL, access date, verification status and confidence score."
"batch_23","phase_2","legal-advisor","Legal Advisor","Law, public service and public safety","medium","public-law-safety","professional_registration_researcher","source_evidence_reviewer","learner_safety_editor","not_started","not_started","occupation mapping record | claim verification record | qualification/accreditation note | learner-safe profile update recommendation","No salary, demand, APS, provider-entry or registration claim moves to reviewed/published without source URL, access date, verification status and confidence score."
"batch_23","phase_2","legal-secretary","Legal Secretary","Law, public service and public safety","medium","public-law-safety","professional_registration_researcher","source_evidence_reviewer","learner_safety_editor","not_started","not_started","occupation mapping record | claim verification record | qualification/accreditation note | learner-safe profile update recommendation","No salary, demand, APS, provider-entry or registration claim moves to reviewed/published without source URL, access date, verification status and confidence score."
"batch_23","phase_2","licensing-officer","Licensing Officer","Law, public service and public safety","medium","public-law-safety","professional_registration_researcher","source_evidence_reviewer","learner_safety_editor","not_started","not_started","occupation mapping record | claim verification record | qualification/accreditation note | learner-safe profile update recommendation","No salary, demand, APS, provider-entry or registration claim moves to reviewed/published without source URL, access date, verification status and confidence score."
"batch_23","phase_2","local-authority-manager","Local Authority Manager","Law, public service and public safety","medium","public-law-safety","professional_registration_researcher","source_evidence_reviewer","learner_safety_editor","not_started","not_started","occupation mapping record | claim verification record | qualification/accreditation note | learner-safe profile update recommendation","No salary, demand, APS, provider-entry or registration claim moves to reviewed/published without source URL, access date, verification status and confidence score."
"batch_24","phase_2","magistrate","Magistrate","Law, public service and public safety","medium","public-law-safety","professional_registration_researcher","source_evidence_reviewer","learner_safety_editor","not_started","not_started","occupation mapping record | claim verification record | qualification/accreditation note | learner-safe profile update recommendation","No salary, demand, APS, provider-entry or registration claim moves to reviewed/published without source URL, access date, verification status and confidence score."
"batch_24","phase_2","military-officer","Military Officer","Law, public service and public safety","medium","public-law-safety","professional_registration_researcher","source_evidence_reviewer","learner_safety_editor","not_started","not_started","occupation mapping record | claim verification record | qualification/accreditation note | learner-safe profile update recommendation","No salary, demand, APS, provider-entry or registration claim moves to reviewed/published without source URL, access date, verification status and confidence score."
"batch_24","phase_2","municipal-by-law-enforcement-officer","Municipal By-Law Enforcement Officer","Law, public service and public safety","medium","public-law-safety","professional_registration_researcher","source_evidence_reviewer","learner_safety_editor","not_started","not_started","occupation mapping record | claim verification record | qualification/accreditation note | learner-safe profile update recommendation","No salary, demand, APS, provider-entry or registration claim moves to reviewed/published without source URL, access date, verification status and confidence score."
"batch_24","phase_2","municipal-officer","Municipal Officer","Law, public service and public safety","medium","public-law-safety","professional_registration_researcher","source_evidence_reviewer","learner_safety_editor","not_started","not_started","occupation mapping record | claim verification record | qualification/accreditation note | learner-safe profile update recommendation","No salary, demand, APS, provider-entry or registration claim moves to reviewed/published without source URL, access date, verification status and confidence score."
"batch_24","phase_2","naval-officer","Naval Officer","Law, public service and public safety","medium","public-law-safety","professional_registration_researcher","source_evidence_reviewer","learner_safety_editor","not_started","not_started","occupation mapping record | claim verification record | qualification/accreditation note | learner-safe profile update recommendation","No salary, demand, APS, provider-entry or registration claim moves to reviewed/published without source URL, access date, verification status and confidence score."
"batch_24","phase_2","notary","Notary","Law, public service and public safety","medium","public-law-safety","professional_registration_researcher","source_evidence_reviewer","learner_safety_editor","not_started","not_started","occupation mapping record | claim verification record | qualification/accreditation note | learner-safe profile update recommendation","No salary, demand, APS, provider-entry or registration claim moves to reviewed/published without source URL, access date, verification status and confidence score."
"batch_24","phase_2","ombudsman","Ombudsman","Law, public service and public safety","medium","public-law-safety","professional_registration_researcher","source_evidence_reviewer","learner_safety_editor","not_started","not_started","occupation mapping record | claim verification record | qualification/accreditation note | learner-safe profile update recommendation","No salary, demand, APS, provider-entry or registration claim moves to reviewed/published without source URL, access date, verification status and confidence score."
"batch_24","phase_2","paralegal","Paralegal","Law, public service and public safety","medium","public-law-safety","professional_registration_researcher","source_evidence_reviewer","learner_safety_editor","not_started","not_started","occupation mapping record | claim verification record | qualification/accreditation note | learner-safe profile update recommendation","No salary, demand, APS, provider-entry or registration claim moves to reviewed/published without source URL, access date, verification status and confidence score."
"batch_24","phase_2","parole-officer","Parole Officer","Law, public service and public safety","medium","public-law-safety","professional_registration_researcher","source_evidence_reviewer","learner_safety_editor","not_started","not_started","occupation mapping record | claim verification record | qualification/accreditation note | learner-safe profile update recommendation","No salary, demand, APS, provider-entry or registration claim moves to reviewed/published without source URL, access date, verification status and confidence score."
"batch_24","phase_2","police-detective","Police Detective","Law, public service and public safety","medium","public-law-safety","professional_registration_researcher","source_evidence_reviewer","learner_safety_editor","not_started","not_started","occupation mapping record | claim verification record | qualification/accreditation note | learner-safe profile update recommendation","No salary, demand, APS, provider-entry or registration claim moves to reviewed/published without source URL, access date, verification status and confidence score."
"batch_24","phase_2","probation-officer","Probation Officer","Law, public service and public safety","medium","public-law-safety","professional_registration_researcher","source_evidence_reviewer","learner_safety_editor","not_started","not_started","occupation mapping record | claim verification record | qualification/accreditation note | learner-safe profile update recommendation","No salary, demand, APS, provider-entry or registration claim moves to reviewed/published without source URL, access date, verification status and confidence score."
"batch_24","phase_2","public-administrator","Public Administrator","Law, public service and public safety","medium","public-law-safety","professional_registration_researcher","source_evidence_reviewer","learner_safety_editor","not_started","not_started","occupation mapping record | claim verification record | qualification/accreditation note | learner-safe profile update recommendation","No salary, demand, APS, provider-entry or registration claim moves to reviewed/published without source URL, access date, verification status and confidence score."
"batch_24","phase_2","public-prosecutor","Public Prosecutor","Law, public service and public safety","medium","public-law-safety","professional_registration_researcher","source_evidence_reviewer","learner_safety_editor","not_started","not_started","occupation mapping record | claim verification record | qualification/accreditation note | learner-safe profile update recommendation","No salary, demand, APS, provider-entry or registration claim moves to reviewed/published without source URL, access date, verification status and confidence score."
"batch_24","phase_2","public-protector","Public Protector","Law, public service and public safety","medium","public-law-safety","professional_registration_researcher","source_evidence_reviewer","learner_safety_editor","not_started","not_started","occupation mapping record | claim verification record | qualification/accreditation note | learner-safe profile update recommendation","No salary, demand, APS, provider-entry or registration claim moves to reviewed/published without source URL, access date, verification status and confidence score."
"batch_24","phase_2","sandf-member","SANDF Member","Law, public service and public safety","medium","public-law-safety","professional_registration_researcher","source_evidence_reviewer","learner_safety_editor","not_started","not_started","occupation mapping record | claim verification record | qualification/accreditation note | learner-safe profile update recommendation","No salary, demand, APS, provider-entry or registration claim moves to reviewed/published without source URL, access date, verification status and confidence score."
"batch_24","phase_2","saps-officer","SAPS Officer","Law, public service and public safety","medium","public-law-safety","professional_registration_researcher","source_evidence_reviewer","learner_safety_editor","not_started","not_started","occupation mapping record | claim verification record | qualification/accreditation note | learner-safe profile update recommendation","No salary, demand, APS, provider-entry or registration claim moves to reviewed/published without source URL, access date, verification status and confidence score."
"batch_24","phase_2","sars-official","SARS Official","Law, public service and public safety","medium","public-law-safety","professional_registration_researcher","source_evidence_reviewer","learner_safety_editor","not_started","not_started","occupation mapping record | claim verification record | qualification/accreditation note | learner-safe profile update recommendation","No salary, demand, APS, provider-entry or registration claim moves to reviewed/published without source URL, access date, verification status and confidence score."
"batch_24","phase_2","security-guard","Security Guard","Law, public service and public safety","medium","public-law-safety","professional_registration_researcher","source_evidence_reviewer","learner_safety_editor","not_started","not_started","occupation mapping record | claim verification record | qualification/accreditation note | learner-safe profile update recommendation","No salary, demand, APS, provider-entry or registration claim moves to reviewed/published without source URL, access date, verification status and confidence score."
"batch_24","phase_2","security-manager","Security Manager","Law, public service and public safety","medium","public-law-safety","professional_registration_researcher","source_evidence_reviewer","learner_safety_editor","not_started","not_started","occupation mapping record | claim verification record | qualification/accreditation note | learner-safe profile update recommendation","No salary, demand, APS, provider-entry or registration claim moves to reviewed/published without source URL, access date, verification status and confidence score."
"batch_24","phase_2","security-officer","Security Officer","Law, public service and public safety","medium","public-law-safety","professional_registration_researcher","source_evidence_reviewer","learner_safety_editor","not_started","not_started","occupation mapping record | claim verification record | qualification/accreditation note | learner-safe profile update recommendation","No salary, demand, APS, provider-entry or registration claim moves to reviewed/published without source URL, access date, verification status and confidence score."
"batch_24","phase_2","soldier","Soldier","Law, public service and public safety","medium","public-law-safety","professional_registration_researcher","source_evidence_reviewer","learner_safety_editor","not_started","not_started","occupation mapping record | claim verification record | qualification/accreditation note | learner-safe profile update recommendation","No salary, demand, APS, provider-entry or registration claim moves to reviewed/published without source URL, access date, verification status and confidence score."
"batch_24","phase_2","state-law-advisor","State Law Advisor","Law, public service and public safety","medium","public-law-safety","professional_registration_researcher","source_evidence_reviewer","learner_safety_editor","not_started","not_started","occupation mapping record | claim verification record | qualification/accreditation note | learner-safe profile update recommendation","No salary, demand, APS, provider-entry or registration claim moves to reviewed/published without source URL, access date, verification status and confidence score."
"batch_24","phase_2","tax-inspector","Tax Inspector","Law, public service and public safety","medium","public-law-safety","professional_registration_researcher","source_evidence_reviewer","learner_safety_editor","not_started","not_started","occupation mapping record | claim verification record | qualification/accreditation note | learner-safe profile update recommendation","No salary, demand, APS, provider-entry or registration claim moves to reviewed/published without source URL, access date, verification status and confidence score."
"batch_24","phase_2","traffic-officer","Traffic Officer","Law, public service and public safety","medium","public-law-safety","professional_registration_researcher","source_evidence_reviewer","learner_safety_editor","not_started","not_started","occupation mapping record | claim verification record | qualification/accreditation note | learner-safe profile update recommendation","No salary, demand, APS, provider-entry or registration claim moves to reviewed/published without source URL, access date, verification status and confidence score."
"batch_24","phase_2","air-traffic-controller","Air Traffic Controller","Logistics, transport and supply chain","medium","logistics-transport","occupation_mapper","source_evidence_reviewer","learner_safety_editor","not_started","not_started","occupation mapping record | claim verification record | qualification/accreditation note | learner-safe profile update recommendation","No salary, demand, APS, provider-entry or registration claim moves to reviewed/published without source URL, access date, verification status and confidence score."
"batch_25","phase_2","aircraft-dispatcher","Aircraft Dispatcher","Logistics, transport and supply chain","medium","logistics-transport","occupation_mapper","source_evidence_reviewer","learner_safety_editor","not_started","not_started","occupation mapping record | claim verification record | qualification/accreditation note | learner-safe profile update recommendation","No salary, demand, APS, provider-entry or registration claim moves to reviewed/published without source URL, access date, verification status and confidence score."
"batch_25","phase_2","airport-operations-officer","Airport Operations Officer","Logistics, transport and supply chain","medium","logistics-transport","occupation_mapper","source_evidence_reviewer","learner_safety_editor","not_started","not_started","occupation mapping record | claim verification record | qualification/accreditation note | learner-safe profile update recommendation","No salary, demand, APS, provider-entry or registration claim moves to reviewed/published without source URL, access date, verification status and confidence score."
"batch_25","phase_2","aviation-ground-staff","Aviation Ground Staff","Logistics, transport and supply chain","medium","logistics-transport","occupation_mapper","source_evidence_reviewer","learner_safety_editor","not_started","not_started","occupation mapping record | claim verification record | qualification/accreditation note | learner-safe profile update recommendation","No salary, demand, APS, provider-entry or registration claim moves to reviewed/published without source URL, access date, verification status and confidence score."
"batch_25","phase_2","boat-operator","Boat Operator","Logistics, transport and supply chain","medium","logistics-transport","occupation_mapper","source_evidence_reviewer","learner_safety_editor","not_started","not_started","occupation mapping record | claim verification record | qualification/accreditation note | learner-safe profile update recommendation","No salary, demand, APS, provider-entry or registration claim moves to reviewed/published without source URL, access date, verification status and confidence score."
"batch_25","phase_2","bus-driver","Bus Driver","Logistics, transport and supply chain","medium","logistics-transport","occupation_mapper","source_evidence_reviewer","learner_safety_editor","not_started","not_started","occupation mapping record | claim verification record | qualification/accreditation note | learner-safe profile update recommendation","No salary, demand, APS, provider-entry or registration claim moves to reviewed/published without source URL, access date, verification status and confidence score."
"batch_25","phase_2","clearing-and-forwarding-agent","Clearing and Forwarding Agent","Logistics, transport and supply chain","medium","logistics-transport","occupation_mapper","source_evidence_reviewer","learner_safety_editor","not_started","not_started","occupation mapping record | claim verification record | qualification/accreditation note | learner-safe profile update recommendation","No salary, demand, APS, provider-entry or registration claim moves to reviewed/published without source URL, access date, verification status and confidence score."
"batch_25","phase_2","cold-chain-logistics-specialist","Cold Chain Logistics Specialist","Logistics, transport and supply chain","medium","logistics-transport","occupation_mapper","source_evidence_reviewer","learner_safety_editor","not_started","not_started","occupation mapping record | claim verification record | qualification/accreditation note | learner-safe profile update recommendation","No salary, demand, APS, provider-entry or registration claim moves to reviewed/published without source URL, access date, verification status and confidence score."
"batch_25","phase_2","courier","Courier","Logistics, transport and supply chain","medium","logistics-transport","occupation_mapper","source_evidence_reviewer","learner_safety_editor","not_started","not_started","occupation mapping record | claim verification record | qualification/accreditation note | learner-safe profile update recommendation","No salary, demand, APS, provider-entry or registration claim moves to reviewed/published without source URL, access date, verification status and confidence score."
"batch_25","phase_2","customs-officer","Customs Officer","Logistics, transport and supply chain","medium","logistics-transport","occupation_mapper","source_evidence_reviewer","learner_safety_editor","not_started","not_started","occupation mapping record | claim verification record | qualification/accreditation note | learner-safe profile update recommendation","No salary, demand, APS, provider-entry or registration claim moves to reviewed/published without source URL, access date, verification status and confidence score."
"batch_25","phase_2","delivery-driver","Delivery Driver","Logistics, transport and supply chain","medium","logistics-transport","occupation_mapper","source_evidence_reviewer","learner_safety_editor","not_started","not_started","occupation mapping record | claim verification record | qualification/accreditation note | learner-safe profile update recommendation","No salary, demand, APS, provider-entry or registration claim moves to reviewed/published without source URL, access date, verification status and confidence score."
"batch_25","phase_2","disaster-management-officer","Disaster Management Officer","Logistics, transport and supply chain","medium","logistics-transport","occupation_mapper","source_evidence_reviewer","learner_safety_editor","not_started","not_started","occupation mapping record | claim verification record | qualification/accreditation note | learner-safe profile update recommendation","No salary, demand, APS, provider-entry or registration claim moves to reviewed/published without source URL, access date, verification status and confidence score."
"batch_25","phase_2","distribution-manager","Distribution Manager","Logistics, transport and supply chain","medium","logistics-transport","occupation_mapper","source_evidence_reviewer","learner_safety_editor","not_started","not_started","occupation mapping record | claim verification record | qualification/accreditation note | learner-safe profile update recommendation","No salary, demand, APS, provider-entry or registration claim moves to reviewed/published without source URL, access date, verification status and confidence score."
"batch_25","phase_2","fleet-manager","Fleet Manager","Logistics, transport and supply chain","medium","logistics-transport","occupation_mapper","source_evidence_reviewer","learner_safety_editor","not_started","not_started","occupation mapping record | claim verification record | qualification/accreditation note | learner-safe profile update recommendation","No salary, demand, APS, provider-entry or registration claim moves to reviewed/published without source URL, access date, verification status and confidence score."
"batch_25","phase_2","flight-attendant","Flight Attendant","Logistics, transport and supply chain","medium","logistics-transport","occupation_mapper","source_evidence_reviewer","learner_safety_editor","not_started","not_started","occupation mapping record | claim verification record | qualification/accreditation note | learner-safe profile update recommendation","No salary, demand, APS, provider-entry or registration claim moves to reviewed/published without source URL, access date, verification status and confidence score."
"batch_25","phase_2","forklift-driver","Forklift Driver","Logistics, transport and supply chain","medium","logistics-transport","occupation_mapper","source_evidence_reviewer","learner_safety_editor","not_started","not_started","occupation mapping record | claim verification record | qualification/accreditation note | learner-safe profile update recommendation","No salary, demand, APS, provider-entry or registration claim moves to reviewed/published without source URL, access date, verification status and confidence score."
"batch_25","phase_2","freight-forwarder","Freight Forwarder","Logistics, transport and supply chain","medium","logistics-transport","occupation_mapper","source_evidence_reviewer","learner_safety_editor","not_started","not_started","occupation mapping record | claim verification record | qualification/accreditation note | learner-safe profile update recommendation","No salary, demand, APS, provider-entry or registration claim moves to reviewed/published without source URL, access date, verification status and confidence score."
"batch_25","phase_2","heavy-truck-driver","Heavy Truck Driver","Logistics, transport and supply chain","medium","logistics-transport","occupation_mapper","source_evidence_reviewer","learner_safety_editor","not_started","not_started","occupation mapping record | claim verification record | qualification/accreditation note | learner-safe profile update recommendation","No salary, demand, APS, provider-entry or registration claim moves to reviewed/published without source URL, access date, verification status and confidence score."
"batch_25","phase_2","inventory-controller","Inventory Controller","Logistics, transport and supply chain","medium","logistics-transport","occupation_mapper","source_evidence_reviewer","learner_safety_editor","not_started","not_started","occupation mapping record | claim verification record | qualification/accreditation note | learner-safe profile update recommendation","No salary, demand, APS, provider-entry or registration claim moves to reviewed/published without source URL, access date, verification status and confidence score."
"batch_25","phase_2","logistics-clerk","Logistics Clerk","Logistics, transport and supply chain","medium","logistics-transport","occupation_mapper","source_evidence_reviewer","learner_safety_editor","not_started","not_started","occupation mapping record | claim verification record | qualification/accreditation note | learner-safe profile update recommendation","No salary, demand, APS, provider-entry or registration claim moves to reviewed/published without source URL, access date, verification status and confidence score."
"batch_25","phase_2","logistics-coordinator","Logistics Coordinator","Logistics, transport and supply chain","medium","logistics-transport","occupation_mapper","source_evidence_reviewer","learner_safety_editor","not_started","not_started","occupation mapping record | claim verification record | qualification/accreditation note | learner-safe profile update recommendation","No salary, demand, APS, provider-entry or registration claim moves to reviewed/published without source URL, access date, verification status and confidence score."
"batch_25","phase_2","logistics-manager","Logistics Manager","Logistics, transport and supply chain","medium","logistics-transport","occupation_mapper","source_evidence_reviewer","learner_safety_editor","not_started","not_started","occupation mapping record | claim verification record | qualification/accreditation note | learner-safe profile update recommendation","No salary, demand, APS, provider-entry or registration claim moves to reviewed/published without source URL, access date, verification status and confidence score."
"batch_25","phase_2","mail-sorter","Mail Sorter","Logistics, transport and supply chain","medium","logistics-transport","occupation_mapper","source_evidence_reviewer","learner_safety_editor","not_started","not_started","occupation mapping record | claim verification record | qualification/accreditation note | learner-safe profile update recommendation","No salary, demand, APS, provider-entry or registration claim moves to reviewed/published without source URL, access date, verification status and confidence score."
"batch_25","phase_2","pilot","Pilot","Logistics, transport and supply chain","medium","logistics-transport","occupation_mapper","source_evidence_reviewer","learner_safety_editor","not_started","not_started","occupation mapping record | claim verification record | qualification/accreditation note | learner-safe profile update recommendation","No salary, demand, APS, provider-entry or registration claim moves to reviewed/published without source URL, access date, verification status and confidence score."
"batch_25","phase_2","port-worker","Port Worker","Logistics, transport and supply chain","medium","logistics-transport","occupation_mapper","source_evidence_reviewer","learner_safety_editor","not_started","not_started","occupation mapping record | claim verification record | qualification/accreditation note | learner-safe profile update recommendation","No salary, demand, APS, provider-entry or registration claim moves to reviewed/published without source URL, access date, verification status and confidence score."
"batch_25","phase_2","post-office-manager","Post Office Manager","Logistics, transport and supply chain","medium","logistics-transport","occupation_mapper","source_evidence_reviewer","learner_safety_editor","not_started","not_started","occupation mapping record | claim verification record | qualification/accreditation note | learner-safe profile update recommendation","No salary, demand, APS, provider-entry or registration claim moves to reviewed/published without source URL, access date, verification status and confidence score."
"batch_26","phase_2","postal-worker","Postal Worker","Logistics, transport and supply chain","medium","logistics-transport","occupation_mapper","source_evidence_reviewer","learner_safety_editor","not_started","not_started","occupation mapping record | claim verification record | qualification/accreditation note | learner-safe profile update recommendation","No salary, demand, APS, provider-entry or registration claim moves to reviewed/published without source URL, access date, verification status and confidence score."
"batch_26","phase_2","procurement-manager","Procurement Manager","Logistics, transport and supply chain","medium","logistics-transport","occupation_mapper","source_evidence_reviewer","learner_safety_editor","not_started","not_started","occupation mapping record | claim verification record | qualification/accreditation note | learner-safe profile update recommendation","No salary, demand, APS, provider-entry or registration claim moves to reviewed/published without source URL, access date, verification status and confidence score."
"batch_26","phase_2","route-planner","Route Planner","Logistics, transport and supply chain","medium","logistics-transport","occupation_mapper","source_evidence_reviewer","learner_safety_editor","not_started","not_started","occupation mapping record | claim verification record | qualification/accreditation note | learner-safe profile update recommendation","No salary, demand, APS, provider-entry or registration claim moves to reviewed/published without source URL, access date, verification status and confidence score."
"batch_26","phase_2","ship-captain","Ship Captain","Logistics, transport and supply chain","medium","logistics-transport","occupation_mapper","source_evidence_reviewer","learner_safety_editor","not_started","not_started","occupation mapping record | claim verification record | qualification/accreditation note | learner-safe profile update recommendation","No salary, demand, APS, provider-entry or registration claim moves to reviewed/published without source URL, access date, verification status and confidence score."
"batch_26","phase_2","shipping-and-receiving-clerk","Shipping and Receiving Clerk","Logistics, transport and supply chain","medium","logistics-transport","occupation_mapper","source_evidence_reviewer","learner_safety_editor","not_started","not_started","occupation mapping record | claim verification record | qualification/accreditation note | learner-safe profile update recommendation","No salary, demand, APS, provider-entry or registration claim moves to reviewed/published without source URL, access date, verification status and confidence score."
"batch_26","phase_2","shipping-clerk","Shipping Clerk","Logistics, transport and supply chain","medium","logistics-transport","occupation_mapper","source_evidence_reviewer","learner_safety_editor","not_started","not_started","occupation mapping record | claim verification record | qualification/accreditation note | learner-safe profile update recommendation","No salary, demand, APS, provider-entry or registration claim moves to reviewed/published without source URL, access date, verification status and confidence score."
"batch_26","phase_2","ships-deck-officer","Ships Deck Officer","Logistics, transport and supply chain","medium","logistics-transport","occupation_mapper","source_evidence_reviewer","learner_safety_editor","not_started","not_started","occupation mapping record | claim verification record | qualification/accreditation note | learner-safe profile update recommendation","No salary, demand, APS, provider-entry or registration claim moves to reviewed/published without source URL, access date, verification status and confidence score."
"batch_26","phase_2","stevedore","Stevedore","Logistics, transport and supply chain","medium","logistics-transport","occupation_mapper","source_evidence_reviewer","learner_safety_editor","not_started","not_started","occupation mapping record | claim verification record | qualification/accreditation note | learner-safe profile update recommendation","No salary, demand, APS, provider-entry or registration claim moves to reviewed/published without source URL, access date, verification status and confidence score."
"batch_26","phase_2","stock-clerk","Stock Clerk","Logistics, transport and supply chain","medium","logistics-transport","occupation_mapper","source_evidence_reviewer","learner_safety_editor","not_started","not_started","occupation mapping record | claim verification record | qualification/accreditation note | learner-safe profile update recommendation","No salary, demand, APS, provider-entry or registration claim moves to reviewed/published without source URL, access date, verification status and confidence score."
"batch_26","phase_2","supply-chain-analyst","Supply Chain Analyst","Logistics, transport and supply chain","medium","logistics-transport","occupation_mapper","source_evidence_reviewer","learner_safety_editor","not_started","not_started","occupation mapping record | claim verification record | qualification/accreditation note | learner-safe profile update recommendation","No salary, demand, APS, provider-entry or registration claim moves to reviewed/published without source URL, access date, verification status and confidence score."
"batch_26","phase_2","supply-chain-manager","Supply Chain Manager","Logistics, transport and supply chain","medium","logistics-transport","occupation_mapper","source_evidence_reviewer","learner_safety_editor","not_started","not_started","occupation mapping record | claim verification record | qualification/accreditation note | learner-safe profile update recommendation","No salary, demand, APS, provider-entry or registration claim moves to reviewed/published without source URL, access date, verification status and confidence score."
"batch_26","phase_2","supply-chain-planner","Supply Chain Planner","Logistics, transport and supply chain","medium","logistics-transport","occupation_mapper","source_evidence_reviewer","learner_safety_editor","not_started","not_started","occupation mapping record | claim verification record | qualification/accreditation note | learner-safe profile update recommendation","No salary, demand, APS, provider-entry or registration claim moves to reviewed/published without source URL, access date, verification status and confidence score."
"batch_26","phase_2","taxi-driver","Taxi Driver","Logistics, transport and supply chain","medium","logistics-transport","occupation_mapper","source_evidence_reviewer","learner_safety_editor","not_started","not_started","occupation mapping record | claim verification record | qualification/accreditation note | learner-safe profile update recommendation","No salary, demand, APS, provider-entry or registration claim moves to reviewed/published without source URL, access date, verification status and confidence score."
"batch_26","phase_2","train-driver","Train Driver","Logistics, transport and supply chain","medium","logistics-transport","occupation_mapper","source_evidence_reviewer","learner_safety_editor","not_started","not_started","occupation mapping record | claim verification record | qualification/accreditation note | learner-safe profile update recommendation","No salary, demand, APS, provider-entry or registration claim moves to reviewed/published without source URL, access date, verification status and confidence score."
"batch_26","phase_2","transport-planner","Transport Planner","Logistics, transport and supply chain","medium","logistics-transport","occupation_mapper","source_evidence_reviewer","learner_safety_editor","not_started","not_started","occupation mapping record | claim verification record | qualification/accreditation note | learner-safe profile update recommendation","No salary, demand, APS, provider-entry or registration claim moves to reviewed/published without source URL, access date, verification status and confidence score."
"batch_26","phase_2","truck-driver","Truck Driver","Logistics, transport and supply chain","medium","logistics-transport","occupation_mapper","source_evidence_reviewer","learner_safety_editor","not_started","not_started","occupation mapping record | claim verification record | qualification/accreditation note | learner-safe profile update recommendation","No salary, demand, APS, provider-entry or registration claim moves to reviewed/published without source URL, access date, verification status and confidence score."
"batch_26","phase_2","warehouse-manager","Warehouse Manager","Logistics, transport and supply chain","medium","logistics-transport","occupation_mapper","source_evidence_reviewer","learner_safety_editor","not_started","not_started","occupation mapping record | claim verification record | qualification/accreditation note | learner-safe profile update recommendation","No salary, demand, APS, provider-entry or registration claim moves to reviewed/published without source URL, access date, verification status and confidence score."
"batch_26","phase_2","warehouse-supervisor","Warehouse Supervisor","Logistics, transport and supply chain","medium","logistics-transport","occupation_mapper","source_evidence_reviewer","learner_safety_editor","not_started","not_started","occupation mapping record | claim verification record | qualification/accreditation note | learner-safe profile update recommendation","No salary, demand, APS, provider-entry or registration claim moves to reviewed/published without source URL, access date, verification status and confidence score."
"batch_26","phase_2","academic-dean","Academic Dean","Management, strategy and leadership","medium","general-research","occupation_mapper","source_evidence_reviewer","learner_safety_editor","not_started","not_started","occupation mapping record | claim verification record | qualification/accreditation note | learner-safe profile update recommendation","No salary, demand, APS, provider-entry or registration claim moves to reviewed/published without source URL, access date, verification status and confidence score."
"batch_26","phase_2","administration-manager","Administration Manager","Management, strategy and leadership","medium","general-research","occupation_mapper","source_evidence_reviewer","learner_safety_editor","not_started","not_started","occupation mapping record | claim verification record | qualification/accreditation note | learner-safe profile update recommendation","No salary, demand, APS, provider-entry or registration claim moves to reviewed/published without source URL, access date, verification status and confidence score."
"batch_26","phase_2","area-manager","Area Manager","Management, strategy and leadership","medium","general-research","occupation_mapper","source_evidence_reviewer","learner_safety_editor","not_started","not_started","occupation mapping record | claim verification record | qualification/accreditation note | learner-safe profile update recommendation","No salary, demand, APS, provider-entry or registration claim moves to reviewed/published without source URL, access date, verification status and confidence score."
"batch_26","phase_2","arts-and-culture-manager","Arts and Culture Manager","Management, strategy and leadership","medium","general-research","occupation_mapper","source_evidence_reviewer","learner_safety_editor","not_started","not_started","occupation mapping record | claim verification record | qualification/accreditation note | learner-safe profile update recommendation","No salary, demand, APS, provider-entry or registration claim moves to reviewed/published without source URL, access date, verification status and confidence score."
"batch_26","phase_2","board-member","Board Member","Management, strategy and leadership","medium","general-research","occupation_mapper","source_evidence_reviewer","learner_safety_editor","not_started","not_started","occupation mapping record | claim verification record | qualification/accreditation note | learner-safe profile update recommendation","No salary, demand, APS, provider-entry or registration claim moves to reviewed/published without source URL, access date, verification status and confidence score."
"batch_26","phase_2","business-analyst-senior","Business Analyst (Senior)","Management, strategy and leadership","medium","general-research","occupation_mapper","source_evidence_reviewer","learner_safety_editor","not_started","not_started","occupation mapping record | claim verification record | qualification/accreditation note | learner-safe profile update recommendation","No salary, demand, APS, provider-entry or registration claim moves to reviewed/published without source URL, access date, verification status and confidence score."
"batch_26","phase_2","business-consultant","Business Consultant","Management, strategy and leadership","medium","general-research","occupation_mapper","source_evidence_reviewer","learner_safety_editor","not_started","not_started","occupation mapping record | claim verification record | qualification/accreditation note | learner-safe profile update recommendation","No salary, demand, APS, provider-entry or registration claim moves to reviewed/published without source URL, access date, verification status and confidence score."
"batch_27","phase_2","change-manager","Change Manager","Management, strategy and leadership","medium","general-research","occupation_mapper","source_evidence_reviewer","learner_safety_editor","not_started","not_started","occupation mapping record | claim verification record | qualification/accreditation note | learner-safe profile update recommendation","No salary, demand, APS, provider-entry or registration claim moves to reviewed/published without source URL, access date, verification status and confidence score."
"batch_27","phase_2","chief-executive-officer","Chief Executive Officer","Management, strategy and leadership","medium","general-research","occupation_mapper","source_evidence_reviewer","learner_safety_editor","not_started","not_started","occupation mapping record | claim verification record | qualification/accreditation note | learner-safe profile update recommendation","No salary, demand, APS, provider-entry or registration claim moves to reviewed/published without source URL, access date, verification status and confidence score."
"batch_27","phase_2","chief-financial-officer","Chief Financial Officer","Management, strategy and leadership","medium","general-research","occupation_mapper","source_evidence_reviewer","learner_safety_editor","not_started","not_started","occupation mapping record | claim verification record | qualification/accreditation note | learner-safe profile update recommendation","No salary, demand, APS, provider-entry or registration claim moves to reviewed/published without source URL, access date, verification status and confidence score."
"batch_27","phase_2","chief-operations-officer","Chief Operations Officer","Management, strategy and leadership","medium","general-research","occupation_mapper","source_evidence_reviewer","learner_safety_editor","not_started","not_started","occupation mapping record | claim verification record | qualification/accreditation note | learner-safe profile update recommendation","No salary, demand, APS, provider-entry or registration claim moves to reviewed/published without source URL, access date, verification status and confidence score."
"batch_27","phase_2","chief-technology-officer","Chief Technology Officer","Management, strategy and leadership","medium","general-research","occupation_mapper","source_evidence_reviewer","learner_safety_editor","not_started","not_started","occupation mapping record | claim verification record | qualification/accreditation note | learner-safe profile update recommendation","No salary, demand, APS, provider-entry or registration claim moves to reviewed/published without source URL, access date, verification status and confidence score."
"batch_27","phase_2","clinical-director","Clinical Director","Management, strategy and leadership","medium","general-research","occupation_mapper","source_evidence_reviewer","learner_safety_editor","not_started","not_started","occupation mapping record | claim verification record | qualification/accreditation note | learner-safe profile update recommendation","No salary, demand, APS, provider-entry or registration claim moves to reviewed/published without source URL, access date, verification status and confidence score."
"batch_27","phase_2","club-manager","Club Manager","Management, strategy and leadership","medium","general-research","occupation_mapper","source_evidence_reviewer","learner_safety_editor","not_started","not_started","occupation mapping record | claim verification record | qualification/accreditation note | learner-safe profile update recommendation","No salary, demand, APS, provider-entry or registration claim moves to reviewed/published without source URL, access date, verification status and confidence score."
"batch_27","phase_2","communications-director","Communications Director","Management, strategy and leadership","medium","general-research","occupation_mapper","source_evidence_reviewer","learner_safety_editor","not_started","not_started","occupation mapping record | claim verification record | qualification/accreditation note | learner-safe profile update recommendation","No salary, demand, APS, provider-entry or registration claim moves to reviewed/published without source URL, access date, verification status and confidence score."
"batch_27","phase_2","company-secretary","Company Secretary","Management, strategy and leadership","medium","general-research","occupation_mapper","source_evidence_reviewer","learner_safety_editor","not_started","not_started","occupation mapping record | claim verification record | qualification/accreditation note | learner-safe profile update recommendation","No salary, demand, APS, provider-entry or registration claim moves to reviewed/published without source URL, access date, verification status and confidence score."
"batch_27","phase_2","compliance-manager","Compliance Manager","Management, strategy and leadership","medium","general-research","occupation_mapper","source_evidence_reviewer","learner_safety_editor","not_started","not_started","occupation mapping record | claim verification record | qualification/accreditation note | learner-safe profile update recommendation","No salary, demand, APS, provider-entry or registration claim moves to reviewed/published without source URL, access date, verification status and confidence score."
"batch_27","phase_2","contracts-manager","Contracts Manager","Management, strategy and leadership","medium","general-research","occupation_mapper","source_evidence_reviewer","learner_safety_editor","not_started","not_started","occupation mapping record | claim verification record | qualification/accreditation note | learner-safe profile update recommendation","No salary, demand, APS, provider-entry or registration claim moves to reviewed/published without source URL, access date, verification status and confidence score."
"batch_27","phase_2","data-protection-officer","Data Protection Officer","Management, strategy and leadership","medium","general-research","occupation_mapper","source_evidence_reviewer","learner_safety_editor","not_started","not_started","occupation mapping record | claim verification record | qualification/accreditation note | learner-safe profile update recommendation","No salary, demand, APS, provider-entry or registration claim moves to reviewed/published without source URL, access date, verification status and confidence score."
"batch_27","phase_2","diversity-and-inclusion-manager","Diversity and Inclusion Manager","Management, strategy and leadership","medium","general-research","occupation_mapper","source_evidence_reviewer","learner_safety_editor","not_started","not_started","occupation mapping record | claim verification record | qualification/accreditation note | learner-safe profile update recommendation","No salary, demand, APS, provider-entry or registration claim moves to reviewed/published without source URL, access date, verification status and confidence score."
"batch_27","phase_2","engineering-manager","Engineering Manager","Management, strategy and leadership","medium","general-research","occupation_mapper","source_evidence_reviewer","learner_safety_editor","not_started","not_started","occupation mapping record | claim verification record | qualification/accreditation note | learner-safe profile update recommendation","No salary, demand, APS, provider-entry or registration claim moves to reviewed/published without source URL, access date, verification status and confidence score."
"batch_27","phase_2","entrepreneur","Entrepreneur","Management, strategy and leadership","medium","general-research","occupation_mapper","source_evidence_reviewer","learner_safety_editor","not_started","not_started","occupation mapping record | claim verification record | qualification/accreditation note | learner-safe profile update recommendation","No salary, demand, APS, provider-entry or registration claim moves to reviewed/published without source URL, access date, verification status and confidence score."
"batch_27","phase_2","faculty-head","Faculty Head","Management, strategy and leadership","medium","general-research","occupation_mapper","source_evidence_reviewer","learner_safety_editor","not_started","not_started","occupation mapping record | claim verification record | qualification/accreditation note | learner-safe profile update recommendation","No salary, demand, APS, provider-entry or registration claim moves to reviewed/published without source URL, access date, verification status and confidence score."
"batch_27","phase_2","finance-director","Finance Director","Management, strategy and leadership","medium","general-research","occupation_mapper","source_evidence_reviewer","learner_safety_editor","not_started","not_started","occupation mapping record | claim verification record | qualification/accreditation note | learner-safe profile update recommendation","No salary, demand, APS, provider-entry or registration claim moves to reviewed/published without source URL, access date, verification status and confidence score."
"batch_27","phase_2","general-manager","General Manager","Management, strategy and leadership","medium","general-research","occupation_mapper","source_evidence_reviewer","learner_safety_editor","not_started","not_started","occupation mapping record | claim verification record | qualification/accreditation note | learner-safe profile update recommendation","No salary, demand, APS, provider-entry or registration claim moves to reviewed/published without source URL, access date, verification status and confidence score."
"batch_27","phase_2","government-director","Government Director","Management, strategy and leadership","medium","general-research","occupation_mapper","source_evidence_reviewer","learner_safety_editor","not_started","not_started","occupation mapping record | claim verification record | qualification/accreditation note | learner-safe profile update recommendation","No salary, demand, APS, provider-entry or registration claim moves to reviewed/published without source URL, access date, verification status and confidence score."
"batch_27","phase_2","hospital-ceo","Hospital CEO","Management, strategy and leadership","medium","general-research","occupation_mapper","source_evidence_reviewer","learner_safety_editor","not_started","not_started","occupation mapping record | claim verification record | qualification/accreditation note | learner-safe profile update recommendation","No salary, demand, APS, provider-entry or registration claim moves to reviewed/published without source URL, access date, verification status and confidence score."
"batch_27","phase_2","hotel-general-manager","Hotel General Manager","Management, strategy and leadership","medium","general-research","occupation_mapper","source_evidence_reviewer","learner_safety_editor","not_started","not_started","occupation mapping record | claim verification record | qualification/accreditation note | learner-safe profile update recommendation","No salary, demand, APS, provider-entry or registration claim moves to reviewed/published without source URL, access date, verification status and confidence score."
"batch_27","phase_2","hr-manager","HR Manager","Management, strategy and leadership","medium","general-research","occupation_mapper","source_evidence_reviewer","learner_safety_editor","not_started","not_started","occupation mapping record | claim verification record | qualification/accreditation note | learner-safe profile update recommendation","No salary, demand, APS, provider-entry or registration claim moves to reviewed/published without source URL, access date, verification status and confidence score."
"batch_27","phase_2","human-resources-director","Human Resources Director","Management, strategy and leadership","medium","general-research","occupation_mapper","source_evidence_reviewer","learner_safety_editor","not_started","not_started","occupation mapping record | claim verification record | qualification/accreditation note | learner-safe profile update recommendation","No salary, demand, APS, provider-entry or registration claim moves to reviewed/published without source URL, access date, verification status and confidence score."
"batch_27","phase_2","ict-director","ICT Director","Management, strategy and leadership","medium","general-research","occupation_mapper","source_evidence_reviewer","learner_safety_editor","not_started","not_started","occupation mapping record | claim verification record | qualification/accreditation note | learner-safe profile update recommendation","No salary, demand, APS, provider-entry or registration claim moves to reviewed/published without source URL, access date, verification status and confidence score."
"batch_27","phase_2","information-security-manager","Information Security Manager","Management, strategy and leadership","medium","general-research","occupation_mapper","source_evidence_reviewer","learner_safety_editor","not_started","not_started","occupation mapping record | claim verification record | qualification/accreditation note | learner-safe profile update recommendation","No salary, demand, APS, provider-entry or registration claim moves to reviewed/published without source URL, access date, verification status and confidence score."
"batch_28","phase_2","innovation-manager","Innovation Manager","Management, strategy and leadership","medium","general-research","occupation_mapper","source_evidence_reviewer","learner_safety_editor","not_started","not_started","occupation mapping record | claim verification record | qualification/accreditation note | learner-safe profile update recommendation","No salary, demand, APS, provider-entry or registration claim moves to reviewed/published without source URL, access date, verification status and confidence score."
"batch_28","phase_2","investment-manager","Investment Manager","Management, strategy and leadership","medium","general-research","occupation_mapper","source_evidence_reviewer","learner_safety_editor","not_started","not_started","occupation mapping record | claim verification record | qualification/accreditation note | learner-safe profile update recommendation","No salary, demand, APS, provider-entry or registration claim moves to reviewed/published without source URL, access date, verification status and confidence score."
"batch_28","phase_2","labour-relations-manager","Labour Relations Manager","Management, strategy and leadership","medium","general-research","occupation_mapper","source_evidence_reviewer","learner_safety_editor","not_started","not_started","occupation mapping record | claim verification record | qualification/accreditation note | learner-safe profile update recommendation","No salary, demand, APS, provider-entry or registration claim moves to reviewed/published without source URL, access date, verification status and confidence score."
"batch_28","phase_2","managing-director","Managing Director","Management, strategy and leadership","medium","general-research","occupation_mapper","source_evidence_reviewer","learner_safety_editor","not_started","not_started","occupation mapping record | claim verification record | qualification/accreditation note | learner-safe profile update recommendation","No salary, demand, APS, provider-entry or registration claim moves to reviewed/published without source URL, access date, verification status and confidence score."
"batch_28","phase_2","managing-partner-professional-services","Managing Partner (Professional Services)","Management, strategy and leadership","medium","general-research","occupation_mapper","source_evidence_reviewer","learner_safety_editor","not_started","not_started","occupation mapping record | claim verification record | qualification/accreditation note | learner-safe profile update recommendation","No salary, demand, APS, provider-entry or registration claim moves to reviewed/published without source URL, access date, verification status and confidence score."
"batch_28","phase_2","marketing-director","Marketing Director","Management, strategy and leadership","medium","general-research","occupation_mapper","source_evidence_reviewer","learner_safety_editor","not_started","not_started","occupation mapping record | claim verification record | qualification/accreditation note | learner-safe profile update recommendation","No salary, demand, APS, provider-entry or registration claim moves to reviewed/published without source URL, access date, verification status and confidence score."
"batch_28","phase_2","mine-manager","Mine Manager","Management, strategy and leadership","medium","general-research","occupation_mapper","source_evidence_reviewer","learner_safety_editor","not_started","not_started","occupation mapping record | claim verification record | qualification/accreditation note | learner-safe profile update recommendation","No salary, demand, APS, provider-entry or registration claim moves to reviewed/published without source URL, access date, verification status and confidence score."
"batch_28","phase_2","municipal-manager","Municipal Manager","Management, strategy and leadership","medium","general-research","occupation_mapper","source_evidence_reviewer","learner_safety_editor","not_started","not_started","occupation mapping record | claim verification record | qualification/accreditation note | learner-safe profile update recommendation","No salary, demand, APS, provider-entry or registration claim moves to reviewed/published without source URL, access date, verification status and confidence score."
"batch_28","phase_2","non-executive-director","Non-Executive Director","Management, strategy and leadership","medium","general-research","occupation_mapper","source_evidence_reviewer","learner_safety_editor","not_started","not_started","occupation mapping record | claim verification record | qualification/accreditation note | learner-safe profile update recommendation","No salary, demand, APS, provider-entry or registration claim moves to reviewed/published without source URL, access date, verification status and confidence score."
"batch_28","phase_2","nursing-manager","Nursing Manager","Management, strategy and leadership","medium","general-research","occupation_mapper","source_evidence_reviewer","learner_safety_editor","not_started","not_started","occupation mapping record | claim verification record | qualification/accreditation note | learner-safe profile update recommendation","No salary, demand, APS, provider-entry or registration claim moves to reviewed/published without source URL, access date, verification status and confidence score."
"batch_28","phase_2","operations-manager","Operations Manager","Management, strategy and leadership","medium","general-research","occupation_mapper","source_evidence_reviewer","learner_safety_editor","not_started","not_started","occupation mapping record | claim verification record | qualification/accreditation note | learner-safe profile update recommendation","No salary, demand, APS, provider-entry or registration claim moves to reviewed/published without source URL, access date, verification status and confidence score."
"batch_28","phase_2","organisational-development-manager","Organisational Development Manager","Management, strategy and leadership","medium","general-research","occupation_mapper","source_evidence_reviewer","learner_safety_editor","not_started","not_started","occupation mapping record | claim verification record | qualification/accreditation note | learner-safe profile update recommendation","No salary, demand, APS, provider-entry or registration claim moves to reviewed/published without source URL, access date, verification status and confidence score."
"batch_28","phase_2","plant-manager","Plant Manager","Management, strategy and leadership","medium","general-research","occupation_mapper","source_evidence_reviewer","learner_safety_editor","not_started","not_started","occupation mapping record | claim verification record | qualification/accreditation note | learner-safe profile update recommendation","No salary, demand, APS, provider-entry or registration claim moves to reviewed/published without source URL, access date, verification status and confidence score."
"batch_28","phase_2","policy-director","Policy Director","Management, strategy and leadership","medium","general-research","occupation_mapper","source_evidence_reviewer","learner_safety_editor","not_started","not_started","occupation mapping record | claim verification record | qualification/accreditation note | learner-safe profile update recommendation","No salary, demand, APS, provider-entry or registration claim moves to reviewed/published without source URL, access date, verification status and confidence score."
"batch_28","phase_2","portfolio-manager","Portfolio Manager","Management, strategy and leadership","medium","general-research","occupation_mapper","source_evidence_reviewer","learner_safety_editor","not_started","not_started","occupation mapping record | claim verification record | qualification/accreditation note | learner-safe profile update recommendation","No salary, demand, APS, provider-entry or registration claim moves to reviewed/published without source URL, access date, verification status and confidence score."
"batch_28","phase_2","programme-manager","Programme Manager","Management, strategy and leadership","medium","general-research","occupation_mapper","source_evidence_reviewer","learner_safety_editor","not_started","not_started","occupation mapping record | claim verification record | qualification/accreditation note | learner-safe profile update recommendation","No salary, demand, APS, provider-entry or registration claim moves to reviewed/published without source URL, access date, verification status and confidence score."
"batch_28","phase_2","project-manager","Project Manager","Management, strategy and leadership","medium","general-research","occupation_mapper","source_evidence_reviewer","learner_safety_editor","not_started","not_started","occupation mapping record | claim verification record | qualification/accreditation note | learner-safe profile update recommendation","No salary, demand, APS, provider-entry or registration claim moves to reviewed/published without source URL, access date, verification status and confidence score."
"batch_28","phase_2","public-sector-manager","Public Sector Manager","Management, strategy and leadership","medium","general-research","occupation_mapper","source_evidence_reviewer","learner_safety_editor","not_started","not_started","occupation mapping record | claim verification record | qualification/accreditation note | learner-safe profile update recommendation","No salary, demand, APS, provider-entry or registration claim moves to reviewed/published without source URL, access date, verification status and confidence score."
"batch_28","phase_2","recruitment-manager","Recruitment Manager","Management, strategy and leadership","medium","general-research","occupation_mapper","source_evidence_reviewer","learner_safety_editor","not_started","not_started","occupation mapping record | claim verification record | qualification/accreditation note | learner-safe profile update recommendation","No salary, demand, APS, provider-entry or registration claim moves to reviewed/published without source URL, access date, verification status and confidence score."
"batch_28","phase_2","research-director","Research Director","Management, strategy and leadership","medium","general-research","occupation_mapper","source_evidence_reviewer","learner_safety_editor","not_started","not_started","occupation mapping record | claim verification record | qualification/accreditation note | learner-safe profile update recommendation","No salary, demand, APS, provider-entry or registration claim moves to reviewed/published without source URL, access date, verification status and confidence score."
"batch_28","phase_2","restaurant-general-manager","Restaurant General Manager","Management, strategy and leadership","medium","general-research","occupation_mapper","source_evidence_reviewer","learner_safety_editor","not_started","not_started","occupation mapping record | claim verification record | qualification/accreditation note | learner-safe profile update recommendation","No salary, demand, APS, provider-entry or registration claim moves to reviewed/published without source URL, access date, verification status and confidence score."
"batch_28","phase_2","retail-general-manager","Retail General Manager","Management, strategy and leadership","medium","general-research","occupation_mapper","source_evidence_reviewer","learner_safety_editor","not_started","not_started","occupation mapping record | claim verification record | qualification/accreditation note | learner-safe profile update recommendation","No salary, demand, APS, provider-entry or registration claim moves to reviewed/published without source URL, access date, verification status and confidence score."
"batch_28","phase_2","risk-manager","Risk Manager","Management, strategy and leadership","medium","general-research","occupation_mapper","source_evidence_reviewer","learner_safety_editor","not_started","not_started","occupation mapping record | claim verification record | qualification/accreditation note | learner-safe profile update recommendation","No salary, demand, APS, provider-entry or registration claim moves to reviewed/published without source URL, access date, verification status and confidence score."
"batch_28","phase_2","sales-director","Sales Director","Management, strategy and leadership","medium","general-research","occupation_mapper","source_evidence_reviewer","learner_safety_editor","not_started","not_started","occupation mapping record | claim verification record | qualification/accreditation note | learner-safe profile update recommendation","No salary, demand, APS, provider-entry or registration claim moves to reviewed/published without source URL, access date, verification status and confidence score."
"batch_28","phase_2","small-business-owner","Small Business Owner","Management, strategy and leadership","medium","general-research","occupation_mapper","source_evidence_reviewer","learner_safety_editor","not_started","not_started","occupation mapping record | claim verification record | qualification/accreditation note | learner-safe profile update recommendation","No salary, demand, APS, provider-entry or registration claim moves to reviewed/published without source URL, access date, verification status and confidence score."
"batch_29","phase_2","sport-manager","Sport Manager","Management, strategy and leadership","medium","general-research","occupation_mapper","source_evidence_reviewer","learner_safety_editor","not_started","not_started","occupation mapping record | claim verification record | qualification/accreditation note | learner-safe profile update recommendation","No salary, demand, APS, provider-entry or registration claim moves to reviewed/published without source URL, access date, verification status and confidence score."
"batch_29","phase_2","startup-founder","Startup Founder","Management, strategy and leadership","medium","general-research","occupation_mapper","source_evidence_reviewer","learner_safety_editor","not_started","not_started","occupation mapping record | claim verification record | qualification/accreditation note | learner-safe profile update recommendation","No salary, demand, APS, provider-entry or registration claim moves to reviewed/published without source URL, access date, verification status and confidence score."
"batch_29","phase_2","strategy-manager","Strategy Manager","Management, strategy and leadership","medium","general-research","occupation_mapper","source_evidence_reviewer","learner_safety_editor","not_started","not_started","occupation mapping record | claim verification record | qualification/accreditation note | learner-safe profile update recommendation","No salary, demand, APS, provider-entry or registration claim moves to reviewed/published without source URL, access date, verification status and confidence score."
"batch_29","phase_2","supply-chain-director","Supply Chain Director","Management, strategy and leadership","medium","general-research","occupation_mapper","source_evidence_reviewer","learner_safety_editor","not_started","not_started","occupation mapping record | claim verification record | qualification/accreditation note | learner-safe profile update recommendation","No salary, demand, APS, provider-entry or registration claim moves to reviewed/published without source URL, access date, verification status and confidence score."
"batch_29","phase_2","sustainability-director","Sustainability Director","Management, strategy and leadership","medium","general-research","occupation_mapper","source_evidence_reviewer","learner_safety_editor","not_started","not_started","occupation mapping record | claim verification record | qualification/accreditation note | learner-safe profile update recommendation","No salary, demand, APS, provider-entry or registration claim moves to reviewed/published without source URL, access date, verification status and confidence score."
"batch_29","phase_2","talent-manager","Talent Manager","Management, strategy and leadership","medium","general-research","occupation_mapper","source_evidence_reviewer","learner_safety_editor","not_started","not_started","occupation mapping record | claim verification record | qualification/accreditation note | learner-safe profile update recommendation","No salary, demand, APS, provider-entry or registration claim moves to reviewed/published without source URL, access date, verification status and confidence score."
"batch_29","phase_2","training-and-development-manager","Training and Development Manager","Management, strategy and leadership","medium","general-research","occupation_mapper","source_evidence_reviewer","learner_safety_editor","not_started","not_started","occupation mapping record | claim verification record | qualification/accreditation note | learner-safe profile update recommendation","No salary, demand, APS, provider-entry or registration claim moves to reviewed/published without source URL, access date, verification status and confidence score."
"batch_29","phase_2","transformation-manager","Transformation Manager","Management, strategy and leadership","medium","general-research","occupation_mapper","source_evidence_reviewer","learner_safety_editor","not_started","not_started","occupation mapping record | claim verification record | qualification/accreditation note | learner-safe profile update recommendation","No salary, demand, APS, provider-entry or registration claim moves to reviewed/published without source URL, access date, verification status and confidence score."
"batch_29","phase_2","treasury-manager","Treasury Manager","Management, strategy and leadership","medium","general-research","occupation_mapper","source_evidence_reviewer","learner_safety_editor","not_started","not_started","occupation mapping record | claim verification record | qualification/accreditation note | learner-safe profile update recommendation","No salary, demand, APS, provider-entry or registration claim moves to reviewed/published without source URL, access date, verification status and confidence score."
"batch_29","phase_1","agile-coach","Agile Coach","Manufacturing, mining and energy","high","manufacturing-mining-energy","qualification_accreditation_researcher","source_evidence_reviewer","learner_safety_editor","not_started","not_started","occupation mapping record | claim verification record | qualification/accreditation note | learner-safe profile update recommendation","No salary, demand, APS, provider-entry or registration claim moves to reviewed/published without source URL, access date, verification status and confidence score."
"batch_29","phase_1","assembly-worker","Assembly Worker","Manufacturing, mining and energy","high","manufacturing-mining-energy","qualification_accreditation_researcher","source_evidence_reviewer","learner_safety_editor","not_started","not_started","occupation mapping record | claim verification record | qualification/accreditation note | learner-safe profile update recommendation","No salary, demand, APS, provider-entry or registration claim moves to reviewed/published without source URL, access date, verification status and confidence score."
"batch_29","phase_1","blaster","Blaster","Manufacturing, mining and energy","high","manufacturing-mining-energy","qualification_accreditation_researcher","source_evidence_reviewer","learner_safety_editor","not_started","not_started","occupation mapping record | claim verification record | qualification/accreditation note | learner-safe profile update recommendation","No salary, demand, APS, provider-entry or registration claim moves to reviewed/published without source URL, access date, verification status and confidence score."
"batch_29","phase_1","bulldozer-operator","Bulldozer Operator","Manufacturing, mining and energy","high","manufacturing-mining-energy","qualification_accreditation_researcher","source_evidence_reviewer","learner_safety_editor","not_started","not_started","occupation mapping record | claim verification record | qualification/accreditation note | learner-safe profile update recommendation","No salary, demand, APS, provider-entry or registration claim moves to reviewed/published without source URL, access date, verification status and confidence score."
"batch_29","phase_1","carpet-fitter","Carpet Fitter","Manufacturing, mining and energy","high","manufacturing-mining-energy","qualification_accreditation_researcher","source_evidence_reviewer","learner_safety_editor","not_started","not_started","occupation mapping record | claim verification record | qualification/accreditation note | learner-safe profile update recommendation","No salary, demand, APS, provider-entry or registration claim moves to reviewed/published without source URL, access date, verification status and confidence score."
"batch_29","phase_1","chemical-engineer","Chemical Engineer","Manufacturing, mining and energy","high","manufacturing-mining-energy","qualification_accreditation_researcher","source_evidence_reviewer","learner_safety_editor","not_started","not_started","occupation mapping record | claim verification record | qualification/accreditation note | learner-safe profile update recommendation","No salary, demand, APS, provider-entry or registration claim moves to reviewed/published without source URL, access date, verification status and confidence score."
"batch_29","phase_1","chemical-engineering-technician","Chemical Engineering Technician","Manufacturing, mining and energy","high","manufacturing-mining-energy","qualification_accreditation_researcher","source_evidence_reviewer","learner_safety_editor","not_started","not_started","occupation mapping record | claim verification record | qualification/accreditation note | learner-safe profile update recommendation","No salary, demand, APS, provider-entry or registration claim moves to reviewed/published without source URL, access date, verification status and confidence score."
"batch_29","phase_1","chemical-plant-operator","Chemical Plant Operator","Manufacturing, mining and energy","high","manufacturing-mining-energy","qualification_accreditation_researcher","source_evidence_reviewer","learner_safety_editor","not_started","not_started","occupation mapping record | claim verification record | qualification/accreditation note | learner-safe profile update recommendation","No salary, demand, APS, provider-entry or registration claim moves to reviewed/published without source URL, access date, verification status and confidence score."
"batch_29","phase_1","conveyor-operator","Conveyor Operator","Manufacturing, mining and energy","high","manufacturing-mining-energy","qualification_accreditation_researcher","source_evidence_reviewer","learner_safety_editor","not_started","not_started","occupation mapping record | claim verification record | qualification/accreditation note | learner-safe profile update recommendation","No salary, demand, APS, provider-entry or registration claim moves to reviewed/published without source URL, access date, verification status and confidence score."
"batch_29","phase_1","dressmaker","Dressmaker","Manufacturing, mining and energy","high","manufacturing-mining-energy","qualification_accreditation_researcher","source_evidence_reviewer","learner_safety_editor","not_started","not_started","occupation mapping record | claim verification record | qualification/accreditation note | learner-safe profile update recommendation","No salary, demand, APS, provider-entry or registration claim moves to reviewed/published without source URL, access date, verification status and confidence score."
"batch_29","phase_1","dump-truck-operator","Dump Truck Operator","Manufacturing, mining and energy","high","manufacturing-mining-energy","qualification_accreditation_researcher","source_evidence_reviewer","learner_safety_editor","not_started","not_started","occupation mapping record | claim verification record | qualification/accreditation note | learner-safe profile update recommendation","No salary, demand, APS, provider-entry or registration claim moves to reviewed/published without source URL, access date, verification status and confidence score."
"batch_29","phase_1","electroplating-worker","Electroplating Worker","Manufacturing, mining and energy","high","manufacturing-mining-energy","qualification_accreditation_researcher","source_evidence_reviewer","learner_safety_editor","not_started","not_started","occupation mapping record | claim verification record | qualification/accreditation note | learner-safe profile update recommendation","No salary, demand, APS, provider-entry or registration claim moves to reviewed/published without source URL, access date, verification status and confidence score."
"batch_29","phase_1","energy-technician","Energy Technician","Manufacturing, mining and energy","high","manufacturing-mining-energy","qualification_accreditation_researcher","source_evidence_reviewer","learner_safety_editor","not_started","not_started","occupation mapping record | claim verification record | qualification/accreditation note | learner-safe profile update recommendation","No salary, demand, APS, provider-entry or registration claim moves to reviewed/published without source URL, access date, verification status and confidence score."
"batch_29","phase_1","excavator-operator","Excavator Operator","Manufacturing, mining and energy","high","manufacturing-mining-energy","qualification_accreditation_researcher","source_evidence_reviewer","learner_safety_editor","not_started","not_started","occupation mapping record | claim verification record | qualification/accreditation note | learner-safe profile update recommendation","No salary, demand, APS, provider-entry or registration claim moves to reviewed/published without source URL, access date, verification status and confidence score."
"batch_29","phase_1","explosives-worker","Explosives Worker","Manufacturing, mining and energy","high","manufacturing-mining-energy","qualification_accreditation_researcher","source_evidence_reviewer","learner_safety_editor","not_started","not_started","occupation mapping record | claim verification record | qualification/accreditation note | learner-safe profile update recommendation","No salary, demand, APS, provider-entry or registration claim moves to reviewed/published without source URL, access date, verification status and confidence score."
"batch_29","phase_1","forklift-operator","Forklift Operator","Manufacturing, mining and energy","high","manufacturing-mining-energy","qualification_accreditation_researcher","source_evidence_reviewer","learner_safety_editor","not_started","not_started","occupation mapping record | claim verification record | qualification/accreditation note | learner-safe profile update recommendation","No salary, demand, APS, provider-entry or registration claim moves to reviewed/published without source URL, access date, verification status and confidence score."
"batch_30","phase_1","furnace-operator","Furnace Operator","Manufacturing, mining and energy","high","manufacturing-mining-energy","qualification_accreditation_researcher","source_evidence_reviewer","learner_safety_editor","not_started","not_started","occupation mapping record | claim verification record | qualification/accreditation note | learner-safe profile update recommendation","No salary, demand, APS, provider-entry or registration claim moves to reviewed/published without source URL, access date, verification status and confidence score."
"batch_30","phase_1","geologist","Geologist","Manufacturing, mining and energy","high","manufacturing-mining-energy","qualification_accreditation_researcher","source_evidence_reviewer","learner_safety_editor","not_started","not_started","occupation mapping record | claim verification record | qualification/accreditation note | learner-safe profile update recommendation","No salary, demand, APS, provider-entry or registration claim moves to reviewed/published without source URL, access date, verification status and confidence score."
"batch_30","phase_1","geophysicist","Geophysicist","Manufacturing, mining and energy","high","manufacturing-mining-energy","qualification_accreditation_researcher","source_evidence_reviewer","learner_safety_editor","not_started","not_started","occupation mapping record | claim verification record | qualification/accreditation note | learner-safe profile update recommendation","No salary, demand, APS, provider-entry or registration claim moves to reviewed/published without source URL, access date, verification status and confidence score."
"batch_30","phase_1","grader-operator","Grader Operator","Manufacturing, mining and energy","high","manufacturing-mining-energy","qualification_accreditation_researcher","source_evidence_reviewer","learner_safety_editor","not_started","not_started","occupation mapping record | claim verification record | qualification/accreditation note | learner-safe profile update recommendation","No salary, demand, APS, provider-entry or registration claim moves to reviewed/published without source URL, access date, verification status and confidence score."
"batch_30","phase_1","grinding-machine-operator","Grinding Machine Operator","Manufacturing, mining and energy","high","manufacturing-mining-energy","qualification_accreditation_researcher","source_evidence_reviewer","learner_safety_editor","not_started","not_started","occupation mapping record | claim verification record | qualification/accreditation note | learner-safe profile update recommendation","No salary, demand, APS, provider-entry or registration claim moves to reviewed/published without source URL, access date, verification status and confidence score."
"batch_30","phase_1","hoist-operator","Hoist Operator","Manufacturing, mining and energy","high","manufacturing-mining-energy","qualification_accreditation_researcher","source_evidence_reviewer","learner_safety_editor","not_started","not_started","occupation mapping record | claim verification record | qualification/accreditation note | learner-safe profile update recommendation","No salary, demand, APS, provider-entry or registration claim moves to reviewed/published without source URL, access date, verification status and confidence score."
"batch_30","phase_1","industrial-chemist","Industrial Chemist","Manufacturing, mining and energy","high","manufacturing-mining-energy","qualification_accreditation_researcher","source_evidence_reviewer","learner_safety_editor","not_started","not_started","occupation mapping record | claim verification record | qualification/accreditation note | learner-safe profile update recommendation","No salary, demand, APS, provider-entry or registration claim moves to reviewed/published without source URL, access date, verification status and confidence score."
"batch_30","phase_1","laboratory-manager","Laboratory Manager","Manufacturing, mining and energy","high","manufacturing-mining-energy","qualification_accreditation_researcher","source_evidence_reviewer","learner_safety_editor","not_started","not_started","occupation mapping record | claim verification record | qualification/accreditation note | learner-safe profile update recommendation","No salary, demand, APS, provider-entry or registration claim moves to reviewed/published without source URL, access date, verification status and confidence score."
"batch_30","phase_1","laboratory-technician-manufacturing","Laboratory Technician (Manufacturing)","Manufacturing, mining and energy","high","manufacturing-mining-energy","qualification_accreditation_researcher","source_evidence_reviewer","learner_safety_editor","not_started","not_started","occupation mapping record | claim verification record | qualification/accreditation note | learner-safe profile update recommendation","No salary, demand, APS, provider-entry or registration claim moves to reviewed/published without source URL, access date, verification status and confidence score."
"batch_30","phase_1","lathe-operator","Lathe Operator","Manufacturing, mining and energy","high","manufacturing-mining-energy","qualification_accreditation_researcher","source_evidence_reviewer","learner_safety_editor","not_started","not_started","occupation mapping record | claim verification record | qualification/accreditation note | learner-safe profile update recommendation","No salary, demand, APS, provider-entry or registration claim moves to reviewed/published without source URL, access date, verification status and confidence score."
"batch_30","phase_1","leather-worker","Leather Worker","Manufacturing, mining and energy","high","manufacturing-mining-energy","qualification_accreditation_researcher","source_evidence_reviewer","learner_safety_editor","not_started","not_started","occupation mapping record | claim verification record | qualification/accreditation note | learner-safe profile update recommendation","No salary, demand, APS, provider-entry or registration claim moves to reviewed/published without source URL, access date, verification status and confidence score."
"batch_30","phase_1","machine-operator","Machine Operator","Manufacturing, mining and energy","high","manufacturing-mining-energy","qualification_accreditation_researcher","source_evidence_reviewer","learner_safety_editor","not_started","not_started","occupation mapping record | claim verification record | qualification/accreditation note | learner-safe profile update recommendation","No salary, demand, APS, provider-entry or registration claim moves to reviewed/published without source URL, access date, verification status and confidence score."
"batch_30","phase_1","manufacturing-manager","Manufacturing Manager","Manufacturing, mining and energy","high","manufacturing-mining-energy","qualification_accreditation_researcher","source_evidence_reviewer","learner_safety_editor","not_started","not_started","occupation mapping record | claim verification record | qualification/accreditation note | learner-safe profile update recommendation","No salary, demand, APS, provider-entry or registration claim moves to reviewed/published without source URL, access date, verification status and confidence score."
"batch_30","phase_1","materials-handler","Materials Handler","Manufacturing, mining and energy","high","manufacturing-mining-energy","qualification_accreditation_researcher","source_evidence_reviewer","learner_safety_editor","not_started","not_started","occupation mapping record | claim verification record | qualification/accreditation note | learner-safe profile update recommendation","No salary, demand, APS, provider-entry or registration claim moves to reviewed/published without source URL, access date, verification status and confidence score."
"batch_30","phase_1","materials-scientist","Materials Scientist","Manufacturing, mining and energy","high","manufacturing-mining-energy","qualification_accreditation_researcher","source_evidence_reviewer","learner_safety_editor","not_started","not_started","occupation mapping record | claim verification record | qualification/accreditation note | learner-safe profile update recommendation","No salary, demand, APS, provider-entry or registration claim moves to reviewed/published without source URL, access date, verification status and confidence score."
"batch_30","phase_1","metal-casting-worker","Metal Casting Worker","Manufacturing, mining and energy","high","manufacturing-mining-energy","qualification_accreditation_researcher","source_evidence_reviewer","learner_safety_editor","not_started","not_started","occupation mapping record | claim verification record | qualification/accreditation note | learner-safe profile update recommendation","No salary, demand, APS, provider-entry or registration claim moves to reviewed/published without source URL, access date, verification status and confidence score."
"batch_30","phase_1","metallurgical-engineer","Metallurgical Engineer","Manufacturing, mining and energy","high","manufacturing-mining-energy","qualification_accreditation_researcher","source_evidence_reviewer","learner_safety_editor","not_started","not_started","occupation mapping record | claim verification record | qualification/accreditation note | learner-safe profile update recommendation","No salary, demand, APS, provider-entry or registration claim moves to reviewed/published without source URL, access date, verification status and confidence score."
"batch_30","phase_1","metallurgist","Metallurgist","Manufacturing, mining and energy","high","manufacturing-mining-energy","qualification_accreditation_researcher","source_evidence_reviewer","learner_safety_editor","not_started","not_started","occupation mapping record | claim verification record | qualification/accreditation note | learner-safe profile update recommendation","No salary, demand, APS, provider-entry or registration claim moves to reviewed/published without source URL, access date, verification status and confidence score."
"batch_30","phase_1","milling-machine-operator","Milling Machine Operator","Manufacturing, mining and energy","high","manufacturing-mining-energy","qualification_accreditation_researcher","source_evidence_reviewer","learner_safety_editor","not_started","not_started","occupation mapping record | claim verification record | qualification/accreditation note | learner-safe profile update recommendation","No salary, demand, APS, provider-entry or registration claim moves to reviewed/published without source URL, access date, verification status and confidence score."
"batch_30","phase_1","mine-loader","Mine Loader","Manufacturing, mining and energy","high","manufacturing-mining-energy","qualification_accreditation_researcher","source_evidence_reviewer","learner_safety_editor","not_started","not_started","occupation mapping record | claim verification record | qualification/accreditation note | learner-safe profile update recommendation","No salary, demand, APS, provider-entry or registration claim moves to reviewed/published without source URL, access date, verification status and confidence score."
"batch_30","phase_1","mine-overseer","Mine Overseer","Manufacturing, mining and energy","high","manufacturing-mining-energy","qualification_accreditation_researcher","source_evidence_reviewer","learner_safety_editor","not_started","not_started","occupation mapping record | claim verification record | qualification/accreditation note | learner-safe profile update recommendation","No salary, demand, APS, provider-entry or registration claim moves to reviewed/published without source URL, access date, verification status and confidence score."
"batch_30","phase_1","mine-planner","Mine Planner","Manufacturing, mining and energy","high","manufacturing-mining-energy","qualification_accreditation_researcher","source_evidence_reviewer","learner_safety_editor","not_started","not_started","occupation mapping record | claim verification record | qualification/accreditation note | learner-safe profile update recommendation","No salary, demand, APS, provider-entry or registration claim moves to reviewed/published without source URL, access date, verification status and confidence score."
"batch_30","phase_1","mine-safety-officer","Mine Safety Officer","Manufacturing, mining and energy","high","manufacturing-mining-energy","qualification_accreditation_researcher","source_evidence_reviewer","learner_safety_editor","not_started","not_started","occupation mapping record | claim verification record | qualification/accreditation note | learner-safe profile update recommendation","No salary, demand, APS, provider-entry or registration claim moves to reviewed/published without source URL, access date, verification status and confidence score."
"batch_30","phase_1","mine-surveyor","Mine Surveyor","Manufacturing, mining and energy","high","manufacturing-mining-energy","qualification_accreditation_researcher","source_evidence_reviewer","learner_safety_editor","not_started","not_started","occupation mapping record | claim verification record | qualification/accreditation note | learner-safe profile update recommendation","No salary, demand, APS, provider-entry or registration claim moves to reviewed/published without source URL, access date, verification status and confidence score."
"batch_30","phase_1","miner","Miner","Manufacturing, mining and energy","high","manufacturing-mining-energy","qualification_accreditation_researcher","source_evidence_reviewer","learner_safety_editor","not_started","not_started","occupation mapping record | claim verification record | qualification/accreditation note | learner-safe profile update recommendation","No salary, demand, APS, provider-entry or registration claim moves to reviewed/published without source URL, access date, verification status and confidence score."
"batch_31","phase_1","mining-engineer","Mining Engineer","Manufacturing, mining and energy","high","manufacturing-mining-energy","qualification_accreditation_researcher","source_evidence_reviewer","learner_safety_editor","not_started","not_started","occupation mapping record | claim verification record | qualification/accreditation note | learner-safe profile update recommendation","No salary, demand, APS, provider-entry or registration claim moves to reviewed/published without source URL, access date, verification status and confidence score."
"batch_31","phase_1","mining-manager","Mining Manager","Manufacturing, mining and energy","high","manufacturing-mining-energy","qualification_accreditation_researcher","source_evidence_reviewer","learner_safety_editor","not_started","not_started","occupation mapping record | claim verification record | qualification/accreditation note | learner-safe profile update recommendation","No salary, demand, APS, provider-entry or registration claim moves to reviewed/published without source URL, access date, verification status and confidence score."
"batch_31","phase_1","mining-technician","Mining Technician","Manufacturing, mining and energy","high","manufacturing-mining-energy","qualification_accreditation_researcher","source_evidence_reviewer","learner_safety_editor","not_started","not_started","occupation mapping record | claim verification record | qualification/accreditation note | learner-safe profile update recommendation","No salary, demand, APS, provider-entry or registration claim moves to reviewed/published without source URL, access date, verification status and confidence score."
"batch_31","phase_1","mould-maker","Mould Maker","Manufacturing, mining and energy","high","manufacturing-mining-energy","qualification_accreditation_researcher","source_evidence_reviewer","learner_safety_editor","not_started","not_started","occupation mapping record | claim verification record | qualification/accreditation note | learner-safe profile update recommendation","No salary, demand, APS, provider-entry or registration claim moves to reviewed/published without source URL, access date, verification status and confidence score."
"batch_31","phase_1","packaging-operator","Packaging Operator","Manufacturing, mining and energy","high","manufacturing-mining-energy","qualification_accreditation_researcher","source_evidence_reviewer","learner_safety_editor","not_started","not_started","occupation mapping record | claim verification record | qualification/accreditation note | learner-safe profile update recommendation","No salary, demand, APS, provider-entry or registration claim moves to reviewed/published without source URL, access date, verification status and confidence score."
"batch_31","phase_1","paint-sprayer-industrial","Paint Sprayer (Industrial)","Manufacturing, mining and energy","high","manufacturing-mining-energy","qualification_accreditation_researcher","source_evidence_reviewer","learner_safety_editor","not_started","not_started","occupation mapping record | claim verification record | qualification/accreditation note | learner-safe profile update recommendation","No salary, demand, APS, provider-entry or registration claim moves to reviewed/published without source URL, access date, verification status and confidence score."
"batch_31","phase_1","petroleum-engineer","Petroleum Engineer","Manufacturing, mining and energy","high","manufacturing-mining-energy","qualification_accreditation_researcher","source_evidence_reviewer","learner_safety_editor","not_started","not_started","occupation mapping record | claim verification record | qualification/accreditation note | learner-safe profile update recommendation","No salary, demand, APS, provider-entry or registration claim moves to reviewed/published without source URL, access date, verification status and confidence score."
"batch_31","phase_1","plant-operator","Plant Operator","Manufacturing, mining and energy","high","manufacturing-mining-energy","qualification_accreditation_researcher","source_evidence_reviewer","learner_safety_editor","not_started","not_started","occupation mapping record | claim verification record | qualification/accreditation note | learner-safe profile update recommendation","No salary, demand, APS, provider-entry or registration claim moves to reviewed/published without source URL, access date, verification status and confidence score."
"batch_31","phase_1","plastics-worker","Plastics Worker","Manufacturing, mining and energy","high","manufacturing-mining-energy","qualification_accreditation_researcher","source_evidence_reviewer","learner_safety_editor","not_started","not_started","occupation mapping record | claim verification record | qualification/accreditation note | learner-safe profile update recommendation","No salary, demand, APS, provider-entry or registration claim moves to reviewed/published without source URL, access date, verification status and confidence score."
"batch_31","phase_1","power-plant-operator","Power Plant Operator","Manufacturing, mining and energy","high","manufacturing-mining-energy","qualification_accreditation_researcher","source_evidence_reviewer","learner_safety_editor","not_started","not_started","occupation mapping record | claim verification record | qualification/accreditation note | learner-safe profile update recommendation","No salary, demand, APS, provider-entry or registration claim moves to reviewed/published without source URL, access date, verification status and confidence score."
"batch_31","phase_1","press-machine-operator","Press Machine Operator","Manufacturing, mining and energy","high","manufacturing-mining-energy","qualification_accreditation_researcher","source_evidence_reviewer","learner_safety_editor","not_started","not_started","occupation mapping record | claim verification record | qualification/accreditation note | learner-safe profile update recommendation","No salary, demand, APS, provider-entry or registration claim moves to reviewed/published without source URL, access date, verification status and confidence score."
"batch_31","phase_1","process-engineer","Process Engineer","Manufacturing, mining and energy","high","manufacturing-mining-energy","qualification_accreditation_researcher","source_evidence_reviewer","learner_safety_editor","not_started","not_started","occupation mapping record | claim verification record | qualification/accreditation note | learner-safe profile update recommendation","No salary, demand, APS, provider-entry or registration claim moves to reviewed/published without source URL, access date, verification status and confidence score."
"batch_31","phase_1","process-operator","Process Operator","Manufacturing, mining and energy","high","manufacturing-mining-energy","qualification_accreditation_researcher","source_evidence_reviewer","learner_safety_editor","not_started","not_started","occupation mapping record | claim verification record | qualification/accreditation note | learner-safe profile update recommendation","No salary, demand, APS, provider-entry or registration claim moves to reviewed/published without source URL, access date, verification status and confidence score."
"batch_31","phase_1","production-manager","Production Manager","Manufacturing, mining and energy","high","manufacturing-mining-energy","qualification_accreditation_researcher","source_evidence_reviewer","learner_safety_editor","not_started","not_started","occupation mapping record | claim verification record | qualification/accreditation note | learner-safe profile update recommendation","No salary, demand, APS, provider-entry or registration claim moves to reviewed/published without source URL, access date, verification status and confidence score."
"batch_31","phase_1","production-supervisor","Production Supervisor","Manufacturing, mining and energy","high","manufacturing-mining-energy","qualification_accreditation_researcher","source_evidence_reviewer","learner_safety_editor","not_started","not_started","occupation mapping record | claim verification record | qualification/accreditation note | learner-safe profile update recommendation","No salary, demand, APS, provider-entry or registration claim moves to reviewed/published without source URL, access date, verification status and confidence score."
"batch_31","phase_1","production-worker","Production Worker","Manufacturing, mining and energy","high","manufacturing-mining-energy","qualification_accreditation_researcher","source_evidence_reviewer","learner_safety_editor","not_started","not_started","occupation mapping record | claim verification record | qualification/accreditation note | learner-safe profile update recommendation","No salary, demand, APS, provider-entry or registration claim moves to reviewed/published without source URL, access date, verification status and confidence score."
"batch_31","phase_1","quality-controller","Quality Controller","Manufacturing, mining and energy","high","manufacturing-mining-energy","qualification_accreditation_researcher","source_evidence_reviewer","learner_safety_editor","not_started","not_started","occupation mapping record | claim verification record | qualification/accreditation note | learner-safe profile update recommendation","No salary, demand, APS, provider-entry or registration claim moves to reviewed/published without source URL, access date, verification status and confidence score."
"batch_31","phase_1","quality-manager","Quality Manager","Manufacturing, mining and energy","high","manufacturing-mining-energy","qualification_accreditation_researcher","source_evidence_reviewer","learner_safety_editor","not_started","not_started","occupation mapping record | claim verification record | qualification/accreditation note | learner-safe profile update recommendation","No salary, demand, APS, provider-entry or registration claim moves to reviewed/published without source URL, access date, verification status and confidence score."
"batch_31","phase_1","recycling-worker","Recycling Worker","Manufacturing, mining and energy","high","manufacturing-mining-energy","qualification_accreditation_researcher","source_evidence_reviewer","learner_safety_editor","not_started","not_started","occupation mapping record | claim verification record | qualification/accreditation note | learner-safe profile update recommendation","No salary, demand, APS, provider-entry or registration claim moves to reviewed/published without source URL, access date, verification status and confidence score."
"batch_31","phase_1","refinery-operator","Refinery Operator","Manufacturing, mining and energy","high","manufacturing-mining-energy","qualification_accreditation_researcher","source_evidence_reviewer","learner_safety_editor","not_started","not_started","occupation mapping record | claim verification record | qualification/accreditation note | learner-safe profile update recommendation","No salary, demand, APS, provider-entry or registration claim moves to reviewed/published without source URL, access date, verification status and confidence score."
"batch_31","phase_1","renewable-energy-engineer","Renewable Energy Engineer","Manufacturing, mining and energy","high","manufacturing-mining-energy","qualification_accreditation_researcher","source_evidence_reviewer","learner_safety_editor","not_started","not_started","occupation mapping record | claim verification record | qualification/accreditation note | learner-safe profile update recommendation","No salary, demand, APS, provider-entry or registration claim moves to reviewed/published without source URL, access date, verification status and confidence score."
"batch_31","phase_1","rigger","Rigger","Manufacturing, mining and energy","high","manufacturing-mining-energy","qualification_accreditation_researcher","source_evidence_reviewer","learner_safety_editor","not_started","not_started","occupation mapping record | claim verification record | qualification/accreditation note | learner-safe profile update recommendation","No salary, demand, APS, provider-entry or registration claim moves to reviewed/published without source URL, access date, verification status and confidence score."
"batch_31","phase_1","rock-driller","Rock Driller","Manufacturing, mining and energy","high","manufacturing-mining-energy","qualification_accreditation_researcher","source_evidence_reviewer","learner_safety_editor","not_started","not_started","occupation mapping record | claim verification record | qualification/accreditation note | learner-safe profile update recommendation","No salary, demand, APS, provider-entry or registration claim moves to reviewed/published without source URL, access date, verification status and confidence score."
"batch_31","phase_1","rock-engineer","Rock Engineer","Manufacturing, mining and energy","high","manufacturing-mining-energy","qualification_accreditation_researcher","source_evidence_reviewer","learner_safety_editor","not_started","not_started","occupation mapping record | claim verification record | qualification/accreditation note | learner-safe profile update recommendation","No salary, demand, APS, provider-entry or registration claim moves to reviewed/published without source URL, access date, verification status and confidence score."
"batch_31","phase_1","rubber-worker","Rubber Worker","Manufacturing, mining and energy","high","manufacturing-mining-energy","qualification_accreditation_researcher","source_evidence_reviewer","learner_safety_editor","not_started","not_started","occupation mapping record | claim verification record | qualification/accreditation note | learner-safe profile update recommendation","No salary, demand, APS, provider-entry or registration claim moves to reviewed/published without source URL, access date, verification status and confidence score."
"batch_32","phase_1","scaffolder","Scaffolder","Manufacturing, mining and energy","high","manufacturing-mining-energy","qualification_accreditation_researcher","source_evidence_reviewer","learner_safety_editor","not_started","not_started","occupation mapping record | claim verification record | qualification/accreditation note | learner-safe profile update recommendation","No salary, demand, APS, provider-entry or registration claim moves to reviewed/published without source URL, access date, verification status and confidence score."
"batch_32","phase_1","shoemaker","Shoemaker","Manufacturing, mining and energy","high","manufacturing-mining-energy","qualification_accreditation_researcher","source_evidence_reviewer","learner_safety_editor","not_started","not_started","occupation mapping record | claim verification record | qualification/accreditation note | learner-safe profile update recommendation","No salary, demand, APS, provider-entry or registration claim moves to reviewed/published without source URL, access date, verification status and confidence score."
"batch_32","phase_1","steam-engine-and-boiler-operator","Steam Engine and Boiler Operator","Manufacturing, mining and energy","high","manufacturing-mining-energy","qualification_accreditation_researcher","source_evidence_reviewer","learner_safety_editor","not_started","not_started","occupation mapping record | claim verification record | qualification/accreditation note | learner-safe profile update recommendation","No salary, demand, APS, provider-entry or registration claim moves to reviewed/published without source URL, access date, verification status and confidence score."
"batch_32","phase_1","tailor","Tailor","Manufacturing, mining and energy","high","manufacturing-mining-energy","qualification_accreditation_researcher","source_evidence_reviewer","learner_safety_editor","not_started","not_started","occupation mapping record | claim verification record | qualification/accreditation note | learner-safe profile update recommendation","No salary, demand, APS, provider-entry or registration claim moves to reviewed/published without source URL, access date, verification status and confidence score."
"batch_32","phase_1","upholsterer","Upholsterer","Manufacturing, mining and energy","high","manufacturing-mining-energy","qualification_accreditation_researcher","source_evidence_reviewer","learner_safety_editor","not_started","not_started","occupation mapping record | claim verification record | qualification/accreditation note | learner-safe profile update recommendation","No salary, demand, APS, provider-entry or registration claim moves to reviewed/published without source URL, access date, verification status and confidence score."
"batch_32","phase_1","waste-treatment-plant-operator","Waste Treatment Plant Operator","Manufacturing, mining and energy","high","manufacturing-mining-energy","qualification_accreditation_researcher","source_evidence_reviewer","learner_safety_editor","not_started","not_started","occupation mapping record | claim verification record | qualification/accreditation note | learner-safe profile update recommendation","No salary, demand, APS, provider-entry or registration claim moves to reviewed/published without source URL, access date, verification status and confidence score."
"batch_32","phase_1","water-treatment-plant-operator","Water Treatment Plant Operator","Manufacturing, mining and energy","high","manufacturing-mining-energy","qualification_accreditation_researcher","source_evidence_reviewer","learner_safety_editor","not_started","not_started","occupation mapping record | claim verification record | qualification/accreditation note | learner-safe profile update recommendation","No salary, demand, APS, provider-entry or registration claim moves to reviewed/published without source URL, access date, verification status and confidence score."
"batch_32","phase_1","welding-machine-operator","Welding Machine Operator","Manufacturing, mining and energy","high","manufacturing-mining-energy","qualification_accreditation_researcher","source_evidence_reviewer","learner_safety_editor","not_started","not_started","occupation mapping record | claim verification record | qualification/accreditation note | learner-safe profile update recommendation","No salary, demand, APS, provider-entry or registration claim moves to reviewed/published without source URL, access date, verification status and confidence score."
"batch_32","phase_2","account-manager-sales","Account Manager (Sales)","Sales, marketing and customer work","medium","commercial-customer","occupation_mapper","source_evidence_reviewer","learner_safety_editor","not_started","not_started","occupation mapping record | claim verification record | qualification/accreditation note | learner-safe profile update recommendation","No salary, demand, APS, provider-entry or registration claim moves to reviewed/published without source URL, access date, verification status and confidence score."
"batch_32","phase_2","advertising-sales-agent","Advertising Sales Agent","Sales, marketing and customer work","medium","commercial-customer","occupation_mapper","source_evidence_reviewer","learner_safety_editor","not_started","not_started","occupation mapping record | claim verification record | qualification/accreditation note | learner-safe profile update recommendation","No salary, demand, APS, provider-entry or registration claim moves to reviewed/published without source URL, access date, verification status and confidence score."
"batch_32","phase_2","auctioneer","Auctioneer","Sales, marketing and customer work","medium","commercial-customer","occupation_mapper","source_evidence_reviewer","learner_safety_editor","not_started","not_started","occupation mapping record | claim verification record | qualification/accreditation note | learner-safe profile update recommendation","No salary, demand, APS, provider-entry or registration claim moves to reviewed/published without source URL, access date, verification status and confidence score."
"batch_32","phase_2","automotive-sales-consultant","Automotive Sales Consultant","Sales, marketing and customer work","medium","commercial-customer","occupation_mapper","source_evidence_reviewer","learner_safety_editor","not_started","not_started","occupation mapping record | claim verification record | qualification/accreditation note | learner-safe profile update recommendation","No salary, demand, APS, provider-entry or registration claim moves to reviewed/published without source URL, access date, verification status and confidence score."
"batch_32","phase_2","booking-clerk","Booking Clerk","Sales, marketing and customer work","medium","commercial-customer","occupation_mapper","source_evidence_reviewer","learner_safety_editor","not_started","not_started","occupation mapping record | claim verification record | qualification/accreditation note | learner-safe profile update recommendation","No salary, demand, APS, provider-entry or registration claim moves to reviewed/published without source URL, access date, verification status and confidence score."
"batch_32","phase_2","brand-ambassador","Brand Ambassador","Sales, marketing and customer work","medium","commercial-customer","occupation_mapper","source_evidence_reviewer","learner_safety_editor","not_started","not_started","occupation mapping record | claim verification record | qualification/accreditation note | learner-safe profile update recommendation","No salary, demand, APS, provider-entry or registration claim moves to reviewed/published without source URL, access date, verification status and confidence score."
"batch_32","phase_2","business-development-manager","Business Development Manager","Sales, marketing and customer work","medium","commercial-customer","occupation_mapper","source_evidence_reviewer","learner_safety_editor","not_started","not_started","occupation mapping record | claim verification record | qualification/accreditation note | learner-safe profile update recommendation","No salary, demand, APS, provider-entry or registration claim moves to reviewed/published without source URL, access date, verification status and confidence score."
"batch_32","phase_2","call-centre-agent","Call Centre Agent","Sales, marketing and customer work","medium","commercial-customer","occupation_mapper","source_evidence_reviewer","learner_safety_editor","not_started","not_started","occupation mapping record | claim verification record | qualification/accreditation note | learner-safe profile update recommendation","No salary, demand, APS, provider-entry or registration claim moves to reviewed/published without source URL, access date, verification status and confidence score."
"batch_32","phase_2","call-centre-manager","Call Centre Manager","Sales, marketing and customer work","medium","commercial-customer","occupation_mapper","source_evidence_reviewer","learner_safety_editor","not_started","not_started","occupation mapping record | claim verification record | qualification/accreditation note | learner-safe profile update recommendation","No salary, demand, APS, provider-entry or registration claim moves to reviewed/published without source URL, access date, verification status and confidence score."
"batch_32","phase_2","car-salesperson","Car Salesperson","Sales, marketing and customer work","medium","commercial-customer","occupation_mapper","source_evidence_reviewer","learner_safety_editor","not_started","not_started","occupation mapping record | claim verification record | qualification/accreditation note | learner-safe profile update recommendation","No salary, demand, APS, provider-entry or registration claim moves to reviewed/published without source URL, access date, verification status and confidence score."
"batch_32","phase_2","cashier","Cashier","Sales, marketing and customer work","medium","commercial-customer","occupation_mapper","source_evidence_reviewer","learner_safety_editor","not_started","not_started","occupation mapping record | claim verification record | qualification/accreditation note | learner-safe profile update recommendation","No salary, demand, APS, provider-entry or registration claim moves to reviewed/published without source URL, access date, verification status and confidence score."
"batch_32","phase_2","client-liaison-officer","Client Liaison Officer","Sales, marketing and customer work","medium","commercial-customer","occupation_mapper","source_evidence_reviewer","learner_safety_editor","not_started","not_started","occupation mapping record | claim verification record | qualification/accreditation note | learner-safe profile update recommendation","No salary, demand, APS, provider-entry or registration claim moves to reviewed/published without source URL, access date, verification status and confidence score."
"batch_32","phase_2","commercial-sales-representative","Commercial Sales Representative","Sales, marketing and customer work","medium","commercial-customer","occupation_mapper","source_evidence_reviewer","learner_safety_editor","not_started","not_started","occupation mapping record | claim verification record | qualification/accreditation note | learner-safe profile update recommendation","No salary, demand, APS, provider-entry or registration claim moves to reviewed/published without source URL, access date, verification status and confidence score."
"batch_32","phase_2","contact-centre-agent","Contact Centre Agent","Sales, marketing and customer work","medium","commercial-customer","occupation_mapper","source_evidence_reviewer","learner_safety_editor","not_started","not_started","occupation mapping record | claim verification record | qualification/accreditation note | learner-safe profile update recommendation","No salary, demand, APS, provider-entry or registration claim moves to reviewed/published without source URL, access date, verification status and confidence score."
"batch_32","phase_2","customer-service-agent","Customer Service Agent","Sales, marketing and customer work","medium","commercial-customer","occupation_mapper","source_evidence_reviewer","learner_safety_editor","not_started","not_started","occupation mapping record | claim verification record | qualification/accreditation note | learner-safe profile update recommendation","No salary, demand, APS, provider-entry or registration claim moves to reviewed/published without source URL, access date, verification status and confidence score."
"batch_32","phase_2","customer-service-manager","Customer Service Manager","Sales, marketing and customer work","medium","commercial-customer","occupation_mapper","source_evidence_reviewer","learner_safety_editor","not_started","not_started","occupation mapping record | claim verification record | qualification/accreditation note | learner-safe profile update recommendation","No salary, demand, APS, provider-entry or registration claim moves to reviewed/published without source URL, access date, verification status and confidence score."
"batch_32","phase_2","customer-service-representative","Customer Service Representative","Sales, marketing and customer work","medium","commercial-customer","occupation_mapper","source_evidence_reviewer","learner_safety_editor","not_started","not_started","occupation mapping record | claim verification record | qualification/accreditation note | learner-safe profile update recommendation","No salary, demand, APS, provider-entry or registration claim moves to reviewed/published without source URL, access date, verification status and confidence score."
"batch_33","phase_2","debt-collector","Debt Collector","Sales, marketing and customer work","medium","commercial-customer","occupation_mapper","source_evidence_reviewer","learner_safety_editor","not_started","not_started","occupation mapping record | claim verification record | qualification/accreditation note | learner-safe profile update recommendation","No salary, demand, APS, provider-entry or registration claim moves to reviewed/published without source URL, access date, verification status and confidence score."
"batch_33","phase_2","demonstrator","Demonstrator","Sales, marketing and customer work","medium","commercial-customer","occupation_mapper","source_evidence_reviewer","learner_safety_editor","not_started","not_started","occupation mapping record | claim verification record | qualification/accreditation note | learner-safe profile update recommendation","No salary, demand, APS, provider-entry or registration claim moves to reviewed/published without source URL, access date, verification status and confidence score."
"batch_33","phase_2","door-to-door-sales-worker","Door-to-Door Sales Worker","Sales, marketing and customer work","medium","commercial-customer","occupation_mapper","source_evidence_reviewer","learner_safety_editor","not_started","not_started","occupation mapping record | claim verification record | qualification/accreditation note | learner-safe profile update recommendation","No salary, demand, APS, provider-entry or registration claim moves to reviewed/published without source URL, access date, verification status and confidence score."
"batch_33","phase_2","enquiry-clerk","Enquiry Clerk","Sales, marketing and customer work","medium","commercial-customer","occupation_mapper","source_evidence_reviewer","learner_safety_editor","not_started","not_started","occupation mapping record | claim verification record | qualification/accreditation note | learner-safe profile update recommendation","No salary, demand, APS, provider-entry or registration claim moves to reviewed/published without source URL, access date, verification status and confidence score."
"batch_33","phase_2","estate-agent","Estate Agent","Sales, marketing and customer work","medium","commercial-customer","occupation_mapper","source_evidence_reviewer","learner_safety_editor","not_started","not_started","occupation mapping record | claim verification record | qualification/accreditation note | learner-safe profile update recommendation","No salary, demand, APS, provider-entry or registration claim moves to reviewed/published without source URL, access date, verification status and confidence score."
"batch_33","phase_2","franchise-manager","Franchise Manager","Sales, marketing and customer work","medium","commercial-customer","occupation_mapper","source_evidence_reviewer","learner_safety_editor","not_started","not_started","occupation mapping record | claim verification record | qualification/accreditation note | learner-safe profile update recommendation","No salary, demand, APS, provider-entry or registration claim moves to reviewed/published without source URL, access date, verification status and confidence score."
"batch_33","phase_2","hotel-receptionist","Hotel Receptionist","Sales, marketing and customer work","medium","commercial-customer","occupation_mapper","source_evidence_reviewer","learner_safety_editor","not_started","not_started","occupation mapping record | claim verification record | qualification/accreditation note | learner-safe profile update recommendation","No salary, demand, APS, provider-entry or registration claim moves to reviewed/published without source URL, access date, verification status and confidence score."
"batch_33","phase_2","informal-trader","Informal Trader","Sales, marketing and customer work","medium","commercial-customer","occupation_mapper","source_evidence_reviewer","learner_safety_editor","not_started","not_started","occupation mapping record | claim verification record | qualification/accreditation note | learner-safe profile update recommendation","No salary, demand, APS, provider-entry or registration claim moves to reviewed/published without source URL, access date, verification status and confidence score."
"batch_33","phase_2","information-clerk","Information Clerk","Sales, marketing and customer work","medium","commercial-customer","occupation_mapper","source_evidence_reviewer","learner_safety_editor","not_started","not_started","occupation mapping record | claim verification record | qualification/accreditation note | learner-safe profile update recommendation","No salary, demand, APS, provider-entry or registration claim moves to reviewed/published without source URL, access date, verification status and confidence score."
"batch_33","phase_2","insurance-sales-agent","Insurance Sales Agent","Sales, marketing and customer work","medium","commercial-customer","occupation_mapper","source_evidence_reviewer","learner_safety_editor","not_started","not_started","occupation mapping record | claim verification record | qualification/accreditation note | learner-safe profile update recommendation","No salary, demand, APS, provider-entry or registration claim moves to reviewed/published without source URL, access date, verification status and confidence score."
"batch_33","phase_2","key-account-manager","Key Account Manager","Sales, marketing and customer work","medium","commercial-customer","occupation_mapper","source_evidence_reviewer","learner_safety_editor","not_started","not_started","occupation mapping record | claim verification record | qualification/accreditation note | learner-safe profile update recommendation","No salary, demand, APS, provider-entry or registration claim moves to reviewed/published without source URL, access date, verification status and confidence score."
"batch_33","phase_2","market-research-analyst","Market Research Analyst","Sales, marketing and customer work","medium","commercial-customer","occupation_mapper","source_evidence_reviewer","learner_safety_editor","not_started","not_started","occupation mapping record | claim verification record | qualification/accreditation note | learner-safe profile update recommendation","No salary, demand, APS, provider-entry or registration claim moves to reviewed/published without source URL, access date, verification status and confidence score."
"batch_33","phase_2","market-stall-holder","Market Stall Holder","Sales, marketing and customer work","medium","commercial-customer","occupation_mapper","source_evidence_reviewer","learner_safety_editor","not_started","not_started","occupation mapping record | claim verification record | qualification/accreditation note | learner-safe profile update recommendation","No salary, demand, APS, provider-entry or registration claim moves to reviewed/published without source URL, access date, verification status and confidence score."
"batch_33","phase_2","marketing-assistant","Marketing Assistant","Sales, marketing and customer work","medium","commercial-customer","occupation_mapper","source_evidence_reviewer","learner_safety_editor","not_started","not_started","occupation mapping record | claim verification record | qualification/accreditation note | learner-safe profile update recommendation","No salary, demand, APS, provider-entry or registration claim moves to reviewed/published without source URL, access date, verification status and confidence score."
"batch_33","phase_2","marketing-coordinator","Marketing Coordinator","Sales, marketing and customer work","medium","commercial-customer","occupation_mapper","source_evidence_reviewer","learner_safety_editor","not_started","not_started","occupation mapping record | claim verification record | qualification/accreditation note | learner-safe profile update recommendation","No salary, demand, APS, provider-entry or registration claim moves to reviewed/published without source URL, access date, verification status and confidence score."
"batch_33","phase_2","media-sales-representative","Media Sales Representative","Sales, marketing and customer work","medium","commercial-customer","occupation_mapper","source_evidence_reviewer","learner_safety_editor","not_started","not_started","occupation mapping record | claim verification record | qualification/accreditation note | learner-safe profile update recommendation","No salary, demand, APS, provider-entry or registration claim moves to reviewed/published without source URL, access date, verification status and confidence score."
"batch_33","phase_2","merchandiser","Merchandiser","Sales, marketing and customer work","medium","commercial-customer","occupation_mapper","source_evidence_reviewer","learner_safety_editor","not_started","not_started","occupation mapping record | claim verification record | qualification/accreditation note | learner-safe profile update recommendation","No salary, demand, APS, provider-entry or registration claim moves to reviewed/published without source URL, access date, verification status and confidence score."
"batch_33","phase_2","model","Model","Sales, marketing and customer work","medium","commercial-customer","occupation_mapper","source_evidence_reviewer","learner_safety_editor","not_started","not_started","occupation mapping record | claim verification record | qualification/accreditation note | learner-safe profile update recommendation","No salary, demand, APS, provider-entry or registration claim moves to reviewed/published without source URL, access date, verification status and confidence score."
"batch_33","phase_2","pharmaceutical-sales-representative","Pharmaceutical Sales Representative","Sales, marketing and customer work","medium","commercial-customer","occupation_mapper","source_evidence_reviewer","learner_safety_editor","not_started","not_started","occupation mapping record | claim verification record | qualification/accreditation note | learner-safe profile update recommendation","No salary, demand, APS, provider-entry or registration claim moves to reviewed/published without source URL, access date, verification status and confidence score."
"batch_33","phase_2","promotions-officer","Promotions Officer","Sales, marketing and customer work","medium","commercial-customer","occupation_mapper","source_evidence_reviewer","learner_safety_editor","not_started","not_started","occupation mapping record | claim verification record | qualification/accreditation note | learner-safe profile update recommendation","No salary, demand, APS, provider-entry or registration claim moves to reviewed/published without source URL, access date, verification status and confidence score."
"batch_33","phase_2","property-manager","Property Manager","Sales, marketing and customer work","medium","commercial-customer","occupation_mapper","source_evidence_reviewer","learner_safety_editor","not_started","not_started","occupation mapping record | claim verification record | qualification/accreditation note | learner-safe profile update recommendation","No salary, demand, APS, provider-entry or registration claim moves to reviewed/published without source URL, access date, verification status and confidence score."
"batch_33","phase_2","real-estate-agent","Real Estate Agent","Sales, marketing and customer work","medium","commercial-customer","occupation_mapper","source_evidence_reviewer","learner_safety_editor","not_started","not_started","occupation mapping record | claim verification record | qualification/accreditation note | learner-safe profile update recommendation","No salary, demand, APS, provider-entry or registration claim moves to reviewed/published without source URL, access date, verification status and confidence score."
"batch_33","phase_2","retail-manager","Retail Manager","Sales, marketing and customer work","medium","commercial-customer","occupation_mapper","source_evidence_reviewer","learner_safety_editor","not_started","not_started","occupation mapping record | claim verification record | qualification/accreditation note | learner-safe profile update recommendation","No salary, demand, APS, provider-entry or registration claim moves to reviewed/published without source URL, access date, verification status and confidence score."
"batch_33","phase_2","retail-sales-assistant","Retail Sales Assistant","Sales, marketing and customer work","medium","commercial-customer","occupation_mapper","source_evidence_reviewer","learner_safety_editor","not_started","not_started","occupation mapping record | claim verification record | qualification/accreditation note | learner-safe profile update recommendation","No salary, demand, APS, provider-entry or registration claim moves to reviewed/published without source URL, access date, verification status and confidence score."
"batch_33","phase_2","retail-supervisor","Retail Supervisor","Sales, marketing and customer work","medium","commercial-customer","occupation_mapper","source_evidence_reviewer","learner_safety_editor","not_started","not_started","occupation mapping record | claim verification record | qualification/accreditation note | learner-safe profile update recommendation","No salary, demand, APS, provider-entry or registration claim moves to reviewed/published without source URL, access date, verification status and confidence score."
"batch_34","phase_2","sales-assistant","Sales Assistant","Sales, marketing and customer work","medium","commercial-customer","occupation_mapper","source_evidence_reviewer","learner_safety_editor","not_started","not_started","occupation mapping record | claim verification record | qualification/accreditation note | learner-safe profile update recommendation","No salary, demand, APS, provider-entry or registration claim moves to reviewed/published without source URL, access date, verification status and confidence score."
"batch_34","phase_2","sales-clerk","Sales Clerk","Sales, marketing and customer work","medium","commercial-customer","occupation_mapper","source_evidence_reviewer","learner_safety_editor","not_started","not_started","occupation mapping record | claim verification record | qualification/accreditation note | learner-safe profile update recommendation","No salary, demand, APS, provider-entry or registration claim moves to reviewed/published without source URL, access date, verification status and confidence score."
"batch_34","phase_2","sales-manager","Sales Manager","Sales, marketing and customer work","medium","commercial-customer","occupation_mapper","source_evidence_reviewer","learner_safety_editor","not_started","not_started","occupation mapping record | claim verification record | qualification/accreditation note | learner-safe profile update recommendation","No salary, demand, APS, provider-entry or registration claim moves to reviewed/published without source URL, access date, verification status and confidence score."
"batch_34","phase_2","sales-representative","Sales Representative","Sales, marketing and customer work","medium","commercial-customer","occupation_mapper","source_evidence_reviewer","learner_safety_editor","not_started","not_started","occupation mapping record | claim verification record | qualification/accreditation note | learner-safe profile update recommendation","No salary, demand, APS, provider-entry or registration claim moves to reviewed/published without source URL, access date, verification status and confidence score."
"batch_34","phase_2","shop-sales-assistant","Shop Sales Assistant","Sales, marketing and customer work","medium","commercial-customer","occupation_mapper","source_evidence_reviewer","learner_safety_editor","not_started","not_started","occupation mapping record | claim verification record | qualification/accreditation note | learner-safe profile update recommendation","No salary, demand, APS, provider-entry or registration claim moves to reviewed/published without source URL, access date, verification status and confidence score."
"batch_34","phase_2","spaza-shop-owner","Spaza Shop Owner","Sales, marketing and customer work","medium","commercial-customer","occupation_mapper","source_evidence_reviewer","learner_safety_editor","not_started","not_started","occupation mapping record | claim verification record | qualification/accreditation note | learner-safe profile update recommendation","No salary, demand, APS, provider-entry or registration claim moves to reviewed/published without source URL, access date, verification status and confidence score."
"batch_34","phase_2","store-manager","Store Manager","Sales, marketing and customer work","medium","commercial-customer","occupation_mapper","source_evidence_reviewer","learner_safety_editor","not_started","not_started","occupation mapping record | claim verification record | qualification/accreditation note | learner-safe profile update recommendation","No salary, demand, APS, provider-entry or registration claim moves to reviewed/published without source URL, access date, verification status and confidence score."
"batch_34","phase_2","street-vendor","Street Vendor","Sales, marketing and customer work","medium","commercial-customer","occupation_mapper","source_evidence_reviewer","learner_safety_editor","not_started","not_started","occupation mapping record | claim verification record | qualification/accreditation note | learner-safe profile update recommendation","No salary, demand, APS, provider-entry or registration claim moves to reviewed/published without source URL, access date, verification status and confidence score."
"batch_34","phase_2","technical-sales-representative","Technical Sales Representative","Sales, marketing and customer work","medium","commercial-customer","occupation_mapper","source_evidence_reviewer","learner_safety_editor","not_started","not_started","occupation mapping record | claim verification record | qualification/accreditation note | learner-safe profile update recommendation","No salary, demand, APS, provider-entry or registration claim moves to reviewed/published without source URL, access date, verification status and confidence score."
"batch_34","phase_2","telesales-agent","Telesales Agent","Sales, marketing and customer work","medium","commercial-customer","occupation_mapper","source_evidence_reviewer","learner_safety_editor","not_started","not_started","occupation mapping record | claim verification record | qualification/accreditation note | learner-safe profile update recommendation","No salary, demand, APS, provider-entry or registration claim moves to reviewed/published without source URL, access date, verification status and confidence score."
"batch_34","phase_2","ticket-agent","Ticket Agent","Sales, marketing and customer work","medium","commercial-customer","occupation_mapper","source_evidence_reviewer","learner_safety_editor","not_started","not_started","occupation mapping record | claim verification record | qualification/accreditation note | learner-safe profile update recommendation","No salary, demand, APS, provider-entry or registration claim moves to reviewed/published without source URL, access date, verification status and confidence score."
"batch_34","phase_2","travel-agent","Travel Agent","Sales, marketing and customer work","medium","commercial-customer","occupation_mapper","source_evidence_reviewer","learner_safety_editor","not_started","not_started","occupation mapping record | claim verification record | qualification/accreditation note | learner-safe profile update recommendation","No salary, demand, APS, provider-entry or registration claim moves to reviewed/published without source URL, access date, verification status and confidence score."
"batch_34","phase_2","vendor-relationship-manager","Vendor Relationship Manager","Sales, marketing and customer work","medium","commercial-customer","occupation_mapper","source_evidence_reviewer","learner_safety_editor","not_started","not_started","occupation mapping record | claim verification record | qualification/accreditation note | learner-safe profile update recommendation","No salary, demand, APS, provider-entry or registration claim moves to reviewed/published without source URL, access date, verification status and confidence score."
"batch_34","phase_2","visual-merchandiser","Visual Merchandiser","Sales, marketing and customer work","medium","commercial-customer","occupation_mapper","source_evidence_reviewer","learner_safety_editor","not_started","not_started","occupation mapping record | claim verification record | qualification/accreditation note | learner-safe profile update recommendation","No salary, demand, APS, provider-entry or registration claim moves to reviewed/published without source URL, access date, verification status and confidence score."
"batch_34","phase_2","wholesale-manager","Wholesale Manager","Sales, marketing and customer work","medium","commercial-customer","occupation_mapper","source_evidence_reviewer","learner_safety_editor","not_started","not_started","occupation mapping record | claim verification record | qualification/accreditation note | learner-safe profile update recommendation","No salary, demand, APS, provider-entry or registration claim moves to reviewed/published without source URL, access date, verification status and confidence score."
"batch_34","phase_2","analytical-chemist","Analytical Chemist","Science, research and frontier careers","medium","science-frontier","qualification_accreditation_researcher","source_evidence_reviewer","learner_safety_editor","not_started","not_started","occupation mapping record | claim verification record | qualification/accreditation note | learner-safe profile update recommendation","No salary, demand, APS, provider-entry or registration claim moves to reviewed/published without source URL, access date, verification status and confidence score."
"batch_34","phase_2","astronomer","Astronomer","Science, research and frontier careers","medium","science-frontier","qualification_accreditation_researcher","source_evidence_reviewer","learner_safety_editor","not_started","not_started","occupation mapping record | claim verification record | qualification/accreditation note | learner-safe profile update recommendation","No salary, demand, APS, provider-entry or registration claim moves to reviewed/published without source URL, access date, verification status and confidence score."
"batch_34","phase_2","biochemist","Biochemist","Science, research and frontier careers","medium","science-frontier","qualification_accreditation_researcher","source_evidence_reviewer","learner_safety_editor","not_started","not_started","occupation mapping record | claim verification record | qualification/accreditation note | learner-safe profile update recommendation","No salary, demand, APS, provider-entry or registration claim moves to reviewed/published without source URL, access date, verification status and confidence score."
"batch_34","phase_2","biologist","Biologist","Science, research and frontier careers","medium","science-frontier","qualification_accreditation_researcher","source_evidence_reviewer","learner_safety_editor","not_started","not_started","occupation mapping record | claim verification record | qualification/accreditation note | learner-safe profile update recommendation","No salary, demand, APS, provider-entry or registration claim moves to reviewed/published without source URL, access date, verification status and confidence score."
"batch_34","phase_2","biostatistician","Biostatistician","Science, research and frontier careers","medium","science-frontier","qualification_accreditation_researcher","source_evidence_reviewer","learner_safety_editor","not_started","not_started","occupation mapping record | claim verification record | qualification/accreditation note | learner-safe profile update recommendation","No salary, demand, APS, provider-entry or registration claim moves to reviewed/published without source URL, access date, verification status and confidence score."
"batch_34","phase_2","biotechnologist","Biotechnologist","Science, research and frontier careers","medium","science-frontier","qualification_accreditation_researcher","source_evidence_reviewer","learner_safety_editor","not_started","not_started","occupation mapping record | claim verification record | qualification/accreditation note | learner-safe profile update recommendation","No salary, demand, APS, provider-entry or registration claim moves to reviewed/published without source URL, access date, verification status and confidence score."
"batch_34","phase_2","botanist","Botanist","Science, research and frontier careers","medium","science-frontier","qualification_accreditation_researcher","source_evidence_reviewer","learner_safety_editor","not_started","not_started","occupation mapping record | claim verification record | qualification/accreditation note | learner-safe profile update recommendation","No salary, demand, APS, provider-entry or registration claim moves to reviewed/published without source URL, access date, verification status and confidence score."
"batch_34","phase_2","chemist","Chemist","Science, research and frontier careers","medium","science-frontier","qualification_accreditation_researcher","source_evidence_reviewer","learner_safety_editor","not_started","not_started","occupation mapping record | claim verification record | qualification/accreditation note | learner-safe profile update recommendation","No salary, demand, APS, provider-entry or registration claim moves to reviewed/published without source URL, access date, verification status and confidence score."
"batch_34","phase_2","climatologist","Climatologist","Science, research and frontier careers","medium","science-frontier","qualification_accreditation_researcher","source_evidence_reviewer","learner_safety_editor","not_started","not_started","occupation mapping record | claim verification record | qualification/accreditation note | learner-safe profile update recommendation","No salary, demand, APS, provider-entry or registration claim moves to reviewed/published without source URL, access date, verification status and confidence score."
"batch_34","phase_2","ecologist","Ecologist","Science, research and frontier careers","medium","science-frontier","qualification_accreditation_researcher","source_evidence_reviewer","learner_safety_editor","not_started","not_started","occupation mapping record | claim verification record | qualification/accreditation note | learner-safe profile update recommendation","No salary, demand, APS, provider-entry or registration claim moves to reviewed/published without source URL, access date, verification status and confidence score."
"batch_35","phase_2","environmental-scientist","Environmental Scientist","Science, research and frontier careers","medium","science-frontier","qualification_accreditation_researcher","source_evidence_reviewer","learner_safety_editor","not_started","not_started","occupation mapping record | claim verification record | qualification/accreditation note | learner-safe profile update recommendation","No salary, demand, APS, provider-entry or registration claim moves to reviewed/published without source URL, access date, verification status and confidence score."
"batch_35","phase_2","epidemiologist","Epidemiologist","Science, research and frontier careers","medium","science-frontier","qualification_accreditation_researcher","source_evidence_reviewer","learner_safety_editor","not_started","not_started","occupation mapping record | claim verification record | qualification/accreditation note | learner-safe profile update recommendation","No salary, demand, APS, provider-entry or registration claim moves to reviewed/published without source URL, access date, verification status and confidence score."
"batch_35","phase_2","forensic-analyst","Forensic Analyst","Science, research and frontier careers","medium","science-frontier","qualification_accreditation_researcher","source_evidence_reviewer","learner_safety_editor","not_started","not_started","occupation mapping record | claim verification record | qualification/accreditation note | learner-safe profile update recommendation","No salary, demand, APS, provider-entry or registration claim moves to reviewed/published without source URL, access date, verification status and confidence score."
"batch_35","phase_2","forensic-scientist","Forensic Scientist","Science, research and frontier careers","medium","science-frontier","qualification_accreditation_researcher","source_evidence_reviewer","learner_safety_editor","not_started","not_started","occupation mapping record | claim verification record | qualification/accreditation note | learner-safe profile update recommendation","No salary, demand, APS, provider-entry or registration claim moves to reviewed/published without source URL, access date, verification status and confidence score."
"batch_35","phase_2","geneticist","Geneticist","Science, research and frontier careers","medium","science-frontier","qualification_accreditation_researcher","source_evidence_reviewer","learner_safety_editor","not_started","not_started","occupation mapping record | claim verification record | qualification/accreditation note | learner-safe profile update recommendation","No salary, demand, APS, provider-entry or registration claim moves to reviewed/published without source URL, access date, verification status and confidence score."
"batch_35","phase_2","geochemist","Geochemist","Science, research and frontier careers","medium","science-frontier","qualification_accreditation_researcher","source_evidence_reviewer","learner_safety_editor","not_started","not_started","occupation mapping record | claim verification record | qualification/accreditation note | learner-safe profile update recommendation","No salary, demand, APS, provider-entry or registration claim moves to reviewed/published without source URL, access date, verification status and confidence score."
"batch_35","phase_2","laboratory-technician","Laboratory Technician","Science, research and frontier careers","medium","science-frontier","qualification_accreditation_researcher","source_evidence_reviewer","learner_safety_editor","not_started","not_started","occupation mapping record | claim verification record | qualification/accreditation note | learner-safe profile update recommendation","No salary, demand, APS, provider-entry or registration claim moves to reviewed/published without source URL, access date, verification status and confidence score."
"batch_35","phase_2","laboratory-technologist","Laboratory Technologist","Science, research and frontier careers","medium","science-frontier","qualification_accreditation_researcher","source_evidence_reviewer","learner_safety_editor","not_started","not_started","occupation mapping record | claim verification record | qualification/accreditation note | learner-safe profile update recommendation","No salary, demand, APS, provider-entry or registration claim moves to reviewed/published without source URL, access date, verification status and confidence score."
"batch_35","phase_2","microbiologist","Microbiologist","Science, research and frontier careers","medium","science-frontier","qualification_accreditation_researcher","source_evidence_reviewer","learner_safety_editor","not_started","not_started","occupation mapping record | claim verification record | qualification/accreditation note | learner-safe profile update recommendation","No salary, demand, APS, provider-entry or registration claim moves to reviewed/published without source URL, access date, verification status and confidence score."
"batch_35","phase_2","nanotechnologist","Nanotechnologist","Science, research and frontier careers","medium","science-frontier","qualification_accreditation_researcher","source_evidence_reviewer","learner_safety_editor","not_started","not_started","occupation mapping record | claim verification record | qualification/accreditation note | learner-safe profile update recommendation","No salary, demand, APS, provider-entry or registration claim moves to reviewed/published without source URL, access date, verification status and confidence score."
"batch_35","phase_2","nuclear-scientist","Nuclear Scientist","Science, research and frontier careers","medium","science-frontier","qualification_accreditation_researcher","source_evidence_reviewer","learner_safety_editor","not_started","not_started","occupation mapping record | claim verification record | qualification/accreditation note | learner-safe profile update recommendation","No salary, demand, APS, provider-entry or registration claim moves to reviewed/published without source URL, access date, verification status and confidence score."
"batch_35","phase_2","oceanographer","Oceanographer","Science, research and frontier careers","medium","science-frontier","qualification_accreditation_researcher","source_evidence_reviewer","learner_safety_editor","not_started","not_started","occupation mapping record | claim verification record | qualification/accreditation note | learner-safe profile update recommendation","No salary, demand, APS, provider-entry or registration claim moves to reviewed/published without source URL, access date, verification status and confidence score."
"batch_35","phase_2","operations-researcher","Operations Researcher","Science, research and frontier careers","medium","science-frontier","qualification_accreditation_researcher","source_evidence_reviewer","learner_safety_editor","not_started","not_started","occupation mapping record | claim verification record | qualification/accreditation note | learner-safe profile update recommendation","No salary, demand, APS, provider-entry or registration claim moves to reviewed/published without source URL, access date, verification status and confidence score."
"batch_35","phase_2","paleontologist","Paleontologist","Science, research and frontier careers","medium","science-frontier","qualification_accreditation_researcher","source_evidence_reviewer","learner_safety_editor","not_started","not_started","occupation mapping record | claim verification record | qualification/accreditation note | learner-safe profile update recommendation","No salary, demand, APS, provider-entry or registration claim moves to reviewed/published without source URL, access date, verification status and confidence score."
"batch_35","phase_2","patent-examiner","Patent Examiner","Science, research and frontier careers","medium","science-frontier","qualification_accreditation_researcher","source_evidence_reviewer","learner_safety_editor","not_started","not_started","occupation mapping record | claim verification record | qualification/accreditation note | learner-safe profile update recommendation","No salary, demand, APS, provider-entry or registration claim moves to reviewed/published without source URL, access date, verification status and confidence score."
"batch_35","phase_2","pharmacologist","Pharmacologist","Science, research and frontier careers","medium","science-frontier","qualification_accreditation_researcher","source_evidence_reviewer","learner_safety_editor","not_started","not_started","occupation mapping record | claim verification record | qualification/accreditation note | learner-safe profile update recommendation","No salary, demand, APS, provider-entry or registration claim moves to reviewed/published without source URL, access date, verification status and confidence score."
"batch_35","phase_2","physicist","Physicist","Science, research and frontier careers","medium","science-frontier","qualification_accreditation_researcher","source_evidence_reviewer","learner_safety_editor","not_started","not_started","occupation mapping record | claim verification record | qualification/accreditation note | learner-safe profile update recommendation","No salary, demand, APS, provider-entry or registration claim moves to reviewed/published without source URL, access date, verification status and confidence score."
"batch_35","phase_2","quantitative-analyst","Quantitative Analyst","Science, research and frontier careers","medium","science-frontier","qualification_accreditation_researcher","source_evidence_reviewer","learner_safety_editor","not_started","not_started","occupation mapping record | claim verification record | qualification/accreditation note | learner-safe profile update recommendation","No salary, demand, APS, provider-entry or registration claim moves to reviewed/published without source URL, access date, verification status and confidence score."
"batch_35","phase_2","radiation-protection-officer","Radiation Protection Officer","Science, research and frontier careers","medium","science-frontier","qualification_accreditation_researcher","source_evidence_reviewer","learner_safety_editor","not_started","not_started","occupation mapping record | claim verification record | qualification/accreditation note | learner-safe profile update recommendation","No salary, demand, APS, provider-entry or registration claim moves to reviewed/published without source URL, access date, verification status and confidence score."
"batch_35","phase_2","research-assistant","Research Assistant","Science, research and frontier careers","medium","science-frontier","qualification_accreditation_researcher","source_evidence_reviewer","learner_safety_editor","not_started","not_started","occupation mapping record | claim verification record | qualification/accreditation note | learner-safe profile update recommendation","No salary, demand, APS, provider-entry or registration claim moves to reviewed/published without source URL, access date, verification status and confidence score."
"batch_35","phase_2","research-scientist","Research Scientist","Science, research and frontier careers","medium","science-frontier","qualification_accreditation_researcher","source_evidence_reviewer","learner_safety_editor","not_started","not_started","occupation mapping record | claim verification record | qualification/accreditation note | learner-safe profile update recommendation","No salary, demand, APS, provider-entry or registration claim moves to reviewed/published without source URL, access date, verification status and confidence score."
"batch_35","phase_2","science-communicator","Science Communicator","Science, research and frontier careers","medium","science-frontier","qualification_accreditation_researcher","source_evidence_reviewer","learner_safety_editor","not_started","not_started","occupation mapping record | claim verification record | qualification/accreditation note | learner-safe profile update recommendation","No salary, demand, APS, provider-entry or registration claim moves to reviewed/published without source URL, access date, verification status and confidence score."
"batch_35","phase_2","science-laboratory-manager","Science Laboratory Manager","Science, research and frontier careers","medium","science-frontier","qualification_accreditation_researcher","source_evidence_reviewer","learner_safety_editor","not_started","not_started","occupation mapping record | claim verification record | qualification/accreditation note | learner-safe profile update recommendation","No salary, demand, APS, provider-entry or registration claim moves to reviewed/published without source URL, access date, verification status and confidence score."
"batch_35","phase_2","seismologist","Seismologist","Science, research and frontier careers","medium","science-frontier","qualification_accreditation_researcher","source_evidence_reviewer","learner_safety_editor","not_started","not_started","occupation mapping record | claim verification record | qualification/accreditation note | learner-safe profile update recommendation","No salary, demand, APS, provider-entry or registration claim moves to reviewed/published without source URL, access date, verification status and confidence score."
"batch_35","phase_2","sensory-scientist","Sensory Scientist","Science, research and frontier careers","medium","science-frontier","qualification_accreditation_researcher","source_evidence_reviewer","learner_safety_editor","not_started","not_started","occupation mapping record | claim verification record | qualification/accreditation note | learner-safe profile update recommendation","No salary, demand, APS, provider-entry or registration claim moves to reviewed/published without source URL, access date, verification status and confidence score."
"batch_36","phase_2","toxicologist","Toxicologist","Science, research and frontier careers","medium","science-frontier","qualification_accreditation_researcher","source_evidence_reviewer","learner_safety_editor","not_started","not_started","occupation mapping record | claim verification record | qualification/accreditation note | learner-safe profile update recommendation","No salary, demand, APS, provider-entry or registration claim moves to reviewed/published without source URL, access date, verification status and confidence score."
"batch_36","phase_2","water-scientist","Water Scientist","Science, research and frontier careers","medium","science-frontier","qualification_accreditation_researcher","source_evidence_reviewer","learner_safety_editor","not_started","not_started","occupation mapping record | claim verification record | qualification/accreditation note | learner-safe profile update recommendation","No salary, demand, APS, provider-entry or registration claim moves to reviewed/published without source URL, access date, verification status and confidence score."
"batch_36","phase_2","zoologist","Zoologist","Science, research and frontier careers","medium","science-frontier","qualification_accreditation_researcher","source_evidence_reviewer","learner_safety_editor","not_started","not_started","occupation mapping record | claim verification record | qualification/accreditation note | learner-safe profile update recommendation","No salary, demand, APS, provider-entry or registration claim moves to reviewed/published without source URL, access date, verification status and confidence score."
"batch_36","phase_1","aircraft-maintenance-engineer","Aircraft Maintenance Engineer","Skilled trades, construction and engineering","high","trades-built-environment","qualification_accreditation_researcher","source_evidence_reviewer","learner_safety_editor","not_started","not_started","occupation mapping record | claim verification record | qualification/accreditation note | learner-safe profile update recommendation","No salary, demand, APS, provider-entry or registration claim moves to reviewed/published without source URL, access date, verification status and confidence score."
"batch_36","phase_1","aircraft-mechanic","Aircraft Mechanic","Skilled trades, construction and engineering","high","trades-built-environment","qualification_accreditation_researcher","source_evidence_reviewer","learner_safety_editor","not_started","not_started","occupation mapping record | claim verification record | qualification/accreditation note | learner-safe profile update recommendation","No salary, demand, APS, provider-entry or registration claim moves to reviewed/published without source URL, access date, verification status and confidence score."
"batch_36","phase_1","architect","Architect","Skilled trades, construction and engineering","high","trades-built-environment","qualification_accreditation_researcher","source_evidence_reviewer","learner_safety_editor","not_started","not_started","occupation mapping record | claim verification record | qualification/accreditation note | learner-safe profile update recommendation","No salary, demand, APS, provider-entry or registration claim moves to reviewed/published without source URL, access date, verification status and confidence score."
"batch_36","phase_1","architectural-draughtsperson","Architectural Draughtsperson","Skilled trades, construction and engineering","high","trades-built-environment","qualification_accreditation_researcher","source_evidence_reviewer","learner_safety_editor","not_started","not_started","occupation mapping record | claim verification record | qualification/accreditation note | learner-safe profile update recommendation","No salary, demand, APS, provider-entry or registration claim moves to reviewed/published without source URL, access date, verification status and confidence score."
"batch_36","phase_1","architectural-technologist","Architectural Technologist","Skilled trades, construction and engineering","high","trades-built-environment","qualification_accreditation_researcher","source_evidence_reviewer","learner_safety_editor","not_started","not_started","occupation mapping record | claim verification record | qualification/accreditation note | learner-safe profile update recommendation","No salary, demand, APS, provider-entry or registration claim moves to reviewed/published without source URL, access date, verification status and confidence score."
"batch_36","phase_1","auto-electrician","Auto Electrician","Skilled trades, construction and engineering","high","trades-built-environment","qualification_accreditation_researcher","source_evidence_reviewer","learner_safety_editor","not_started","not_started","occupation mapping record | claim verification record | qualification/accreditation note | learner-safe profile update recommendation","No salary, demand, APS, provider-entry or registration claim moves to reviewed/published without source URL, access date, verification status and confidence score."
"batch_36","phase_1","automotive-mechanic","Automotive Mechanic","Skilled trades, construction and engineering","high","trades-built-environment","qualification_accreditation_researcher","source_evidence_reviewer","learner_safety_editor","not_started","not_started","occupation mapping record | claim verification record | qualification/accreditation note | learner-safe profile update recommendation","No salary, demand, APS, provider-entry or registration claim moves to reviewed/published without source URL, access date, verification status and confidence score."
"batch_36","phase_1","boilermaker","Boilermaker","Skilled trades, construction and engineering","high","trades-built-environment","qualification_accreditation_researcher","source_evidence_reviewer","learner_safety_editor","not_started","not_started","occupation mapping record | claim verification record | qualification/accreditation note | learner-safe profile update recommendation","No salary, demand, APS, provider-entry or registration claim moves to reviewed/published without source URL, access date, verification status and confidence score."
"batch_36","phase_1","bricklayer","Bricklayer","Skilled trades, construction and engineering","high","trades-built-environment","qualification_accreditation_researcher","source_evidence_reviewer","learner_safety_editor","not_started","not_started","occupation mapping record | claim verification record | qualification/accreditation note | learner-safe profile update recommendation","No salary, demand, APS, provider-entry or registration claim moves to reviewed/published without source URL, access date, verification status and confidence score."
"batch_36","phase_1","building-and-construction-labourer","Building and Construction Labourer","Skilled trades, construction and engineering","high","trades-built-environment","qualification_accreditation_researcher","source_evidence_reviewer","learner_safety_editor","not_started","not_started","occupation mapping record | claim verification record | qualification/accreditation note | learner-safe profile update recommendation","No salary, demand, APS, provider-entry or registration claim moves to reviewed/published without source URL, access date, verification status and confidence score."
"batch_36","phase_1","building-inspector","Building Inspector","Skilled trades, construction and engineering","high","trades-built-environment","qualification_accreditation_researcher","source_evidence_reviewer","learner_safety_editor","not_started","not_started","occupation mapping record | claim verification record | qualification/accreditation note | learner-safe profile update recommendation","No salary, demand, APS, provider-entry or registration claim moves to reviewed/published without source URL, access date, verification status and confidence score."
"batch_36","phase_1","building-services-technician","Building Services Technician","Skilled trades, construction and engineering","high","trades-built-environment","qualification_accreditation_researcher","source_evidence_reviewer","learner_safety_editor","not_started","not_started","occupation mapping record | claim verification record | qualification/accreditation note | learner-safe profile update recommendation","No salary, demand, APS, provider-entry or registration claim moves to reviewed/published without source URL, access date, verification status and confidence score."
"batch_36","phase_1","building-surveyor","Building Surveyor","Skilled trades, construction and engineering","high","trades-built-environment","qualification_accreditation_researcher","source_evidence_reviewer","learner_safety_editor","not_started","not_started","occupation mapping record | claim verification record | qualification/accreditation note | learner-safe profile update recommendation","No salary, demand, APS, provider-entry or registration claim moves to reviewed/published without source URL, access date, verification status and confidence score."
"batch_36","phase_1","cabinet-maker","Cabinet Maker","Skilled trades, construction and engineering","high","trades-built-environment","qualification_accreditation_researcher","source_evidence_reviewer","learner_safety_editor","not_started","not_started","occupation mapping record | claim verification record | qualification/accreditation note | learner-safe profile update recommendation","No salary, demand, APS, provider-entry or registration claim moves to reviewed/published without source URL, access date, verification status and confidence score."
"batch_36","phase_1","carpenter","Carpenter","Skilled trades, construction and engineering","high","trades-built-environment","qualification_accreditation_researcher","source_evidence_reviewer","learner_safety_editor","not_started","not_started","occupation mapping record | claim verification record | qualification/accreditation note | learner-safe profile update recommendation","No salary, demand, APS, provider-entry or registration claim moves to reviewed/published without source URL, access date, verification status and confidence score."
"batch_36","phase_1","carpet-and-upholstery-cleaner","Carpet and Upholstery Cleaner","Skilled trades, construction and engineering","high","trades-built-environment","qualification_accreditation_researcher","source_evidence_reviewer","learner_safety_editor","not_started","not_started","occupation mapping record | claim verification record | qualification/accreditation note | learner-safe profile update recommendation","No salary, demand, APS, provider-entry or registration claim moves to reviewed/published without source URL, access date, verification status and confidence score."
"batch_36","phase_1","civil-engineer","Civil Engineer","Skilled trades, construction and engineering","high","trades-built-environment","qualification_accreditation_researcher","source_evidence_reviewer","learner_safety_editor","not_started","not_started","occupation mapping record | claim verification record | qualification/accreditation note | learner-safe profile update recommendation","No salary, demand, APS, provider-entry or registration claim moves to reviewed/published without source URL, access date, verification status and confidence score."
"batch_36","phase_1","civil-engineering-draughtsperson","Civil Engineering Draughtsperson","Skilled trades, construction and engineering","high","trades-built-environment","qualification_accreditation_researcher","source_evidence_reviewer","learner_safety_editor","not_started","not_started","occupation mapping record | claim verification record | qualification/accreditation note | learner-safe profile update recommendation","No salary, demand, APS, provider-entry or registration claim moves to reviewed/published without source URL, access date, verification status and confidence score."
"batch_36","phase_1","civil-engineering-labourer","Civil Engineering Labourer","Skilled trades, construction and engineering","high","trades-built-environment","qualification_accreditation_researcher","source_evidence_reviewer","learner_safety_editor","not_started","not_started","occupation mapping record | claim verification record | qualification/accreditation note | learner-safe profile update recommendation","No salary, demand, APS, provider-entry or registration claim moves to reviewed/published without source URL, access date, verification status and confidence score."
"batch_36","phase_1","civil-engineering-technician","Civil Engineering Technician","Skilled trades, construction and engineering","high","trades-built-environment","qualification_accreditation_researcher","source_evidence_reviewer","learner_safety_editor","not_started","not_started","occupation mapping record | claim verification record | qualification/accreditation note | learner-safe profile update recommendation","No salary, demand, APS, provider-entry or registration claim moves to reviewed/published without source URL, access date, verification status and confidence score."
"batch_36","phase_1","civil-engineering-technologist","Civil Engineering Technologist","Skilled trades, construction and engineering","high","trades-built-environment","qualification_accreditation_researcher","source_evidence_reviewer","learner_safety_editor","not_started","not_started","occupation mapping record | claim verification record | qualification/accreditation note | learner-safe profile update recommendation","No salary, demand, APS, provider-entry or registration claim moves to reviewed/published without source URL, access date, verification status and confidence score."
"batch_36","phase_1","cnc-machinist","CNC Machinist","Skilled trades, construction and engineering","high","trades-built-environment","qualification_accreditation_researcher","source_evidence_reviewer","learner_safety_editor","not_started","not_started","occupation mapping record | claim verification record | qualification/accreditation note | learner-safe profile update recommendation","No salary, demand, APS, provider-entry or registration claim moves to reviewed/published without source URL, access date, verification status and confidence score."
"batch_37","phase_1","construction-manager","Construction Manager","Skilled trades, construction and engineering","high","trades-built-environment","qualification_accreditation_researcher","source_evidence_reviewer","learner_safety_editor","not_started","not_started","occupation mapping record | claim verification record | qualification/accreditation note | learner-safe profile update recommendation","No salary, demand, APS, provider-entry or registration claim moves to reviewed/published without source URL, access date, verification status and confidence score."
"batch_37","phase_1","construction-project-manager","Construction Project Manager","Skilled trades, construction and engineering","high","trades-built-environment","qualification_accreditation_researcher","source_evidence_reviewer","learner_safety_editor","not_started","not_started","occupation mapping record | claim verification record | qualification/accreditation note | learner-safe profile update recommendation","No salary, demand, APS, provider-entry or registration claim moves to reviewed/published without source URL, access date, verification status and confidence score."
"batch_37","phase_1","construction-safety-officer","Construction Safety Officer","Skilled trades, construction and engineering","high","trades-built-environment","qualification_accreditation_researcher","source_evidence_reviewer","learner_safety_editor","not_started","not_started","occupation mapping record | claim verification record | qualification/accreditation note | learner-safe profile update recommendation","No salary, demand, APS, provider-entry or registration claim moves to reviewed/published without source URL, access date, verification status and confidence score."
"batch_37","phase_1","construction-site-supervisor","Construction Site Supervisor","Skilled trades, construction and engineering","high","trades-built-environment","qualification_accreditation_researcher","source_evidence_reviewer","learner_safety_editor","not_started","not_started","occupation mapping record | claim verification record | qualification/accreditation note | learner-safe profile update recommendation","No salary, demand, APS, provider-entry or registration claim moves to reviewed/published without source URL, access date, verification status and confidence score."
"batch_37","phase_1","crane-operator","Crane Operator","Skilled trades, construction and engineering","high","trades-built-environment","qualification_accreditation_researcher","source_evidence_reviewer","learner_safety_editor","not_started","not_started","occupation mapping record | claim verification record | qualification/accreditation note | learner-safe profile update recommendation","No salary, demand, APS, provider-entry or registration claim moves to reviewed/published without source URL, access date, verification status and confidence score."
"batch_37","phase_1","diesel-mechanic","Diesel Mechanic","Skilled trades, construction and engineering","high","trades-built-environment","qualification_accreditation_researcher","source_evidence_reviewer","learner_safety_editor","not_started","not_started","occupation mapping record | claim verification record | qualification/accreditation note | learner-safe profile update recommendation","No salary, demand, APS, provider-entry or registration claim moves to reviewed/published without source URL, access date, verification status and confidence score."
"batch_37","phase_1","draughtsperson","Draughtsperson","Skilled trades, construction and engineering","high","trades-built-environment","qualification_accreditation_researcher","source_evidence_reviewer","learner_safety_editor","not_started","not_started","occupation mapping record | claim verification record | qualification/accreditation note | learner-safe profile update recommendation","No salary, demand, APS, provider-entry or registration claim moves to reviewed/published without source URL, access date, verification status and confidence score."
"batch_37","phase_1","earthmoving-plant-operator","Earthmoving Plant Operator","Skilled trades, construction and engineering","high","trades-built-environment","qualification_accreditation_researcher","source_evidence_reviewer","learner_safety_editor","not_started","not_started","occupation mapping record | claim verification record | qualification/accreditation note | learner-safe profile update recommendation","No salary, demand, APS, provider-entry or registration claim moves to reviewed/published without source URL, access date, verification status and confidence score."
"batch_37","phase_1","electrical-engineer","Electrical Engineer","Skilled trades, construction and engineering","high","trades-built-environment","qualification_accreditation_researcher","source_evidence_reviewer","learner_safety_editor","not_started","not_started","occupation mapping record | claim verification record | qualification/accreditation note | learner-safe profile update recommendation","No salary, demand, APS, provider-entry or registration claim moves to reviewed/published without source URL, access date, verification status and confidence score."
"batch_37","phase_1","electrical-engineering-draughtsperson","Electrical Engineering Draughtsperson","Skilled trades, construction and engineering","high","trades-built-environment","qualification_accreditation_researcher","source_evidence_reviewer","learner_safety_editor","not_started","not_started","occupation mapping record | claim verification record | qualification/accreditation note | learner-safe profile update recommendation","No salary, demand, APS, provider-entry or registration claim moves to reviewed/published without source URL, access date, verification status and confidence score."
"batch_37","phase_1","electrical-engineering-technician","Electrical Engineering Technician","Skilled trades, construction and engineering","high","trades-built-environment","qualification_accreditation_researcher","source_evidence_reviewer","learner_safety_editor","not_started","not_started","occupation mapping record | claim verification record | qualification/accreditation note | learner-safe profile update recommendation","No salary, demand, APS, provider-entry or registration claim moves to reviewed/published without source URL, access date, verification status and confidence score."
"batch_37","phase_1","technical-artisan","Electrician","Skilled trades, construction and engineering","high","trades-built-environment","qualification_accreditation_researcher","source_evidence_reviewer","learner_safety_editor","not_started","not_started","occupation mapping record | claim verification record | qualification/accreditation note | learner-safe profile update recommendation","No salary, demand, APS, provider-entry or registration claim moves to reviewed/published without source URL, access date, verification status and confidence score."
"batch_37","phase_1","engineering-patternmaker","Engineering Patternmaker","Skilled trades, construction and engineering","high","trades-built-environment","qualification_accreditation_researcher","source_evidence_reviewer","learner_safety_editor","not_started","not_started","occupation mapping record | claim verification record | qualification/accreditation note | learner-safe profile update recommendation","No salary, demand, APS, provider-entry or registration claim moves to reviewed/published without source URL, access date, verification status and confidence score."
"batch_37","phase_1","engineering-technologist","Engineering Technologist","Skilled trades, construction and engineering","high","trades-built-environment","qualification_accreditation_researcher","source_evidence_reviewer","learner_safety_editor","not_started","not_started","occupation mapping record | claim verification record | qualification/accreditation note | learner-safe profile update recommendation","No salary, demand, APS, provider-entry or registration claim moves to reviewed/published without source URL, access date, verification status and confidence score."
"batch_37","phase_1","fire-protection-technician","Fire Protection Technician","Skilled trades, construction and engineering","high","trades-built-environment","qualification_accreditation_researcher","source_evidence_reviewer","learner_safety_editor","not_started","not_started","occupation mapping record | claim verification record | qualification/accreditation note | learner-safe profile update recommendation","No salary, demand, APS, provider-entry or registration claim moves to reviewed/published without source URL, access date, verification status and confidence score."
"batch_37","phase_1","fitter-and-turner","Fitter and Turner","Skilled trades, construction and engineering","high","trades-built-environment","qualification_accreditation_researcher","source_evidence_reviewer","learner_safety_editor","not_started","not_started","occupation mapping record | claim verification record | qualification/accreditation note | learner-safe profile update recommendation","No salary, demand, APS, provider-entry or registration claim moves to reviewed/published without source URL, access date, verification status and confidence score."
"batch_37","phase_1","floor-finisher","Floor Finisher","Skilled trades, construction and engineering","high","trades-built-environment","qualification_accreditation_researcher","source_evidence_reviewer","learner_safety_editor","not_started","not_started","occupation mapping record | claim verification record | qualification/accreditation note | learner-safe profile update recommendation","No salary, demand, APS, provider-entry or registration claim moves to reviewed/published without source URL, access date, verification status and confidence score."
"batch_37","phase_1","gas-fitter","Gas Fitter","Skilled trades, construction and engineering","high","trades-built-environment","qualification_accreditation_researcher","source_evidence_reviewer","learner_safety_editor","not_started","not_started","occupation mapping record | claim verification record | qualification/accreditation note | learner-safe profile update recommendation","No salary, demand, APS, provider-entry or registration claim moves to reviewed/published without source URL, access date, verification status and confidence score."
"batch_37","phase_1","geotechnical-engineer","Geotechnical Engineer","Skilled trades, construction and engineering","high","trades-built-environment","qualification_accreditation_researcher","source_evidence_reviewer","learner_safety_editor","not_started","not_started","occupation mapping record | claim verification record | qualification/accreditation note | learner-safe profile update recommendation","No salary, demand, APS, provider-entry or registration claim moves to reviewed/published without source URL, access date, verification status and confidence score."
"batch_37","phase_1","glazier","Glazier","Skilled trades, construction and engineering","high","trades-built-environment","qualification_accreditation_researcher","source_evidence_reviewer","learner_safety_editor","not_started","not_started","occupation mapping record | claim verification record | qualification/accreditation note | learner-safe profile update recommendation","No salary, demand, APS, provider-entry or registration claim moves to reviewed/published without source URL, access date, verification status and confidence score."
"batch_37","phase_1","health-and-safety-officer","Health and Safety Officer","Skilled trades, construction and engineering","high","trades-built-environment","qualification_accreditation_researcher","source_evidence_reviewer","learner_safety_editor","not_started","not_started","occupation mapping record | claim verification record | qualification/accreditation note | learner-safe profile update recommendation","No salary, demand, APS, provider-entry or registration claim moves to reviewed/published without source URL, access date, verification status and confidence score."
"batch_37","phase_1","heavy-vehicle-mechanic","Heavy Vehicle Mechanic","Skilled trades, construction and engineering","high","trades-built-environment","qualification_accreditation_researcher","source_evidence_reviewer","learner_safety_editor","not_started","not_started","occupation mapping record | claim verification record | qualification/accreditation note | learner-safe profile update recommendation","No salary, demand, APS, provider-entry or registration claim moves to reviewed/published without source URL, access date, verification status and confidence score."
"batch_37","phase_1","industrial-engineer","Industrial Engineer","Skilled trades, construction and engineering","high","trades-built-environment","qualification_accreditation_researcher","source_evidence_reviewer","learner_safety_editor","not_started","not_started","occupation mapping record | claim verification record | qualification/accreditation note | learner-safe profile update recommendation","No salary, demand, APS, provider-entry or registration claim moves to reviewed/published without source URL, access date, verification status and confidence score."
"batch_37","phase_1","interior-designer","Interior Designer","Skilled trades, construction and engineering","high","trades-built-environment","qualification_accreditation_researcher","source_evidence_reviewer","learner_safety_editor","not_started","not_started","occupation mapping record | claim verification record | qualification/accreditation note | learner-safe profile update recommendation","No salary, demand, APS, provider-entry or registration claim moves to reviewed/published without source URL, access date, verification status and confidence score."
"batch_37","phase_1","land-surveyor","Land Surveyor","Skilled trades, construction and engineering","high","trades-built-environment","qualification_accreditation_researcher","source_evidence_reviewer","learner_safety_editor","not_started","not_started","occupation mapping record | claim verification record | qualification/accreditation note | learner-safe profile update recommendation","No salary, demand, APS, provider-entry or registration claim moves to reviewed/published without source URL, access date, verification status and confidence score."
"batch_38","phase_1","landscape-architect","Landscape Architect","Skilled trades, construction and engineering","high","trades-built-environment","qualification_accreditation_researcher","source_evidence_reviewer","learner_safety_editor","not_started","not_started","occupation mapping record | claim verification record | qualification/accreditation note | learner-safe profile update recommendation","No salary, demand, APS, provider-entry or registration claim moves to reviewed/published without source URL, access date, verification status and confidence score."
"batch_38","phase_1","lift-technician","Lift Technician","Skilled trades, construction and engineering","high","trades-built-environment","qualification_accreditation_researcher","source_evidence_reviewer","learner_safety_editor","not_started","not_started","occupation mapping record | claim verification record | qualification/accreditation note | learner-safe profile update recommendation","No salary, demand, APS, provider-entry or registration claim moves to reviewed/published without source URL, access date, verification status and confidence score."
"batch_38","phase_1","locksmith","Locksmith","Skilled trades, construction and engineering","high","trades-built-environment","qualification_accreditation_researcher","source_evidence_reviewer","learner_safety_editor","not_started","not_started","occupation mapping record | claim verification record | qualification/accreditation note | learner-safe profile update recommendation","No salary, demand, APS, provider-entry or registration claim moves to reviewed/published without source URL, access date, verification status and confidence score."
"batch_38","phase_1","mechanical-engineer","Mechanical Engineer","Skilled trades, construction and engineering","high","trades-built-environment","qualification_accreditation_researcher","source_evidence_reviewer","learner_safety_editor","not_started","not_started","occupation mapping record | claim verification record | qualification/accreditation note | learner-safe profile update recommendation","No salary, demand, APS, provider-entry or registration claim moves to reviewed/published without source URL, access date, verification status and confidence score."
"batch_38","phase_1","mechanical-engineering-draughtsperson","Mechanical Engineering Draughtsperson","Skilled trades, construction and engineering","high","trades-built-environment","qualification_accreditation_researcher","source_evidence_reviewer","learner_safety_editor","not_started","not_started","occupation mapping record | claim verification record | qualification/accreditation note | learner-safe profile update recommendation","No salary, demand, APS, provider-entry or registration claim moves to reviewed/published without source URL, access date, verification status and confidence score."
"batch_38","phase_1","mechanical-engineering-technician","Mechanical Engineering Technician","Skilled trades, construction and engineering","high","trades-built-environment","qualification_accreditation_researcher","source_evidence_reviewer","learner_safety_editor","not_started","not_started","occupation mapping record | claim verification record | qualification/accreditation note | learner-safe profile update recommendation","No salary, demand, APS, provider-entry or registration claim moves to reviewed/published without source URL, access date, verification status and confidence score."
"batch_38","phase_1","mechatronics-technician","Mechatronics Technician","Skilled trades, construction and engineering","high","trades-built-environment","qualification_accreditation_researcher","source_evidence_reviewer","learner_safety_editor","not_started","not_started","occupation mapping record | claim verification record | qualification/accreditation note | learner-safe profile update recommendation","No salary, demand, APS, provider-entry or registration claim moves to reviewed/published without source URL, access date, verification status and confidence score."
"batch_38","phase_1","metal-fabricator","Metal Fabricator","Skilled trades, construction and engineering","high","trades-built-environment","qualification_accreditation_researcher","source_evidence_reviewer","learner_safety_editor","not_started","not_started","occupation mapping record | claim verification record | qualification/accreditation note | learner-safe profile update recommendation","No salary, demand, APS, provider-entry or registration claim moves to reviewed/published without source URL, access date, verification status and confidence score."
"batch_38","phase_1","millwright","Millwright","Skilled trades, construction and engineering","high","trades-built-environment","qualification_accreditation_researcher","source_evidence_reviewer","learner_safety_editor","not_started","not_started","occupation mapping record | claim verification record | qualification/accreditation note | learner-safe profile update recommendation","No salary, demand, APS, provider-entry or registration claim moves to reviewed/published without source URL, access date, verification status and confidence score."
"batch_38","phase_1","motorcycle-mechanic","Motorcycle Mechanic","Skilled trades, construction and engineering","high","trades-built-environment","qualification_accreditation_researcher","source_evidence_reviewer","learner_safety_editor","not_started","not_started","occupation mapping record | claim verification record | qualification/accreditation note | learner-safe profile update recommendation","No salary, demand, APS, provider-entry or registration claim moves to reviewed/published without source URL, access date, verification status and confidence score."
"batch_38","phase_1","painter-and-decorator","Painter and Decorator","Skilled trades, construction and engineering","high","trades-built-environment","qualification_accreditation_researcher","source_evidence_reviewer","learner_safety_editor","not_started","not_started","occupation mapping record | claim verification record | qualification/accreditation note | learner-safe profile update recommendation","No salary, demand, APS, provider-entry or registration claim moves to reviewed/published without source URL, access date, verification status and confidence score."
"batch_38","phase_1","painting-trades-worker","Painting Trades Worker","Skilled trades, construction and engineering","high","trades-built-environment","qualification_accreditation_researcher","source_evidence_reviewer","learner_safety_editor","not_started","not_started","occupation mapping record | claim verification record | qualification/accreditation note | learner-safe profile update recommendation","No salary, demand, APS, provider-entry or registration claim moves to reviewed/published without source URL, access date, verification status and confidence score."
"batch_38","phase_1","panel-beater","Panel Beater","Skilled trades, construction and engineering","high","trades-built-environment","qualification_accreditation_researcher","source_evidence_reviewer","learner_safety_editor","not_started","not_started","occupation mapping record | claim verification record | qualification/accreditation note | learner-safe profile update recommendation","No salary, demand, APS, provider-entry or registration claim moves to reviewed/published without source URL, access date, verification status and confidence score."
"batch_38","phase_1","pest-control-technician","Pest Control Technician","Skilled trades, construction and engineering","high","trades-built-environment","qualification_accreditation_researcher","source_evidence_reviewer","learner_safety_editor","not_started","not_started","occupation mapping record | claim verification record | qualification/accreditation note | learner-safe profile update recommendation","No salary, demand, APS, provider-entry or registration claim moves to reviewed/published without source URL, access date, verification status and confidence score."
"batch_38","phase_1","pipe-fitter","Pipe Fitter","Skilled trades, construction and engineering","high","trades-built-environment","qualification_accreditation_researcher","source_evidence_reviewer","learner_safety_editor","not_started","not_started","occupation mapping record | claim verification record | qualification/accreditation note | learner-safe profile update recommendation","No salary, demand, APS, provider-entry or registration claim moves to reviewed/published without source URL, access date, verification status and confidence score."
"batch_38","phase_1","plasterer","Plasterer","Skilled trades, construction and engineering","high","trades-built-environment","qualification_accreditation_researcher","source_evidence_reviewer","learner_safety_editor","not_started","not_started","occupation mapping record | claim verification record | qualification/accreditation note | learner-safe profile update recommendation","No salary, demand, APS, provider-entry or registration claim moves to reviewed/published without source URL, access date, verification status and confidence score."
"batch_38","phase_1","plumber","Plumber","Skilled trades, construction and engineering","high","trades-built-environment","qualification_accreditation_researcher","source_evidence_reviewer","learner_safety_editor","not_started","not_started","occupation mapping record | claim verification record | qualification/accreditation note | learner-safe profile update recommendation","No salary, demand, APS, provider-entry or registration claim moves to reviewed/published without source URL, access date, verification status and confidence score."
"batch_38","phase_1","quantity-surveying-technician","Quantity Surveying Technician","Skilled trades, construction and engineering","high","trades-built-environment","qualification_accreditation_researcher","source_evidence_reviewer","learner_safety_editor","not_started","not_started","occupation mapping record | claim verification record | qualification/accreditation note | learner-safe profile update recommendation","No salary, demand, APS, provider-entry or registration claim moves to reviewed/published without source URL, access date, verification status and confidence score."
"batch_38","phase_1","quantity-surveyor","Quantity Surveyor","Skilled trades, construction and engineering","high","trades-built-environment","qualification_accreditation_researcher","source_evidence_reviewer","learner_safety_editor","not_started","not_started","occupation mapping record | claim verification record | qualification/accreditation note | learner-safe profile update recommendation","No salary, demand, APS, provider-entry or registration claim moves to reviewed/published without source URL, access date, verification status and confidence score."
"batch_38","phase_1","refrigeration-technician","Refrigeration Technician","Skilled trades, construction and engineering","high","trades-built-environment","qualification_accreditation_researcher","source_evidence_reviewer","learner_safety_editor","not_started","not_started","occupation mapping record | claim verification record | qualification/accreditation note | learner-safe profile update recommendation","No salary, demand, APS, provider-entry or registration claim moves to reviewed/published without source URL, access date, verification status and confidence score."
"batch_38","phase_1","roofer","Roofer","Skilled trades, construction and engineering","high","trades-built-environment","qualification_accreditation_researcher","source_evidence_reviewer","learner_safety_editor","not_started","not_started","occupation mapping record | claim verification record | qualification/accreditation note | learner-safe profile update recommendation","No salary, demand, APS, provider-entry or registration claim moves to reviewed/published without source URL, access date, verification status and confidence score."
"batch_38","phase_1","sheet-metal-worker","Sheet Metal Worker","Skilled trades, construction and engineering","high","trades-built-environment","qualification_accreditation_researcher","source_evidence_reviewer","learner_safety_editor","not_started","not_started","occupation mapping record | claim verification record | qualification/accreditation note | learner-safe profile update recommendation","No salary, demand, APS, provider-entry or registration claim moves to reviewed/published without source URL, access date, verification status and confidence score."
"batch_38","phase_1","site-manager","Site Manager","Skilled trades, construction and engineering","high","trades-built-environment","qualification_accreditation_researcher","source_evidence_reviewer","learner_safety_editor","not_started","not_started","occupation mapping record | claim verification record | qualification/accreditation note | learner-safe profile update recommendation","No salary, demand, APS, provider-entry or registration claim moves to reviewed/published without source URL, access date, verification status and confidence score."
"batch_38","phase_1","small-engine-mechanic","Small Engine Mechanic","Skilled trades, construction and engineering","high","trades-built-environment","qualification_accreditation_researcher","source_evidence_reviewer","learner_safety_editor","not_started","not_started","occupation mapping record | claim verification record | qualification/accreditation note | learner-safe profile update recommendation","No salary, demand, APS, provider-entry or registration claim moves to reviewed/published without source URL, access date, verification status and confidence score."
"batch_38","phase_1","solar-pv-installer","Solar PV Installer","Skilled trades, construction and engineering","high","trades-built-environment","qualification_accreditation_researcher","source_evidence_reviewer","learner_safety_editor","not_started","not_started","occupation mapping record | claim verification record | qualification/accreditation note | learner-safe profile update recommendation","No salary, demand, APS, provider-entry or registration claim moves to reviewed/published without source URL, access date, verification status and confidence score."
"batch_39","phase_1","stonemason","Stonemason","Skilled trades, construction and engineering","high","trades-built-environment","qualification_accreditation_researcher","source_evidence_reviewer","learner_safety_editor","not_started","not_started","occupation mapping record | claim verification record | qualification/accreditation note | learner-safe profile update recommendation","No salary, demand, APS, provider-entry or registration claim moves to reviewed/published without source URL, access date, verification status and confidence score."
"batch_39","phase_1","structural-engineer","Structural Engineer","Skilled trades, construction and engineering","high","trades-built-environment","qualification_accreditation_researcher","source_evidence_reviewer","learner_safety_editor","not_started","not_started","occupation mapping record | claim verification record | qualification/accreditation note | learner-safe profile update recommendation","No salary, demand, APS, provider-entry or registration claim moves to reviewed/published without source URL, access date, verification status and confidence score."
"batch_39","phase_1","surveying-technician","Surveying Technician","Skilled trades, construction and engineering","high","trades-built-environment","qualification_accreditation_researcher","source_evidence_reviewer","learner_safety_editor","not_started","not_started","occupation mapping record | claim verification record | qualification/accreditation note | learner-safe profile update recommendation","No salary, demand, APS, provider-entry or registration claim moves to reviewed/published without source URL, access date, verification status and confidence score."
"batch_39","phase_1","tiler","Tiler","Skilled trades, construction and engineering","high","trades-built-environment","qualification_accreditation_researcher","source_evidence_reviewer","learner_safety_editor","not_started","not_started","occupation mapping record | claim verification record | qualification/accreditation note | learner-safe profile update recommendation","No salary, demand, APS, provider-entry or registration claim moves to reviewed/published without source URL, access date, verification status and confidence score."
"batch_39","phase_1","toolmaker","Toolmaker","Skilled trades, construction and engineering","high","trades-built-environment","qualification_accreditation_researcher","source_evidence_reviewer","learner_safety_editor","not_started","not_started","occupation mapping record | claim verification record | qualification/accreditation note | learner-safe profile update recommendation","No salary, demand, APS, provider-entry or registration claim moves to reviewed/published without source URL, access date, verification status and confidence score."
"batch_39","phase_1","town-planning-technician","Town Planning Technician","Skilled trades, construction and engineering","high","trades-built-environment","qualification_accreditation_researcher","source_evidence_reviewer","learner_safety_editor","not_started","not_started","occupation mapping record | claim verification record | qualification/accreditation note | learner-safe profile update recommendation","No salary, demand, APS, provider-entry or registration claim moves to reviewed/published without source URL, access date, verification status and confidence score."
"batch_39","phase_1","urban-and-regional-planner","Urban and Regional Planner","Skilled trades, construction and engineering","high","trades-built-environment","qualification_accreditation_researcher","source_evidence_reviewer","learner_safety_editor","not_started","not_started","occupation mapping record | claim verification record | qualification/accreditation note | learner-safe profile update recommendation","No salary, demand, APS, provider-entry or registration claim moves to reviewed/published without source URL, access date, verification status and confidence score."
"batch_39","phase_1","waste-treatment-operator","Waste Treatment Operator","Skilled trades, construction and engineering","high","trades-built-environment","qualification_accreditation_researcher","source_evidence_reviewer","learner_safety_editor","not_started","not_started","occupation mapping record | claim verification record | qualification/accreditation note | learner-safe profile update recommendation","No salary, demand, APS, provider-entry or registration claim moves to reviewed/published without source URL, access date, verification status and confidence score."
"batch_39","phase_1","water-treatment-operator","Water Treatment Operator","Skilled trades, construction and engineering","high","trades-built-environment","qualification_accreditation_researcher","source_evidence_reviewer","learner_safety_editor","not_started","not_started","occupation mapping record | claim verification record | qualification/accreditation note | learner-safe profile update recommendation","No salary, demand, APS, provider-entry or registration claim moves to reviewed/published without source URL, access date, verification status and confidence score."
"batch_39","phase_1","welder","Welder","Skilled trades, construction and engineering","high","trades-built-environment","qualification_accreditation_researcher","source_evidence_reviewer","learner_safety_editor","not_started","not_started","occupation mapping record | claim verification record | qualification/accreditation note | learner-safe profile update recommendation","No salary, demand, APS, provider-entry or registration claim moves to reviewed/published without source URL, access date, verification status and confidence score."
"batch_39","phase_1","wood-machinist","Wood Machinist","Skilled trades, construction and engineering","high","trades-built-environment","qualification_accreditation_researcher","source_evidence_reviewer","learner_safety_editor","not_started","not_started","occupation mapping record | claim verification record | qualification/accreditation note | learner-safe profile update recommendation","No salary, demand, APS, provider-entry or registration claim moves to reviewed/published without source URL, access date, verification status and confidence score."
"batch_39","phase_1","ai-engineer","AI Engineer","Technology, data and AI","high","digital-data-ai","occupation_mapper","source_evidence_reviewer","learner_safety_editor","not_started","not_started","occupation mapping record | claim verification record | qualification/accreditation note | learner-safe profile update recommendation","No salary, demand, APS, provider-entry or registration claim moves to reviewed/published without source URL, access date, verification status and confidence score."
"batch_39","phase_1","ai-product-specialist","AI Product Specialist","Technology, data and AI","high","digital-data-ai","occupation_mapper","source_evidence_reviewer","learner_safety_editor","not_started","not_started","occupation mapping record | claim verification record | qualification/accreditation note | learner-safe profile update recommendation","No salary, demand, APS, provider-entry or registration claim moves to reviewed/published without source URL, access date, verification status and confidence score."
"batch_39","phase_1","ai-workflow-builder","AI Workflow Builder","Technology, data and AI","high","digital-data-ai","occupation_mapper","source_evidence_reviewer","learner_safety_editor","not_started","not_started","occupation mapping record | claim verification record | qualification/accreditation note | learner-safe profile update recommendation","No salary, demand, APS, provider-entry or registration claim moves to reviewed/published without source URL, access date, verification status and confidence score."
"batch_39","phase_1","application-support-analyst","Application Support Analyst","Technology, data and AI","high","digital-data-ai","occupation_mapper","source_evidence_reviewer","learner_safety_editor","not_started","not_started","occupation mapping record | claim verification record | qualification/accreditation note | learner-safe profile update recommendation","No salary, demand, APS, provider-entry or registration claim moves to reviewed/published without source URL, access date, verification status and confidence score."
"batch_39","phase_1","audio-visual-technician","Audio-Visual Technician","Technology, data and AI","high","digital-data-ai","occupation_mapper","source_evidence_reviewer","learner_safety_editor","not_started","not_started","occupation mapping record | claim verification record | qualification/accreditation note | learner-safe profile update recommendation","No salary, demand, APS, provider-entry or registration claim moves to reviewed/published without source URL, access date, verification status and confidence score."
"batch_39","phase_1","automation-tester","Automation Tester","Technology, data and AI","high","digital-data-ai","occupation_mapper","source_evidence_reviewer","learner_safety_editor","not_started","not_started","occupation mapping record | claim verification record | qualification/accreditation note | learner-safe profile update recommendation","No salary, demand, APS, provider-entry or registration claim moves to reviewed/published without source URL, access date, verification status and confidence score."
"batch_39","phase_1","back-end-developer","Back-End Developer","Technology, data and AI","high","digital-data-ai","occupation_mapper","source_evidence_reviewer","learner_safety_editor","not_started","not_started","occupation mapping record | claim verification record | qualification/accreditation note | learner-safe profile update recommendation","No salary, demand, APS, provider-entry or registration claim moves to reviewed/published without source URL, access date, verification status and confidence score."
"batch_39","phase_1","blockchain-developer","Blockchain Developer","Technology, data and AI","high","digital-data-ai","occupation_mapper","source_evidence_reviewer","learner_safety_editor","not_started","not_started","occupation mapping record | claim verification record | qualification/accreditation note | learner-safe profile update recommendation","No salary, demand, APS, provider-entry or registration claim moves to reviewed/published without source URL, access date, verification status and confidence score."
"batch_39","phase_1","business-analyst","Business Analyst","Technology, data and AI","high","digital-data-ai","occupation_mapper","source_evidence_reviewer","learner_safety_editor","not_started","not_started","occupation mapping record | claim verification record | qualification/accreditation note | learner-safe profile update recommendation","No salary, demand, APS, provider-entry or registration claim moves to reviewed/published without source URL, access date, verification status and confidence score."
"batch_39","phase_1","business-intelligence-analyst","Business Intelligence Analyst","Technology, data and AI","high","digital-data-ai","occupation_mapper","source_evidence_reviewer","learner_safety_editor","not_started","not_started","occupation mapping record | claim verification record | qualification/accreditation note | learner-safe profile update recommendation","No salary, demand, APS, provider-entry or registration claim moves to reviewed/published without source URL, access date, verification status and confidence score."
"batch_39","phase_1","cable-technician","Cable Technician","Technology, data and AI","high","digital-data-ai","occupation_mapper","source_evidence_reviewer","learner_safety_editor","not_started","not_started","occupation mapping record | claim verification record | qualification/accreditation note | learner-safe profile update recommendation","No salary, demand, APS, provider-entry or registration claim moves to reviewed/published without source URL, access date, verification status and confidence score."
"batch_39","phase_1","chief-information-officer","Chief Information Officer","Technology, data and AI","high","digital-data-ai","occupation_mapper","source_evidence_reviewer","learner_safety_editor","not_started","not_started","occupation mapping record | claim verification record | qualification/accreditation note | learner-safe profile update recommendation","No salary, demand, APS, provider-entry or registration claim moves to reviewed/published without source URL, access date, verification status and confidence score."
"batch_39","phase_1","cloud-administrator","Cloud Administrator","Technology, data and AI","high","digital-data-ai","occupation_mapper","source_evidence_reviewer","learner_safety_editor","not_started","not_started","occupation mapping record | claim verification record | qualification/accreditation note | learner-safe profile update recommendation","No salary, demand, APS, provider-entry or registration claim moves to reviewed/published without source URL, access date, verification status and confidence score."
"batch_39","phase_1","cloud-architect","Cloud Architect","Technology, data and AI","high","digital-data-ai","occupation_mapper","source_evidence_reviewer","learner_safety_editor","not_started","not_started","occupation mapping record | claim verification record | qualification/accreditation note | learner-safe profile update recommendation","No salary, demand, APS, provider-entry or registration claim moves to reviewed/published without source URL, access date, verification status and confidence score."
"batch_40","phase_1","cloud-engineer","Cloud Engineer","Technology, data and AI","high","digital-data-ai","occupation_mapper","source_evidence_reviewer","learner_safety_editor","not_started","not_started","occupation mapping record | claim verification record | qualification/accreditation note | learner-safe profile update recommendation","No salary, demand, APS, provider-entry or registration claim moves to reviewed/published without source URL, access date, verification status and confidence score."
"batch_40","phase_1","computer-network-architect","Computer Network Architect","Technology, data and AI","high","digital-data-ai","occupation_mapper","source_evidence_reviewer","learner_safety_editor","not_started","not_started","occupation mapping record | claim verification record | qualification/accreditation note | learner-safe profile update recommendation","No salary, demand, APS, provider-entry or registration claim moves to reviewed/published without source URL, access date, verification status and confidence score."
"batch_40","phase_1","computer-scientist","Computer Scientist","Technology, data and AI","high","digital-data-ai","occupation_mapper","source_evidence_reviewer","learner_safety_editor","not_started","not_started","occupation mapping record | claim verification record | qualification/accreditation note | learner-safe profile update recommendation","No salary, demand, APS, provider-entry or registration claim moves to reviewed/published without source URL, access date, verification status and confidence score."
"batch_40","phase_1","computing-professional-other","Computing Professional (Other)","Technology, data and AI","high","digital-data-ai","occupation_mapper","source_evidence_reviewer","learner_safety_editor","not_started","not_started","occupation mapping record | claim verification record | qualification/accreditation note | learner-safe profile update recommendation","No salary, demand, APS, provider-entry or registration claim moves to reviewed/published without source URL, access date, verification status and confidence score."
"batch_40","phase_1","content-management-specialist","Content Management Specialist","Technology, data and AI","high","digital-data-ai","occupation_mapper","source_evidence_reviewer","learner_safety_editor","not_started","not_started","occupation mapping record | claim verification record | qualification/accreditation note | learner-safe profile update recommendation","No salary, demand, APS, provider-entry or registration claim moves to reviewed/published without source URL, access date, verification status and confidence score."
"batch_40","phase_1","crm-administrator","CRM Administrator","Technology, data and AI","high","digital-data-ai","occupation_mapper","source_evidence_reviewer","learner_safety_editor","not_started","not_started","occupation mapping record | claim verification record | qualification/accreditation note | learner-safe profile update recommendation","No salary, demand, APS, provider-entry or registration claim moves to reviewed/published without source URL, access date, verification status and confidence score."
"batch_40","phase_1","cyber-security-analyst","Cyber Security Analyst","Technology, data and AI","high","digital-data-ai","occupation_mapper","source_evidence_reviewer","learner_safety_editor","not_started","not_started","occupation mapping record | claim verification record | qualification/accreditation note | learner-safe profile update recommendation","No salary, demand, APS, provider-entry or registration claim moves to reviewed/published without source URL, access date, verification status and confidence score."
"batch_40","phase_1","cyber-security-specialist","Cyber Security Specialist","Technology, data and AI","high","digital-data-ai","occupation_mapper","source_evidence_reviewer","learner_safety_editor","not_started","not_started","occupation mapping record | claim verification record | qualification/accreditation note | learner-safe profile update recommendation","No salary, demand, APS, provider-entry or registration claim moves to reviewed/published without source URL, access date, verification status and confidence score."
"batch_40","phase_1","data-analyst","Data Analyst","Technology, data and AI","high","digital-data-ai","occupation_mapper","source_evidence_reviewer","learner_safety_editor","not_started","not_started","occupation mapping record | claim verification record | qualification/accreditation note | learner-safe profile update recommendation","No salary, demand, APS, provider-entry or registration claim moves to reviewed/published without source URL, access date, verification status and confidence score."
"batch_40","phase_1","data-centre-operator","Data Centre Operator","Technology, data and AI","high","digital-data-ai","occupation_mapper","source_evidence_reviewer","learner_safety_editor","not_started","not_started","occupation mapping record | claim verification record | qualification/accreditation note | learner-safe profile update recommendation","No salary, demand, APS, provider-entry or registration claim moves to reviewed/published without source URL, access date, verification status and confidence score."
"batch_40","phase_1","data-engineer","Data Engineer","Technology, data and AI","high","digital-data-ai","occupation_mapper","source_evidence_reviewer","learner_safety_editor","not_started","not_started","occupation mapping record | claim verification record | qualification/accreditation note | learner-safe profile update recommendation","No salary, demand, APS, provider-entry or registration claim moves to reviewed/published without source URL, access date, verification status and confidence score."
"batch_40","phase_1","data-entry-supervisor","Data Entry Supervisor","Technology, data and AI","high","digital-data-ai","occupation_mapper","source_evidence_reviewer","learner_safety_editor","not_started","not_started","occupation mapping record | claim verification record | qualification/accreditation note | learner-safe profile update recommendation","No salary, demand, APS, provider-entry or registration claim moves to reviewed/published without source URL, access date, verification status and confidence score."
"batch_40","phase_1","data-scientist","Data Scientist","Technology, data and AI","high","digital-data-ai","occupation_mapper","source_evidence_reviewer","learner_safety_editor","not_started","not_started","occupation mapping record | claim verification record | qualification/accreditation note | learner-safe profile update recommendation","No salary, demand, APS, provider-entry or registration claim moves to reviewed/published without source URL, access date, verification status and confidence score."
"batch_40","phase_1","database-administrator","Database Administrator","Technology, data and AI","high","digital-data-ai","occupation_mapper","source_evidence_reviewer","learner_safety_editor","not_started","not_started","occupation mapping record | claim verification record | qualification/accreditation note | learner-safe profile update recommendation","No salary, demand, APS, provider-entry or registration claim moves to reviewed/published without source URL, access date, verification status and confidence score."
"batch_40","phase_1","devops-engineer","DevOps Engineer","Technology, data and AI","high","digital-data-ai","occupation_mapper","source_evidence_reviewer","learner_safety_editor","not_started","not_started","occupation mapping record | claim verification record | qualification/accreditation note | learner-safe profile update recommendation","No salary, demand, APS, provider-entry or registration claim moves to reviewed/published without source URL, access date, verification status and confidence score."
"batch_40","phase_1","digital-accessibility-tester","Digital Accessibility Tester","Technology, data and AI","high","digital-data-ai","occupation_mapper","source_evidence_reviewer","learner_safety_editor","not_started","not_started","occupation mapping record | claim verification record | qualification/accreditation note | learner-safe profile update recommendation","No salary, demand, APS, provider-entry or registration claim moves to reviewed/published without source URL, access date, verification status and confidence score."
"batch_40","phase_1","digital-forensics-analyst","Digital Forensics Analyst","Technology, data and AI","high","digital-data-ai","occupation_mapper","source_evidence_reviewer","learner_safety_editor","not_started","not_started","occupation mapping record | claim verification record | qualification/accreditation note | learner-safe profile update recommendation","No salary, demand, APS, provider-entry or registration claim moves to reviewed/published without source URL, access date, verification status and confidence score."
"batch_40","phase_1","digital-marketing-technologist","Digital Marketing Technologist","Technology, data and AI","high","digital-data-ai","occupation_mapper","source_evidence_reviewer","learner_safety_editor","not_started","not_started","occupation mapping record | claim verification record | qualification/accreditation note | learner-safe profile update recommendation","No salary, demand, APS, provider-entry or registration claim moves to reviewed/published without source URL, access date, verification status and confidence score."
"batch_40","phase_1","drone-operator","Drone Operator","Technology, data and AI","high","digital-data-ai","occupation_mapper","source_evidence_reviewer","learner_safety_editor","not_started","not_started","occupation mapping record | claim verification record | qualification/accreditation note | learner-safe profile update recommendation","No salary, demand, APS, provider-entry or registration claim moves to reviewed/published without source URL, access date, verification status and confidence score."
"batch_40","phase_1","e-learning-specialist","E-Learning Specialist","Technology, data and AI","high","digital-data-ai","occupation_mapper","source_evidence_reviewer","learner_safety_editor","not_started","not_started","occupation mapping record | claim verification record | qualification/accreditation note | learner-safe profile update recommendation","No salary, demand, APS, provider-entry or registration claim moves to reviewed/published without source URL, access date, verification status and confidence score."
"batch_40","phase_1","electronics-engineer","Electronics Engineer","Technology, data and AI","high","digital-data-ai","occupation_mapper","source_evidence_reviewer","learner_safety_editor","not_started","not_started","occupation mapping record | claim verification record | qualification/accreditation note | learner-safe profile update recommendation","No salary, demand, APS, provider-entry or registration claim moves to reviewed/published without source URL, access date, verification status and confidence score."
"batch_40","phase_1","erp-support-consultant","ERP Support Consultant","Technology, data and AI","high","digital-data-ai","occupation_mapper","source_evidence_reviewer","learner_safety_editor","not_started","not_started","occupation mapping record | claim verification record | qualification/accreditation note | learner-safe profile update recommendation","No salary, demand, APS, provider-entry or registration claim moves to reviewed/published without source URL, access date, verification status and confidence score."
"batch_40","phase_1","front-end-developer","Front-End Developer","Technology, data and AI","high","digital-data-ai","occupation_mapper","source_evidence_reviewer","learner_safety_editor","not_started","not_started","occupation mapping record | claim verification record | qualification/accreditation note | learner-safe profile update recommendation","No salary, demand, APS, provider-entry or registration claim moves to reviewed/published without source URL, access date, verification status and confidence score."
"batch_40","phase_1","full-stack-developer","Full-Stack Developer","Technology, data and AI","high","digital-data-ai","occupation_mapper","source_evidence_reviewer","learner_safety_editor","not_started","not_started","occupation mapping record | claim verification record | qualification/accreditation note | learner-safe profile update recommendation","No salary, demand, APS, provider-entry or registration claim moves to reviewed/published without source URL, access date, verification status and confidence score."
"batch_40","phase_1","game-developer","Game Developer","Technology, data and AI","high","digital-data-ai","occupation_mapper","source_evidence_reviewer","learner_safety_editor","not_started","not_started","occupation mapping record | claim verification record | qualification/accreditation note | learner-safe profile update recommendation","No salary, demand, APS, provider-entry or registration claim moves to reviewed/published without source URL, access date, verification status and confidence score."
"batch_41","phase_1","geographic-information-systems-analyst","Geographic Information Systems Analyst","Technology, data and AI","high","digital-data-ai","occupation_mapper","source_evidence_reviewer","learner_safety_editor","not_started","not_started","occupation mapping record | claim verification record | qualification/accreditation note | learner-safe profile update recommendation","No salary, demand, APS, provider-entry or registration claim moves to reviewed/published without source URL, access date, verification status and confidence score."
"batch_41","phase_1","gis-technician","GIS Technician","Technology, data and AI","high","digital-data-ai","occupation_mapper","source_evidence_reviewer","learner_safety_editor","not_started","not_started","occupation mapping record | claim verification record | qualification/accreditation note | learner-safe profile update recommendation","No salary, demand, APS, provider-entry or registration claim moves to reviewed/published without source URL, access date, verification status and confidence score."
"batch_41","phase_1","help-desk-support","Help Desk Support","Technology, data and AI","high","digital-data-ai","occupation_mapper","source_evidence_reviewer","learner_safety_editor","not_started","not_started","occupation mapping record | claim verification record | qualification/accreditation note | learner-safe profile update recommendation","No salary, demand, APS, provider-entry or registration claim moves to reviewed/published without source URL, access date, verification status and confidence score."
"batch_41","phase_1","ict-sales-professional","ICT Sales Professional","Technology, data and AI","high","digital-data-ai","occupation_mapper","source_evidence_reviewer","learner_safety_editor","not_started","not_started","occupation mapping record | claim verification record | qualification/accreditation note | learner-safe profile update recommendation","No salary, demand, APS, provider-entry or registration claim moves to reviewed/published without source URL, access date, verification status and confidence score."
"batch_41","phase_1","information-officer","Information Officer","Technology, data and AI","high","digital-data-ai","occupation_mapper","source_evidence_reviewer","learner_safety_editor","not_started","not_started","occupation mapping record | claim verification record | qualification/accreditation note | learner-safe profile update recommendation","No salary, demand, APS, provider-entry or registration claim moves to reviewed/published without source URL, access date, verification status and confidence score."
"batch_41","phase_1","information-systems-manager","Information Systems Manager","Technology, data and AI","high","digital-data-ai","occupation_mapper","source_evidence_reviewer","learner_safety_editor","not_started","not_started","occupation mapping record | claim verification record | qualification/accreditation note | learner-safe profile update recommendation","No salary, demand, APS, provider-entry or registration claim moves to reviewed/published without source URL, access date, verification status and confidence score."
"batch_41","phase_1","iot-specialist","IoT Specialist","Technology, data and AI","high","digital-data-ai","occupation_mapper","source_evidence_reviewer","learner_safety_editor","not_started","not_started","occupation mapping record | claim verification record | qualification/accreditation note | learner-safe profile update recommendation","No salary, demand, APS, provider-entry or registration claim moves to reviewed/published without source URL, access date, verification status and confidence score."
"batch_41","phase_1","it-auditor","IT Auditor","Technology, data and AI","high","digital-data-ai","occupation_mapper","source_evidence_reviewer","learner_safety_editor","not_started","not_started","occupation mapping record | claim verification record | qualification/accreditation note | learner-safe profile update recommendation","No salary, demand, APS, provider-entry or registration claim moves to reviewed/published without source URL, access date, verification status and confidence score."
"batch_41","phase_1","it-coordinator","IT Coordinator","Technology, data and AI","high","digital-data-ai","occupation_mapper","source_evidence_reviewer","learner_safety_editor","not_started","not_started","occupation mapping record | claim verification record | qualification/accreditation note | learner-safe profile update recommendation","No salary, demand, APS, provider-entry or registration claim moves to reviewed/published without source URL, access date, verification status and confidence score."
"batch_41","phase_1","it-governance-specialist","IT Governance Specialist","Technology, data and AI","high","digital-data-ai","occupation_mapper","source_evidence_reviewer","learner_safety_editor","not_started","not_started","occupation mapping record | claim verification record | qualification/accreditation note | learner-safe profile update recommendation","No salary, demand, APS, provider-entry or registration claim moves to reviewed/published without source URL, access date, verification status and confidence score."
"batch_41","phase_1","it-manager","IT Manager","Technology, data and AI","high","digital-data-ai","occupation_mapper","source_evidence_reviewer","learner_safety_editor","not_started","not_started","occupation mapping record | claim verification record | qualification/accreditation note | learner-safe profile update recommendation","No salary, demand, APS, provider-entry or registration claim moves to reviewed/published without source URL, access date, verification status and confidence score."
"batch_41","phase_1","it-procurement-specialist","IT Procurement Specialist","Technology, data and AI","high","digital-data-ai","occupation_mapper","source_evidence_reviewer","learner_safety_editor","not_started","not_started","occupation mapping record | claim verification record | qualification/accreditation note | learner-safe profile update recommendation","No salary, demand, APS, provider-entry or registration claim moves to reviewed/published without source URL, access date, verification status and confidence score."
"batch_41","phase_1","it-project-manager","IT Project Manager","Technology, data and AI","high","digital-data-ai","occupation_mapper","source_evidence_reviewer","learner_safety_editor","not_started","not_started","occupation mapping record | claim verification record | qualification/accreditation note | learner-safe profile update recommendation","No salary, demand, APS, provider-entry or registration claim moves to reviewed/published without source URL, access date, verification status and confidence score."
"batch_41","phase_1","it-security-architect","IT Security Architect","Technology, data and AI","high","digital-data-ai","occupation_mapper","source_evidence_reviewer","learner_safety_editor","not_started","not_started","occupation mapping record | claim verification record | qualification/accreditation note | learner-safe profile update recommendation","No salary, demand, APS, provider-entry or registration claim moves to reviewed/published without source URL, access date, verification status and confidence score."
"batch_41","phase_1","it-service-desk-manager","IT Service Desk Manager","Technology, data and AI","high","digital-data-ai","occupation_mapper","source_evidence_reviewer","learner_safety_editor","not_started","not_started","occupation mapping record | claim verification record | qualification/accreditation note | learner-safe profile update recommendation","No salary, demand, APS, provider-entry or registration claim moves to reviewed/published without source URL, access date, verification status and confidence score."
"batch_41","phase_1","it-support-manager","IT Support Manager","Technology, data and AI","high","digital-data-ai","occupation_mapper","source_evidence_reviewer","learner_safety_editor","not_started","not_started","occupation mapping record | claim verification record | qualification/accreditation note | learner-safe profile update recommendation","No salary, demand, APS, provider-entry or registration claim moves to reviewed/published without source URL, access date, verification status and confidence score."
"batch_41","phase_1","it-support-technician","IT Support Technician","Technology, data and AI","high","digital-data-ai","occupation_mapper","source_evidence_reviewer","learner_safety_editor","not_started","not_started","occupation mapping record | claim verification record | qualification/accreditation note | learner-safe profile update recommendation","No salary, demand, APS, provider-entry or registration claim moves to reviewed/published without source URL, access date, verification status and confidence score."
"batch_41","phase_1","it-trainer","IT Trainer","Technology, data and AI","high","digital-data-ai","occupation_mapper","source_evidence_reviewer","learner_safety_editor","not_started","not_started","occupation mapping record | claim verification record | qualification/accreditation note | learner-safe profile update recommendation","No salary, demand, APS, provider-entry or registration claim moves to reviewed/published without source URL, access date, verification status and confidence score."
"batch_41","phase_1","knowledge-management-specialist","Knowledge Management Specialist","Technology, data and AI","high","digital-data-ai","occupation_mapper","source_evidence_reviewer","learner_safety_editor","not_started","not_started","occupation mapping record | claim verification record | qualification/accreditation note | learner-safe profile update recommendation","No salary, demand, APS, provider-entry or registration claim moves to reviewed/published without source URL, access date, verification status and confidence score."
"batch_41","phase_1","machine-learning-engineer","Machine Learning Engineer","Technology, data and AI","high","digital-data-ai","occupation_mapper","source_evidence_reviewer","learner_safety_editor","not_started","not_started","occupation mapping record | claim verification record | qualification/accreditation note | learner-safe profile update recommendation","No salary, demand, APS, provider-entry or registration claim moves to reviewed/published without source URL, access date, verification status and confidence score."
"batch_41","phase_1","mobile-app-developer","Mobile App Developer","Technology, data and AI","high","digital-data-ai","occupation_mapper","source_evidence_reviewer","learner_safety_editor","not_started","not_started","occupation mapping record | claim verification record | qualification/accreditation note | learner-safe profile update recommendation","No salary, demand, APS, provider-entry or registration claim moves to reviewed/published without source URL, access date, verification status and confidence score."
"batch_41","phase_1","network-administrator","Network Administrator","Technology, data and AI","high","digital-data-ai","occupation_mapper","source_evidence_reviewer","learner_safety_editor","not_started","not_started","occupation mapping record | claim verification record | qualification/accreditation note | learner-safe profile update recommendation","No salary, demand, APS, provider-entry or registration claim moves to reviewed/published without source URL, access date, verification status and confidence score."
"batch_41","phase_1","network-security-specialist","Network Security Specialist","Technology, data and AI","high","digital-data-ai","occupation_mapper","source_evidence_reviewer","learner_safety_editor","not_started","not_started","occupation mapping record | claim verification record | qualification/accreditation note | learner-safe profile update recommendation","No salary, demand, APS, provider-entry or registration claim moves to reviewed/published without source URL, access date, verification status and confidence score."
"batch_41","phase_1","network-technician","Network Technician","Technology, data and AI","high","digital-data-ai","occupation_mapper","source_evidence_reviewer","learner_safety_editor","not_started","not_started","occupation mapping record | claim verification record | qualification/accreditation note | learner-safe profile update recommendation","No salary, demand, APS, provider-entry or registration claim moves to reviewed/published without source URL, access date, verification status and confidence score."
"batch_41","phase_1","no-code-automation-builder","No-Code Automation Builder","Technology, data and AI","high","digital-data-ai","occupation_mapper","source_evidence_reviewer","learner_safety_editor","not_started","not_started","occupation mapping record | claim verification record | qualification/accreditation note | learner-safe profile update recommendation","No salary, demand, APS, provider-entry or registration claim moves to reviewed/published without source URL, access date, verification status and confidence score."
"batch_42","phase_1","penetration-tester","Penetration Tester","Technology, data and AI","high","digital-data-ai","occupation_mapper","source_evidence_reviewer","learner_safety_editor","not_started","not_started","occupation mapping record | claim verification record | qualification/accreditation note | learner-safe profile update recommendation","No salary, demand, APS, provider-entry or registration claim moves to reviewed/published without source URL, access date, verification status and confidence score."
"batch_42","phase_1","product-manager","Product Manager","Technology, data and AI","high","digital-data-ai","occupation_mapper","source_evidence_reviewer","learner_safety_editor","not_started","not_started","occupation mapping record | claim verification record | qualification/accreditation note | learner-safe profile update recommendation","No salary, demand, APS, provider-entry or registration claim moves to reviewed/published without source URL, access date, verification status and confidence score."
"batch_42","phase_1","prompt-engineer","Prompt Engineer","Technology, data and AI","high","digital-data-ai","occupation_mapper","source_evidence_reviewer","learner_safety_editor","not_started","not_started","occupation mapping record | claim verification record | qualification/accreditation note | learner-safe profile update recommendation","No salary, demand, APS, provider-entry or registration claim moves to reviewed/published without source URL, access date, verification status and confidence score."
"batch_42","phase_1","qa-tester","QA Tester","Technology, data and AI","high","digital-data-ai","occupation_mapper","source_evidence_reviewer","learner_safety_editor","not_started","not_started","occupation mapping record | claim verification record | qualification/accreditation note | learner-safe profile update recommendation","No salary, demand, APS, provider-entry or registration claim moves to reviewed/published without source URL, access date, verification status and confidence score."
"batch_42","phase_1","quantum-computing-specialist","Quantum Computing Specialist","Technology, data and AI","high","digital-data-ai","occupation_mapper","source_evidence_reviewer","learner_safety_editor","not_started","not_started","occupation mapping record | claim verification record | qualification/accreditation note | learner-safe profile update recommendation","No salary, demand, APS, provider-entry or registration claim moves to reviewed/published without source URL, access date, verification status and confidence score."
"batch_42","phase_1","radio-communications-technician","Radio Communications Technician","Technology, data and AI","high","digital-data-ai","occupation_mapper","source_evidence_reviewer","learner_safety_editor","not_started","not_started","occupation mapping record | claim verification record | qualification/accreditation note | learner-safe profile update recommendation","No salary, demand, APS, provider-entry or registration claim moves to reviewed/published without source URL, access date, verification status and confidence score."
"batch_42","phase_1","records-manager","Records Manager","Technology, data and AI","high","digital-data-ai","occupation_mapper","source_evidence_reviewer","learner_safety_editor","not_started","not_started","occupation mapping record | claim verification record | qualification/accreditation note | learner-safe profile update recommendation","No salary, demand, APS, provider-entry or registration claim moves to reviewed/published without source URL, access date, verification status and confidence score."
"batch_42","phase_1","robotics-technician","Robotics Technician","Technology, data and AI","high","digital-data-ai","occupation_mapper","source_evidence_reviewer","learner_safety_editor","not_started","not_started","occupation mapping record | claim verification record | qualification/accreditation note | learner-safe profile update recommendation","No salary, demand, APS, provider-entry or registration claim moves to reviewed/published without source URL, access date, verification status and confidence score."
"batch_42","phase_1","satellite-communications-technician","Satellite Communications Technician","Technology, data and AI","high","digital-data-ai","occupation_mapper","source_evidence_reviewer","learner_safety_editor","not_started","not_started","occupation mapping record | claim verification record | qualification/accreditation note | learner-safe profile update recommendation","No salary, demand, APS, provider-entry or registration claim moves to reviewed/published without source URL, access date, verification status and confidence score."
"batch_42","phase_1","scrum-master","Scrum Master","Technology, data and AI","high","digital-data-ai","occupation_mapper","source_evidence_reviewer","learner_safety_editor","not_started","not_started","occupation mapping record | claim verification record | qualification/accreditation note | learner-safe profile update recommendation","No salary, demand, APS, provider-entry or registration claim moves to reviewed/published without source URL, access date, verification status and confidence score."
"batch_42","phase_1","search-engine-evaluator","Search Engine Evaluator","Technology, data and AI","high","digital-data-ai","occupation_mapper","source_evidence_reviewer","learner_safety_editor","not_started","not_started","occupation mapping record | claim verification record | qualification/accreditation note | learner-safe profile update recommendation","No salary, demand, APS, provider-entry or registration claim moves to reviewed/published without source URL, access date, verification status and confidence score."
"batch_42","phase_1","security-operations-centre-analyst","Security Operations Centre Analyst","Technology, data and AI","high","digital-data-ai","occupation_mapper","source_evidence_reviewer","learner_safety_editor","not_started","not_started","occupation mapping record | claim verification record | qualification/accreditation note | learner-safe profile update recommendation","No salary, demand, APS, provider-entry or registration claim moves to reviewed/published without source URL, access date, verification status and confidence score."
"batch_42","phase_1","seo-specialist","SEO Specialist","Technology, data and AI","high","digital-data-ai","occupation_mapper","source_evidence_reviewer","learner_safety_editor","not_started","not_started","occupation mapping record | claim verification record | qualification/accreditation note | learner-safe profile update recommendation","No salary, demand, APS, provider-entry or registration claim moves to reviewed/published without source URL, access date, verification status and confidence score."
"batch_42","phase_1","site-reliability-engineer","Site Reliability Engineer","Technology, data and AI","high","digital-data-ai","occupation_mapper","source_evidence_reviewer","learner_safety_editor","not_started","not_started","occupation mapping record | claim verification record | qualification/accreditation note | learner-safe profile update recommendation","No salary, demand, APS, provider-entry or registration claim moves to reviewed/published without source URL, access date, verification status and confidence score."
"batch_42","phase_1","software-developer","Software Developer","Technology, data and AI","high","digital-data-ai","occupation_mapper","source_evidence_reviewer","learner_safety_editor","not_started","not_started","occupation mapping record | claim verification record | qualification/accreditation note | learner-safe profile update recommendation","No salary, demand, APS, provider-entry or registration claim moves to reviewed/published without source URL, access date, verification status and confidence score."
"batch_42","phase_1","software-tester","Software Tester","Technology, data and AI","high","digital-data-ai","occupation_mapper","source_evidence_reviewer","learner_safety_editor","not_started","not_started","occupation mapping record | claim verification record | qualification/accreditation note | learner-safe profile update recommendation","No salary, demand, APS, provider-entry or registration claim moves to reviewed/published without source URL, access date, verification status and confidence score."
"batch_42","phase_1","solutions-architect","Solutions Architect","Technology, data and AI","high","digital-data-ai","occupation_mapper","source_evidence_reviewer","learner_safety_editor","not_started","not_started","occupation mapping record | claim verification record | qualification/accreditation note | learner-safe profile update recommendation","No salary, demand, APS, provider-entry or registration claim moves to reviewed/published without source URL, access date, verification status and confidence score."
"batch_42","phase_1","systems-administrator","Systems Administrator","Technology, data and AI","high","digital-data-ai","occupation_mapper","source_evidence_reviewer","learner_safety_editor","not_started","not_started","occupation mapping record | claim verification record | qualification/accreditation note | learner-safe profile update recommendation","No salary, demand, APS, provider-entry or registration claim moves to reviewed/published without source URL, access date, verification status and confidence score."
"batch_42","phase_1","systems-analyst","Systems Analyst","Technology, data and AI","high","digital-data-ai","occupation_mapper","source_evidence_reviewer","learner_safety_editor","not_started","not_started","occupation mapping record | claim verification record | qualification/accreditation note | learner-safe profile update recommendation","No salary, demand, APS, provider-entry or registration claim moves to reviewed/published without source URL, access date, verification status and confidence score."
"batch_42","phase_1","technical-writer","Technical Writer","Technology, data and AI","high","digital-data-ai","occupation_mapper","source_evidence_reviewer","learner_safety_editor","not_started","not_started","occupation mapping record | claim verification record | qualification/accreditation note | learner-safe profile update recommendation","No salary, demand, APS, provider-entry or registration claim moves to reviewed/published without source URL, access date, verification status and confidence score."
"batch_42","phase_1","telecommunications-engineer","Telecommunications Engineer","Technology, data and AI","high","digital-data-ai","occupation_mapper","source_evidence_reviewer","learner_safety_editor","not_started","not_started","occupation mapping record | claim verification record | qualification/accreditation note | learner-safe profile update recommendation","No salary, demand, APS, provider-entry or registration claim moves to reviewed/published without source URL, access date, verification status and confidence score."
"batch_42","phase_1","telecommunications-technician","Telecommunications Technician","Technology, data and AI","high","digital-data-ai","occupation_mapper","source_evidence_reviewer","learner_safety_editor","not_started","not_started","occupation mapping record | claim verification record | qualification/accreditation note | learner-safe profile update recommendation","No salary, demand, APS, provider-entry or registration claim moves to reviewed/published without source URL, access date, verification status and confidence score."
"batch_42","phase_1","ui-designer","UI Designer","Technology, data and AI","high","digital-data-ai","occupation_mapper","source_evidence_reviewer","learner_safety_editor","not_started","not_started","occupation mapping record | claim verification record | qualification/accreditation note | learner-safe profile update recommendation","No salary, demand, APS, provider-entry or registration claim moves to reviewed/published without source URL, access date, verification status and confidence score."
"batch_42","phase_1","ux-designer","UX Designer","Technology, data and AI","high","digital-data-ai","occupation_mapper","source_evidence_reviewer","learner_safety_editor","not_started","not_started","occupation mapping record | claim verification record | qualification/accreditation note | learner-safe profile update recommendation","No salary, demand, APS, provider-entry or registration claim moves to reviewed/published without source URL, access date, verification status and confidence score."
"batch_42","phase_1","web-developer","Web Developer","Technology, data and AI","high","digital-data-ai","occupation_mapper","source_evidence_reviewer","learner_safety_editor","not_started","not_started","occupation mapping record | claim verification record | qualification/accreditation note | learner-safe profile update recommendation","No salary, demand, APS, provider-entry or registration claim moves to reviewed/published without source URL, access date, verification status and confidence score."
