canonical_career_id,canonical_career_title,starter_stream,pathway_template_kind,pathway_template_profile,reality_profile_source,strongest_reality_signal,earnings_signal_score,earnings_signal_band,travel_signal_score,travel_signal_band,stress_signal_score,stress_signal_band,danger_signal_score,danger_signal_band,caution
za-career-3d-printing-technician,3D Printing Technician,"Manufacturing, mining and energy",engineering,trade,starter_route_suggestions_average,earning upside,88,high,27,low,82,high,76,high,"Qualitative starter-style reality profile derived from linked route structure and research text. Use as a discussion prompt only, not as verified salary, injury-risk or labour-market fact."
za-career-aalim,Aalim,"Arts, culture, heritage and society",creative,portfolio,stream_default,earning upside,56,medium,46,medium,56,medium,26,low,"Qualitative starter-style reality profile derived from linked route structure and research text. Use as a discussion prompt only, not as verified salary, injury-risk or labour-market fact."
za-career-abattoir-foreman,Abattoir Foreman,"Skilled trades, construction and engineering",practical,trade,stream_default,physical safety risk,74,high,78,high,68,high,80,high,"Qualitative starter-style reality profile derived from linked route structure and research text. Use as a discussion prompt only, not as verified salary, injury-risk or labour-market fact."
za-career-abattoir-supervisor,Abattoir Supervisor,"Agriculture, food and environment",agri,vocational,stream_default,travel or movement,62,medium,88,high,64,medium,80,high,"Qualitative starter-style reality profile derived from linked route structure and research text. Use as a discussion prompt only, not as verified salary, injury-risk or labour-market fact."
za-career-above-surface-cleaner,Above Surface Cleaner,"Hospitality, tourism, sport and events",hospitality,hospitality,stream_default,travel or movement,58,medium,72,high,72,high,34,low,"Qualitative starter-style reality profile derived from linked route structure and research text. Use as a discussion prompt only, not as verified salary, injury-risk or labour-market fact."
za-career-access-control-officer,Access Control Officer,"Law, public service and public safety",public,public,stream_default,stress tolerance,66,medium,54,medium,76,high,62,medium,"Qualitative starter-style reality profile derived from linked route structure and research text. Use as a discussion prompt only, not as verified salary, injury-risk or labour-market fact."
za-career-access-the-bars-practitioner,Access the Bars Practitioner,"Hospitality, tourism, sport and events",hospitality,hospitality,stream_default,travel or movement,58,medium,80,high,72,high,30,low,"Qualitative starter-style reality profile derived from linked route structure and research text. Use as a discussion prompt only, not as verified salary, injury-risk or labour-market fact."
za-career-account-clerk,Account clerk (Public relations/ communication),"Finance, admin and business operations",finance,mixed,starter_route_suggestions_average,earning upside,88,high,27,low,60,medium,34,low,"Qualitative starter-style reality profile derived from linked route structure and research text. Use as a discussion prompt only, not as verified salary, injury-risk or labour-market fact."
za-career-accounting-technician,Accounting Technician,"Skilled trades, construction and engineering",practical,trade,starter_route_suggestions_average,earning upside,88,high,80,high,60,medium,76,high,"Qualitative starter-style reality profile derived from linked route structure and research text. Use as a discussion prompt only, not as verified salary, injury-risk or labour-market fact."
za-career-accounts-clerk,Accounts Clerk,"Finance, admin and business operations",finance,mixed,direct_starter_route_profile,earning upside,88,high,27,low,50,medium,22,low,"Qualitative starter-style reality profile derived from linked route structure and research text. Use as a discussion prompt only, not as verified salary, injury-risk or labour-market fact."
za-career-actuary,Actuary,"Finance, admin and business operations",finance,mixed,direct_starter_route_profile,earning upside,88,high,17,low,60,medium,22,low,"Qualitative starter-style reality profile derived from linked route structure and research text. Use as a discussion prompt only, not as verified salary, injury-risk or labour-market fact."
za-career-addictions-counsellor,Addictions Counsellor,"Technology, data and AI",tech,mixed,stream_default,earning upside,86,high,32,low,65,medium,29,low,"Qualitative starter-style reality profile derived from linked route structure and research text. Use as a discussion prompt only, not as verified salary, injury-risk or labour-market fact."
za-career-additive-manufacturing-technician,Additive Manufacturing Technician,"Manufacturing, mining and energy",engineering,trade,stream_default,physical safety risk,78,high,80,high,70,high,84,high,"Qualitative starter-style reality profile derived from linked route structure and research text. Use as a discussion prompt only, not as verified salary, injury-risk or labour-market fact."
za-career-adhesive-binding-machine-operator,Adhesive Binding Machine Operator,"Manufacturing, mining and energy",engineering,trade,starter_route_suggestions_average,earning upside,88,high,35,low,82,high,84,high,"Qualitative starter-style reality profile derived from linked route structure and research text. Use as a discussion prompt only, not as verified salary, injury-risk or labour-market fact."
za-career-adjudicator,Adjudicator,"Finance, admin and business operations",finance,mixed,stream_default,earning upside,70,high,32,low,55,medium,14,low,"Qualitative starter-style reality profile derived from linked route structure and research text. Use as a discussion prompt only, not as verified salary, injury-risk or labour-market fact."
za-career-administration-clerk,Administration Clerk,"Finance, admin and business operations",finance,mixed,starter_route_suggestions_average,earning upside,88,high,27,low,60,medium,34,low,"Qualitative starter-style reality profile derived from linked route structure and research text. Use as a discussion prompt only, not as verified salary, injury-risk or labour-market fact."
za-career-administration-officer,Administration Officer,"Law, public service and public safety",public,public,starter_route_suggestions_average,stress tolerance,68,high,27,low,92,high,76,high,"Qualitative starter-style reality profile derived from linked route structure and research text. Use as a discussion prompt only, not as verified salary, injury-risk or labour-market fact."
za-career-administrative-and-governance-policy-manager,Administrative and Governance Policy Manager,"Law, public service and public safety",public,public,starter_route_suggestions_average,stress tolerance,68,high,27,low,92,high,76,high,"Qualitative starter-style reality profile derived from linked route structure and research text. Use as a discussion prompt only, not as verified salary, injury-risk or labour-market fact."
za-career-admission-clerk,Admission clerk,"Finance, admin and business operations",finance,mixed,starter_route_suggestions_average,earning upside,88,high,27,low,60,medium,34,low,"Qualitative starter-style reality profile derived from linked route structure and research text. Use as a discussion prompt only, not as verified salary, injury-risk or labour-market fact."
za-career-adoption-social-worker,Adoption Social Worker,"Health, care and social services",care,care,starter_route_suggestions_average,stress tolerance,53,medium,52,medium,82,high,50,medium,"Qualitative starter-style reality profile derived from linked route structure and research text. Use as a discussion prompt only, not as verified salary, injury-risk or labour-market fact."
za-career-adult-literacy-teacher,Adult Literacy Teacher,"Education, training and youth development",education,education,direct_starter_route_profile,earning upside,68,high,27,low,50,medium,34,low,"Qualitative starter-style reality profile derived from linked route structure and research text. Use as a discussion prompt only, not as verified salary, injury-risk or labour-market fact."
za-career-advertising-and-public-relations-manager,Advertising and Public Relations Manager,"Creative, media and design",creative,portfolio,starter_route_suggestions_average,earning upside,88,high,27,low,66,medium,22,low,"Qualitative starter-style reality profile derived from linked route structure and research text. Use as a discussion prompt only, not as verified salary, injury-risk or labour-market fact."
za-career-advocate,Advocate,"Law, public service and public safety",public,public,direct_starter_route_profile,stress tolerance,68,high,27,low,92,high,76,high,"Qualitative starter-style reality profile derived from linked route structure and research text. Use as a discussion prompt only, not as verified salary, injury-risk or labour-market fact."
za-career-aeronautical-engineer,Aeronautical Engineer,"Skilled trades, construction and engineering",practical,trade,starter_route_suggestions_average,earning upside,88,high,80,high,60,medium,76,high,"Qualitative starter-style reality profile derived from linked route structure and research text. Use as a discussion prompt only, not as verified salary, injury-risk or labour-market fact."
za-career-aeronautical-engineering-technician,Aeronautical Engineering Technician,"Skilled trades, construction and engineering",practical,trade,starter_route_suggestions_average,earning upside,88,high,80,high,60,medium,76,high,"Qualitative starter-style reality profile derived from linked route structure and research text. Use as a discussion prompt only, not as verified salary, injury-risk or labour-market fact."
za-career-aeronautical-engineering-technologist,Aeronautical Engineering Technologist,"Skilled trades, construction and engineering",practical,trade,starter_route_suggestions_average,earning upside,88,high,80,high,60,medium,76,high,"Qualitative starter-style reality profile derived from linked route structure and research text. Use as a discussion prompt only, not as verified salary, injury-risk or labour-market fact."
za-career-aeroplane-pilot,Aeroplane Pilot,"Logistics, transport and supply chain",logistics,logistics,starter_route_suggestions_average,physical safety risk,68,high,27,low,60,medium,76,high,"Qualitative starter-style reality profile derived from linked route structure and research text. Use as a discussion prompt only, not as verified salary, injury-risk or labour-market fact."
za-career-aged-care-registered-nurse,Aged Care Registered Nurse,"Health, care and social services",care,care,starter_route_suggestions_average,stress tolerance,53,medium,52,medium,92,high,62,medium,"Qualitative starter-style reality profile derived from linked route structure and research text. Use as a discussion prompt only, not as verified salary, injury-risk or labour-market fact."
za-career-aged-care-service-manager,Aged Care Service Manager,"Health, care and social services",care,care,starter_route_suggestions_average,stress tolerance,53,medium,52,medium,92,high,62,medium,"Qualitative starter-style reality profile derived from linked route structure and research text. Use as a discussion prompt only, not as verified salary, injury-risk or labour-market fact."
za-career-aged-or-disabled-carer,Aged or Disabled Carer,"Health, care and social services",care,care,starter_route_suggestions_average,stress tolerance,53,medium,60,medium,82,high,58,medium,"Qualitative starter-style reality profile derived from linked route structure and research text. Use as a discussion prompt only, not as verified salary, injury-risk or labour-market fact."
za-career-agribusiness-incubator-manager,Agribusiness Incubator Manager,"Agriculture, food and environment",agri,vocational,stream_default,travel or movement,62,medium,88,high,64,medium,80,high,"Qualitative starter-style reality profile derived from linked route structure and research text. Use as a discussion prompt only, not as verified salary, injury-risk or labour-market fact."
za-career-agricultural-horticultural-produce-inspector,Agricultural / Horticultural Produce Inspector,"Agriculture, food and environment",agri,vocational,starter_route_suggestions_average,travel or movement,53,medium,80,high,76,high,76,high,"Qualitative starter-style reality profile derived from linked route structure and research text. Use as a discussion prompt only, not as verified salary, injury-risk or labour-market fact."
za-career-agricultural-and-forestry-manager,Agricultural and Forestry Manager,"Agriculture, food and environment",agri,vocational,stream_default,travel or movement,62,medium,80,high,74,high,72,high,"Qualitative starter-style reality profile derived from linked route structure and research text. Use as a discussion prompt only, not as verified salary, injury-risk or labour-market fact."
za-career-agricultural-carbon-project-coordinator,Agricultural Carbon Project Coordinator,"Agriculture, food and environment",agri,vocational,stream_default,travel or movement,62,medium,88,high,64,medium,80,high,"Qualitative starter-style reality profile derived from linked route structure and research text. Use as a discussion prompt only, not as verified salary, injury-risk or labour-market fact."
za-career-agricultural-drone-maintenance-technician,Agricultural Drone Maintenance Technician,"Agriculture, food and environment",agri,vocational,starter_route_suggestions_average,travel or movement,53,medium,88,high,66,medium,84,high,"Qualitative starter-style reality profile derived from linked route structure and research text. Use as a discussion prompt only, not as verified salary, injury-risk or labour-market fact."
za-career-agricultural-engineer,Agricultural Engineer,"Skilled trades, construction and engineering",practical,trade,starter_route_suggestions_average,earning upside,88,high,80,high,60,medium,76,high,"Qualitative starter-style reality profile derived from linked route structure and research text. Use as a discussion prompt only, not as verified salary, injury-risk or labour-market fact."
za-career-agricultural-engineering-technologist,Agricultural Engineering Technologist,"Skilled trades, construction and engineering",practical,trade,starter_route_suggestions_average,earning upside,88,high,80,high,60,medium,76,high,"Qualitative starter-style reality profile derived from linked route structure and research text. Use as a discussion prompt only, not as verified salary, injury-risk or labour-market fact."
za-career-agricultural-extension-officer,Agricultural Extension Officer,"Agriculture, food and environment",agri,vocational,direct_starter_route_profile,travel or movement,53,medium,80,high,66,medium,76,high,"Qualitative starter-style reality profile derived from linked route structure and research text. Use as a discussion prompt only, not as verified salary, injury-risk or labour-market fact."
za-career-agricultural-farm-manager,Agricultural Farm Manager,"Agriculture, food and environment",agri,vocational,starter_route_suggestions_average,travel or movement,53,medium,80,high,66,medium,76,high,"Qualitative starter-style reality profile derived from linked route structure and research text. Use as a discussion prompt only, not as verified salary, injury-risk or labour-market fact."
za-career-agricultural-mobile-plant-operator,Agricultural Mobile Plant (Equipment) Operator,"Agriculture, food and environment",agri,vocational,starter_route_suggestions_average,travel or movement,53,medium,88,high,66,medium,84,high,"Qualitative starter-style reality profile derived from linked route structure and research text. Use as a discussion prompt only, not as verified salary, injury-risk or labour-market fact."
za-career-agricultural-scientist,Agricultural Scientist,"Agriculture, food and environment",agri,vocational,direct_starter_route_profile,travel or movement,53,medium,80,high,76,high,76,high,"Qualitative starter-style reality profile derived from linked route structure and research text. Use as a discussion prompt only, not as verified salary, injury-risk or labour-market fact."
za-career-agricultural-technician,Agricultural Technician,"Agriculture, food and environment",agri,vocational,direct_starter_route_profile,travel or movement,53,medium,80,high,76,high,76,high,"Qualitative starter-style reality profile derived from linked route structure and research text. Use as a discussion prompt only, not as verified salary, injury-risk or labour-market fact."
za-career-agriculture-consultant,Agriculture Consultant,"Agriculture, food and environment",agri,vocational,stream_default,travel or movement,62,medium,80,high,64,medium,72,high,"Qualitative starter-style reality profile derived from linked route structure and research text. Use as a discussion prompt only, not as verified salary, injury-risk or labour-market fact."
za-career-agritech-support-technician,AgriTech Support Technician,"Agriculture, food and environment",agri,vocational,starter_route_suggestions_average,travel or movement,53,medium,88,high,66,medium,84,high,"Qualitative starter-style reality profile derived from linked route structure and research text. Use as a discussion prompt only, not as verified salary, injury-risk or labour-market fact."
za-career-agro-processing-entrepreneur,Agro-processing Entrepreneur,"Agriculture, food and environment",agri,vocational,stream_default,travel or movement,62,medium,88,high,64,medium,80,high,"Qualitative starter-style reality profile derived from linked route structure and research text. Use as a discussion prompt only, not as verified salary, injury-risk or labour-market fact."
za-career-ai-and-machine-learning-specialist,AI and Machine Learning Specialist,"Education, training and youth development",education,education,stream_default,earning upside,60,medium,38,low,60,medium,16,low,"Qualitative starter-style reality profile derived from linked route structure and research text. Use as a discussion prompt only, not as verified salary, injury-risk or labour-market fact."
za-career-ai-governance-specialist,AI Governance Specialist,"Technology, data and AI",tech,mixed,starter_route_suggestions_average,earning upside,88,high,27,low,50,medium,22,low,"Qualitative starter-style reality profile derived from linked route structure and research text. Use as a discussion prompt only, not as verified salary, injury-risk or labour-market fact."
za-career-ai-integration-specialist,AI Integration Specialist,"Technology, data and AI",tech,mixed,starter_route_suggestions_average,earning upside,88,high,27,low,50,medium,22,low,"Qualitative starter-style reality profile derived from linked route structure and research text. Use as a discussion prompt only, not as verified salary, injury-risk or labour-market fact."
za-career-ai-learning-support-designer,AI Learning Support Designer,"Creative, media and design",creative,portfolio,starter_route_suggestions_average,earning upside,88,high,27,low,66,medium,22,low,"Qualitative starter-style reality profile derived from linked route structure and research text. Use as a discussion prompt only, not as verified salary, injury-risk or labour-market fact."
za-career-ai-product-manager,AI Product Manager,"Technology, data and AI",tech,mixed,starter_route_suggestions_average,earning upside,88,high,27,low,50,medium,22,low,"Qualitative starter-style reality profile derived from linked route structure and research text. Use as a discussion prompt only, not as verified salary, injury-risk or labour-market fact."
za-career-ai-safety-analyst,AI Safety Analyst,"Technology, data and AI",tech,mixed,starter_route_suggestions_average,earning upside,88,high,27,low,50,medium,22,low,"Qualitative starter-style reality profile derived from linked route structure and research text. Use as a discussion prompt only, not as verified salary, injury-risk or labour-market fact."
za-career-ai-trainer,AI Trainer,"Education, training and youth development",education,education,starter_route_suggestions_average,earning upside,68,high,27,low,50,medium,22,low,"Qualitative starter-style reality profile derived from linked route structure and research text. Use as a discussion prompt only, not as verified salary, injury-risk or labour-market fact."
za-career-ai-workflow-designer,AI Workflow Designer,"Creative, media and design",creative,portfolio,starter_route_suggestions_average,earning upside,88,high,27,low,66,medium,22,low,"Qualitative starter-style reality profile derived from linked route structure and research text. Use as a discussion prompt only, not as verified salary, injury-risk or labour-market fact."
za-career-aids-to-navigation-technician,Aids to Navigation Technician,"Logistics, transport and supply chain",logistics,logistics,stream_default,travel or movement,63,medium,88,high,62,medium,74,high,"Qualitative starter-style reality profile derived from linked route structure and research text. Use as a discussion prompt only, not as verified salary, injury-risk or labour-market fact."
za-career-air-conditioning-and-refrigeration-certificate-of-conformity-verifier,Air Conditioning and Refrigeration Certificate of Conformity Verifier,"Skilled trades, construction and engineering",practical,trade,stream_default,physical safety risk,74,high,86,high,68,high,88,high,"Qualitative starter-style reality profile derived from linked route structure and research text. Use as a discussion prompt only, not as verified salary, injury-risk or labour-market fact."
za-career-air-conditioning-and-refrigeration-compliance-verifier,Air Conditioning and Refrigeration Compliance Verifier,"Law, public service and public safety",public,public,stream_default,stress tolerance,66,medium,62,medium,76,high,70,high,"Qualitative starter-style reality profile derived from linked route structure and research text. Use as a discussion prompt only, not as verified salary, injury-risk or labour-market fact."
za-career-air-conditioning-and-refrigeration-mechanic,Air Conditioning and Refrigeration Mechanic,"Skilled trades, construction and engineering",practical,trade,starter_route_suggestions_average,earning upside,88,high,88,high,60,medium,84,high,"Qualitative starter-style reality profile derived from linked route structure and research text. Use as a discussion prompt only, not as verified salary, injury-risk or labour-market fact."
za-career-air-conditioning-and-refrigeration-systems-pipework-installer,Air Conditioning and Refrigeration Systems Pipework Installer,"Technology, data and AI",tech,mixed,stream_default,earning upside,86,high,32,low,55,medium,29,low,"Qualitative starter-style reality profile derived from linked route structure and research text. Use as a discussion prompt only, not as verified salary, injury-risk or labour-market fact."
za-career-air-conditioning-filtration-equipment-worker,Air Conditioning Filtration Equipment Worker,"Skilled trades, construction and engineering",practical,trade,stream_default,physical safety risk,74,high,86,high,68,high,88,high,"Qualitative starter-style reality profile derived from linked route structure and research text. Use as a discussion prompt only, not as verified salary, injury-risk or labour-market fact."
za-career-air-quality-analyst,Air Quality Analyst,"Finance, admin and business operations",finance,mixed,stream_default,earning upside,70,high,32,low,65,medium,26,low,"Qualitative starter-style reality profile derived from linked route structure and research text. Use as a discussion prompt only, not as verified salary, injury-risk or labour-market fact."
za-career-aircraft-component-maintenance-mechanic,Aircraft Component Maintenance Mechanic,"Skilled trades, construction and engineering",practical,trade,starter_route_suggestions_average,earning upside,88,high,88,high,50,medium,84,high,"Qualitative starter-style reality profile derived from linked route structure and research text. Use as a discussion prompt only, not as verified salary, injury-risk or labour-market fact."
za-career-aircraft-maintenance-mechanic,Aircraft Maintenance Mechanic,"Skilled trades, construction and engineering",practical,trade,starter_route_suggestions_average,earning upside,88,high,88,high,50,medium,84,high,"Qualitative starter-style reality profile derived from linked route structure and research text. Use as a discussion prompt only, not as verified salary, injury-risk or labour-market fact."
za-career-aircraft-structures-technician,Aircraft Structures Technician,"Skilled trades, construction and engineering",practical,trade,stream_default,physical safety risk,74,high,86,high,68,high,88,high,"Qualitative starter-style reality profile derived from linked route structure and research text. Use as a discussion prompt only, not as verified salary, injury-risk or labour-market fact."
za-career-airline-ground-crew,Airline Ground Crew,"Hospitality, tourism, sport and events",hospitality,hospitality,starter_route_suggestions_average,earning upside,88,high,88,high,82,high,84,high,"Qualitative starter-style reality profile derived from linked route structure and research text. Use as a discussion prompt only, not as verified salary, injury-risk or labour-market fact."
za-career-airport-or-harbour-manager,Airport or Harbour Manager,"Logistics, transport and supply chain",logistics,logistics,stream_default,travel or movement,63,medium,80,high,62,medium,66,medium,"Qualitative starter-style reality profile derived from linked route structure and research text. Use as a discussion prompt only, not as verified salary, injury-risk or labour-market fact."
za-career-alarm-security-or-surveillance-monitor,"Alarm, Security or Surveillance Monitor","Law, public service and public safety",public,public,stream_default,stress tolerance,66,medium,62,medium,86,high,70,high,"Qualitative starter-style reality profile derived from linked route structure and research text. Use as a discussion prompt only, not as verified salary, injury-risk or labour-market fact."
za-career-ambulance-officer,Ambulance Officer,"Health, care and social services",care,care,starter_route_suggestions_average,stress tolerance,53,medium,52,medium,92,high,62,medium,"Qualitative starter-style reality profile derived from linked route structure and research text. Use as a discussion prompt only, not as verified salary, injury-risk or labour-market fact."
za-career-anaesthesiologist,Anaesthesiologist,"Health, care and social services",care,care,direct_starter_route_profile,stress tolerance,53,medium,52,medium,92,high,50,medium,"Qualitative starter-style reality profile derived from linked route structure and research text. Use as a discussion prompt only, not as verified salary, injury-risk or labour-market fact."
za-career-anaesthetic-technician,Anaesthetic Technician,"Skilled trades, construction and engineering",practical,trade,starter_route_suggestions_average,earning upside,88,high,80,high,60,medium,76,high,"Qualitative starter-style reality profile derived from linked route structure and research text. Use as a discussion prompt only, not as verified salary, injury-risk or labour-market fact."
za-career-anaesthetist,Anaesthetist,"Finance, admin and business operations",finance,mixed,stream_default,earning upside,70,high,32,low,65,medium,26,low,"Qualitative starter-style reality profile derived from linked route structure and research text. Use as a discussion prompt only, not as verified salary, injury-risk or labour-market fact."
za-career-analytics-engineer,Analytics Engineer,"Skilled trades, construction and engineering",practical,trade,starter_route_suggestions_average,earning upside,88,high,80,high,50,medium,64,medium,"Qualitative starter-style reality profile derived from linked route structure and research text. Use as a discussion prompt only, not as verified salary, injury-risk or labour-market fact."
za-career-ancillary-health-care-worker,Ancillary Health Care Worker,"Health, care and social services",care,care,starter_route_suggestions_average,stress tolerance,53,medium,52,medium,92,high,62,medium,"Qualitative starter-style reality profile derived from linked route structure and research text. Use as a discussion prompt only, not as verified salary, injury-risk or labour-market fact."
za-career-ancillary-machine-maintenance-assistant,Ancillary Machine Maintenance Assistant,"Manufacturing, mining and energy",engineering,trade,stream_default,physical safety risk,78,high,88,high,70,high,92,high,"Qualitative starter-style reality profile derived from linked route structure and research text. Use as a discussion prompt only, not as verified salary, injury-risk or labour-market fact."
za-career-animal-attendant,Animal Attendant,"Health, care and social services",care,care,starter_route_suggestions_average,stress tolerance,53,medium,52,medium,92,high,62,medium,"Qualitative starter-style reality profile derived from linked route structure and research text. Use as a discussion prompt only, not as verified salary, injury-risk or labour-market fact."
za-career-animal-behaviourist,Animal Behaviourist,"Finance, admin and business operations",finance,mixed,stream_default,earning upside,70,high,32,low,65,medium,26,low,"Qualitative starter-style reality profile derived from linked route structure and research text. Use as a discussion prompt only, not as verified salary, injury-risk or labour-market fact."
za-career-animal-health-data-technician,Animal Health Data Technician,"Technology, data and AI",tech,mixed,stream_default,earning upside,86,high,40,low,55,medium,37,low,"Qualitative starter-style reality profile derived from linked route structure and research text. Use as a discussion prompt only, not as verified salary, injury-risk or labour-market fact."
za-career-animal-trainer,Animal Trainer,"Education, training and youth development",education,education,starter_route_suggestions_average,earning upside,68,high,27,low,60,medium,34,low,"Qualitative starter-style reality profile derived from linked route structure and research text. Use as a discussion prompt only, not as verified salary, injury-risk or labour-market fact."
za-career-annealing-operator,Annealing Operator,"Manufacturing, mining and energy",engineering,trade,starter_route_suggestions_average,earning upside,88,high,35,low,82,high,84,high,"Qualitative starter-style reality profile derived from linked route structure and research text. Use as a discussion prompt only, not as verified salary, injury-risk or labour-market fact."
za-career-anthropologist,Anthropologist,"Finance, admin and business operations",finance,mixed,stream_default,earning upside,70,high,32,low,65,medium,26,low,"Qualitative starter-style reality profile derived from linked route structure and research text. Use as a discussion prompt only, not as verified salary, injury-risk or labour-market fact."
za-career-anti-money-laundering-analyst,Anti Money Laundering Analyst,"Finance, admin and business operations",finance,mixed,stream_default,earning upside,70,high,32,low,55,medium,26,low,"Qualitative starter-style reality profile derived from linked route structure and research text. Use as a discussion prompt only, not as verified salary, injury-risk or labour-market fact."
za-career-anti-corruption-data-analyst,Anti-Corruption Data Analyst,"Technology, data and AI",tech,mixed,starter_route_suggestions_average,earning upside,88,high,27,low,50,medium,22,low,"Qualitative starter-style reality profile derived from linked route structure and research text. Use as a discussion prompt only, not as verified salary, injury-risk or labour-market fact."
za-career-apparel-and-related-manufacturing-machine-mechanic,Apparel and Related Manufacturing Machine Mechanic,"Skilled trades, construction and engineering",practical,trade,stream_default,physical safety risk,74,high,86,high,68,high,88,high,"Qualitative starter-style reality profile derived from linked route structure and research text. Use as a discussion prompt only, not as verified salary, injury-risk or labour-market fact."
za-career-apparel-pattern-designer-assistant,Apparel Pattern Designer Assistant,"Creative, media and design",creative,portfolio,stream_default,stress tolerance,56,medium,58,medium,64,medium,36,low,"Qualitative starter-style reality profile derived from linked route structure and research text. Use as a discussion prompt only, not as verified salary, injury-risk or labour-market fact."
za-career-apparel-pattern-maker-and-grader,Apparel Pattern Maker and Grader,"Manufacturing, mining and energy",engineering,trade,stream_default,physical safety risk,78,high,88,high,70,high,92,high,"Qualitative starter-style reality profile derived from linked route structure and research text. Use as a discussion prompt only, not as verified salary, injury-risk or labour-market fact."
za-career-application-development-manager,Application Development Manager,"Technology, data and AI",tech,mixed,starter_route_suggestions_average,earning upside,88,high,27,low,60,medium,34,low,"Qualitative starter-style reality profile derived from linked route structure and research text. Use as a discussion prompt only, not as verified salary, injury-risk or labour-market fact."
za-career-applications-developer,Applications Developer,"Technology, data and AI",tech,mixed,starter_route_suggestions_average,earning upside,88,high,27,low,60,medium,34,low,"Qualitative starter-style reality profile derived from linked route structure and research text. Use as a discussion prompt only, not as verified salary, injury-risk or labour-market fact."
za-career-applications-programmer,Applications Programmer,"Technology, data and AI",tech,mixed,starter_route_suggestions_average,earning upside,88,high,27,low,60,medium,22,low,"Qualitative starter-style reality profile derived from linked route structure and research text. Use as a discussion prompt only, not as verified salary, injury-risk or labour-market fact."
za-career-aquaculture-and-fisheries-manager,Aquaculture and Fisheries Manager,"Creative, media and design",creative,portfolio,stream_default,stress tolerance,56,medium,50,medium,74,high,28,low,"Qualitative starter-style reality profile derived from linked route structure and research text. Use as a discussion prompt only, not as verified salary, injury-risk or labour-market fact."
za-career-aquaculture-farm-worker,Aquaculture Farm Worker,"Agriculture, food and environment",agri,vocational,starter_route_suggestions_average,travel or movement,53,medium,88,high,66,medium,84,high,"Qualitative starter-style reality profile derived from linked route structure and research text. Use as a discussion prompt only, not as verified salary, injury-risk or labour-market fact."
za-career-aquaculture-farm-worker-assistant,Aquaculture Farm Worker / Assistant,"Agriculture, food and environment",agri,vocational,starter_route_suggestions_average,travel or movement,53,medium,80,high,76,high,76,high,"Qualitative starter-style reality profile derived from linked route structure and research text. Use as a discussion prompt only, not as verified salary, injury-risk or labour-market fact."
za-career-aquaculture-farmer,Aquaculture Farmer,"Agriculture, food and environment",agri,vocational,starter_route_suggestions_average,travel or movement,53,medium,88,high,66,medium,84,high,"Qualitative starter-style reality profile derived from linked route structure and research text. Use as a discussion prompt only, not as verified salary, injury-risk or labour-market fact."
za-career-aquaculture-produce-analyst,Aquaculture Produce Analyst,"Skilled trades, construction and engineering",practical,trade,stream_default,physical safety risk,74,high,78,high,78,high,80,high,"Qualitative starter-style reality profile derived from linked route structure and research text. Use as a discussion prompt only, not as verified salary, injury-risk or labour-market fact."
za-career-aquaponics-farm-operator,Aquaponics Farm Operator,"Agriculture, food and environment",agri,vocational,stream_default,travel or movement,62,medium,88,high,64,medium,80,high,"Qualitative starter-style reality profile derived from linked route structure and research text. Use as a discussion prompt only, not as verified salary, injury-risk or labour-market fact."
za-career-archaeologist,Archaeologist,"Arts, culture, heritage and society",creative,portfolio,direct_starter_route_profile,earning upside,88,high,27,low,76,high,34,low,"Qualitative starter-style reality profile derived from linked route structure and research text. Use as a discussion prompt only, not as verified salary, injury-risk or labour-market fact."
za-career-architect,Architect,"Skilled trades, construction and engineering",practical,trade,direct_starter_route_profile,earning upside,88,high,80,high,50,medium,76,high,"Qualitative starter-style reality profile derived from linked route structure and research text. Use as a discussion prompt only, not as verified salary, injury-risk or labour-market fact."
za-career-archives-manager,Archives Manager,"Finance, admin and business operations",finance,mixed,starter_route_suggestions_average,earning upside,88,high,27,low,60,medium,34,low,"Qualitative starter-style reality profile derived from linked route structure and research text. Use as a discussion prompt only, not as verified salary, injury-risk or labour-market fact."
za-career-archivist,Archivist,"Education, training and youth development",education,education,direct_starter_route_profile,earning upside,68,high,27,low,60,medium,34,low,"Qualitative starter-style reality profile derived from linked route structure and research text. Use as a discussion prompt only, not as verified salary, injury-risk or labour-market fact."
za-career-armature-winder,Armature Winder,"Skilled trades, construction and engineering",practical,trade,stream_default,physical safety risk,74,high,78,high,68,high,80,high,"Qualitative starter-style reality profile derived from linked route structure and research text. Use as a discussion prompt only, not as verified salary, injury-risk or labour-market fact."
za-career-art-therapist,Art Therapist,"Arts, culture, heritage and society",creative,portfolio,direct_starter_route_profile,earning upside,88,high,35,low,76,high,42,low,"Qualitative starter-style reality profile derived from linked route structure and research text. Use as a discussion prompt only, not as verified salary, injury-risk or labour-market fact."
za-career-artificial-intelligence-software-developer,Artificial Intelligence Software Developer,"Technology, data and AI",tech,mixed,starter_route_suggestions_average,earning upside,88,high,27,low,50,medium,22,low,"Qualitative starter-style reality profile derived from linked route structure and research text. Use as a discussion prompt only, not as verified salary, injury-risk or labour-market fact."
za-career-arts-culture-manager,Arts/ Culture Manager,"Arts, culture, heritage and society",creative,portfolio,starter_route_suggestions_average,earning upside,88,high,27,low,76,high,34,low,"Qualitative starter-style reality profile derived from linked route structure and research text. Use as a discussion prompt only, not as verified salary, injury-risk or labour-market fact."
za-career-asphalt-tester,Asphalt Tester,"Skilled trades, construction and engineering",practical,trade,stream_default,physical safety risk,74,high,78,high,68,high,80,high,"Qualitative starter-style reality profile derived from linked route structure and research text. Use as a discussion prompt only, not as verified salary, injury-risk or labour-market fact."
za-career-assessment-practitioner,Assessment Practitioner,"Finance, admin and business operations",finance,mixed,starter_route_suggestions_average,earning upside,88,high,27,low,50,medium,22,low,"Qualitative starter-style reality profile derived from linked route structure and research text. Use as a discussion prompt only, not as verified salary, injury-risk or labour-market fact."
za-career-assessor,Assessor,"Education, training and youth development",education,education,stream_default,earning upside,60,medium,38,low,60,medium,16,low,"Qualitative starter-style reality profile derived from linked route structure and research text. Use as a discussion prompt only, not as verified salary, injury-risk or labour-market fact."
za-career-asset-protection-officer,Asset Protection Officer,"Law, public service and public safety",public,public,starter_route_suggestions_average,stress tolerance,68,high,27,low,82,high,76,high,"Qualitative starter-style reality profile derived from linked route structure and research text. Use as a discussion prompt only, not as verified salary, injury-risk or labour-market fact."
za-career-assistant-midwife,Assistant Midwife,"Health, care and social services",care,care,starter_route_suggestions_average,stress tolerance,53,medium,60,medium,92,high,70,high,"Qualitative starter-style reality profile derived from linked route structure and research text. Use as a discussion prompt only, not as verified salary, injury-risk or labour-market fact."
za-career-assistant-nutritionist,Assistant Nutritionist,"Law, public service and public safety",public,public,stream_default,stress tolerance,66,medium,62,medium,86,high,70,high,"Qualitative starter-style reality profile derived from linked route structure and research text. Use as a discussion prompt only, not as verified salary, injury-risk or labour-market fact."
za-career-assistant-painter,Assistant Painter,"Skilled trades, construction and engineering",practical,trade,starter_route_suggestions_average,earning upside,88,high,88,high,50,medium,84,high,"Qualitative starter-style reality profile derived from linked route structure and research text. Use as a discussion prompt only, not as verified salary, injury-risk or labour-market fact."
za-career-associate-legal-professional,Associate Legal Professional,"Law, public service and public safety",public,public,starter_route_suggestions_average,stress tolerance,68,high,27,low,82,high,64,medium,"Qualitative starter-style reality profile derived from linked route structure and research text. Use as a discussion prompt only, not as verified salary, injury-risk or labour-market fact."
za-career-attorney,Attorney,"Law, public service and public safety",public,public,direct_starter_route_profile,stress tolerance,68,high,27,low,82,high,64,medium,"Qualitative starter-style reality profile derived from linked route structure and research text. Use as a discussion prompt only, not as verified salary, injury-risk or labour-market fact."
za-career-audiologist,Audiologist,"Health, care and social services",care,care,direct_starter_route_profile,stress tolerance,53,medium,52,medium,92,high,62,medium,"Qualitative starter-style reality profile derived from linked route structure and research text. Use as a discussion prompt only, not as verified salary, injury-risk or labour-market fact."
za-career-audiometrician,Audiometrician,"Health, care and social services",care,care,stream_default,stress tolerance,66,medium,62,medium,90,high,68,high,"Qualitative starter-style reality profile derived from linked route structure and research text. Use as a discussion prompt only, not as verified salary, injury-risk or labour-market fact."
za-career-audiometrist,Audiometrist,"Law, public service and public safety",public,public,stream_default,stress tolerance,66,medium,62,medium,86,high,70,high,"Qualitative starter-style reality profile derived from linked route structure and research text. Use as a discussion prompt only, not as verified salary, injury-risk or labour-market fact."
za-career-authorised-pharmacist-prescriber,Authorised Pharmacist Prescriber,"Health, care and social services",care,care,stream_default,stress tolerance,66,medium,54,medium,90,high,60,medium,"Qualitative starter-style reality profile derived from linked route structure and research text. Use as a discussion prompt only, not as verified salary, injury-risk or labour-market fact."
za-career-automation-technician,Automation Technician,"Technology, data and AI",tech,mixed,starter_route_suggestions_average,earning upside,88,high,27,low,50,medium,22,low,"Qualitative starter-style reality profile derived from linked route structure and research text. Use as a discussion prompt only, not as verified salary, injury-risk or labour-market fact."
za-career-automotive-battery-fitter-and-tester,Automotive Battery Fitter and Tester,"Skilled trades, construction and engineering",practical,trade,stream_default,physical safety risk,74,high,86,high,68,high,88,high,"Qualitative starter-style reality profile derived from linked route structure and research text. Use as a discussion prompt only, not as verified salary, injury-risk or labour-market fact."
za-career-automotive-clutch-and-brake-repairer,Automotive Clutch and Brake Repairer,"Skilled trades, construction and engineering",practical,trade,stream_default,physical safety risk,74,high,86,high,68,high,88,high,"Qualitative starter-style reality profile derived from linked route structure and research text. Use as a discussion prompt only, not as verified salary, injury-risk or labour-market fact."
za-career-automotive-drive-train-repairer,Automotive Drive Train Repairer,"Skilled trades, construction and engineering",practical,trade,stream_default,physical safety risk,74,high,86,high,68,high,88,high,"Qualitative starter-style reality profile derived from linked route structure and research text. Use as a discussion prompt only, not as verified salary, injury-risk or labour-market fact."
za-career-automotive-engine-assembler,Automotive Engine Assembler,"Skilled trades, construction and engineering",practical,trade,stream_default,physical safety risk,74,high,86,high,68,high,88,high,"Qualitative starter-style reality profile derived from linked route structure and research text. Use as a discussion prompt only, not as verified salary, injury-risk or labour-market fact."
za-career-automotive-engine-dismantler,Automotive Engine Dismantler,"Skilled trades, construction and engineering",practical,trade,stream_default,physical safety risk,74,high,86,high,68,high,88,high,"Qualitative starter-style reality profile derived from linked route structure and research text. Use as a discussion prompt only, not as verified salary, injury-risk or labour-market fact."
za-career-automotive-engine-fitter,Automotive Engine Fitter,"Skilled trades, construction and engineering",practical,trade,stream_default,physical safety risk,74,high,86,high,68,high,88,high,"Qualitative starter-style reality profile derived from linked route structure and research text. Use as a discussion prompt only, not as verified salary, injury-risk or labour-market fact."
za-career-automotive-engine-mechanic,Automotive Engine Mechanic,"Skilled trades, construction and engineering",practical,trade,starter_route_suggestions_average,earning upside,88,high,88,high,50,medium,84,high,"Qualitative starter-style reality profile derived from linked route structure and research text. Use as a discussion prompt only, not as verified salary, injury-risk or labour-market fact."
za-career-automotive-motor-mechanic,Automotive Motor Mechanic,"Skilled trades, construction and engineering",practical,trade,starter_route_suggestions_average,earning upside,88,high,88,high,50,medium,84,high,"Qualitative starter-style reality profile derived from linked route structure and research text. Use as a discussion prompt only, not as verified salary, injury-risk or labour-market fact."
za-career-automotive-sales-advisor,Automotive Sales Advisor,"Sales, marketing and customer work",people,mixed,starter_route_suggestions_average,physical safety risk,53,medium,35,low,50,medium,84,high,"Qualitative starter-style reality profile derived from linked route structure and research text. Use as a discussion prompt only, not as verified salary, injury-risk or labour-market fact."
za-career-automotive-suspension-repairer,Automotive Suspension Repairer,"Skilled trades, construction and engineering",practical,trade,stream_default,physical safety risk,74,high,86,high,68,high,88,high,"Qualitative starter-style reality profile derived from linked route structure and research text. Use as a discussion prompt only, not as verified salary, injury-risk or labour-market fact."
za-career-automotive-workshop-assistant,Automotive Workshop Assistant,"Skilled trades, construction and engineering",practical,trade,starter_route_suggestions_average,earning upside,88,high,88,high,50,medium,84,high,"Qualitative starter-style reality profile derived from linked route structure and research text. Use as a discussion prompt only, not as verified salary, injury-risk or labour-market fact."
za-career-autonomous-mining-equipment-operator,Autonomous Mining Equipment Operator,"Manufacturing, mining and energy",engineering,trade,stream_default,physical safety risk,78,high,80,high,70,high,84,high,"Qualitative starter-style reality profile derived from linked route structure and research text. Use as a discussion prompt only, not as verified salary, injury-risk or labour-market fact."
za-career-auxiliary-community-development-practitioner,Auxiliary Community Development Practitioner,"Law, public service and public safety",public,public,stream_default,stress tolerance,66,medium,62,medium,86,high,70,high,"Qualitative starter-style reality profile derived from linked route structure and research text. Use as a discussion prompt only, not as verified salary, injury-risk or labour-market fact."
za-career-auxiliary-fossil-power-plant-operator,Auxiliary Fossil Power Plant Operator,"Manufacturing, mining and energy",engineering,trade,starter_route_suggestions_average,earning upside,88,high,35,low,82,high,84,high,"Qualitative starter-style reality profile derived from linked route structure and research text. Use as a discussion prompt only, not as verified salary, injury-risk or labour-market fact."
za-career-auxiliary-support-officer,Auxiliary Support Officer (Custodial),"Law, public service and public safety",public,public,starter_route_suggestions_average,stress tolerance,68,high,27,low,92,high,76,high,"Qualitative starter-style reality profile derived from linked route structure and research text. Use as a discussion prompt only, not as verified salary, injury-risk or labour-market fact."
za-career-auxiliary-support-officer-non-centre-based,Auxiliary Support Officer non centre based,"Law, public service and public safety",public,public,stream_default,stress tolerance,66,medium,54,medium,86,high,62,medium,"Qualitative starter-style reality profile derived from linked route structure and research text. Use as a discussion prompt only, not as verified salary, injury-risk or labour-market fact."
za-career-auxillary-child-and-youth-care-worker,Auxillary Child and Youth Care Worker,"Health, care and social services",care,care,starter_route_suggestions_average,stress tolerance,53,medium,52,medium,92,high,62,medium,"Qualitative starter-style reality profile derived from linked route structure and research text. Use as a discussion prompt only, not as verified salary, injury-risk or labour-market fact."
za-career-avionics-mechanic,Avionics Mechanic,"Skilled trades, construction and engineering",practical,trade,starter_route_suggestions_average,earning upside,88,high,88,high,50,medium,84,high,"Qualitative starter-style reality profile derived from linked route structure and research text. Use as a discussion prompt only, not as verified salary, injury-risk or labour-market fact."
za-career-back-office-processing-specialist,Back-Office Processing Specialist,"Logistics, transport and supply chain",logistics,logistics,stream_default,travel or movement,63,medium,80,high,62,medium,66,medium,"Qualitative starter-style reality profile derived from linked route structure and research text. Use as a discussion prompt only, not as verified salary, injury-risk or labour-market fact."
za-career-backhoe-operator,Backhoe Operator,"Manufacturing, mining and energy",engineering,trade,starter_route_suggestions_average,stress tolerance,88,high,27,low,92,high,76,high,"Qualitative starter-style reality profile derived from linked route structure and research text. Use as a discussion prompt only, not as verified salary, injury-risk or labour-market fact."
za-career-bamboo-floor-finisher,Bamboo Floor Finisher,"Skilled trades, construction and engineering",practical,trade,starter_route_suggestions_average,earning upside,88,high,80,high,50,medium,76,high,"Qualitative starter-style reality profile derived from linked route structure and research text. Use as a discussion prompt only, not as verified salary, injury-risk or labour-market fact."
za-career-bank-customer-services-clerk,Bank Customer Services Clerk,"Finance, admin and business operations",finance,mixed,stream_default,earning upside,70,high,32,low,55,medium,26,low,"Qualitative starter-style reality profile derived from linked route structure and research text. Use as a discussion prompt only, not as verified salary, injury-risk or labour-market fact."
za-career-bank-teller,Bank Teller,"Finance, admin and business operations",finance,mixed,starter_route_suggestions_average,earning upside,88,high,27,low,50,medium,34,low,"Qualitative starter-style reality profile derived from linked route structure and research text. Use as a discussion prompt only, not as verified salary, injury-risk or labour-market fact."
za-career-banknote-processor,Banknote Processor,"Finance, admin and business operations",finance,mixed,starter_route_suggestions_average,earning upside,88,high,27,low,50,medium,34,low,"Qualitative starter-style reality profile derived from linked route structure and research text. Use as a discussion prompt only, not as verified salary, injury-risk or labour-market fact."
za-career-basic-ambulance-assistant,Basic Ambulance Assistant,"Health, care and social services",care,care,stream_default,stress tolerance,66,medium,62,medium,90,high,68,high,"Qualitative starter-style reality profile derived from linked route structure and research text. Use as a discussion prompt only, not as verified salary, injury-risk or labour-market fact."
za-career-bath-operator,Bath Operator,"Manufacturing, mining and energy",engineering,trade,starter_route_suggestions_average,earning upside,88,high,35,low,82,high,84,high,"Qualitative starter-style reality profile derived from linked route structure and research text. Use as a discussion prompt only, not as verified salary, injury-risk or labour-market fact."
za-career-battery-energy-storage-systems-engineer,Battery Energy Storage Systems Engineer,"Skilled trades, construction and engineering",practical,trade,stream_default,physical safety risk,74,high,78,high,68,high,80,high,"Qualitative starter-style reality profile derived from linked route structure and research text. Use as a discussion prompt only, not as verified salary, injury-risk or labour-market fact."
za-career-battery-storage-technician,Battery Storage Technician,"Manufacturing, mining and energy",engineering,trade,stream_default,physical safety risk,78,high,80,high,70,high,84,high,"Qualitative starter-style reality profile derived from linked route structure and research text. Use as a discussion prompt only, not as verified salary, injury-risk or labour-market fact."
za-career-beam-house-machine-operator,Beam House Machine Operator,"Manufacturing, mining and energy",engineering,trade,starter_route_suggestions_average,earning upside,88,high,35,low,82,high,84,high,"Qualitative starter-style reality profile derived from linked route structure and research text. Use as a discussion prompt only, not as verified salary, injury-risk or labour-market fact."
za-career-beaming-and-sizing-machine-operator,Beaming and Sizing Machine Operator,"Manufacturing, mining and energy",engineering,trade,starter_route_suggestions_average,earning upside,88,high,35,low,82,high,84,high,"Qualitative starter-style reality profile derived from linked route structure and research text. Use as a discussion prompt only, not as verified salary, injury-risk or labour-market fact."
za-career-bench-worker,Bench Worker,"Manufacturing, mining and energy",engineering,trade,starter_route_suggestions_average,earning upside,88,high,35,low,82,high,84,high,"Qualitative starter-style reality profile derived from linked route structure and research text. Use as a discussion prompt only, not as verified salary, injury-risk or labour-market fact."
za-career-bi-developer,BI Developer,"Technology, data and AI",tech,mixed,starter_route_suggestions_average,earning upside,88,high,27,low,50,medium,22,low,"Qualitative starter-style reality profile derived from linked route structure and research text. Use as a discussion prompt only, not as verified salary, injury-risk or labour-market fact."
za-career-bicycle-mechanic,Bicycle Mechanic,"Skilled trades, construction and engineering",practical,trade,starter_route_suggestions_average,earning upside,88,high,88,high,50,medium,84,high,"Qualitative starter-style reality profile derived from linked route structure and research text. Use as a discussion prompt only, not as verified salary, injury-risk or labour-market fact."
za-career-bicycle-repairer,Bicycle Repairer,"Informal, entrepreneurship and community economy",entrepreneur,entrepreneur,direct_starter_route_profile,earning upside,88,high,27,low,66,medium,76,high,"Qualitative starter-style reality profile derived from linked route structure and research text. Use as a discussion prompt only, not as verified salary, injury-risk or labour-market fact."
za-career-bicycle-special-components-repairer,Bicycle Special Components Repairer,"Skilled trades, construction and engineering",practical,trade,stream_default,physical safety risk,74,high,78,high,68,high,80,high,"Qualitative starter-style reality profile derived from linked route structure and research text. Use as a discussion prompt only, not as verified salary, injury-risk or labour-market fact."
za-career-big-data-specialist,Big Data Specialist,"Technology, data and AI",tech,mixed,stream_default,earning upside,86,high,32,low,55,medium,17,low,"Qualitative starter-style reality profile derived from linked route structure and research text. Use as a discussion prompt only, not as verified salary, injury-risk or labour-market fact."
za-career-binder-and-finisher,Binder and Finisher,"Manufacturing, mining and energy",engineering,trade,stream_default,physical safety risk,78,high,80,high,80,high,84,high,"Qualitative starter-style reality profile derived from linked route structure and research text. Use as a discussion prompt only, not as verified salary, injury-risk or labour-market fact."
za-career-biochemist,Biochemist,"Science, research and frontier careers",science,science,direct_starter_route_profile,earning upside,88,high,80,high,50,medium,64,medium,"Qualitative starter-style reality profile derived from linked route structure and research text. Use as a discussion prompt only, not as verified salary, injury-risk or labour-market fact."
za-career-biodiversity-offset-specialist,Biodiversity Offset Specialist,"Manufacturing, mining and energy",engineering,trade,stream_default,physical safety risk,78,high,80,high,70,high,84,high,"Qualitative starter-style reality profile derived from linked route structure and research text. Use as a discussion prompt only, not as verified salary, injury-risk or labour-market fact."
za-career-biodiversity-planner,Biodiversity Planner,"Skilled trades, construction and engineering",practical,trade,stream_default,physical safety risk,74,high,78,high,78,high,80,high,"Qualitative starter-style reality profile derived from linked route structure and research text. Use as a discussion prompt only, not as verified salary, injury-risk or labour-market fact."
za-career-biogas-plant-operator,Biogas Plant Operator,"Manufacturing, mining and energy",engineering,trade,starter_route_suggestions_average,earning upside,88,high,27,low,82,high,76,high,"Qualitative starter-style reality profile derived from linked route structure and research text. Use as a discussion prompt only, not as verified salary, injury-risk or labour-market fact."
za-career-biokineticist,Biokineticist,"Finance, admin and business operations",finance,mixed,stream_default,earning upside,70,high,32,low,65,medium,26,low,"Qualitative starter-style reality profile derived from linked route structure and research text. Use as a discussion prompt only, not as verified salary, injury-risk or labour-market fact."
za-career-biologist,Biologist,"Science, research and frontier careers",science,science,direct_starter_route_profile,earning upside,88,high,80,high,60,medium,76,high,"Qualitative starter-style reality profile derived from linked route structure and research text. Use as a discussion prompt only, not as verified salary, injury-risk or labour-market fact."
za-career-biomedical-engineer,Biomedical Engineer,"Health, care and social services",care,care,direct_starter_route_profile,stress tolerance,53,medium,52,medium,92,high,62,medium,"Qualitative starter-style reality profile derived from linked route structure and research text. Use as a discussion prompt only, not as verified salary, injury-risk or labour-market fact."
za-career-biomedical-equipment-technician,Biomedical Equipment Technician,"Health, care and social services",care,care,stream_default,stress tolerance,66,medium,54,medium,80,high,60,medium,"Qualitative starter-style reality profile derived from linked route structure and research text. Use as a discussion prompt only, not as verified salary, injury-risk or labour-market fact."
za-career-biosecurity-officer,Biosecurity Officer,"Agriculture, food and environment",agri,vocational,starter_route_suggestions_average,travel or movement,53,medium,80,high,66,medium,76,high,"Qualitative starter-style reality profile derived from linked route structure and research text. Use as a discussion prompt only, not as verified salary, injury-risk or labour-market fact."
za-career-biotechnologist,Biotechnologist,"Science, research and frontier careers",science,science,direct_starter_route_profile,earning upside,88,high,80,high,50,medium,64,medium,"Qualitative starter-style reality profile derived from linked route structure and research text. Use as a discussion prompt only, not as verified salary, injury-risk or labour-market fact."
za-career-bitumen-spray-equipment-operator,Bitumen Spray Equipment Operator,"Manufacturing, mining and energy",engineering,trade,stream_default,physical safety risk,78,high,88,high,70,high,92,high,"Qualitative starter-style reality profile derived from linked route structure and research text. Use as a discussion prompt only, not as verified salary, injury-risk or labour-market fact."
za-career-bituminous-binders-tester,Bituminous Binders Tester,"Skilled trades, construction and engineering",practical,trade,stream_default,physical safety risk,74,high,78,high,68,high,80,high,"Qualitative starter-style reality profile derived from linked route structure and research text. Use as a discussion prompt only, not as verified salary, injury-risk or labour-market fact."
za-career-blacksmith,Blacksmith,"Skilled trades, construction and engineering",practical,trade,stream_default,physical safety risk,74,high,78,high,78,high,80,high,"Qualitative starter-style reality profile derived from linked route structure and research text. Use as a discussion prompt only, not as verified salary, injury-risk or labour-market fact."
za-career-blockchain-developer,Blockchain Developer,"Technology, data and AI",tech,mixed,direct_starter_route_profile,earning upside,88,high,27,low,50,medium,22,low,"Qualitative starter-style reality profile derived from linked route structure and research text. Use as a discussion prompt only, not as verified salary, injury-risk or labour-market fact."
za-career-blow-moulding-machine-setter,Blow Moulding Machine Setter,"Manufacturing, mining and energy",engineering,trade,stream_default,physical safety risk,78,high,88,high,70,high,92,high,"Qualitative starter-style reality profile derived from linked route structure and research text. Use as a discussion prompt only, not as verified salary, injury-risk or labour-market fact."
za-career-boat-builder-and-repairer,Boat Builder and Repairer (Boat Builder),"Skilled trades, construction and engineering",practical,trade,stream_default,physical safety risk,74,high,86,high,68,high,88,high,"Qualitative starter-style reality profile derived from linked route structure and research text. Use as a discussion prompt only, not as verified salary, injury-risk or labour-market fact."
za-career-boatswain-and-coxswain,Boatswain and Coxswain,"Logistics, transport and supply chain",logistics,logistics,starter_route_suggestions_average,physical safety risk,68,high,27,low,60,medium,76,high,"Qualitative starter-style reality profile derived from linked route structure and research text. Use as a discussion prompt only, not as verified salary, injury-risk or labour-market fact."
za-career-bodytalk-practitioner,BodyTalk Practitioner,"Skilled trades, construction and engineering",practical,trade,stream_default,physical safety risk,74,high,78,high,68,high,80,high,"Qualitative starter-style reality profile derived from linked route structure and research text. Use as a discussion prompt only, not as verified salary, injury-risk or labour-market fact."
za-career-boiler-maker,Boiler Maker,"Skilled trades, construction and engineering",practical,trade,starter_route_suggestions_average,earning upside,88,high,88,high,50,medium,84,high,"Qualitative starter-style reality profile derived from linked route structure and research text. Use as a discussion prompt only, not as verified salary, injury-risk or labour-market fact."
za-career-boiler-or-engine-operator,Boiler or Engine Operator,"Manufacturing, mining and energy",engineering,trade,starter_route_suggestions_average,stress tolerance,88,high,27,low,92,high,76,high,"Qualitative starter-style reality profile derived from linked route structure and research text. Use as a discussion prompt only, not as verified salary, injury-risk or labour-market fact."
za-career-boilermaker,Boilermaker,"Skilled trades, construction and engineering",practical,trade,direct_starter_route_profile,earning upside,88,high,88,high,50,medium,84,high,"Qualitative starter-style reality profile derived from linked route structure and research text. Use as a discussion prompt only, not as verified salary, injury-risk or labour-market fact."
za-career-book-or-script-editor,Book or Script Editor,"Creative, media and design",creative,portfolio,starter_route_suggestions_average,earning upside,88,high,27,low,66,medium,22,low,"Qualitative starter-style reality profile derived from linked route structure and research text. Use as a discussion prompt only, not as verified salary, injury-risk or labour-market fact."
za-career-bookkeeper,Bookkeeper,"Finance, admin and business operations",finance,mixed,direct_starter_route_profile,earning upside,88,high,27,low,50,medium,22,low,"Qualitative starter-style reality profile derived from linked route structure and research text. Use as a discussion prompt only, not as verified salary, injury-risk or labour-market fact."
za-career-botanist,Botanist,"Science, research and frontier careers",science,science,direct_starter_route_profile,earning upside,88,high,80,high,60,medium,76,high,"Qualitative starter-style reality profile derived from linked route structure and research text. Use as a discussion prompt only, not as verified salary, injury-risk or labour-market fact."
za-career-bpo-quality-analyst,BPO Quality Analyst,"Logistics, transport and supply chain",logistics,logistics,stream_default,travel or movement,63,medium,80,high,62,medium,66,medium,"Qualitative starter-style reality profile derived from linked route structure and research text. Use as a discussion prompt only, not as verified salary, injury-risk or labour-market fact."
za-career-braiding-machine-operator,Braiding Machine Operator,"Manufacturing, mining and energy",engineering,trade,starter_route_suggestions_average,earning upside,88,high,35,low,82,high,84,high,"Qualitative starter-style reality profile derived from linked route structure and research text. Use as a discussion prompt only, not as verified salary, injury-risk or labour-market fact."
za-career-bricklayer,Bricklayer,"Skilled trades, construction and engineering",practical,trade,direct_starter_route_profile,earning upside,88,high,88,high,50,medium,84,high,"Qualitative starter-style reality profile derived from linked route structure and research text. Use as a discussion prompt only, not as verified salary, injury-risk or labour-market fact."
za-career-brush-hand,Brush Hand,"Skilled trades, construction and engineering",practical,trade,stream_default,physical safety risk,74,high,78,high,68,high,80,high,"Qualitative starter-style reality profile derived from linked route structure and research text. Use as a discussion prompt only, not as verified salary, injury-risk or labour-market fact."
za-career-builder,Builder,"Informal, entrepreneurship and community economy",entrepreneur,entrepreneur,direct_starter_route_profile,earning upside,88,high,27,low,76,high,76,high,"Qualitative starter-style reality profile derived from linked route structure and research text. Use as a discussion prompt only, not as verified salary, injury-risk or labour-market fact."
za-career-builder-s-worker,Builder's Worker,"Skilled trades, construction and engineering",practical,trade,starter_route_suggestions_average,earning upside,88,high,80,high,60,medium,76,high,"Qualitative starter-style reality profile derived from linked route structure and research text. Use as a discussion prompt only, not as verified salary, injury-risk or labour-market fact."
za-career-building-energy-manager,Building Energy Manager,"Manufacturing, mining and energy",engineering,trade,stream_default,physical safety risk,78,high,80,high,70,high,84,high,"Qualitative starter-style reality profile derived from linked route structure and research text. Use as a discussion prompt only, not as verified salary, injury-risk or labour-market fact."
za-career-building-information-modelling-technician,Building Information Modelling Technician,"Education, training and youth development",education,education,stream_default,earning upside,60,medium,38,low,60,medium,16,low,"Qualitative starter-style reality profile derived from linked route structure and research text. Use as a discussion prompt only, not as verified salary, injury-risk or labour-market fact."
za-career-bulk-materials-handling-plant-operator,Bulk Materials Handling Plant Operator,"Manufacturing, mining and energy",engineering,trade,starter_route_suggestions_average,stress tolerance,88,high,27,low,92,high,76,high,"Qualitative starter-style reality profile derived from linked route structure and research text. Use as a discussion prompt only, not as verified salary, injury-risk or labour-market fact."
za-career-bulldozer-operator,Bulldozer Operator,"Manufacturing, mining and energy",engineering,trade,direct_starter_route_profile,stress tolerance,88,high,27,low,92,high,76,high,"Qualitative starter-style reality profile derived from linked route structure and research text. Use as a discussion prompt only, not as verified salary, injury-risk or labour-market fact."
za-career-bus-driver,Bus Driver,"Logistics, transport and supply chain",logistics,logistics,direct_starter_route_profile,physical safety risk,68,high,35,low,50,medium,84,high,"Qualitative starter-style reality profile derived from linked route structure and research text. Use as a discussion prompt only, not as verified salary, injury-risk or labour-market fact."
za-career-business-administrator,Business Administrator,"Finance, admin and business operations",finance,mixed,starter_route_suggestions_average,earning upside,88,high,27,low,50,medium,22,low,"Qualitative starter-style reality profile derived from linked route structure and research text. Use as a discussion prompt only, not as verified salary, injury-risk or labour-market fact."
za-career-business-banking-practitioner,Business Banking Practitioner,"Finance, admin and business operations",finance,mixed,stream_default,earning upside,70,high,32,low,55,medium,26,low,"Qualitative starter-style reality profile derived from linked route structure and research text. Use as a discussion prompt only, not as verified salary, injury-risk or labour-market fact."
za-career-business-development-officer,Business Development Officer,"Finance, admin and business operations",finance,mixed,stream_default,earning upside,70,high,32,low,55,medium,14,low,"Qualitative starter-style reality profile derived from linked route structure and research text. Use as a discussion prompt only, not as verified salary, injury-risk or labour-market fact."
za-career-business-intelligence-specialist,Business Intelligence Specialist,"Technology, data and AI",tech,mixed,starter_route_suggestions_average,earning upside,88,high,27,low,50,medium,22,low,"Qualitative starter-style reality profile derived from linked route structure and research text. Use as a discussion prompt only, not as verified salary, injury-risk or labour-market fact."
za-career-business-training-manager,Business Training Manager,"Education, training and youth development",education,education,starter_route_suggestions_average,earning upside,68,high,27,low,50,medium,22,low,"Qualitative starter-style reality profile derived from linked route structure and research text. Use as a discussion prompt only, not as verified salary, injury-risk or labour-market fact."
za-career-butcher,Butcher,"Agriculture, food and environment",agri,vocational,direct_starter_route_profile,travel or movement,53,medium,80,high,66,medium,76,high,"Qualitative starter-style reality profile derived from linked route structure and research text. Use as a discussion prompt only, not as verified salary, injury-risk or labour-market fact."
za-career-butter-maker,Butter Maker,"Agriculture, food and environment",agri,vocational,starter_route_suggestions_average,travel or movement,53,medium,88,high,66,medium,84,high,"Qualitative starter-style reality profile derived from linked route structure and research text. Use as a discussion prompt only, not as verified salary, injury-risk or labour-market fact."
za-career-buyer,Buyer,"Finance, admin and business operations",finance,mixed,direct_starter_route_profile,earning upside,88,high,27,low,50,medium,34,low,"Qualitative starter-style reality profile derived from linked route structure and research text. Use as a discussion prompt only, not as verified salary, injury-risk or labour-market fact."
za-career-cable-joiner,Cable Joiner,"Skilled trades, construction and engineering",practical,trade,stream_default,physical safety risk,74,high,78,high,78,high,80,high,"Qualitative starter-style reality profile derived from linked route structure and research text. Use as a discussion prompt only, not as verified salary, injury-risk or labour-market fact."
za-career-cable-jointer,Cable Jointer (Electric Cable Jointer),"Skilled trades, construction and engineering",practical,trade,stream_default,physical safety risk,74,high,86,high,68,high,88,high,"Qualitative starter-style reality profile derived from linked route structure and research text. Use as a discussion prompt only, not as verified salary, injury-risk or labour-market fact."
za-career-caf-or-restaurant-manager,Café (Licensed) or Restaurant Manager,"Hospitality, tourism, sport and events",hospitality,hospitality,starter_route_suggestions_average,earning upside,88,high,80,high,82,high,64,medium,"Qualitative starter-style reality profile derived from linked route structure and research text. Use as a discussion prompt only, not as verified salary, injury-risk or labour-market fact."
za-career-call-centre-team-leader,Call Centre Team Leader,"Sales, marketing and customer work",people,mixed,starter_route_suggestions_average,physical safety risk,53,medium,27,low,50,medium,64,medium,"Qualitative starter-style reality profile derived from linked route structure and research text. Use as a discussion prompt only, not as verified salary, injury-risk or labour-market fact."
za-career-call-or-contact-centre-agent,Call or Contact Centre Agent,"Sales, marketing and customer work",people,mixed,starter_route_suggestions_average,physical safety risk,53,medium,27,low,50,medium,64,medium,"Qualitative starter-style reality profile derived from linked route structure and research text. Use as a discussion prompt only, not as verified salary, injury-risk or labour-market fact."
za-career-call-or-contact-centre-clerk,Call or contact centre clerk,"Finance, admin and business operations",finance,mixed,stream_default,earning upside,70,high,32,low,65,medium,26,low,"Qualitative starter-style reality profile derived from linked route structure and research text. Use as a discussion prompt only, not as verified salary, injury-risk or labour-market fact."
za-career-call-or-contact-centre-manager,Call or Contact Centre Manager,"Sales, marketing and customer work",people,mixed,starter_route_suggestions_average,physical safety risk,53,medium,27,low,50,medium,64,medium,"Qualitative starter-style reality profile derived from linked route structure and research text. Use as a discussion prompt only, not as verified salary, injury-risk or labour-market fact."
za-career-camera-operator,"Camera Operator (Film, Television or Video)","Creative, media and design",creative,portfolio,stream_default,stress tolerance,56,medium,50,medium,64,medium,16,low,"Qualitative starter-style reality profile derived from linked route structure and research text. Use as a discussion prompt only, not as verified salary, injury-risk or labour-market fact."
za-career-caravan-park-and-camping-ground-manager,Caravan Park and Camping Ground Manager,"Hospitality, tourism, sport and events",hospitality,hospitality,stream_default,travel or movement,58,medium,72,high,72,high,22,low,"Qualitative starter-style reality profile derived from linked route structure and research text. Use as a discussion prompt only, not as verified salary, injury-risk or labour-market fact."
za-career-carbon-accounting-analyst,Carbon Accounting Analyst,"Manufacturing, mining and energy",engineering,trade,stream_default,physical safety risk,78,high,80,high,70,high,84,high,"Qualitative starter-style reality profile derived from linked route structure and research text. Use as a discussion prompt only, not as verified salary, injury-risk or labour-market fact."
za-career-cardiac-technician,Cardiac Technician,"Skilled trades, construction and engineering",practical,trade,starter_route_suggestions_average,earning upside,88,high,80,high,60,medium,76,high,"Qualitative starter-style reality profile derived from linked route structure and research text. Use as a discussion prompt only, not as verified salary, injury-risk or labour-market fact."
za-career-cardiologist,Cardiologist,"Finance, admin and business operations",finance,mixed,stream_default,earning upside,70,high,32,low,65,medium,26,low,"Qualitative starter-style reality profile derived from linked route structure and research text. Use as a discussion prompt only, not as verified salary, injury-risk or labour-market fact."
za-career-cardiothoracic-perfusion-clinical-technologist,Cardiothoracic Perfusion Clinical Technologist,"Health, care and social services",care,care,stream_default,stress tolerance,66,medium,54,medium,90,high,60,medium,"Qualitative starter-style reality profile derived from linked route structure and research text. Use as a discussion prompt only, not as verified salary, injury-risk or labour-market fact."
za-career-career-counsellor,Career Counsellor,"Finance, admin and business operations",finance,mixed,stream_default,earning upside,70,high,32,low,65,medium,26,low,"Qualitative starter-style reality profile derived from linked route structure and research text. Use as a discussion prompt only, not as verified salary, injury-risk or labour-market fact."
za-career-career-development-information-officer,Career Development Information Officer,"Health, care and social services",care,care,starter_route_suggestions_average,stress tolerance,53,medium,52,medium,82,high,50,medium,"Qualitative starter-style reality profile derived from linked route structure and research text. Use as a discussion prompt only, not as verified salary, injury-risk or labour-market fact."
za-career-career-development-practitioner,Career Development Practitioner,"Finance, admin and business operations",finance,mixed,stream_default,earning upside,70,high,32,low,65,medium,26,low,"Qualitative starter-style reality profile derived from linked route structure and research text. Use as a discussion prompt only, not as verified salary, injury-risk or labour-market fact."
za-career-career-guidance-practitioner,Career Guidance Practitioner,"Education, training and youth development",education,education,stream_default,earning upside,60,medium,38,low,60,medium,16,low,"Qualitative starter-style reality profile derived from linked route structure and research text. Use as a discussion prompt only, not as verified salary, injury-risk or labour-market fact."
za-career-caretaker-cleaner,Caretaker/ cleaner,"Informal, entrepreneurship and community economy",entrepreneur,entrepreneur,starter_route_suggestions_average,earning upside,88,high,35,low,76,high,84,high,"Qualitative starter-style reality profile derived from linked route structure and research text. Use as a discussion prompt only, not as verified salary, injury-risk or labour-market fact."
za-career-carpenter,Carpenter,"Skilled trades, construction and engineering",practical,trade,direct_starter_route_profile,earning upside,88,high,88,high,50,medium,84,high,"Qualitative starter-style reality profile derived from linked route structure and research text. Use as a discussion prompt only, not as verified salary, injury-risk or labour-market fact."
za-career-carpenter-and-joiner,Carpenter and Joiner,"Skilled trades, construction and engineering",practical,trade,starter_route_suggestions_average,earning upside,88,high,88,high,50,medium,84,high,"Qualitative starter-style reality profile derived from linked route structure and research text. Use as a discussion prompt only, not as verified salary, injury-risk or labour-market fact."
za-career-carpenters-and-joiners-gc01200-carpenter,Carpenters and Joiners GC01200 Carpenter,"Skilled trades, construction and engineering",practical,trade,stream_default,physical safety risk,74,high,78,high,78,high,80,high,"Qualitative starter-style reality profile derived from linked route structure and research text. Use as a discussion prompt only, not as verified salary, injury-risk or labour-market fact."
za-career-carpet-floor-finisher,Carpet Floor Finisher,"Skilled trades, construction and engineering",practical,trade,starter_route_suggestions_average,earning upside,88,high,80,high,50,medium,76,high,"Qualitative starter-style reality profile derived from linked route structure and research text. Use as a discussion prompt only, not as verified salary, injury-risk or labour-market fact."
za-career-cartographer,Cartographer,"Finance, admin and business operations",finance,mixed,stream_default,earning upside,70,high,32,low,65,medium,26,low,"Qualitative starter-style reality profile derived from linked route structure and research text. Use as a discussion prompt only, not as verified salary, injury-risk or labour-market fact."
za-career-carton-cad-operator,Carton CAD Operator,"Manufacturing, mining and energy",engineering,trade,stream_default,physical safety risk,78,high,88,high,70,high,92,high,"Qualitative starter-style reality profile derived from linked route structure and research text. Use as a discussion prompt only, not as verified salary, injury-risk or labour-market fact."
za-career-carton-die-maker,Carton Die Maker,"Skilled trades, construction and engineering",practical,trade,stream_default,physical safety risk,74,high,78,high,68,high,80,high,"Qualitative starter-style reality profile derived from linked route structure and research text. Use as a discussion prompt only, not as verified salary, injury-risk or labour-market fact."
za-career-carton-glue-machine-operator,Carton Glue Machine Operator,"Manufacturing, mining and energy",engineering,trade,starter_route_suggestions_average,earning upside,88,high,35,low,82,high,84,high,"Qualitative starter-style reality profile derived from linked route structure and research text. Use as a discussion prompt only, not as verified salary, injury-risk or labour-market fact."
za-career-carton-manufacturing-machine-minder,Carton Manufacturing Machine Minder,"Manufacturing, mining and energy",engineering,trade,stream_default,physical safety risk,78,high,88,high,70,high,92,high,"Qualitative starter-style reality profile derived from linked route structure and research text. Use as a discussion prompt only, not as verified salary, injury-risk or labour-market fact."
za-career-case-management-officer,Case Management Officer,"Law, public service and public safety",public,public,stream_default,stress tolerance,66,medium,54,medium,86,high,62,medium,"Qualitative starter-style reality profile derived from linked route structure and research text. Use as a discussion prompt only, not as verified salary, injury-risk or labour-market fact."
za-career-cash-office-clerk,Cash Office Clerk,"Skilled trades, construction and engineering",practical,trade,stream_default,physical safety risk,74,high,78,high,68,high,80,high,"Qualitative starter-style reality profile derived from linked route structure and research text. Use as a discussion prompt only, not as verified salary, injury-risk or labour-market fact."
za-career-cashier,Cashier,"Sales, marketing and customer work",people,mixed,direct_starter_route_profile,physical safety risk,53,medium,27,low,60,medium,76,high,"Qualitative starter-style reality profile derived from linked route structure and research text. Use as a discussion prompt only, not as verified salary, injury-risk or labour-market fact."
za-career-centre-coordinator-security-corrections-operational-support,Centre Coordinator: Security/Corrections/Operational Support,"Law, public service and public safety",public,public,stream_default,stress tolerance,66,medium,62,medium,86,high,70,high,"Qualitative starter-style reality profile derived from linked route structure and research text. Use as a discussion prompt only, not as verified salary, injury-risk or labour-market fact."
za-career-chaplain,Chaplain,"Arts, culture, heritage and society",creative,portfolio,stream_default,stress tolerance,56,medium,46,medium,66,medium,26,low,"Qualitative starter-style reality profile derived from linked route structure and research text. Use as a discussion prompt only, not as verified salary, injury-risk or labour-market fact."
za-career-chartered-accountant-ca,Chartered Accountant CA(SA),"Finance, admin and business operations",finance,mixed,direct_starter_route_profile,earning upside,88,high,27,low,60,medium,22,low,"Qualitative starter-style reality profile derived from linked route structure and research text. Use as a discussion prompt only, not as verified salary, injury-risk or labour-market fact."
za-career-checkout-operator,Checkout Operator,"Manufacturing, mining and energy",engineering,trade,starter_route_suggestions_average,earning upside,88,high,35,low,82,high,84,high,"Qualitative starter-style reality profile derived from linked route structure and research text. Use as a discussion prompt only, not as verified salary, injury-risk or labour-market fact."
za-career-chef,Chef,"Hospitality, tourism, sport and events",hospitality,hospitality,direct_starter_route_profile,stress tolerance,88,high,80,high,92,high,64,medium,"Qualitative starter-style reality profile derived from linked route structure and research text. Use as a discussion prompt only, not as verified salary, injury-risk or labour-market fact."
za-career-chemical-engineer,Chemical Engineer,"Manufacturing, mining and energy",engineering,trade,direct_starter_route_profile,stress tolerance,88,high,27,low,92,high,76,high,"Qualitative starter-style reality profile derived from linked route structure and research text. Use as a discussion prompt only, not as verified salary, injury-risk or labour-market fact."
za-career-chemical-engineering-technician,Chemical Engineering Technician,"Manufacturing, mining and energy",engineering,trade,direct_starter_route_profile,stress tolerance,88,high,27,low,92,high,76,high,"Qualitative starter-style reality profile derived from linked route structure and research text. Use as a discussion prompt only, not as verified salary, injury-risk or labour-market fact."
za-career-chemical-engineering-technologist,Chemical Engineering Technologist,"Skilled trades, construction and engineering",practical,trade,starter_route_suggestions_average,earning upside,88,high,80,high,60,medium,76,high,"Qualitative starter-style reality profile derived from linked route structure and research text. Use as a discussion prompt only, not as verified salary, injury-risk or labour-market fact."
za-career-chemical-laboratory-analyst,Chemical Laboratory Analyst,"Science, research and frontier careers",science,science,stream_default,earning upside,80,high,58,medium,62,medium,54,medium,"Qualitative starter-style reality profile derived from linked route structure and research text. Use as a discussion prompt only, not as verified salary, injury-risk or labour-market fact."
za-career-chemical-manufacturing-technician,Chemical Manufacturing Technician (Glass Manufacturing),"Manufacturing, mining and energy",engineering,trade,starter_route_suggestions_average,earning upside,88,high,35,low,82,high,84,high,"Qualitative starter-style reality profile derived from linked route structure and research text. Use as a discussion prompt only, not as verified salary, injury-risk or labour-market fact."
za-career-chemical-plant-controller,Chemical Plant Controller,"Manufacturing, mining and energy",engineering,trade,starter_route_suggestions_average,earning upside,88,high,35,low,82,high,84,high,"Qualitative starter-style reality profile derived from linked route structure and research text. Use as a discussion prompt only, not as verified salary, injury-risk or labour-market fact."
za-career-chemical-plant-operator,Chemical Plant Operator,"Manufacturing, mining and energy",engineering,trade,direct_starter_route_profile,earning upside,88,high,35,low,82,high,84,high,"Qualitative starter-style reality profile derived from linked route structure and research text. Use as a discussion prompt only, not as verified salary, injury-risk or labour-market fact."
za-career-chemical-production-machine-operator,Chemical Production Machine Operator,"Manufacturing, mining and energy",engineering,trade,starter_route_suggestions_average,earning upside,88,high,35,low,82,high,84,high,"Qualitative starter-style reality profile derived from linked route structure and research text. Use as a discussion prompt only, not as verified salary, injury-risk or labour-market fact."
za-career-chemist,Chemist,"Science, research and frontier careers",science,science,direct_starter_route_profile,earning upside,88,high,80,high,50,medium,76,high,"Qualitative starter-style reality profile derived from linked route structure and research text. Use as a discussion prompt only, not as verified salary, injury-risk or labour-market fact."
za-career-chemistry-technician,Chemistry Technician,"Science, research and frontier careers",science,science,starter_route_suggestions_average,earning upside,88,high,80,high,50,medium,64,medium,"Qualitative starter-style reality profile derived from linked route structure and research text. Use as a discussion prompt only, not as verified salary, injury-risk or labour-market fact."
za-career-chief-financial-officer,Chief Financial Officer,"Management, strategy and leadership",people,mixed,direct_starter_route_profile,physical safety risk,53,medium,27,low,60,medium,76,high,"Qualitative starter-style reality profile derived from linked route structure and research text. Use as a discussion prompt only, not as verified salary, injury-risk or labour-market fact."
za-career-chief-information-officer,Chief Information Officer,"Technology, data and AI",tech,mixed,direct_starter_route_profile,earning upside,88,high,27,low,50,medium,22,low,"Qualitative starter-style reality profile derived from linked route structure and research text. Use as a discussion prompt only, not as verified salary, injury-risk or labour-market fact."
za-career-child-and-youth-care-service-manager,Child and Youth Care Service Manager,"Health, care and social services",care,care,starter_route_suggestions_average,stress tolerance,53,medium,52,medium,92,high,62,medium,"Qualitative starter-style reality profile derived from linked route structure and research text. Use as a discussion prompt only, not as verified salary, injury-risk or labour-market fact."
za-career-child-and-youth-care-worker,Child and Youth Care Worker,"Health, care and social services",care,care,starter_route_suggestions_average,stress tolerance,53,medium,60,medium,82,high,58,medium,"Qualitative starter-style reality profile derived from linked route structure and research text. Use as a discussion prompt only, not as verified salary, injury-risk or labour-market fact."
za-career-child-care-worker,Child Care Worker,"Health, care and social services",care,care,direct_starter_route_profile,stress tolerance,53,medium,52,medium,92,high,62,medium,"Qualitative starter-style reality profile derived from linked route structure and research text. Use as a discussion prompt only, not as verified salary, injury-risk or labour-market fact."
za-career-child-or-youth-residential-care-assistant,Child or Youth Residential Care Assistant,"Health, care and social services",care,care,starter_route_suggestions_average,stress tolerance,53,medium,52,medium,92,high,62,medium,"Qualitative starter-style reality profile derived from linked route structure and research text. Use as a discussion prompt only, not as verified salary, injury-risk or labour-market fact."
za-career-christian-religious-professional,Christian Religious Professional,"Arts, culture, heritage and society",creative,portfolio,stream_default,earning upside,56,medium,46,medium,56,medium,26,low,"Qualitative starter-style reality profile derived from linked route structure and research text. Use as a discussion prompt only, not as verified salary, injury-risk or labour-market fact."
za-career-circular-economy-consultant,Circular Economy Consultant,"Manufacturing, mining and energy",engineering,trade,stream_default,physical safety risk,78,high,80,high,70,high,84,high,"Qualitative starter-style reality profile derived from linked route structure and research text. Use as a discussion prompt only, not as verified salary, injury-risk or labour-market fact."
za-career-civil-engineer,Civil Engineer,"Skilled trades, construction and engineering",practical,trade,direct_starter_route_profile,earning upside,88,high,80,high,60,medium,76,high,"Qualitative starter-style reality profile derived from linked route structure and research text. Use as a discussion prompt only, not as verified salary, injury-risk or labour-market fact."
za-career-civil-engineering-aggregates-tester,Civil Engineering Aggregates Tester,"Skilled trades, construction and engineering",practical,trade,starter_route_suggestions_average,earning upside,88,high,80,high,50,medium,76,high,"Qualitative starter-style reality profile derived from linked route structure and research text. Use as a discussion prompt only, not as verified salary, injury-risk or labour-market fact."
za-career-civil-engineering-constructor,Civil Engineering Constructor,"Skilled trades, construction and engineering",practical,trade,starter_route_suggestions_average,earning upside,88,high,80,high,60,medium,76,high,"Qualitative starter-style reality profile derived from linked route structure and research text. Use as a discussion prompt only, not as verified salary, injury-risk or labour-market fact."
za-career-civil-engineering-materials-tester,Civil Engineering Materials Tester,"Skilled trades, construction and engineering",practical,trade,starter_route_suggestions_average,earning upside,88,high,80,high,50,medium,76,high,"Qualitative starter-style reality profile derived from linked route structure and research text. Use as a discussion prompt only, not as verified salary, injury-risk or labour-market fact."
za-career-civil-engineering-technician,Civil Engineering Technician,"Skilled trades, construction and engineering",practical,trade,direct_starter_route_profile,earning upside,88,high,80,high,60,medium,76,high,"Qualitative starter-style reality profile derived from linked route structure and research text. Use as a discussion prompt only, not as verified salary, injury-risk or labour-market fact."
za-career-civil-engineering-technologist,Civil Engineering Technologist,"Skilled trades, construction and engineering",practical,trade,direct_starter_route_profile,earning upside,88,high,80,high,60,medium,76,high,"Qualitative starter-style reality profile derived from linked route structure and research text. Use as a discussion prompt only, not as verified salary, injury-risk or labour-market fact."
za-career-claims-processing-agent,Claims Processing Agent,"Logistics, transport and supply chain",logistics,logistics,stream_default,travel or movement,63,medium,80,high,62,medium,66,medium,"Qualitative starter-style reality profile derived from linked route structure and research text. Use as a discussion prompt only, not as verified salary, injury-risk or labour-market fact."
za-career-class-3-inshore-diver,Class 3 Inshore Diver,"Skilled trades, construction and engineering",practical,trade,stream_default,physical safety risk,74,high,78,high,68,high,80,high,"Qualitative starter-style reality profile derived from linked route structure and research text. Use as a discussion prompt only, not as verified salary, injury-risk or labour-market fact."
za-career-class-4-commercial-scuba-diver,Class 4 Commercial Scuba Diver,"Skilled trades, construction and engineering",practical,trade,stream_default,physical safety risk,74,high,78,high,68,high,80,high,"Qualitative starter-style reality profile derived from linked route structure and research text. Use as a discussion prompt only, not as verified salary, injury-risk or labour-market fact."
za-career-clearing-and-forwarding-agent,Clearing and Forwarding Agent,"Logistics, transport and supply chain",logistics,logistics,direct_starter_route_profile,earning upside,68,high,27,low,50,medium,64,medium,"Qualitative starter-style reality profile derived from linked route structure and research text. Use as a discussion prompt only, not as verified salary, injury-risk or labour-market fact."
za-career-climate-adaptation-officer,Climate Adaptation Officer,"Agriculture, food and environment",agri,vocational,stream_default,travel or movement,62,medium,80,high,64,medium,72,high,"Qualitative starter-style reality profile derived from linked route structure and research text. Use as a discussion prompt only, not as verified salary, injury-risk or labour-market fact."
za-career-climate-change-scientist,Climate Change Scientist,"Agriculture, food and environment",agri,vocational,starter_route_suggestions_average,travel or movement,53,medium,80,high,76,high,64,medium,"Qualitative starter-style reality profile derived from linked route structure and research text. Use as a discussion prompt only, not as verified salary, injury-risk or labour-market fact."
za-career-climate-risk-analyst,Climate Risk Analyst,"Agriculture, food and environment",agri,vocational,starter_route_suggestions_average,travel or movement,53,medium,80,high,66,medium,76,high,"Qualitative starter-style reality profile derived from linked route structure and research text. Use as a discussion prompt only, not as verified salary, injury-risk or labour-market fact."
za-career-climate-smart-agriculture-advisor,Climate-Smart Agriculture Advisor,"Agriculture, food and environment",agri,vocational,stream_default,travel or movement,62,medium,88,high,64,medium,80,high,"Qualitative starter-style reality profile derived from linked route structure and research text. Use as a discussion prompt only, not as verified salary, injury-risk or labour-market fact."
za-career-clinical-coding-specialist,Clinical Coding Specialist,"Health, care and social services",care,care,stream_default,stress tolerance,66,medium,54,medium,80,high,48,medium,"Qualitative starter-style reality profile derived from linked route structure and research text. Use as a discussion prompt only, not as verified salary, injury-risk or labour-market fact."
za-career-clinical-data-manager,Clinical Data Manager,"Health, care and social services",care,care,stream_default,stress tolerance,66,medium,54,medium,80,high,48,medium,"Qualitative starter-style reality profile derived from linked route structure and research text. Use as a discussion prompt only, not as verified salary, injury-risk or labour-market fact."
za-career-clinical-dental-technician,Clinical Dental Technician,"Health, care and social services",care,care,stream_default,stress tolerance,66,medium,54,medium,90,high,60,medium,"Qualitative starter-style reality profile derived from linked route structure and research text. Use as a discussion prompt only, not as verified salary, injury-risk or labour-market fact."
za-career-clinical-nurse-practitioner,Clinical Nurse Practitioner,"Health, care and social services",care,care,starter_route_suggestions_average,stress tolerance,53,medium,60,medium,92,high,58,medium,"Qualitative starter-style reality profile derived from linked route structure and research text. Use as a discussion prompt only, not as verified salary, injury-risk or labour-market fact."
za-career-clinical-pharmacologist,Clinical Pharmacologist,"Health, care and social services",care,care,starter_route_suggestions_average,stress tolerance,53,medium,52,medium,92,high,62,medium,"Qualitative starter-style reality profile derived from linked route structure and research text. Use as a discussion prompt only, not as verified salary, injury-risk or labour-market fact."
za-career-clinical-psychologist,Clinical Psychologist,"Health, care and social services",care,care,direct_starter_route_profile,stress tolerance,53,medium,60,medium,92,high,58,medium,"Qualitative starter-style reality profile derived from linked route structure and research text. Use as a discussion prompt only, not as verified salary, injury-risk or labour-market fact."
za-career-clinical-technologist,Clinical Technologist,"Health, care and social services",care,care,starter_route_suggestions_average,stress tolerance,53,medium,60,medium,92,high,70,high,"Qualitative starter-style reality profile derived from linked route structure and research text. Use as a discussion prompt only, not as verified salary, injury-risk or labour-market fact."
za-career-close-protector,Close Protector,"Skilled trades, construction and engineering",practical,trade,stream_default,physical safety risk,74,high,78,high,68,high,80,high,"Qualitative starter-style reality profile derived from linked route structure and research text. Use as a discussion prompt only, not as verified salary, injury-risk or labour-market fact."
za-career-clothing-textile-and-leather-goods-production-operator,"Clothing, Textile and Leather Goods Production Operator","Manufacturing, mining and energy",engineering,trade,stream_default,physical safety risk,78,high,88,high,70,high,92,high,"Qualitative starter-style reality profile derived from linked route structure and research text. Use as a discussion prompt only, not as verified salary, injury-risk or labour-market fact."
za-career-cloud-administrator,Cloud Administrator,"Technology, data and AI",tech,mixed,direct_starter_route_profile,earning upside,88,high,27,low,50,medium,34,low,"Qualitative starter-style reality profile derived from linked route structure and research text. Use as a discussion prompt only, not as verified salary, injury-risk or labour-market fact."
za-career-cloud-architect,Cloud Architect,"Technology, data and AI",tech,mixed,direct_starter_route_profile,earning upside,88,high,27,low,50,medium,22,low,"Qualitative starter-style reality profile derived from linked route structure and research text. Use as a discussion prompt only, not as verified salary, injury-risk or labour-market fact."
za-career-cloud-engineer,Cloud Engineer,"Technology, data and AI",tech,mixed,direct_starter_route_profile,earning upside,88,high,27,low,50,medium,22,low,"Qualitative starter-style reality profile derived from linked route structure and research text. Use as a discussion prompt only, not as verified salary, injury-risk or labour-market fact."
za-career-cloud-security-engineer,Cloud Security Engineer,"Technology, data and AI",tech,mixed,starter_route_suggestions_average,earning upside,88,high,27,low,50,medium,34,low,"Qualitative starter-style reality profile derived from linked route structure and research text. Use as a discussion prompt only, not as verified salary, injury-risk or labour-market fact."
za-career-cnc-milling-machinist,CNC Milling Machinist,"Skilled trades, construction and engineering",practical,trade,starter_route_suggestions_average,earning upside,88,high,88,high,50,medium,84,high,"Qualitative starter-style reality profile derived from linked route structure and research text. Use as a discussion prompt only, not as verified salary, injury-risk or labour-market fact."
za-career-cnc-programmer,CNC Programmer,"Manufacturing, mining and energy",engineering,trade,stream_default,physical safety risk,78,high,80,high,70,high,84,high,"Qualitative starter-style reality profile derived from linked route structure and research text. Use as a discussion prompt only, not as verified salary, injury-risk or labour-market fact."
za-career-cnc-turning-machinist,CNC Turning Machinist,"Skilled trades, construction and engineering",practical,trade,starter_route_suggestions_average,earning upside,88,high,88,high,50,medium,84,high,"Qualitative starter-style reality profile derived from linked route structure and research text. Use as a discussion prompt only, not as verified salary, injury-risk or labour-market fact."
za-career-coal-cutter-operator-underground-coal,Coal Cutter Operator: Underground Coal,"Manufacturing, mining and energy",engineering,trade,stream_default,physical safety risk,78,high,88,high,70,high,92,high,"Qualitative starter-style reality profile derived from linked route structure and research text. Use as a discussion prompt only, not as verified salary, injury-risk or labour-market fact."
za-career-coating-machine-operator,Coating Machine Operator,"Manufacturing, mining and energy",engineering,trade,starter_route_suggestions_average,stress tolerance,88,high,27,low,92,high,76,high,"Qualitative starter-style reality profile derived from linked route structure and research text. Use as a discussion prompt only, not as verified salary, injury-risk or labour-market fact."
za-career-coding-facilitator,Coding Facilitator,"Education, training and youth development",education,education,stream_default,earning upside,60,medium,38,low,60,medium,16,low,"Qualitative starter-style reality profile derived from linked route structure and research text. Use as a discussion prompt only, not as verified salary, injury-risk or labour-market fact."
za-career-cold-chain-logistics-coordinator,Cold Chain Logistics Coordinator,"Logistics, transport and supply chain",logistics,logistics,starter_route_suggestions_average,physical safety risk,68,high,27,low,50,medium,76,high,"Qualitative starter-style reality profile derived from linked route structure and research text. Use as a discussion prompt only, not as verified salary, injury-risk or labour-market fact."
za-career-cold-chain-quality-coordinator,Cold Chain Quality Coordinator,"Agriculture, food and environment",agri,vocational,stream_default,travel or movement,62,medium,88,high,64,medium,80,high,"Qualitative starter-style reality profile derived from linked route structure and research text. Use as a discussion prompt only, not as verified salary, injury-risk or labour-market fact."
za-career-coldset-rotary-offset-lithography-assistant-printer,Coldset Rotary Offset Lithography Assistant Printer,"Skilled trades, construction and engineering",practical,trade,stream_default,physical safety risk,74,high,78,high,68,high,80,high,"Qualitative starter-style reality profile derived from linked route structure and research text. Use as a discussion prompt only, not as verified salary, injury-risk or labour-market fact."
za-career-coldset-rotary-offset-lithography-printing-technician,Coldset Rotary Offset Lithography Printing Technician,"Manufacturing, mining and energy",engineering,trade,stream_default,physical safety risk,78,high,88,high,70,high,92,high,"Qualitative starter-style reality profile derived from linked route structure and research text. Use as a discussion prompt only, not as verified salary, injury-risk or labour-market fact."
za-career-coldset-rotary-offset-lithography-reel-stand-operator,Coldset Rotary Offset Lithography Reel- stand Operator,"Manufacturing, mining and energy",engineering,trade,stream_default,physical safety risk,78,high,88,high,70,high,92,high,"Qualitative starter-style reality profile derived from linked route structure and research text. Use as a discussion prompt only, not as verified salary, injury-risk or labour-market fact."
za-career-collaborative-recycler,Collaborative Recycler,"Skilled trades, construction and engineering",practical,trade,stream_default,physical safety risk,74,high,78,high,68,high,80,high,"Qualitative starter-style reality profile derived from linked route structure and research text. Use as a discussion prompt only, not as verified salary, injury-risk or labour-market fact."
za-career-collaborative-robot-technician,Collaborative Robot Technician,"Technology, data and AI",tech,mixed,starter_route_suggestions_average,earning upside,88,high,27,low,50,medium,34,low,"Qualitative starter-style reality profile derived from linked route structure and research text. Use as a discussion prompt only, not as verified salary, injury-risk or labour-market fact."
za-career-college-principal,College Principal,"Education, training and youth development",education,education,starter_route_suggestions_average,earning upside,68,high,27,low,50,medium,22,low,"Qualitative starter-style reality profile derived from linked route structure and research text. Use as a discussion prompt only, not as verified salary, injury-risk or labour-market fact."
za-career-commander,Commander,"Law, public service and public safety",public,public,stream_default,stress tolerance,66,medium,62,medium,86,high,70,high,"Qualitative starter-style reality profile derived from linked route structure and research text. Use as a discussion prompt only, not as verified salary, injury-risk or labour-market fact."
za-career-commercial-ablution-cleaner,Commercial Ablution Cleaner,"Hospitality, tourism, sport and events",hospitality,hospitality,stream_default,travel or movement,58,medium,72,high,72,high,34,low,"Qualitative starter-style reality profile derived from linked route structure and research text. Use as a discussion prompt only, not as verified salary, injury-risk or labour-market fact."
za-career-commercial-cleaner,Commercial Cleaner,"Hospitality, tourism, sport and events",hospitality,hospitality,stream_default,travel or movement,58,medium,72,high,72,high,34,low,"Qualitative starter-style reality profile derived from linked route structure and research text. Use as a discussion prompt only, not as verified salary, injury-risk or labour-market fact."
za-career-commercial-diver,Commercial Diver,"Skilled trades, construction and engineering",practical,trade,stream_default,physical safety risk,74,high,78,high,68,high,80,high,"Qualitative starter-style reality profile derived from linked route structure and research text. Use as a discussion prompt only, not as verified salary, injury-risk or labour-market fact."
za-career-commercial-floor-cleaner,Commercial Floor Cleaner,"Hospitality, tourism, sport and events",hospitality,hospitality,stream_default,travel or movement,58,medium,72,high,72,high,34,low,"Qualitative starter-style reality profile derived from linked route structure and research text. Use as a discussion prompt only, not as verified salary, injury-risk or labour-market fact."
za-career-commercial-housekeeper,Commercial Housekeeper,"Hospitality, tourism, sport and events",hospitality,hospitality,starter_route_suggestions_average,earning upside,88,high,88,high,82,high,72,high,"Qualitative starter-style reality profile derived from linked route structure and research text. Use as a discussion prompt only, not as verified salary, injury-risk or labour-market fact."
za-career-commercial-kitchenette-cleaner,Commercial Kitchenette Cleaner,"Hospitality, tourism, sport and events",hospitality,hospitality,stream_default,travel or movement,58,medium,72,high,72,high,34,low,"Qualitative starter-style reality profile derived from linked route structure and research text. Use as a discussion prompt only, not as verified salary, injury-risk or labour-market fact."
za-career-commercial-sales-representative,Commercial Sales Representative,"Sales, marketing and customer work",people,mixed,direct_starter_route_profile,physical safety risk,53,medium,27,low,50,medium,64,medium,"Qualitative starter-style reality profile derived from linked route structure and research text. Use as a discussion prompt only, not as verified salary, injury-risk or labour-market fact."
za-career-commercial-services-sales-agent,Commercial Services Sales Agent,"Sales, marketing and customer work",people,mixed,starter_route_suggestions_average,physical safety risk,53,medium,27,low,50,medium,64,medium,"Qualitative starter-style reality profile derived from linked route structure and research text. Use as a discussion prompt only, not as verified salary, injury-risk or labour-market fact."
za-career-commissioned-police-officer,Commissioned Police Officer,"Law, public service and public safety",public,public,stream_default,stress tolerance,66,medium,54,medium,76,high,62,medium,"Qualitative starter-style reality profile derived from linked route structure and research text. Use as a discussion prompt only, not as verified salary, injury-risk or labour-market fact."
za-career-commissioning-editor,Commissioning Editor,"Skilled trades, construction and engineering",practical,trade,stream_default,physical safety risk,74,high,78,high,68,high,80,high,"Qualitative starter-style reality profile derived from linked route structure and research text. Use as a discussion prompt only, not as verified salary, injury-risk or labour-market fact."
za-career-communication-and-marketing-manager,Communication and Marketing Manager,"Sales, marketing and customer work",people,mixed,stream_default,stress tolerance,63,medium,50,medium,70,high,28,low,"Qualitative starter-style reality profile derived from linked route structure and research text. Use as a discussion prompt only, not as verified salary, injury-risk or labour-market fact."
za-career-communication-coordinator,Communication Coordinator,"Finance, admin and business operations",finance,mixed,starter_route_suggestions_average,earning upside,88,high,27,low,50,medium,22,low,"Qualitative starter-style reality profile derived from linked route structure and research text. Use as a discussion prompt only, not as verified salary, injury-risk or labour-market fact."
za-career-communication-strategist,Communication Strategist,"Finance, admin and business operations",finance,mixed,stream_default,earning upside,70,high,32,low,65,medium,26,low,"Qualitative starter-style reality profile derived from linked route structure and research text. Use as a discussion prompt only, not as verified salary, injury-risk or labour-market fact."
za-career-community-development-manager,Community Development Manager,"Finance, admin and business operations",finance,mixed,stream_default,earning upside,70,high,32,low,65,medium,26,low,"Qualitative starter-style reality profile derived from linked route structure and research text. Use as a discussion prompt only, not as verified salary, injury-risk or labour-market fact."
za-career-community-development-practitioner,Community Development Practitioner,"Skilled trades, construction and engineering",practical,trade,stream_default,physical safety risk,74,high,78,high,68,high,80,high,"Qualitative starter-style reality profile derived from linked route structure and research text. Use as a discussion prompt only, not as verified salary, injury-risk or labour-market fact."
za-career-community-development-worker,Community Development Worker,"Health, care and social services",care,care,direct_starter_route_profile,stress tolerance,53,medium,52,medium,82,high,62,medium,"Qualitative starter-style reality profile derived from linked route structure and research text. Use as a discussion prompt only, not as verified salary, injury-risk or labour-market fact."
za-career-community-health-manager,Community Health Manager,"Health, care and social services",care,care,starter_route_suggestions_average,stress tolerance,53,medium,52,medium,92,high,62,medium,"Qualitative starter-style reality profile derived from linked route structure and research text. Use as a discussion prompt only, not as verified salary, injury-risk or labour-market fact."
za-career-community-health-outreach-coordinator,Community Health Outreach Coordinator,"Health, care and social services",care,care,starter_route_suggestions_average,stress tolerance,53,medium,52,medium,82,high,50,medium,"Qualitative starter-style reality profile derived from linked route structure and research text. Use as a discussion prompt only, not as verified salary, injury-risk or labour-market fact."
za-career-community-health-worker,Community Health Worker,"Informal, entrepreneurship and community economy",entrepreneur,entrepreneur,direct_starter_route_profile,earning upside,88,high,35,low,66,medium,72,high,"Qualitative starter-style reality profile derived from linked route structure and research text. Use as a discussion prompt only, not as verified salary, injury-risk or labour-market fact."
za-career-community-mental-health-worker,Community Mental Health Worker,"Health, care and social services",care,care,starter_route_suggestions_average,stress tolerance,53,medium,52,medium,82,high,50,medium,"Qualitative starter-style reality profile derived from linked route structure and research text. Use as a discussion prompt only, not as verified salary, injury-risk or labour-market fact."
za-career-community-psychologist,Community Psychologist,"Health, care and social services",care,care,starter_route_suggestions_average,stress tolerance,53,medium,52,medium,92,high,62,medium,"Qualitative starter-style reality profile derived from linked route structure and research text. Use as a discussion prompt only, not as verified salary, injury-risk or labour-market fact."
za-career-community-safety-coordinator,Community Safety Coordinator,"Education, training and youth development",education,education,stream_default,earning upside,60,medium,38,low,60,medium,16,low,"Qualitative starter-style reality profile derived from linked route structure and research text. Use as a discussion prompt only, not as verified salary, injury-risk or labour-market fact."
za-career-community-speech-and-hearing-worker,Community Speech and Hearing Worker,"Health, care and social services",care,care,starter_route_suggestions_average,stress tolerance,53,medium,60,medium,92,high,70,high,"Qualitative starter-style reality profile derived from linked route structure and research text. Use as a discussion prompt only, not as verified salary, injury-risk or labour-market fact."
za-career-company-secretary,Company Secretary,"Management, strategy and leadership",people,mixed,direct_starter_route_profile,physical safety risk,53,medium,27,low,50,medium,76,high,"Qualitative starter-style reality profile derived from linked route structure and research text. Use as a discussion prompt only, not as verified salary, injury-risk or labour-market fact."
za-career-compliance-officer,Compliance Officer,"Finance, admin and business operations",finance,mixed,direct_starter_route_profile,earning upside,88,high,27,low,50,medium,22,low,"Qualitative starter-style reality profile derived from linked route structure and research text. Use as a discussion prompt only, not as verified salary, injury-risk or labour-market fact."
za-career-computer-engineering-mechanic-service-worker,Computer Engineering Mechanic/ Service Worker,"Skilled trades, construction and engineering",practical,trade,starter_route_suggestions_average,earning upside,88,high,80,high,60,medium,76,high,"Qualitative starter-style reality profile derived from linked route structure and research text. Use as a discussion prompt only, not as verified salary, injury-risk or labour-market fact."
za-career-computer-network-and-systems-engineer,Computer Network and Systems Engineer,"Technology, data and AI",tech,mixed,starter_route_suggestions_average,earning upside,88,high,27,low,60,medium,22,low,"Qualitative starter-style reality profile derived from linked route structure and research text. Use as a discussion prompt only, not as verified salary, injury-risk or labour-market fact."
za-career-computer-network-technician,Computer Network Technician,"Technology, data and AI",tech,mixed,starter_route_suggestions_average,earning upside,88,high,27,low,60,medium,34,low,"Qualitative starter-style reality profile derived from linked route structure and research text. Use as a discussion prompt only, not as verified salary, injury-risk or labour-market fact."
za-career-computer-quality-assurance-analyst,Computer Quality Assurance Analyst,"Technology, data and AI",tech,mixed,stream_default,earning upside,86,high,32,low,65,medium,17,low,"Qualitative starter-style reality profile derived from linked route structure and research text. Use as a discussion prompt only, not as verified salary, injury-risk or labour-market fact."
za-career-computer-technician,Computer Technician,"Technology, data and AI",tech,mixed,starter_route_suggestions_average,earning upside,88,high,27,low,50,medium,34,low,"Qualitative starter-style reality profile derived from linked route structure and research text. Use as a discussion prompt only, not as verified salary, injury-risk or labour-market fact."
za-career-computer-vision-engineer,Computer Vision Engineer,"Skilled trades, construction and engineering",practical,trade,stream_default,travel or movement,74,high,78,high,68,high,68,high,"Qualitative starter-style reality profile derived from linked route structure and research text. Use as a discussion prompt only, not as verified salary, injury-risk or labour-market fact."
za-career-computers-quality-assurance-analyst,Computers Quality Assurance Analyst,"Technology, data and AI",tech,mixed,stream_default,earning upside,86,high,32,low,65,medium,29,low,"Qualitative starter-style reality profile derived from linked route structure and research text. Use as a discussion prompt only, not as verified salary, injury-risk or labour-market fact."
za-career-concrete-products-machine-operator,Concrete Products Machine Operator,"Manufacturing, mining and energy",engineering,trade,starter_route_suggestions_average,stress tolerance,88,high,27,low,92,high,76,high,"Qualitative starter-style reality profile derived from linked route structure and research text. Use as a discussion prompt only, not as verified salary, injury-risk or labour-market fact."
za-career-concrete-tester,Concrete Tester,"Skilled trades, construction and engineering",practical,trade,stream_default,physical safety risk,74,high,78,high,68,high,80,high,"Qualitative starter-style reality profile derived from linked route structure and research text. Use as a discussion prompt only, not as verified salary, injury-risk or labour-market fact."
za-career-concreter,Concreter,"Skilled trades, construction and engineering",practical,trade,stream_default,physical safety risk,74,high,78,high,78,high,80,high,"Qualitative starter-style reality profile derived from linked route structure and research text. Use as a discussion prompt only, not as verified salary, injury-risk or labour-market fact."
za-career-condensed-liquid-dairy-products-maker,Condensed Liquid Dairy Products Maker,"Agriculture, food and environment",agri,vocational,stream_default,travel or movement,62,medium,88,high,64,medium,80,high,"Qualitative starter-style reality profile derived from linked route structure and research text. Use as a discussion prompt only, not as verified salary, injury-risk or labour-market fact."
za-career-confectionary-baker,Confectionary Baker,"Hospitality, tourism, sport and events",hospitality,hospitality,stream_default,travel or movement,58,medium,80,high,72,high,30,low,"Qualitative starter-style reality profile derived from linked route structure and research text. Use as a discussion prompt only, not as verified salary, injury-risk or labour-market fact."
za-career-conference-and-events-organiser,Conference and Events Organiser,"Hospitality, tourism, sport and events",hospitality,hospitality,starter_route_suggestions_average,earning upside,88,high,80,high,82,high,76,high,"Qualitative starter-style reality profile derived from linked route structure and research text. Use as a discussion prompt only, not as verified salary, injury-risk or labour-market fact."
za-career-conservation-labourer,Conservation Labourer,"Agriculture, food and environment",agri,vocational,starter_route_suggestions_average,travel or movement,53,medium,80,high,76,high,76,high,"Qualitative starter-style reality profile derived from linked route structure and research text. Use as a discussion prompt only, not as verified salary, injury-risk or labour-market fact."
za-career-conservation-scientist,Conservation Scientist,"Agriculture, food and environment",agri,vocational,direct_starter_route_profile,travel or movement,53,medium,80,high,76,high,64,medium,"Qualitative starter-style reality profile derived from linked route structure and research text. Use as a discussion prompt only, not as verified salary, injury-risk or labour-market fact."
za-career-construction-plant-operator,Construction Plant Operator,"Skilled trades, construction and engineering",practical,trade,starter_route_suggestions_average,earning upside,88,high,80,high,50,medium,76,high,"Qualitative starter-style reality profile derived from linked route structure and research text. Use as a discussion prompt only, not as verified salary, injury-risk or labour-market fact."
za-career-construction-project-manager,Construction Project Manager,"Skilled trades, construction and engineering",practical,trade,direct_starter_route_profile,earning upside,88,high,80,high,50,medium,76,high,"Qualitative starter-style reality profile derived from linked route structure and research text. Use as a discussion prompt only, not as verified salary, injury-risk or labour-market fact."
za-career-contact-centre-forecast-analyst,Contact Centre Forecast Analyst,"Sales, marketing and customer work",people,mixed,starter_route_suggestions_average,physical safety risk,53,medium,27,low,50,medium,64,medium,"Qualitative starter-style reality profile derived from linked route structure and research text. Use as a discussion prompt only, not as verified salary, injury-risk or labour-market fact."
za-career-contact-centre-manager,Contact Centre Manager,"Sales, marketing and customer work",people,mixed,starter_route_suggestions_average,physical safety risk,53,medium,27,low,50,medium,64,medium,"Qualitative starter-style reality profile derived from linked route structure and research text. Use as a discussion prompt only, not as verified salary, injury-risk or labour-market fact."
za-career-contact-centre-real-time-advisor,Contact Centre Real Time Advisor,"Sales, marketing and customer work",people,mixed,starter_route_suggestions_average,physical safety risk,53,medium,27,low,50,medium,64,medium,"Qualitative starter-style reality profile derived from linked route structure and research text. Use as a discussion prompt only, not as verified salary, injury-risk or labour-market fact."
za-career-contact-centre-trainer,Contact Centre Trainer,"Education, training and youth development",education,education,stream_default,earning upside,60,medium,38,low,60,medium,28,low,"Qualitative starter-style reality profile derived from linked route structure and research text. Use as a discussion prompt only, not as verified salary, injury-risk or labour-market fact."
za-career-contact-centre-workforce-planner,Contact Centre Workforce Planner,"Logistics, transport and supply chain",logistics,logistics,stream_default,travel or movement,63,medium,80,high,62,medium,66,medium,"Qualitative starter-style reality profile derived from linked route structure and research text. Use as a discussion prompt only, not as verified salary, injury-risk or labour-market fact."
za-career-container-glass-forming-operator,Container Glass Forming Operator,"Manufacturing, mining and energy",engineering,trade,stream_default,physical safety risk,78,high,88,high,70,high,92,high,"Qualitative starter-style reality profile derived from linked route structure and research text. Use as a discussion prompt only, not as verified salary, injury-risk or labour-market fact."
za-career-content-moderation-specialist,Content Moderation Specialist,"Creative, media and design",creative,portfolio,stream_default,stress tolerance,56,medium,50,medium,64,medium,28,low,"Qualitative starter-style reality profile derived from linked route structure and research text. Use as a discussion prompt only, not as verified salary, injury-risk or labour-market fact."
za-career-continuous-bucket-trencher-operator,Continuous Bucket Trencher Operator,"Manufacturing, mining and energy",engineering,trade,stream_default,physical safety risk,78,high,88,high,70,high,92,high,"Qualitative starter-style reality profile derived from linked route structure and research text. Use as a discussion prompt only, not as verified salary, injury-risk or labour-market fact."
za-career-continuous-stationery-printing,Continuous Stationery Printing,"Manufacturing, mining and energy",engineering,trade,stream_default,physical safety risk,78,high,80,high,80,high,84,high,"Qualitative starter-style reality profile derived from linked route structure and research text. Use as a discussion prompt only, not as verified salary, injury-risk or labour-market fact."
za-career-contract-manager,Contract Manager,"Finance, admin and business operations",finance,mixed,starter_route_suggestions_average,earning upside,88,high,27,low,50,medium,22,low,"Qualitative starter-style reality profile derived from linked route structure and research text. Use as a discussion prompt only, not as verified salary, injury-risk or labour-market fact."
za-career-controlled-environment-agriculture-technician,Controlled Environment Agriculture Technician,"Agriculture, food and environment",agri,vocational,stream_default,travel or movement,62,medium,88,high,64,medium,80,high,"Qualitative starter-style reality profile derived from linked route structure and research text. Use as a discussion prompt only, not as verified salary, injury-risk or labour-market fact."
za-career-cook,Cook,"Hospitality, tourism, sport and events",hospitality,hospitality,direct_starter_route_profile,earning upside,88,high,88,high,82,high,72,high,"Qualitative starter-style reality profile derived from linked route structure and research text. Use as a discussion prompt only, not as verified salary, injury-risk or labour-market fact."
za-career-copywriter,Copywriter,"Creative, media and design",creative,portfolio,direct_starter_route_profile,earning upside,88,high,27,low,76,high,34,low,"Qualitative starter-style reality profile derived from linked route structure and research text. Use as a discussion prompt only, not as verified salary, injury-risk or labour-market fact."
za-career-corporate-general-manager,Corporate General Manager,"Finance, admin and business operations",finance,mixed,starter_route_suggestions_average,earning upside,88,high,27,low,60,medium,22,low,"Qualitative starter-style reality profile derived from linked route structure and research text. Use as a discussion prompt only, not as verified salary, injury-risk or labour-market fact."
za-career-corporate-services-manager,Corporate Services Manager,"Finance, admin and business operations",finance,mixed,starter_route_suggestions_average,earning upside,88,high,27,low,50,medium,22,low,"Qualitative starter-style reality profile derived from linked route structure and research text. Use as a discussion prompt only, not as verified salary, injury-risk or labour-market fact."
za-career-corporate-treasurer,Corporate Treasurer,"Finance, admin and business operations",finance,mixed,stream_default,earning upside,70,high,32,low,65,medium,14,low,"Qualitative starter-style reality profile derived from linked route structure and research text. Use as a discussion prompt only, not as verified salary, injury-risk or labour-market fact."
za-career-correctional-administration-officer,Correctional Administration Officer,"Law, public service and public safety",public,public,starter_route_suggestions_average,stress tolerance,68,high,27,low,92,high,76,high,"Qualitative starter-style reality profile derived from linked route structure and research text. Use as a discussion prompt only, not as verified salary, injury-risk or labour-market fact."
za-career-correctional-services-manager,Correctional Services Manager,"Law, public service and public safety",public,public,starter_route_suggestions_average,stress tolerance,68,high,27,low,82,high,76,high,"Qualitative starter-style reality profile derived from linked route structure and research text. Use as a discussion prompt only, not as verified salary, injury-risk or labour-market fact."
za-career-corrections-patrol-officer,Corrections patrol officer,"Law, public service and public safety",public,public,starter_route_suggestions_average,stress tolerance,68,high,27,low,92,high,76,high,"Qualitative starter-style reality profile derived from linked route structure and research text. Use as a discussion prompt only, not as verified salary, injury-risk or labour-market fact."
za-career-corrections-security-officer,Corrections Security Officer,"Law, public service and public safety",public,public,starter_route_suggestions_average,stress tolerance,68,high,27,low,92,high,76,high,"Qualitative starter-style reality profile derived from linked route structure and research text. Use as a discussion prompt only, not as verified salary, injury-risk or labour-market fact."
za-career-corrugate-board-and-container-machine-minder,Corrugate Board and Container Machine Minder,"Manufacturing, mining and energy",engineering,trade,stream_default,physical safety risk,78,high,88,high,70,high,92,high,"Qualitative starter-style reality profile derived from linked route structure and research text. Use as a discussion prompt only, not as verified salary, injury-risk or labour-market fact."
za-career-corrugated-board-manufacturing-machine-minder,Corrugated Board Manufacturing Machine Minder,"Manufacturing, mining and energy",engineering,trade,stream_default,physical safety risk,78,high,88,high,70,high,92,high,"Qualitative starter-style reality profile derived from linked route structure and research text. Use as a discussion prompt only, not as verified salary, injury-risk or labour-market fact."
za-career-corrugated-board-printing-and-finishing-machine-minder,Corrugated Board Printing and Finishing Machine Minder,"Manufacturing, mining and energy",engineering,trade,stream_default,physical safety risk,78,high,88,high,70,high,92,high,"Qualitative starter-style reality profile derived from linked route structure and research text. Use as a discussion prompt only, not as verified salary, injury-risk or labour-market fact."
za-career-cost-clerk,Cost Clerk,"Skilled trades, construction and engineering",practical,trade,stream_default,physical safety risk,74,high,78,high,68,high,80,high,"Qualitative starter-style reality profile derived from linked route structure and research text. Use as a discussion prompt only, not as verified salary, injury-risk or labour-market fact."
za-career-cottage-cheesemaker,Cottage Cheesemaker,"Agriculture, food and environment",agri,vocational,stream_default,travel or movement,62,medium,88,high,64,medium,80,high,"Qualitative starter-style reality profile derived from linked route structure and research text. Use as a discussion prompt only, not as verified salary, injury-risk or labour-market fact."
za-career-counselling-psychologist,Counselling Psychologist,"Health, care and social services",care,care,direct_starter_route_profile,stress tolerance,53,medium,52,medium,92,high,62,medium,"Qualitative starter-style reality profile derived from linked route structure and research text. Use as a discussion prompt only, not as verified salary, injury-risk or labour-market fact."
za-career-courier,Courier,"Logistics, transport and supply chain",logistics,logistics,direct_starter_route_profile,physical safety risk,68,high,35,low,50,medium,84,high,"Qualitative starter-style reality profile derived from linked route structure and research text. Use as a discussion prompt only, not as verified salary, injury-risk or labour-market fact."
za-career-court-manager,Court Manager,"Law, public service and public safety",public,public,starter_route_suggestions_average,stress tolerance,68,high,27,low,92,high,76,high,"Qualitative starter-style reality profile derived from linked route structure and research text. Use as a discussion prompt only, not as verified salary, injury-risk or labour-market fact."
za-career-court-orderly-court-registry-officer,Court Orderly/ Court Registry Officer,"Law, public service and public safety",public,public,stream_default,stress tolerance,66,medium,54,medium,86,high,62,medium,"Qualitative starter-style reality profile derived from linked route structure and research text. Use as a discussion prompt only, not as verified salary, injury-risk or labour-market fact."
za-career-court-stenographer-or-court-reporter,Court stenographer or court reporter,"Law, public service and public safety",public,public,stream_default,stress tolerance,66,medium,54,medium,86,high,62,medium,"Qualitative starter-style reality profile derived from linked route structure and research text. Use as a discussion prompt only, not as verified salary, injury-risk or labour-market fact."
za-career-craft-bookbinding-technician,Craft Bookbinding Technician,"Informal, entrepreneurship and community economy",entrepreneur,entrepreneur,stream_default,stress tolerance,62,medium,74,high,80,high,46,medium,"Qualitative starter-style reality profile derived from linked route structure and research text. Use as a discussion prompt only, not as verified salary, injury-risk or labour-market fact."
za-career-crane-chaser,Crane Chaser,"Skilled trades, construction and engineering",practical,trade,starter_route_suggestions_average,earning upside,88,high,80,high,60,medium,76,high,"Qualitative starter-style reality profile derived from linked route structure and research text. Use as a discussion prompt only, not as verified salary, injury-risk or labour-market fact."
za-career-crane-or-hoist-operator,Crane or Hoist Operator (Onsetter),"Manufacturing, mining and energy",engineering,trade,starter_route_suggestions_average,earning upside,88,high,35,low,82,high,84,high,"Qualitative starter-style reality profile derived from linked route structure and research text. Use as a discussion prompt only, not as verified salary, injury-risk or labour-market fact."
za-career-creator-economy-manager,Creator Economy Manager,"Education, training and youth development",education,education,stream_default,earning upside,60,medium,38,low,60,medium,16,low,"Qualitative starter-style reality profile derived from linked route structure and research text. Use as a discussion prompt only, not as verified salary, injury-risk or labour-market fact."
za-career-credit-manager,Credit Manager,"Finance, admin and business operations",finance,mixed,direct_starter_route_profile,earning upside,88,high,27,low,50,medium,22,low,"Qualitative starter-style reality profile derived from linked route structure and research text. Use as a discussion prompt only, not as verified salary, injury-risk or labour-market fact."
za-career-credit-or-loans-officer,Credit or Loans Officer,"Finance, admin and business operations",finance,mixed,stream_default,earning upside,70,high,32,low,55,medium,14,low,"Qualitative starter-style reality profile derived from linked route structure and research text. Use as a discussion prompt only, not as verified salary, injury-risk or labour-market fact."
za-career-creeling-and-warping-machine-operator,Creeling and Warping Machine Operator,"Manufacturing, mining and energy",engineering,trade,starter_route_suggestions_average,earning upside,88,high,35,low,82,high,84,high,"Qualitative starter-style reality profile derived from linked route structure and research text. Use as a discussion prompt only, not as verified salary, injury-risk or labour-market fact."
za-career-crime-crash-scene-investigator,Crime/ Crash Scene Investigator,"Law, public service and public safety",public,public,stream_default,stress tolerance,66,medium,62,medium,86,high,70,high,"Qualitative starter-style reality profile derived from linked route structure and research text. Use as a discussion prompt only, not as verified salary, injury-risk or labour-market fact."
za-career-criminal-enforcement-manager,Criminal Enforcement Manager (Environment),"Manufacturing, mining and energy",engineering,trade,stream_default,physical safety risk,78,high,80,high,80,high,84,high,"Qualitative starter-style reality profile derived from linked route structure and research text. Use as a discussion prompt only, not as verified salary, injury-risk or labour-market fact."
za-career-criminologist,Criminologist,"Finance, admin and business operations",finance,mixed,stream_default,earning upside,70,high,32,low,65,medium,26,low,"Qualitative starter-style reality profile derived from linked route structure and research text. Use as a discussion prompt only, not as verified salary, injury-risk or labour-market fact."
za-career-crm-administrator,CRM Administrator,"Technology, data and AI",tech,mixed,direct_starter_route_profile,earning upside,88,high,27,low,50,medium,22,low,"Qualitative starter-style reality profile derived from linked route structure and research text. Use as a discussion prompt only, not as verified salary, injury-risk or labour-market fact."
za-career-crop-produce-analyst,Crop Produce Analyst,"Agriculture, food and environment",agri,vocational,stream_default,travel or movement,62,medium,88,high,64,medium,80,high,"Qualitative starter-style reality profile derived from linked route structure and research text. Use as a discussion prompt only, not as verified salary, injury-risk or labour-market fact."
za-career-crop-protection-advisor,Crop Protection Advisor,"Agriculture, food and environment",agri,vocational,stream_default,travel or movement,62,medium,88,high,64,medium,80,high,"Qualitative starter-style reality profile derived from linked route structure and research text. Use as a discussion prompt only, not as verified salary, injury-risk or labour-market fact."
za-career-crystal-healing-practitioner,Crystal Healing Practitioner,"Skilled trades, construction and engineering",practical,trade,stream_default,physical safety risk,74,high,78,high,68,high,80,high,"Qualitative starter-style reality profile derived from linked route structure and research text. Use as a discussion prompt only, not as verified salary, injury-risk or labour-market fact."
za-career-cultural-heritage-digital-archivist,Cultural Heritage Digital Archivist,"Arts, culture, heritage and society",creative,portfolio,stream_default,earning upside,56,medium,46,medium,56,medium,14,low,"Qualitative starter-style reality profile derived from linked route structure and research text. Use as a discussion prompt only, not as verified salary, injury-risk or labour-market fact."
za-career-curator,Curator,"Creative, media and design",creative,portfolio,stream_default,stress tolerance,56,medium,50,medium,64,medium,16,low,"Qualitative starter-style reality profile derived from linked route structure and research text. Use as a discussion prompt only, not as verified salary, injury-risk or labour-market fact."
za-career-customer-experience-analyst,Customer Experience Analyst,"Sales, marketing and customer work",people,mixed,stream_default,earning upside,63,medium,50,medium,60,medium,28,low,"Qualitative starter-style reality profile derived from linked route structure and research text. Use as a discussion prompt only, not as verified salary, injury-risk or labour-market fact."
za-career-customer-service-manager,Customer Service Manager,"Sales, marketing and customer work",people,mixed,direct_starter_route_profile,physical safety risk,53,medium,27,low,60,medium,76,high,"Qualitative starter-style reality profile derived from linked route structure and research text. Use as a discussion prompt only, not as verified salary, injury-risk or labour-market fact."
za-career-customer-success-specialist,Customer Success Specialist,"Sales, marketing and customer work",people,mixed,stream_default,earning upside,63,medium,50,medium,60,medium,28,low,"Qualitative starter-style reality profile derived from linked route structure and research text. Use as a discussion prompt only, not as verified salary, injury-risk or labour-market fact."
za-career-customs-compliance-manager,Customs Compliance Manager,"Logistics, transport and supply chain",logistics,logistics,stream_default,travel or movement,63,medium,80,high,62,medium,66,medium,"Qualitative starter-style reality profile derived from linked route structure and research text. Use as a discussion prompt only, not as verified salary, injury-risk or labour-market fact."
za-career-customs-compliance-specialist,Customs Compliance Specialist,"Logistics, transport and supply chain",logistics,logistics,stream_default,travel or movement,63,medium,80,high,62,medium,66,medium,"Qualitative starter-style reality profile derived from linked route structure and research text. Use as a discussion prompt only, not as verified salary, injury-risk or labour-market fact."
za-career-customs-officer,Customs Officer,"Logistics, transport and supply chain",logistics,logistics,direct_starter_route_profile,physical safety risk,68,high,27,low,60,medium,76,high,"Qualitative starter-style reality profile derived from linked route structure and research text. Use as a discussion prompt only, not as verified salary, injury-risk or labour-market fact."
za-career-cutting-machine-maintenance-assistant,Cutting Machine Maintenance Assistant,"Manufacturing, mining and energy",engineering,trade,stream_default,physical safety risk,78,high,88,high,70,high,92,high,"Qualitative starter-style reality profile derived from linked route structure and research text. Use as a discussion prompt only, not as verified salary, injury-risk or labour-market fact."
za-career-cybersecurity-analyst,Cybersecurity Analyst,"Technology, data and AI",tech,mixed,starter_route_suggestions_average,earning upside,88,high,27,low,50,medium,34,low,"Qualitative starter-style reality profile derived from linked route structure and research text. Use as a discussion prompt only, not as verified salary, injury-risk or labour-market fact."
za-career-dairy-farm-supervisor,Dairy Farm Supervisor,"Agriculture, food and environment",agri,vocational,starter_route_suggestions_average,travel or movement,53,medium,88,high,66,medium,84,high,"Qualitative starter-style reality profile derived from linked route structure and research text. Use as a discussion prompt only, not as verified salary, injury-risk or labour-market fact."
za-career-dairy-unit-manager,Dairy Unit Manager,"Technology, data and AI",tech,mixed,stream_default,earning upside,86,high,32,low,55,medium,17,low,"Qualitative starter-style reality profile derived from linked route structure and research text. Use as a discussion prompt only, not as verified salary, injury-risk or labour-market fact."
za-career-dairyman,Dairyman,"Agriculture, food and environment",agri,vocational,starter_route_suggestions_average,travel or movement,53,medium,88,high,66,medium,84,high,"Qualitative starter-style reality profile derived from linked route structure and research text. Use as a discussion prompt only, not as verified salary, injury-risk or labour-market fact."
za-career-dance-movement-therapist,Dance Movement Therapist,"Health, care and social services",care,care,stream_default,stress tolerance,66,medium,62,medium,90,high,68,high,"Qualitative starter-style reality profile derived from linked route structure and research text. Use as a discussion prompt only, not as verified salary, injury-risk or labour-market fact."
za-career-data-analyst,Data Analyst,"Technology, data and AI",tech,mixed,direct_starter_route_profile,earning upside,88,high,27,low,60,medium,34,low,"Qualitative starter-style reality profile derived from linked route structure and research text. Use as a discussion prompt only, not as verified salary, injury-risk or labour-market fact."
za-career-data-and-telecommunications-cabler,Data and Telecommunications Cabler,"Technology, data and AI",tech,mixed,stream_default,earning upside,86,high,32,low,55,medium,17,low,"Qualitative starter-style reality profile derived from linked route structure and research text. Use as a discussion prompt only, not as verified salary, injury-risk or labour-market fact."
za-career-data-engineer,Data Engineer,"Technology, data and AI",tech,mixed,direct_starter_route_profile,earning upside,88,high,27,low,50,medium,22,low,"Qualitative starter-style reality profile derived from linked route structure and research text. Use as a discussion prompt only, not as verified salary, injury-risk or labour-market fact."
za-career-data-entry-clerk,Data entry clerk,"Finance, admin and business operations",finance,mixed,direct_starter_route_profile,earning upside,88,high,27,low,60,medium,34,low,"Qualitative starter-style reality profile derived from linked route structure and research text. Use as a discussion prompt only, not as verified salary, injury-risk or labour-market fact."
za-career-data-entry-operator,Data Entry Operator,"Technology, data and AI",tech,mixed,starter_route_suggestions_average,earning upside,88,high,27,low,50,medium,22,low,"Qualitative starter-style reality profile derived from linked route structure and research text. Use as a discussion prompt only, not as verified salary, injury-risk or labour-market fact."
za-career-data-governance-specialist,Data Governance Specialist,"Technology, data and AI",tech,mixed,starter_route_suggestions_average,earning upside,88,high,27,low,50,medium,22,low,"Qualitative starter-style reality profile derived from linked route structure and research text. Use as a discussion prompt only, not as verified salary, injury-risk or labour-market fact."
za-career-data-management-manager,Data Management Manager,"Technology, data and AI",tech,mixed,starter_route_suggestions_average,earning upside,88,high,27,low,50,medium,34,low,"Qualitative starter-style reality profile derived from linked route structure and research text. Use as a discussion prompt only, not as verified salary, injury-risk or labour-market fact."
za-career-data-privacy-officer,Data Privacy Officer,"Technology, data and AI",tech,mixed,stream_default,earning upside,86,high,32,low,55,medium,17,low,"Qualitative starter-style reality profile derived from linked route structure and research text. Use as a discussion prompt only, not as verified salary, injury-risk or labour-market fact."
za-career-data-science-practitioner,Data Science Practitioner,"Technology, data and AI",tech,mixed,stream_default,earning upside,86,high,32,low,55,medium,17,low,"Qualitative starter-style reality profile derived from linked route structure and research text. Use as a discussion prompt only, not as verified salary, injury-risk or labour-market fact."
za-career-data-scientist,Data Scientist,"Technology, data and AI",tech,mixed,direct_starter_route_profile,earning upside,88,high,27,low,60,medium,34,low,"Qualitative starter-style reality profile derived from linked route structure and research text. Use as a discussion prompt only, not as verified salary, injury-risk or labour-market fact."
za-career-data-storage-specialist,Data Storage Specialist,"Technology, data and AI",tech,mixed,stream_default,earning upside,86,high,32,low,55,medium,17,low,"Qualitative starter-style reality profile derived from linked route structure and research text. Use as a discussion prompt only, not as verified salary, injury-risk or labour-market fact."
za-career-database-designer-and-administrator,Database Designer and Administrator,"Creative, media and design",creative,portfolio,stream_default,stress tolerance,56,medium,50,medium,64,medium,28,low,"Qualitative starter-style reality profile derived from linked route structure and research text. Use as a discussion prompt only, not as verified salary, injury-risk or labour-market fact."
za-career-database-reliability-engineer,Database Reliability Engineer,"Technology, data and AI",tech,mixed,starter_route_suggestions_average,earning upside,88,high,27,low,50,medium,22,low,"Qualitative starter-style reality profile derived from linked route structure and research text. Use as a discussion prompt only, not as verified salary, injury-risk or labour-market fact."
za-career-debt-collector,Debt Collector,"Sales, marketing and customer work",people,mixed,direct_starter_route_profile,physical safety risk,53,medium,27,low,50,medium,64,medium,"Qualitative starter-style reality profile derived from linked route structure and research text. Use as a discussion prompt only, not as verified salary, injury-risk or labour-market fact."
za-career-deck-hand,Deck Hand (Able Seaman),"Logistics, transport and supply chain",logistics,logistics,starter_route_suggestions_average,physical safety risk,68,high,35,low,50,medium,84,high,"Qualitative starter-style reality profile derived from linked route structure and research text. Use as a discussion prompt only, not as verified salary, injury-risk or labour-market fact."
za-career-defence-official,Defence Official,"Law, public service and public safety",public,public,starter_route_suggestions_average,stress tolerance,68,high,35,low,92,high,84,high,"Qualitative starter-style reality profile derived from linked route structure and research text. Use as a discussion prompt only, not as verified salary, injury-risk or labour-market fact."
za-career-delivery-platform-driver-partner,Delivery Platform Driver-Partner,"Logistics, transport and supply chain",logistics,logistics,starter_route_suggestions_average,physical safety risk,68,high,27,low,50,medium,76,high,"Qualitative starter-style reality profile derived from linked route structure and research text. Use as a discussion prompt only, not as verified salary, injury-risk or labour-market fact."
za-career-demand-planner,Demand Planner,"Logistics, transport and supply chain",logistics,logistics,starter_route_suggestions_average,physical safety risk,68,high,27,low,50,medium,76,high,"Qualitative starter-style reality profile derived from linked route structure and research text. Use as a discussion prompt only, not as verified salary, injury-risk or labour-market fact."
za-career-dental-assistant,Dental Assistant,"Health, care and social services",care,care,direct_starter_route_profile,stress tolerance,53,medium,52,medium,92,high,62,medium,"Qualitative starter-style reality profile derived from linked route structure and research text. Use as a discussion prompt only, not as verified salary, injury-risk or labour-market fact."
za-career-dental-specialist,Dental Specialist,"Health, care and social services",care,care,starter_route_suggestions_average,stress tolerance,53,medium,60,medium,92,high,58,medium,"Qualitative starter-style reality profile derived from linked route structure and research text. Use as a discussion prompt only, not as verified salary, injury-risk or labour-market fact."
za-career-dental-technician,Dental Technician,"Health, care and social services",care,care,starter_route_suggestions_average,stress tolerance,53,medium,52,medium,92,high,62,medium,"Qualitative starter-style reality profile derived from linked route structure and research text. Use as a discussion prompt only, not as verified salary, injury-risk or labour-market fact."
za-career-dental-technologist,Dental Technologist,"Health, care and social services",care,care,starter_route_suggestions_average,stress tolerance,53,medium,52,medium,92,high,62,medium,"Qualitative starter-style reality profile derived from linked route structure and research text. Use as a discussion prompt only, not as verified salary, injury-risk or labour-market fact."
za-career-dental-therapist,Dental Therapist,"Health, care and social services",care,care,starter_route_suggestions_average,stress tolerance,53,medium,60,medium,92,high,70,high,"Qualitative starter-style reality profile derived from linked route structure and research text. Use as a discussion prompt only, not as verified salary, injury-risk or labour-market fact."
za-career-dentist,Dentist,"Health, care and social services",care,care,direct_starter_route_profile,stress tolerance,53,medium,52,medium,92,high,62,medium,"Qualitative starter-style reality profile derived from linked route structure and research text. Use as a discussion prompt only, not as verified salary, injury-risk or labour-market fact."
za-career-departmental-head,Departmental Head,"Finance, admin and business operations",finance,mixed,stream_default,earning upside,70,high,32,low,55,medium,14,low,"Qualitative starter-style reality profile derived from linked route structure and research text. Use as a discussion prompt only, not as verified salary, injury-risk or labour-market fact."
za-career-dermatologist,Dermatologist,"Health, care and social services",care,care,starter_route_suggestions_average,stress tolerance,53,medium,52,medium,92,high,50,medium,"Qualitative starter-style reality profile derived from linked route structure and research text. Use as a discussion prompt only, not as verified salary, injury-risk or labour-market fact."
za-career-design-thinking-innovation-lead,Design Thinking Innovation Lead,"Creative, media and design",creative,portfolio,stream_default,stress tolerance,56,medium,50,medium,64,medium,28,low,"Qualitative starter-style reality profile derived from linked route structure and research text. Use as a discussion prompt only, not as verified salary, injury-risk or labour-market fact."
za-career-design-thinking-practitioner,Design Thinking Practitioner,"Creative, media and design",creative,portfolio,stream_default,stress tolerance,56,medium,50,medium,64,medium,28,low,"Qualitative starter-style reality profile derived from linked route structure and research text. Use as a discussion prompt only, not as verified salary, injury-risk or labour-market fact."
za-career-detective,Detective,"Skilled trades, construction and engineering",practical,trade,stream_default,physical safety risk,74,high,78,high,68,high,80,high,"Qualitative starter-style reality profile derived from linked route structure and research text. Use as a discussion prompt only, not as verified salary, injury-risk or labour-market fact."
za-career-developer-programmer,Developer Programmer,"Technology, data and AI",tech,mixed,starter_route_suggestions_average,earning upside,88,high,27,low,50,medium,34,low,"Qualitative starter-style reality profile derived from linked route structure and research text. Use as a discussion prompt only, not as verified salary, injury-risk or labour-market fact."
za-career-devops-engineer,DevOps Engineer,"Technology, data and AI",tech,mixed,direct_starter_route_profile,earning upside,88,high,27,low,50,medium,22,low,"Qualitative starter-style reality profile derived from linked route structure and research text. Use as a discussion prompt only, not as verified salary, injury-risk or labour-market fact."
za-career-devsecops-engineer,DevSecOps Engineer,"Skilled trades, construction and engineering",practical,trade,starter_route_suggestions_average,earning upside,88,high,80,high,50,medium,64,medium,"Qualitative starter-style reality profile derived from linked route structure and research text. Use as a discussion prompt only, not as verified salary, injury-risk or labour-market fact."
za-career-diagnostic-radiographer,Diagnostic Radiographer,"Health, care and social services",care,care,starter_route_suggestions_average,stress tolerance,53,medium,60,medium,92,high,70,high,"Qualitative starter-style reality profile derived from linked route structure and research text. Use as a discussion prompt only, not as verified salary, injury-risk or labour-market fact."
za-career-diamond-and-gemstone-setter,Diamond and Gemstone Setter,"Skilled trades, construction and engineering",practical,trade,stream_default,physical safety risk,74,high,78,high,68,high,80,high,"Qualitative starter-style reality profile derived from linked route structure and research text. Use as a discussion prompt only, not as verified salary, injury-risk or labour-market fact."
za-career-diamond-sorter-and-evaluator,Diamond Sorter and Evaluator,"Skilled trades, construction and engineering",practical,trade,stream_default,physical safety risk,74,high,78,high,68,high,80,high,"Qualitative starter-style reality profile derived from linked route structure and research text. Use as a discussion prompt only, not as verified salary, injury-risk or labour-market fact."
za-career-die-cutting-machine-minder,Die Cutting Machine Minder,"Manufacturing, mining and energy",engineering,trade,stream_default,physical safety risk,78,high,88,high,70,high,92,high,"Qualitative starter-style reality profile derived from linked route structure and research text. Use as a discussion prompt only, not as verified salary, injury-risk or labour-market fact."
za-career-diesel-bowser-operator,Diesel Bowser Operator,"Skilled trades, construction and engineering",practical,trade,stream_default,physical safety risk,74,high,86,high,68,high,88,high,"Qualitative starter-style reality profile derived from linked route structure and research text. Use as a discussion prompt only, not as verified salary, injury-risk or labour-market fact."
za-career-diesel-electrical-fitter,Diesel Electrical Fitter,"Skilled trades, construction and engineering",practical,trade,stream_default,physical safety risk,74,high,86,high,68,high,88,high,"Qualitative starter-style reality profile derived from linked route structure and research text. Use as a discussion prompt only, not as verified salary, injury-risk or labour-market fact."
za-career-diesel-fitter,Diesel Fitter,"Skilled trades, construction and engineering",practical,trade,starter_route_suggestions_average,earning upside,88,high,88,high,50,medium,84,high,"Qualitative starter-style reality profile derived from linked route structure and research text. Use as a discussion prompt only, not as verified salary, injury-risk or labour-market fact."
za-career-diesel-mechanic,Diesel Mechanic,"Skilled trades, construction and engineering",practical,trade,direct_starter_route_profile,earning upside,88,high,88,high,50,medium,84,high,"Qualitative starter-style reality profile derived from linked route structure and research text. Use as a discussion prompt only, not as verified salary, injury-risk or labour-market fact."
za-career-dietician,Dietician,"Health, care and social services",care,care,direct_starter_route_profile,stress tolerance,53,medium,52,medium,92,high,62,medium,"Qualitative starter-style reality profile derived from linked route structure and research text. Use as a discussion prompt only, not as verified salary, injury-risk or labour-market fact."
za-career-digital-accessibility-specialist,Digital Accessibility Specialist,"Technology, data and AI",tech,mixed,starter_route_suggestions_average,earning upside,88,high,27,low,50,medium,22,low,"Qualitative starter-style reality profile derived from linked route structure and research text. Use as a discussion prompt only, not as verified salary, injury-risk or labour-market fact."
za-career-digital-artist,Digital Artist,"Creative, media and design",creative,portfolio,starter_route_suggestions_average,earning upside,88,high,27,low,66,medium,22,low,"Qualitative starter-style reality profile derived from linked route structure and research text. Use as a discussion prompt only, not as verified salary, injury-risk or labour-market fact."
za-career-digital-forensics-analyst,Digital Forensics Analyst,"Technology, data and AI",tech,mixed,direct_starter_route_profile,earning upside,88,high,27,low,50,medium,22,low,"Qualitative starter-style reality profile derived from linked route structure and research text. Use as a discussion prompt only, not as verified salary, injury-risk or labour-market fact."
za-career-digital-health-product-specialist,Digital Health Product Specialist,"Health, care and social services",care,care,stream_default,stress tolerance,66,medium,54,medium,80,high,48,medium,"Qualitative starter-style reality profile derived from linked route structure and research text. Use as a discussion prompt only, not as verified salary, injury-risk or labour-market fact."
za-career-digital-literacy-trainer,Digital Literacy Trainer,"Education, training and youth development",education,education,stream_default,earning upside,60,medium,38,low,60,medium,16,low,"Qualitative starter-style reality profile derived from linked route structure and research text. Use as a discussion prompt only, not as verified salary, injury-risk or labour-market fact."
za-career-digital-product-manager,Digital Product Manager,"Technology, data and AI",tech,mixed,starter_route_suggestions_average,earning upside,88,high,27,low,50,medium,22,low,"Qualitative starter-style reality profile derived from linked route structure and research text. Use as a discussion prompt only, not as verified salary, injury-risk or labour-market fact."
za-career-digital-transformation-consultant,Digital Transformation Consultant,"Technology, data and AI",tech,mixed,stream_default,earning upside,86,high,32,low,55,medium,17,low,"Qualitative starter-style reality profile derived from linked route structure and research text. Use as a discussion prompt only, not as verified salary, injury-risk or labour-market fact."
za-career-digital-twin-technician,Digital Twin Technician,"Education, training and youth development",education,education,stream_default,earning upside,60,medium,38,low,60,medium,16,low,"Qualitative starter-style reality profile derived from linked route structure and research text. Use as a discussion prompt only, not as verified salary, injury-risk or labour-market fact."
za-career-diplomat,Diplomat,"Law, public service and public safety",public,public,direct_starter_route_profile,stress tolerance,68,high,27,low,82,high,76,high,"Qualitative starter-style reality profile derived from linked route structure and research text. Use as a discussion prompt only, not as verified salary, injury-risk or labour-market fact."
za-career-diplomatic-mission-administrator,Diplomatic Mission Administrator,"Skilled trades, construction and engineering",practical,trade,stream_default,physical safety risk,74,high,78,high,68,high,80,high,"Qualitative starter-style reality profile derived from linked route structure and research text. Use as a discussion prompt only, not as verified salary, injury-risk or labour-market fact."
za-career-director,Director (Enterprise / Organisation),"Finance, admin and business operations",finance,mixed,stream_default,earning upside,70,high,32,low,55,medium,14,low,"Qualitative starter-style reality profile derived from linked route structure and research text. Use as a discussion prompt only, not as verified salary, injury-risk or labour-market fact."
za-career-director-of-marketing,Director of Marketing,"Sales, marketing and customer work",people,mixed,starter_route_suggestions_average,physical safety risk,53,medium,27,low,50,medium,64,medium,"Qualitative starter-style reality profile derived from linked route structure and research text. Use as a discussion prompt only, not as verified salary, injury-risk or labour-market fact."
za-career-disability-attendant,Disability Attendant,"Skilled trades, construction and engineering",practical,trade,stream_default,physical safety risk,74,high,78,high,68,high,80,high,"Qualitative starter-style reality profile derived from linked route structure and research text. Use as a discussion prompt only, not as verified salary, injury-risk or labour-market fact."
za-career-disability-support-facilitator,Disability Support Facilitator,"Education, training and youth development",education,education,stream_default,earning upside,60,medium,38,low,60,medium,16,low,"Qualitative starter-style reality profile derived from linked route structure and research text. Use as a discussion prompt only, not as verified salary, injury-risk or labour-market fact."
za-career-disaster-management-manager,Disaster Management Manager,"Law, public service and public safety",public,public,starter_route_suggestions_average,stress tolerance,68,high,27,low,92,high,76,high,"Qualitative starter-style reality profile derived from linked route structure and research text. Use as a discussion prompt only, not as verified salary, injury-risk or labour-market fact."
za-career-disaster-management-officer,Disaster Management Officer,"Logistics, transport and supply chain",logistics,logistics,direct_starter_route_profile,earning upside,68,high,27,low,50,medium,64,medium,"Qualitative starter-style reality profile derived from linked route structure and research text. Use as a discussion prompt only, not as verified salary, injury-risk or labour-market fact."
za-career-disaster-management-worker,Disaster Management Worker,"Law, public service and public safety",public,public,stream_default,stress tolerance,66,medium,62,medium,86,high,70,high,"Qualitative starter-style reality profile derived from linked route structure and research text. Use as a discussion prompt only, not as verified salary, injury-risk or labour-market fact."
za-career-disaster-risk-reduction-planner,Disaster Risk Reduction Planner,"Law, public service and public safety",public,public,stream_default,stress tolerance,66,medium,54,medium,76,high,62,medium,"Qualitative starter-style reality profile derived from linked route structure and research text. Use as a discussion prompt only, not as verified salary, injury-risk or labour-market fact."
za-career-dispatching-and-receiving-clerk,Dispatching and Receiving Clerk,"Logistics, transport and supply chain",logistics,logistics,starter_route_suggestions_average,physical safety risk,68,high,35,low,50,medium,84,high,"Qualitative starter-style reality profile derived from linked route structure and research text. Use as a discussion prompt only, not as verified salary, injury-risk or labour-market fact."
za-career-dispatching-and-receiving-clerk-officer,Dispatching and Receiving Clerk / Officer,"Logistics, transport and supply chain",logistics,logistics,starter_route_suggestions_average,physical safety risk,68,high,27,low,50,medium,76,high,"Qualitative starter-style reality profile derived from linked route structure and research text. Use as a discussion prompt only, not as verified salary, injury-risk or labour-market fact."
za-career-dispensing-optician,Dispensing Optician,"Health, care and social services",care,care,direct_starter_route_profile,stress tolerance,53,medium,52,medium,92,high,62,medium,"Qualitative starter-style reality profile derived from linked route structure and research text. Use as a discussion prompt only, not as verified salary, injury-risk or labour-market fact."
za-career-diver,Diver,"Manufacturing, mining and energy",engineering,trade,stream_default,physical safety risk,78,high,80,high,80,high,84,high,"Qualitative starter-style reality profile derived from linked route structure and research text. Use as a discussion prompt only, not as verified salary, injury-risk or labour-market fact."
za-career-dock-master,Dock Master,"Skilled trades, construction and engineering",practical,trade,stream_default,physical safety risk,74,high,78,high,68,high,80,high,"Qualitative starter-style reality profile derived from linked route structure and research text. Use as a discussion prompt only, not as verified salary, injury-risk or labour-market fact."
za-career-domestic-and-light-commercial-refrigeration-serviceman,Domestic and light commercial refrigeration serviceman,"Skilled trades, construction and engineering",practical,trade,stream_default,physical safety risk,74,high,86,high,68,high,88,high,"Qualitative starter-style reality profile derived from linked route structure and research text. Use as a discussion prompt only, not as verified salary, injury-risk or labour-market fact."
za-career-dozer-operator,Dozer Operator,"Manufacturing, mining and energy",engineering,trade,starter_route_suggestions_average,earning upside,88,high,35,low,82,high,84,high,"Qualitative starter-style reality profile derived from linked route structure and research text. Use as a discussion prompt only, not as verified salary, injury-risk or labour-market fact."
za-career-dragline-operator,Dragline Operator,"Manufacturing, mining and energy",engineering,trade,starter_route_suggestions_average,earning upside,88,high,35,low,82,high,84,high,"Qualitative starter-style reality profile derived from linked route structure and research text. Use as a discussion prompt only, not as verified salary, injury-risk or labour-market fact."
za-career-drainage-sewerage-and-storm-water-worker,"Drainage, Sewerage and Storm Water Worker","Agriculture, food and environment",agri,vocational,stream_default,travel or movement,62,medium,80,high,74,high,72,high,"Qualitative starter-style reality profile derived from linked route structure and research text. Use as a discussion prompt only, not as verified salary, injury-risk or labour-market fact."
za-career-drama-therapist,Drama Therapist,"Arts, culture, heritage and society",creative,portfolio,direct_starter_route_profile,earning upside,88,high,35,low,76,high,42,low,"Qualitative starter-style reality profile derived from linked route structure and research text. Use as a discussion prompt only, not as verified salary, injury-risk or labour-market fact."
za-career-draughtsperson,Draughtsperson,"Skilled trades, construction and engineering",practical,trade,direct_starter_route_profile,earning upside,88,high,80,high,50,medium,76,high,"Qualitative starter-style reality profile derived from linked route structure and research text. Use as a discussion prompt only, not as verified salary, injury-risk or labour-market fact."
za-career-dried-dairy-products-maker,Dried Dairy Products Maker,"Agriculture, food and environment",agri,vocational,stream_default,travel or movement,62,medium,88,high,64,medium,80,high,"Qualitative starter-style reality profile derived from linked route structure and research text. Use as a discussion prompt only, not as verified salary, injury-risk or labour-market fact."
za-career-driller,Driller,"Skilled trades, construction and engineering",practical,trade,stream_default,physical safety risk,74,high,78,high,68,high,80,high,"Qualitative starter-style reality profile derived from linked route structure and research text. Use as a discussion prompt only, not as verified salary, injury-risk or labour-market fact."
za-career-driller-s-assistant,Driller’s Assistant,"Skilled trades, construction and engineering",practical,trade,stream_default,physical safety risk,74,high,78,high,78,high,80,high,"Qualitative starter-style reality profile derived from linked route structure and research text. Use as a discussion prompt only, not as verified salary, injury-risk or labour-market fact."
za-career-driving-instructor,Driving Instructor,"Education, training and youth development",education,education,starter_route_suggestions_average,earning upside,68,high,27,low,50,medium,34,low,"Qualitative starter-style reality profile derived from linked route structure and research text. Use as a discussion prompt only, not as verified salary, injury-risk or labour-market fact."
za-career-drone-crop-scout,Drone Crop Scout,"Agriculture, food and environment",agri,vocational,stream_default,travel or movement,62,medium,88,high,64,medium,80,high,"Qualitative starter-style reality profile derived from linked route structure and research text. Use as a discussion prompt only, not as verified salary, injury-risk or labour-market fact."
za-career-drone-delivery-coordinator,Drone Delivery Coordinator,"Logistics, transport and supply chain",logistics,logistics,stream_default,travel or movement,63,medium,80,high,62,medium,66,medium,"Qualitative starter-style reality profile derived from linked route structure and research text. Use as a discussion prompt only, not as verified salary, injury-risk or labour-market fact."
za-career-drone-spraying-operator,Drone Spraying Operator,"Agriculture, food and environment",agri,vocational,stream_default,travel or movement,62,medium,88,high,64,medium,80,high,"Qualitative starter-style reality profile derived from linked route structure and research text. Use as a discussion prompt only, not as verified salary, injury-risk or labour-market fact."
za-career-drone-based-environmental-surveyor,Drone-Based Environmental Surveyor,"Manufacturing, mining and energy",engineering,trade,stream_default,physical safety risk,78,high,80,high,70,high,84,high,"Qualitative starter-style reality profile derived from linked route structure and research text. Use as a discussion prompt only, not as verified salary, injury-risk or labour-market fact."
za-career-dry-kiln-operator,Dry Kiln Operator,"Manufacturing, mining and energy",engineering,trade,stream_default,physical safety risk,78,high,88,high,70,high,92,high,"Qualitative starter-style reality profile derived from linked route structure and research text. Use as a discussion prompt only, not as verified salary, injury-risk or labour-market fact."
za-career-dry-mill-operator,Dry Mill Operator,"Manufacturing, mining and energy",engineering,trade,starter_route_suggestions_average,earning upside,88,high,35,low,82,high,84,high,"Qualitative starter-style reality profile derived from linked route structure and research text. Use as a discussion prompt only, not as verified salary, injury-risk or labour-market fact."
za-career-duct-work-installer,Duct Work Installer,"Skilled trades, construction and engineering",practical,trade,stream_default,physical safety risk,74,high,86,high,68,high,88,high,"Qualitative starter-style reality profile derived from linked route structure and research text. Use as a discussion prompt only, not as verified salary, injury-risk or labour-market fact."
za-career-dump-truck-operator,Dump Truck Operator,"Manufacturing, mining and energy",engineering,trade,direct_starter_route_profile,earning upside,88,high,35,low,82,high,84,high,"Qualitative starter-style reality profile derived from linked route structure and research text. Use as a discussion prompt only, not as verified salary, injury-risk or labour-market fact."
za-career-e-commerce-fulfilment-coordinator,E-commerce Fulfilment Coordinator,"Logistics, transport and supply chain",logistics,logistics,stream_default,travel or movement,63,medium,80,high,62,medium,66,medium,"Qualitative starter-style reality profile derived from linked route structure and research text. Use as a discussion prompt only, not as verified salary, injury-risk or labour-market fact."
za-career-e-commerce-operations-specialist,E-commerce Operations Specialist,"Technology, data and AI",tech,mixed,stream_default,earning upside,86,high,32,low,55,medium,17,low,"Qualitative starter-style reality profile derived from linked route structure and research text. Use as a discussion prompt only, not as verified salary, injury-risk or labour-market fact."
za-career-e-waste-operations-controller,E-Waste Operations Controller,"Manufacturing, mining and energy",engineering,trade,starter_route_suggestions_average,earning upside,88,high,27,low,82,high,76,high,"Qualitative starter-style reality profile derived from linked route structure and research text. Use as a discussion prompt only, not as verified salary, injury-risk or labour-market fact."
za-career-early-childhood-development-centre-manager,Early Childhood Development Centre Manager,"Education, training and youth development",education,education,starter_route_suggestions_average,earning upside,68,high,27,low,50,medium,22,low,"Qualitative starter-style reality profile derived from linked route structure and research text. Use as a discussion prompt only, not as verified salary, injury-risk or labour-market fact."
za-career-early-childhood-development-practitioner,Early Childhood Development Practitioner,"Education, training and youth development",education,education,direct_starter_route_profile,earning upside,68,high,27,low,50,medium,22,low,"Qualitative starter-style reality profile derived from linked route structure and research text. Use as a discussion prompt only, not as verified salary, injury-risk or labour-market fact."
za-career-earth-and-soil-scientist,Earth and Soil Scientist,"Science, research and frontier careers",science,science,stream_default,earning upside,80,high,50,medium,72,high,46,medium,"Qualitative starter-style reality profile derived from linked route structure and research text. Use as a discussion prompt only, not as verified salary, injury-risk or labour-market fact."
za-career-earthmoving-plant-operator,Earthmoving Plant Operator (General),"Skilled trades, construction and engineering",practical,trade,direct_starter_route_profile,earning upside,88,high,80,high,60,medium,76,high,"Qualitative starter-style reality profile derived from linked route structure and research text. Use as a discussion prompt only, not as verified salary, injury-risk or labour-market fact."
za-career-earthmoving-worker,Earthmoving Worker,"Skilled trades, construction and engineering",practical,trade,stream_default,physical safety risk,74,high,78,high,78,high,80,high,"Qualitative starter-style reality profile derived from linked route structure and research text. Use as a discussion prompt only, not as verified salary, injury-risk or labour-market fact."
za-career-economic-analyst,Economic Analyst,"Finance, admin and business operations",finance,mixed,starter_route_suggestions_average,earning upside,88,high,27,low,60,medium,34,low,"Qualitative starter-style reality profile derived from linked route structure and research text. Use as a discussion prompt only, not as verified salary, injury-risk or labour-market fact."
za-career-economic-growth-promotion-and-global-relations-manager,"Economic Growth, Promotion and Global Relations Manager","Finance, admin and business operations",finance,mixed,stream_default,earning upside,70,high,32,low,65,medium,26,low,"Qualitative starter-style reality profile derived from linked route structure and research text. Use as a discussion prompt only, not as verified salary, injury-risk or labour-market fact."
za-career-economist,Economist,"Finance, admin and business operations",finance,mixed,direct_starter_route_profile,earning upside,88,high,27,low,50,medium,22,low,"Qualitative starter-style reality profile derived from linked route structure and research text. Use as a discussion prompt only, not as verified salary, injury-risk or labour-market fact."
za-career-editor,Editor,"Creative, media and design",creative,portfolio,direct_starter_route_profile,earning upside,88,high,27,low,76,high,34,low,"Qualitative starter-style reality profile derived from linked route structure and research text. Use as a discussion prompt only, not as verified salary, injury-risk or labour-market fact."
za-career-edm-plunge-operator,EDM Plunge Operator,"Manufacturing, mining and energy",engineering,trade,stream_default,physical safety risk,78,high,88,high,70,high,92,high,"Qualitative starter-style reality profile derived from linked route structure and research text. Use as a discussion prompt only, not as verified salary, injury-risk or labour-market fact."
za-career-edm-wire-operator,EDM Wire Operator,"Manufacturing, mining and energy",engineering,trade,stream_default,physical safety risk,78,high,88,high,70,high,92,high,"Qualitative starter-style reality profile derived from linked route structure and research text. Use as a discussion prompt only, not as verified salary, injury-risk or labour-market fact."
za-career-education-or-training-advisor,Education or Training Advisor,"Education, training and youth development",education,education,stream_default,earning upside,60,medium,46,medium,60,medium,24,low,"Qualitative starter-style reality profile derived from linked route structure and research text. Use as a discussion prompt only, not as verified salary, injury-risk or labour-market fact."
za-career-education-or-training-reviewer,Education or Training Reviewer,"Education, training and youth development",education,education,stream_default,earning upside,60,medium,46,medium,60,medium,24,low,"Qualitative starter-style reality profile derived from linked route structure and research text. Use as a discussion prompt only, not as verified salary, injury-risk or labour-market fact."
za-career-education-subject-head,Education Subject (Department) Head,"Education, training and youth development",education,education,stream_default,stress tolerance,60,medium,38,low,70,high,28,low,"Qualitative starter-style reality profile derived from linked route structure and research text. Use as a discussion prompt only, not as verified salary, injury-risk or labour-market fact."
za-career-educational-psychologist,Educational Psychologist,"Education, training and youth development",education,education,direct_starter_route_profile,earning upside,68,high,27,low,60,medium,34,low,"Qualitative starter-style reality profile derived from linked route structure and research text. Use as a discussion prompt only, not as verified salary, injury-risk or labour-market fact."
za-career-educational-registrar,Educational Registrar,"Education, training and youth development",education,education,starter_route_suggestions_average,earning upside,68,high,35,low,50,medium,30,low,"Qualitative starter-style reality profile derived from linked route structure and research text. Use as a discussion prompt only, not as verified salary, injury-risk or labour-market fact."
za-career-educational-technology-specialist,Educational Technology Specialist,"Education, training and youth development",education,education,stream_default,earning upside,60,medium,38,low,60,medium,16,low,"Qualitative starter-style reality profile derived from linked route structure and research text. Use as a discussion prompt only, not as verified salary, injury-risk or labour-market fact."
za-career-electric-vehicle-technician,Electric Vehicle Technician,"Manufacturing, mining and energy",engineering,trade,stream_default,physical safety risk,78,high,80,high,70,high,84,high,"Qualitative starter-style reality profile derived from linked route structure and research text. Use as a discussion prompt only, not as verified salary, injury-risk or labour-market fact."
za-career-electrical-and-electronic-equipment-assembler,Electrical and Electronic Equipment Assembler,"Manufacturing, mining and energy",engineering,trade,stream_default,physical safety risk,78,high,80,high,80,high,84,high,"Qualitative starter-style reality profile derived from linked route structure and research text. Use as a discussion prompt only, not as verified salary, injury-risk or labour-market fact."
za-career-electrical-engineer,Electrical Engineer,"Skilled trades, construction and engineering",practical,trade,direct_starter_route_profile,earning upside,88,high,80,high,60,medium,76,high,"Qualitative starter-style reality profile derived from linked route structure and research text. Use as a discussion prompt only, not as verified salary, injury-risk or labour-market fact."
za-career-electrical-engineering-technician,Electrical Engineering Technician,"Skilled trades, construction and engineering",practical,trade,direct_starter_route_profile,earning upside,88,high,80,high,60,medium,76,high,"Qualitative starter-style reality profile derived from linked route structure and research text. Use as a discussion prompt only, not as verified salary, injury-risk or labour-market fact."
za-career-electrical-engineering-technologist,Electrical Engineering Technologist,"Skilled trades, construction and engineering",practical,trade,starter_route_suggestions_average,earning upside,88,high,80,high,60,medium,76,high,"Qualitative starter-style reality profile derived from linked route structure and research text. Use as a discussion prompt only, not as verified salary, injury-risk or labour-market fact."
za-career-electrical-equipment-mechanic,Electrical Equipment Mechanic,"Skilled trades, construction and engineering",practical,trade,stream_default,physical safety risk,74,high,78,high,78,high,80,high,"Qualitative starter-style reality profile derived from linked route structure and research text. Use as a discussion prompt only, not as verified salary, injury-risk or labour-market fact."
za-career-electrical-installation-inspector,Electrical Installation Inspector,"Skilled trades, construction and engineering",practical,trade,stream_default,physical safety risk,74,high,86,high,68,high,88,high,"Qualitative starter-style reality profile derived from linked route structure and research text. Use as a discussion prompt only, not as verified salary, injury-risk or labour-market fact."
za-career-electrical-line-mechanic,Electrical Line Mechanic,"Skilled trades, construction and engineering",practical,trade,stream_default,physical safety risk,74,high,86,high,68,high,88,high,"Qualitative starter-style reality profile derived from linked route structure and research text. Use as a discussion prompt only, not as verified salary, injury-risk or labour-market fact."
za-career-electrical-line-mechanic-overhead-lines,Electrical Line Mechanic: Overhead Lines,"Skilled trades, construction and engineering",practical,trade,stream_default,physical safety risk,74,high,86,high,68,high,88,high,"Qualitative starter-style reality profile derived from linked route structure and research text. Use as a discussion prompt only, not as verified salary, injury-risk or labour-market fact."
za-career-electrical-or-telecommunications-trades-assistant,Electrical or Telecommunications Trades Assistant,"Skilled trades, construction and engineering",practical,trade,stream_default,physical safety risk,74,high,78,high,78,high,80,high,"Qualitative starter-style reality profile derived from linked route structure and research text. Use as a discussion prompt only, not as verified salary, injury-risk or labour-market fact."
za-career-electrical-substation-operations-technician,Electrical Substation Operations Technician (Power System Controller),"Skilled trades, construction and engineering",practical,trade,starter_route_suggestions_average,earning upside,88,high,88,high,50,medium,84,high,"Qualitative starter-style reality profile derived from linked route structure and research text. Use as a discussion prompt only, not as verified salary, injury-risk or labour-market fact."
za-career-electrician,Electrician,"Skilled trades, construction and engineering",practical,trade,direct_starter_route_profile,earning upside,88,high,88,high,60,medium,84,high,"Qualitative starter-style reality profile derived from linked route structure and research text. Use as a discussion prompt only, not as verified salary, injury-risk or labour-market fact."
za-career-electricity-infrastructure-industry-transformation-expert,Electricity Infrastructure Industry Transformation (IPP) Expert,"Finance, admin and business operations",finance,mixed,stream_default,earning upside,70,high,32,low,65,medium,26,low,"Qualitative starter-style reality profile derived from linked route structure and research text. Use as a discussion prompt only, not as verified salary, injury-risk or labour-market fact."
za-career-electro-cardiogram-assistant,Electro-Cardiogram Assistant,"Law, public service and public safety",public,public,stream_default,stress tolerance,66,medium,62,medium,86,high,70,high,"Qualitative starter-style reality profile derived from linked route structure and research text. Use as a discussion prompt only, not as verified salary, injury-risk or labour-market fact."
za-career-electroencephalographic-technician,Electroencephalographic Technician,"Skilled trades, construction and engineering",practical,trade,starter_route_suggestions_average,earning upside,88,high,80,high,60,medium,76,high,"Qualitative starter-style reality profile derived from linked route structure and research text. Use as a discussion prompt only, not as verified salary, injury-risk or labour-market fact."
za-career-electrolyser-technician,Electrolyser Technician,"Manufacturing, mining and energy",engineering,trade,starter_route_suggestions_average,earning upside,88,high,27,low,82,high,76,high,"Qualitative starter-style reality profile derived from linked route structure and research text. Use as a discussion prompt only, not as verified salary, injury-risk or labour-market fact."
za-career-electron-pre-press-screen-technician,Electron Pre-press Screen Technician,"Skilled trades, construction and engineering",practical,trade,stream_default,physical safety risk,74,high,78,high,68,high,80,high,"Qualitative starter-style reality profile derived from linked route structure and research text. Use as a discussion prompt only, not as verified salary, injury-risk or labour-market fact."
za-career-electronic-engineering-technician,Electronic Engineering Technician,"Skilled trades, construction and engineering",practical,trade,starter_route_suggestions_average,earning upside,88,high,80,high,60,medium,76,high,"Qualitative starter-style reality profile derived from linked route structure and research text. Use as a discussion prompt only, not as verified salary, injury-risk or labour-market fact."
za-career-electronic-equipment-mechanician,Electronic Equipment Mechanician,"Skilled trades, construction and engineering",practical,trade,stream_default,physical safety risk,74,high,86,high,68,high,88,high,"Qualitative starter-style reality profile derived from linked route structure and research text. Use as a discussion prompt only, not as verified salary, injury-risk or labour-market fact."
za-career-electronic-health-records-administrator,Electronic Health Records Administrator,"Health, care and social services",care,care,stream_default,stress tolerance,66,medium,54,medium,80,high,48,medium,"Qualitative starter-style reality profile derived from linked route structure and research text. Use as a discussion prompt only, not as verified salary, injury-risk or labour-market fact."
za-career-electronic-originator,Electronic Originator,"Skilled trades, construction and engineering",practical,trade,stream_default,physical safety risk,74,high,78,high,78,high,80,high,"Qualitative starter-style reality profile derived from linked route structure and research text. Use as a discussion prompt only, not as verified salary, injury-risk or labour-market fact."
za-career-electronic-pre-press,Electronic Pre-press,"Skilled trades, construction and engineering",practical,trade,stream_default,physical safety risk,74,high,78,high,78,high,80,high,"Qualitative starter-style reality profile derived from linked route structure and research text. Use as a discussion prompt only, not as verified salary, injury-risk or labour-market fact."
za-career-electronic-pre-press-gravure-cylinder-engraver,Electronic Pre-press Gravure Cylinder Engraver,"Skilled trades, construction and engineering",practical,trade,stream_default,physical safety risk,74,high,78,high,68,high,80,high,"Qualitative starter-style reality profile derived from linked route structure and research text. Use as a discussion prompt only, not as verified salary, injury-risk or labour-market fact."
za-career-electronic-pre-press-gravure-technician,Electronic Pre-press Gravure Technician,"Skilled trades, construction and engineering",practical,trade,stream_default,physical safety risk,74,high,78,high,68,high,80,high,"Qualitative starter-style reality profile derived from linked route structure and research text. Use as a discussion prompt only, not as verified salary, injury-risk or labour-market fact."
za-career-electronic-pre-press-screen-maker,Electronic Pre-press Screen-Maker,"Skilled trades, construction and engineering",practical,trade,stream_default,physical safety risk,74,high,78,high,68,high,80,high,"Qualitative starter-style reality profile derived from linked route structure and research text. Use as a discussion prompt only, not as verified salary, injury-risk or labour-market fact."
za-career-electronics-and-telecommunications-trades-assistant,Electronics and Telecommunications Trades Assistant,"Skilled trades, construction and engineering",practical,trade,stream_default,physical safety risk,74,high,78,high,78,high,80,high,"Qualitative starter-style reality profile derived from linked route structure and research text. Use as a discussion prompt only, not as verified salary, injury-risk or labour-market fact."
za-career-electronics-engineer,Electronics Engineer,"Technology, data and AI",tech,mixed,direct_starter_route_profile,earning upside,88,high,27,low,60,medium,34,low,"Qualitative starter-style reality profile derived from linked route structure and research text. Use as a discussion prompt only, not as verified salary, injury-risk or labour-market fact."
za-career-electroplater,Electroplater,"Skilled trades, construction and engineering",practical,trade,stream_default,physical safety risk,74,high,78,high,68,high,80,high,"Qualitative starter-style reality profile derived from linked route structure and research text. Use as a discussion prompt only, not as verified salary, injury-risk or labour-market fact."
za-career-electrotherapist,Electrotherapist,"Health, care and social services",care,care,stream_default,stress tolerance,66,medium,62,medium,90,high,68,high,"Qualitative starter-style reality profile derived from linked route structure and research text. Use as a discussion prompt only, not as verified salary, injury-risk or labour-market fact."
za-career-embalmer,Embalmer,"Health, care and social services",care,care,direct_starter_route_profile,stress tolerance,53,medium,52,medium,82,high,62,medium,"Qualitative starter-style reality profile derived from linked route structure and research text. Use as a discussion prompt only, not as verified salary, injury-risk or labour-market fact."
za-career-embalmer-s-assistant,Embalmer's Assistant,"Skilled trades, construction and engineering",practical,trade,stream_default,physical safety risk,74,high,78,high,68,high,80,high,"Qualitative starter-style reality profile derived from linked route structure and research text. Use as a discussion prompt only, not as verified salary, injury-risk or labour-market fact."
za-career-emergency-care-technician,Emergency Care Technician,"Health, care and social services",care,care,direct_starter_route_profile,stress tolerance,53,medium,60,medium,92,high,70,high,"Qualitative starter-style reality profile derived from linked route structure and research text. Use as a discussion prompt only, not as verified salary, injury-risk or labour-market fact."
za-career-emergency-medicine-specialist,Emergency Medicine Specialist,"Health, care and social services",care,care,stream_default,stress tolerance,66,medium,62,medium,90,high,68,high,"Qualitative starter-style reality profile derived from linked route structure and research text. Use as a discussion prompt only, not as verified salary, injury-risk or labour-market fact."
za-career-emergency-operations-centre-coordinator,Emergency Operations Centre Coordinator,"Health, care and social services",care,care,stream_default,stress tolerance,66,medium,54,medium,90,high,60,medium,"Qualitative starter-style reality profile derived from linked route structure and research text. Use as a discussion prompt only, not as verified salary, injury-risk or labour-market fact."
za-career-emergency-service-and-rescue-official,Emergency Service and Rescue Official (Mines Rescue Services Worker),"Health, care and social services",care,care,starter_route_suggestions_average,stress tolerance,53,medium,60,medium,92,high,70,high,"Qualitative starter-style reality profile derived from linked route structure and research text. Use as a discussion prompt only, not as verified salary, injury-risk or labour-market fact."
za-career-emergency-service-and-rescue-worker,Emergency Service and Rescue Worker,"Law, public service and public safety",public,public,stream_default,stress tolerance,66,medium,62,medium,86,high,70,high,"Qualitative starter-style reality profile derived from linked route structure and research text. Use as a discussion prompt only, not as verified salary, injury-risk or labour-market fact."
za-career-emotional-freedom-techniques-tapping-practitioner,Emotional Freedom Techniques (EFT) Tapping Practitioner,"Skilled trades, construction and engineering",practical,trade,stream_default,physical safety risk,74,high,78,high,68,high,80,high,"Qualitative starter-style reality profile derived from linked route structure and research text. Use as a discussion prompt only, not as verified salary, injury-risk or labour-market fact."
za-career-employee-and-pension-fund-benefit-adviser,Employee and Pension Fund Benefit Adviser,"Technology, data and AI",tech,mixed,stream_default,earning upside,86,high,32,low,55,medium,17,low,"Qualitative starter-style reality profile derived from linked route structure and research text. Use as a discussion prompt only, not as verified salary, injury-risk or labour-market fact."
za-career-employee-wellness-practitioner,Employee Wellness Practitioner,"Finance, admin and business operations",finance,mixed,stream_default,earning upside,70,high,32,low,65,medium,26,low,"Qualitative starter-style reality profile derived from linked route structure and research text. Use as a discussion prompt only, not as verified salary, injury-risk or labour-market fact."
za-career-energy-efficiency-auditor,Energy Efficiency Auditor,"Manufacturing, mining and energy",engineering,trade,stream_default,physical safety risk,78,high,80,high,70,high,84,high,"Qualitative starter-style reality profile derived from linked route structure and research text. Use as a discussion prompt only, not as verified salary, injury-risk or labour-market fact."
za-career-energy-efficiency-technician,Energy Efficiency Technician,"Manufacturing, mining and energy",engineering,trade,starter_route_suggestions_average,earning upside,88,high,27,low,82,high,76,high,"Qualitative starter-style reality profile derived from linked route structure and research text. Use as a discussion prompt only, not as verified salary, injury-risk or labour-market fact."
za-career-energy-engineer,Energy Engineer,"Skilled trades, construction and engineering",practical,trade,starter_route_suggestions_average,earning upside,88,high,80,high,60,medium,76,high,"Qualitative starter-style reality profile derived from linked route structure and research text. Use as a discussion prompt only, not as verified salary, injury-risk or labour-market fact."
za-career-energy-engineering-technologist,Energy Engineering Technologist,"Manufacturing, mining and energy",engineering,trade,starter_route_suggestions_average,stress tolerance,88,high,27,low,92,high,76,high,"Qualitative starter-style reality profile derived from linked route structure and research text. Use as a discussion prompt only, not as verified salary, injury-risk or labour-market fact."
za-career-energy-kinesiology-practitioner,Energy Kinesiology Practitioner,"Manufacturing, mining and energy",engineering,trade,stream_default,physical safety risk,78,high,80,high,70,high,84,high,"Qualitative starter-style reality profile derived from linked route structure and research text. Use as a discussion prompt only, not as verified salary, injury-risk or labour-market fact."
za-career-energy-officer,Energy Officer,"Manufacturing, mining and energy",engineering,trade,starter_route_suggestions_average,stress tolerance,88,high,27,low,92,high,76,high,"Qualitative starter-style reality profile derived from linked route structure and research text. Use as a discussion prompt only, not as verified salary, injury-risk or labour-market fact."
za-career-energy-performance-certificate-assessor,Energy Performance Certificate Assessor,"Manufacturing, mining and energy",engineering,trade,stream_default,physical safety risk,78,high,80,high,70,high,84,high,"Qualitative starter-style reality profile derived from linked route structure and research text. Use as a discussion prompt only, not as verified salary, injury-risk or labour-market fact."
za-career-energy-trader,Energy Trader,"Informal, entrepreneurship and community economy",entrepreneur,entrepreneur,starter_route_suggestions_average,earning upside,88,high,27,low,66,medium,76,high,"Qualitative starter-style reality profile derived from linked route structure and research text. Use as a discussion prompt only, not as verified salary, injury-risk or labour-market fact."
za-career-enforcement-and-compliance-manager,Enforcement and Compliance Manager,"Law, public service and public safety",public,public,stream_default,stress tolerance,66,medium,54,medium,86,high,62,medium,"Qualitative starter-style reality profile derived from linked route structure and research text. Use as a discussion prompt only, not as verified salary, injury-risk or labour-market fact."
za-career-engine-able-seafarer,Engine Able Seafarer,"Skilled trades, construction and engineering",practical,trade,stream_default,physical safety risk,74,high,78,high,68,high,80,high,"Qualitative starter-style reality profile derived from linked route structure and research text. Use as a discussion prompt only, not as verified salary, injury-risk or labour-market fact."
za-career-engine-management-and-fuel-injection-nqf-level-systems-mechanic-4-104461-occupational-certificate-engine-workshop-maintenance-mechanic,Engine Management and Fuel Injection NQF Level Systems Mechanic 4 104461 Occupational Certificate Engine Workshop Maintenance Mechanic,"Skilled trades, construction and engineering",practical,trade,starter_route_suggestions_average,earning upside,88,high,80,high,50,medium,76,high,"Qualitative starter-style reality profile derived from linked route structure and research text. Use as a discussion prompt only, not as verified salary, injury-risk or labour-market fact."
za-career-engine-management-and-fuel-injection-systems-assistant,Engine Management and Fuel Injection Systems Assistant,"Technology, data and AI",tech,mixed,starter_route_suggestions_average,earning upside,88,high,27,low,50,medium,22,low,"Qualitative starter-style reality profile derived from linked route structure and research text. Use as a discussion prompt only, not as verified salary, injury-risk or labour-market fact."
za-career-engineering-manager,Engineering Manager,"Management, strategy and leadership",people,mixed,direct_starter_route_profile,physical safety risk,53,medium,27,low,60,medium,76,high,"Qualitative starter-style reality profile derived from linked route structure and research text. Use as a discussion prompt only, not as verified salary, injury-risk or labour-market fact."
za-career-engineering-pattern-patch-and-repairer,Engineering Pattern Patch and Repairer,"Skilled trades, construction and engineering",practical,trade,starter_route_suggestions_average,earning upside,88,high,80,high,50,medium,76,high,"Qualitative starter-style reality profile derived from linked route structure and research text. Use as a discussion prompt only, not as verified salary, injury-risk or labour-market fact."
za-career-engineering-patternmaker,Engineering Patternmaker,"Skilled trades, construction and engineering",practical,trade,direct_starter_route_profile,earning upside,88,high,80,high,50,medium,76,high,"Qualitative starter-style reality profile derived from linked route structure and research text. Use as a discussion prompt only, not as verified salary, injury-risk or labour-market fact."
za-career-engineering-supervisor,Engineering Supervisor,"Skilled trades, construction and engineering",practical,trade,starter_route_suggestions_average,earning upside,88,high,80,high,60,medium,76,high,"Qualitative starter-style reality profile derived from linked route structure and research text. Use as a discussion prompt only, not as verified salary, injury-risk or labour-market fact."
za-career-enquiry-clerk,Enquiry Clerk,"Sales, marketing and customer work",people,mixed,direct_starter_route_profile,physical safety risk,53,medium,27,low,50,medium,64,medium,"Qualitative starter-style reality profile derived from linked route structure and research text. Use as a discussion prompt only, not as verified salary, injury-risk or labour-market fact."
za-career-enrolled-nurse,Enrolled Nurse,"Health, care and social services",care,care,direct_starter_route_profile,stress tolerance,53,medium,60,medium,92,high,58,medium,"Qualitative starter-style reality profile derived from linked route structure and research text. Use as a discussion prompt only, not as verified salary, injury-risk or labour-market fact."
za-career-environmental-and-occupational-health-inspector,Environmental and Occupational Health Inspector,"Health, care and social services",care,care,starter_route_suggestions_average,stress tolerance,53,medium,52,medium,92,high,62,medium,"Qualitative starter-style reality profile derived from linked route structure and research text. Use as a discussion prompt only, not as verified salary, injury-risk or labour-market fact."
za-career-environmental-compliance-officer,Environmental Compliance Officer,"Law, public service and public safety",public,public,stream_default,stress tolerance,66,medium,54,medium,76,high,62,medium,"Qualitative starter-style reality profile derived from linked route structure and research text. Use as a discussion prompt only, not as verified salary, injury-risk or labour-market fact."
za-career-environmental-criminal-enforcement-officer,Environmental Criminal Enforcement Officer,"Manufacturing, mining and energy",engineering,trade,stream_default,physical safety risk,78,high,80,high,80,high,84,high,"Qualitative starter-style reality profile derived from linked route structure and research text. Use as a discussion prompt only, not as verified salary, injury-risk or labour-market fact."
za-career-environmental-enforcement-and-compliance-officer,Environmental Enforcement and Compliance Officer,"Law, public service and public safety",public,public,starter_route_suggestions_average,stress tolerance,68,high,27,low,92,high,76,high,"Qualitative starter-style reality profile derived from linked route structure and research text. Use as a discussion prompt only, not as verified salary, injury-risk or labour-market fact."
za-career-environmental-engineer,Environmental Engineer,"Skilled trades, construction and engineering",practical,trade,starter_route_suggestions_average,earning upside,88,high,80,high,60,medium,76,high,"Qualitative starter-style reality profile derived from linked route structure and research text. Use as a discussion prompt only, not as verified salary, injury-risk or labour-market fact."
za-career-environmental-engineering-technician,Environmental Engineering Technician,"Skilled trades, construction and engineering",practical,trade,starter_route_suggestions_average,earning upside,88,high,80,high,60,medium,76,high,"Qualitative starter-style reality profile derived from linked route structure and research text. Use as a discussion prompt only, not as verified salary, injury-risk or labour-market fact."
za-career-environmental-health-and-safety-officer,Environmental Health and Safety Officer,"Manufacturing, mining and energy",engineering,trade,starter_route_suggestions_average,earning upside,88,high,27,low,82,high,76,high,"Qualitative starter-style reality profile derived from linked route structure and research text. Use as a discussion prompt only, not as verified salary, injury-risk or labour-market fact."
za-career-environmental-health-officer,Environmental Health Officer,"Health, care and social services",care,care,direct_starter_route_profile,stress tolerance,53,medium,52,medium,82,high,50,medium,"Qualitative starter-style reality profile derived from linked route structure and research text. Use as a discussion prompt only, not as verified salary, injury-risk or labour-market fact."
za-career-environmental-impact-and-restoration-analyst,Environmental Impact and Restoration Analyst,"Manufacturing, mining and energy",engineering,trade,stream_default,travel or movement,78,high,80,high,70,high,72,high,"Qualitative starter-style reality profile derived from linked route structure and research text. Use as a discussion prompt only, not as verified salary, injury-risk or labour-market fact."
za-career-environmental-impact-assessment-practitioner,Environmental Impact Assessment Practitioner,"Manufacturing, mining and energy",engineering,trade,stream_default,physical safety risk,78,high,80,high,70,high,84,high,"Qualitative starter-style reality profile derived from linked route structure and research text. Use as a discussion prompt only, not as verified salary, injury-risk or labour-market fact."
za-career-environmental-manager,Environmental Manager,"Agriculture, food and environment",agri,vocational,direct_starter_route_profile,travel or movement,53,medium,80,high,66,medium,64,medium,"Qualitative starter-style reality profile derived from linked route structure and research text. Use as a discussion prompt only, not as verified salary, injury-risk or labour-market fact."
za-career-environmental-practices-inspector,Environmental Practices Inspector,"Agriculture, food and environment",agri,vocational,stream_default,travel or movement,62,medium,80,high,74,high,72,high,"Qualitative starter-style reality profile derived from linked route structure and research text. Use as a discussion prompt only, not as verified salary, injury-risk or labour-market fact."
za-career-environmental-science-technician,Environmental Science Technician,"Manufacturing, mining and energy",engineering,trade,stream_default,physical safety risk,78,high,80,high,70,high,84,high,"Qualitative starter-style reality profile derived from linked route structure and research text. Use as a discussion prompt only, not as verified salary, injury-risk or labour-market fact."
za-career-environmental-scientist,Environmental Scientist,"Science, research and frontier careers",science,science,direct_starter_route_profile,earning upside,88,high,80,high,50,medium,64,medium,"Qualitative starter-style reality profile derived from linked route structure and research text. Use as a discussion prompt only, not as verified salary, injury-risk or labour-market fact."
za-career-epidemiological-surveillance-officer,Epidemiological Surveillance Officer,"Health, care and social services",care,care,stream_default,stress tolerance,66,medium,54,medium,80,high,48,medium,"Qualitative starter-style reality profile derived from linked route structure and research text. Use as a discussion prompt only, not as verified salary, injury-risk or labour-market fact."
za-career-equestrian-coach-or-instructor-level-1,Equestrian Coach or Instructor Level 1,"Education, training and youth development",education,education,stream_default,earning upside,60,medium,38,low,60,medium,28,low,"Qualitative starter-style reality profile derived from linked route structure and research text. Use as a discussion prompt only, not as verified salary, injury-risk or labour-market fact."
za-career-equestrian-coach-or-instructor-level-2,Equestrian Coach or Instructor Level 2,"Education, training and youth development",education,education,stream_default,earning upside,60,medium,38,low,60,medium,28,low,"Qualitative starter-style reality profile derived from linked route structure and research text. Use as a discussion prompt only, not as verified salary, injury-risk or labour-market fact."
za-career-equestrian-coach-or-instructor-level-3,Equestrian Coach or Instructor Level 3,"Education, training and youth development",education,education,stream_default,earning upside,60,medium,38,low,60,medium,28,low,"Qualitative starter-style reality profile derived from linked route structure and research text. Use as a discussion prompt only, not as verified salary, injury-risk or labour-market fact."
za-career-erp-functional-consultant,ERP Functional Consultant,"Technology, data and AI",tech,mixed,starter_route_suggestions_average,earning upside,88,high,27,low,50,medium,22,low,"Qualitative starter-style reality profile derived from linked route structure and research text. Use as a discussion prompt only, not as verified salary, injury-risk or labour-market fact."
za-career-esg-data-analyst,ESG Data Analyst,"Technology, data and AI",tech,mixed,starter_route_suggestions_average,earning upside,88,high,27,low,50,medium,34,low,"Qualitative starter-style reality profile derived from linked route structure and research text. Use as a discussion prompt only, not as verified salary, injury-risk or labour-market fact."
za-career-estate-controller,Estate Controller,"Finance, admin and business operations",finance,mixed,starter_route_suggestions_average,earning upside,88,high,27,low,60,medium,34,low,"Qualitative starter-style reality profile derived from linked route structure and research text. Use as a discussion prompt only, not as verified salary, injury-risk or labour-market fact."
za-career-ethics-officer,Ethics Officer,"Finance, admin and business operations",finance,mixed,starter_route_suggestions_average,earning upside,88,high,27,low,60,medium,34,low,"Qualitative starter-style reality profile derived from linked route structure and research text. Use as a discussion prompt only, not as verified salary, injury-risk or labour-market fact."
za-career-ev-battery-technician,EV Battery Technician,"Manufacturing, mining and energy",engineering,trade,starter_route_suggestions_average,earning upside,88,high,27,low,82,high,76,high,"Qualitative starter-style reality profile derived from linked route structure and research text. Use as a discussion prompt only, not as verified salary, injury-risk or labour-market fact."
za-career-ev-charging-infrastructure-installer,EV Charging Infrastructure Installer,"Manufacturing, mining and energy",engineering,trade,stream_default,physical safety risk,78,high,80,high,70,high,84,high,"Qualitative starter-style reality profile derived from linked route structure and research text. Use as a discussion prompt only, not as verified salary, injury-risk or labour-market fact."
za-career-evaporative-cooling-systems-installer,Evaporative Cooling Systems Installer,"Technology, data and AI",tech,mixed,stream_default,earning upside,86,high,32,low,55,medium,29,low,"Qualitative starter-style reality profile derived from linked route structure and research text. Use as a discussion prompt only, not as verified salary, injury-risk or labour-market fact."
za-career-events-manager,Events Manager,"Finance, admin and business operations",finance,mixed,starter_route_suggestions_average,earning upside,88,high,27,low,50,medium,22,low,"Qualitative starter-style reality profile derived from linked route structure and research text. Use as a discussion prompt only, not as verified salary, injury-risk or labour-market fact."
za-career-examination-supervisor,Examination Supervisor,"Finance, admin and business operations",finance,mixed,starter_route_suggestions_average,earning upside,88,high,27,low,50,medium,22,low,"Qualitative starter-style reality profile derived from linked route structure and research text. Use as a discussion prompt only, not as verified salary, injury-risk or labour-market fact."
za-career-excavator-operator,Excavator Operator,"Manufacturing, mining and energy",engineering,trade,direct_starter_route_profile,earning upside,88,high,35,low,82,high,84,high,"Qualitative starter-style reality profile derived from linked route structure and research text. Use as a discussion prompt only, not as verified salary, injury-risk or labour-market fact."
za-career-explosive-ordnance-engineer,Explosive Ordnance Engineer,"Skilled trades, construction and engineering",practical,trade,stream_default,physical safety risk,74,high,78,high,78,high,80,high,"Qualitative starter-style reality profile derived from linked route structure and research text. Use as a discussion prompt only, not as verified salary, injury-risk or labour-market fact."
za-career-explosives-and-dangerous-goods-inspector,Explosives and Dangerous Goods Inspector,"Finance, admin and business operations",finance,mixed,stream_default,earning upside,70,high,32,low,65,medium,26,low,"Qualitative starter-style reality profile derived from linked route structure and research text. Use as a discussion prompt only, not as verified salary, injury-risk or labour-market fact."
za-career-external-auditor,External Auditor,"Finance, admin and business operations",finance,mixed,starter_route_suggestions_average,earning upside,88,high,27,low,50,medium,22,low,"Qualitative starter-style reality profile derived from linked route structure and research text. Use as a discussion prompt only, not as verified salary, injury-risk or labour-market fact."
za-career-extrusion-machine-setter,Extrusion Machine Setter,"Manufacturing, mining and energy",engineering,trade,stream_default,physical safety risk,78,high,88,high,70,high,92,high,"Qualitative starter-style reality profile derived from linked route structure and research text. Use as a discussion prompt only, not as verified salary, injury-risk or labour-market fact."
za-career-fabricated-glazing-solution-installer,Fabricated Glazing Solution Installer,"Skilled trades, construction and engineering",practical,trade,stream_default,physical safety risk,74,high,86,high,68,high,88,high,"Qualitative starter-style reality profile derived from linked route structure and research text. Use as a discussion prompt only, not as verified salary, injury-risk or labour-market fact."
za-career-face-shovel-operator,Face Shovel Operator,"Manufacturing, mining and energy",engineering,trade,stream_default,physical safety risk,78,high,88,high,70,high,92,high,"Qualitative starter-style reality profile derived from linked route structure and research text. Use as a discussion prompt only, not as verified salary, injury-risk or labour-market fact."
za-career-facilities-manager,Facilities Manager,"Finance, admin and business operations",finance,mixed,starter_route_suggestions_average,earning upside,88,high,27,low,50,medium,22,low,"Qualitative starter-style reality profile derived from linked route structure and research text. Use as a discussion prompt only, not as verified salary, injury-risk or labour-market fact."
za-career-faculty-head,Faculty Head,"Management, strategy and leadership",people,mixed,direct_starter_route_profile,physical safety risk,53,medium,27,low,50,medium,64,medium,"Qualitative starter-style reality profile derived from linked route structure and research text. Use as a discussion prompt only, not as verified salary, injury-risk or labour-market fact."
za-career-family-advocate,Family Advocate,"Law, public service and public safety",public,public,starter_route_suggestions_average,stress tolerance,68,high,27,low,92,high,76,high,"Qualitative starter-style reality profile derived from linked route structure and research text. Use as a discussion prompt only, not as verified salary, injury-risk or labour-market fact."
za-career-family-court-registrar,Family Court Registrar,"Law, public service and public safety",public,public,stream_default,stress tolerance,66,medium,54,medium,86,high,62,medium,"Qualitative starter-style reality profile derived from linked route structure and research text. Use as a discussion prompt only, not as verified salary, injury-risk or labour-market fact."
za-career-family-day-care-worker,Family Day Care Worker,"Health, care and social services",care,care,starter_route_suggestions_average,stress tolerance,53,medium,52,medium,92,high,62,medium,"Qualitative starter-style reality profile derived from linked route structure and research text. Use as a discussion prompt only, not as verified salary, injury-risk or labour-market fact."
za-career-family-law-practitioner,Family Law Practitioner,"Law, public service and public safety",public,public,stream_default,stress tolerance,66,medium,54,medium,76,high,62,medium,"Qualitative starter-style reality profile derived from linked route structure and research text. Use as a discussion prompt only, not as verified salary, injury-risk or labour-market fact."
za-career-farm-aid,Farm Aid,"Agriculture, food and environment",agri,vocational,starter_route_suggestions_average,travel or movement,53,medium,80,high,76,high,76,high,"Qualitative starter-style reality profile derived from linked route structure and research text. Use as a discussion prompt only, not as verified salary, injury-risk or labour-market fact."
za-career-farm-data-analyst,Farm Data Analyst,"Technology, data and AI",tech,mixed,starter_route_suggestions_average,earning upside,88,high,35,low,50,medium,42,low,"Qualitative starter-style reality profile derived from linked route structure and research text. Use as a discussion prompt only, not as verified salary, injury-risk or labour-market fact."
za-career-farm-mechanisation-technician,Farm Mechanisation Technician,"Agriculture, food and environment",agri,vocational,stream_default,travel or movement,62,medium,88,high,64,medium,80,high,"Qualitative starter-style reality profile derived from linked route structure and research text. Use as a discussion prompt only, not as verified salary, injury-risk or labour-market fact."
za-career-fashion-designer,Fashion Designer,"Informal, entrepreneurship and community economy",entrepreneur,entrepreneur,direct_starter_route_profile,earning upside,88,high,27,low,66,medium,64,medium,"Qualitative starter-style reality profile derived from linked route structure and research text. Use as a discussion prompt only, not as verified salary, injury-risk or labour-market fact."
za-career-feed-miller,Feed Miller,"Manufacturing, mining and energy",engineering,trade,stream_default,physical safety risk,78,high,88,high,70,high,92,high,"Qualitative starter-style reality profile derived from linked route structure and research text. Use as a discussion prompt only, not as verified salary, injury-risk or labour-market fact."
za-career-fermented-dairy-products-maker,Fermented Dairy Products Maker,"Agriculture, food and environment",agri,vocational,stream_default,travel or movement,62,medium,88,high,64,medium,80,high,"Qualitative starter-style reality profile derived from linked route structure and research text. Use as a discussion prompt only, not as verified salary, injury-risk or labour-market fact."
za-career-fet-phase-school-teacher,FET Phase School Teacher (Grades 10-12),"Education, training and youth development",education,education,starter_route_suggestions_average,earning upside,68,high,27,low,60,medium,22,low,"Qualitative starter-style reality profile derived from linked route structure and research text. Use as a discussion prompt only, not as verified salary, injury-risk or labour-market fact."
za-career-fibrous-plasterer,Fibrous Plasterer,"Skilled trades, construction and engineering",practical,trade,starter_route_suggestions_average,earning upside,88,high,80,high,60,medium,76,high,"Qualitative starter-style reality profile derived from linked route structure and research text. Use as a discussion prompt only, not as verified salary, injury-risk or labour-market fact."
za-career-filing-or-registry-clerk,Filing or Registry Clerk,"Skilled trades, construction and engineering",practical,trade,stream_default,physical safety risk,74,high,78,high,68,high,80,high,"Qualitative starter-style reality profile derived from linked route structure and research text. Use as a discussion prompt only, not as verified salary, injury-risk or labour-market fact."
za-career-film-coating-glazing-applicator,Film/Coating Glazing Applicator,"Creative, media and design",creative,portfolio,stream_default,stress tolerance,56,medium,50,medium,64,medium,28,low,"Qualitative starter-style reality profile derived from linked route structure and research text. Use as a discussion prompt only, not as verified salary, injury-risk or labour-market fact."
za-career-finance-clerk,Finance clerk,"Finance, admin and business operations",finance,mixed,direct_starter_route_profile,earning upside,88,high,27,low,60,medium,34,low,"Qualitative starter-style reality profile derived from linked route structure and research text. Use as a discussion prompt only, not as verified salary, injury-risk or labour-market fact."
za-career-finance-manager,Finance Manager,"Finance, admin and business operations",finance,mixed,direct_starter_route_profile,earning upside,88,high,27,low,50,medium,22,low,"Qualitative starter-style reality profile derived from linked route structure and research text. Use as a discussion prompt only, not as verified salary, injury-risk or labour-market fact."
za-career-financial-accountant,Financial Accountant,"Finance, admin and business operations",finance,mixed,starter_route_suggestions_average,earning upside,88,high,27,low,50,medium,22,low,"Qualitative starter-style reality profile derived from linked route structure and research text. Use as a discussion prompt only, not as verified salary, injury-risk or labour-market fact."
za-career-financial-advisor,Financial Advisor,"Finance, admin and business operations",finance,mixed,direct_starter_route_profile,earning upside,88,high,27,low,50,medium,34,low,"Qualitative starter-style reality profile derived from linked route structure and research text. Use as a discussion prompt only, not as verified salary, injury-risk or labour-market fact."
za-career-financial-investment-advisor,Financial Investment Advisor,"Finance, admin and business operations",finance,mixed,starter_route_suggestions_average,earning upside,88,high,27,low,50,medium,22,low,"Qualitative starter-style reality profile derived from linked route structure and research text. Use as a discussion prompt only, not as verified salary, injury-risk or labour-market fact."
za-career-financial-markets-practitioner,Financial Markets Practitioner,"Finance, admin and business operations",finance,mixed,stream_default,earning upside,70,high,32,low,55,medium,26,low,"Qualitative starter-style reality profile derived from linked route structure and research text. Use as a discussion prompt only, not as verified salary, injury-risk or labour-market fact."
za-career-fintech-engineer,Fintech Engineer,"Skilled trades, construction and engineering",practical,trade,starter_route_suggestions_average,earning upside,88,high,80,high,50,medium,64,medium,"Qualitative starter-style reality profile derived from linked route structure and research text. Use as a discussion prompt only, not as verified salary, injury-risk or labour-market fact."
za-career-fire-fighter,Fire Fighter,"Law, public service and public safety",public,public,starter_route_suggestions_average,stress tolerance,68,high,27,low,82,high,76,high,"Qualitative starter-style reality profile derived from linked route structure and research text. Use as a discussion prompt only, not as verified salary, injury-risk or labour-market fact."
za-career-fire-investigator,Fire Investigator,"Skilled trades, construction and engineering",practical,trade,stream_default,physical safety risk,74,high,78,high,78,high,80,high,"Qualitative starter-style reality profile derived from linked route structure and research text. Use as a discussion prompt only, not as verified salary, injury-risk or labour-market fact."
za-career-firefighter,Firefighter,"Law, public service and public safety",public,public,direct_starter_route_profile,stress tolerance,68,high,27,low,82,high,76,high,"Qualitative starter-style reality profile derived from linked route structure and research text. Use as a discussion prompt only, not as verified salary, injury-risk or labour-market fact."
za-career-first-aid-attendant,First Aid Attendant,"Skilled trades, construction and engineering",practical,trade,stream_default,physical safety risk,74,high,78,high,68,high,80,high,"Qualitative starter-style reality profile derived from linked route structure and research text. Use as a discussion prompt only, not as verified salary, injury-risk or labour-market fact."
za-career-first-line-production-supervisor,First-line Production Supervisor,"Manufacturing, mining and energy",engineering,trade,starter_route_suggestions_average,earning upside,88,high,35,low,82,high,84,high,"Qualitative starter-style reality profile derived from linked route structure and research text. Use as a discussion prompt only, not as verified salary, injury-risk or labour-market fact."
za-career-fishing-hand,Fishing Hand,"Skilled trades, construction and engineering",practical,trade,stream_default,physical safety risk,74,high,78,high,68,high,80,high,"Qualitative starter-style reality profile derived from linked route structure and research text. Use as a discussion prompt only, not as verified salary, injury-risk or labour-market fact."
za-career-fitness-instructor,Fitness Instructor,"Hospitality, tourism, sport and events",hospitality,hospitality,direct_starter_route_profile,earning upside,88,high,80,high,82,high,76,high,"Qualitative starter-style reality profile derived from linked route structure and research text. Use as a discussion prompt only, not as verified salary, injury-risk or labour-market fact."
za-career-fitter-and-turner,Fitter and Turner,"Skilled trades, construction and engineering",practical,trade,direct_starter_route_profile,earning upside,88,high,88,high,50,medium,84,high,"Qualitative starter-style reality profile derived from linked route structure and research text. Use as a discussion prompt only, not as verified salary, injury-risk or labour-market fact."
za-career-fitter-welder,Fitter Welder,"Skilled trades, construction and engineering",practical,trade,starter_route_suggestions_average,earning upside,88,high,80,high,60,medium,76,high,"Qualitative starter-style reality profile derived from linked route structure and research text. Use as a discussion prompt only, not as verified salary, injury-risk or labour-market fact."
za-career-flammable-gas-system-installer,Flammable Gas System Installer,"Technology, data and AI",tech,mixed,stream_default,earning upside,86,high,40,low,55,medium,37,low,"Qualitative starter-style reality profile derived from linked route structure and research text. Use as a discussion prompt only, not as verified salary, injury-risk or labour-market fact."
za-career-fleet-manager,Fleet Manager,"Logistics, transport and supply chain",logistics,logistics,direct_starter_route_profile,physical safety risk,68,high,27,low,50,medium,76,high,"Qualitative starter-style reality profile derived from linked route structure and research text. Use as a discussion prompt only, not as verified salary, injury-risk or labour-market fact."
za-career-fleet-telematics-analyst,Fleet Telematics Analyst,"Logistics, transport and supply chain",logistics,logistics,stream_default,travel or movement,63,medium,80,high,62,medium,66,medium,"Qualitative starter-style reality profile derived from linked route structure and research text. Use as a discussion prompt only, not as verified salary, injury-risk or labour-market fact."
za-career-flight-attendant,Flight Attendant,"Logistics, transport and supply chain",logistics,logistics,direct_starter_route_profile,physical safety risk,68,high,27,low,50,medium,76,high,"Qualitative starter-style reality profile derived from linked route structure and research text. Use as a discussion prompt only, not as verified salary, injury-risk or labour-market fact."
za-career-flight-line-operator,Flight Line Operator,"Manufacturing, mining and energy",engineering,trade,stream_default,physical safety risk,78,high,88,high,70,high,92,high,"Qualitative starter-style reality profile derived from linked route structure and research text. Use as a discussion prompt only, not as verified salary, injury-risk or labour-market fact."
za-career-flood-risk-modeller,Flood Risk Modeller,"Manufacturing, mining and energy",engineering,trade,stream_default,physical safety risk,78,high,80,high,70,high,84,high,"Qualitative starter-style reality profile derived from linked route structure and research text. Use as a discussion prompt only, not as verified salary, injury-risk or labour-market fact."
za-career-flying-instructor,Flying Instructor,"Education, training and youth development",education,education,starter_route_suggestions_average,earning upside,68,high,35,low,50,medium,30,low,"Qualitative starter-style reality profile derived from linked route structure and research text. Use as a discussion prompt only, not as verified salary, injury-risk or labour-market fact."
za-career-folding-machine-operator,Folding Machine Operator,"Manufacturing, mining and energy",engineering,trade,starter_route_suggestions_average,stress tolerance,88,high,27,low,92,high,76,high,"Qualitative starter-style reality profile derived from linked route structure and research text. Use as a discussion prompt only, not as verified salary, injury-risk or labour-market fact."
za-career-food-and-beverage-gas-system-installer,Food and Beverage Gas System Installer,"Technology, data and AI",tech,mixed,stream_default,earning upside,86,high,40,low,55,medium,37,low,"Qualitative starter-style reality profile derived from linked route structure and research text. Use as a discussion prompt only, not as verified salary, injury-risk or labour-market fact."
za-career-food-and-beverage-scientist,Food and Beverage Scientist,"Agriculture, food and environment",agri,vocational,starter_route_suggestions_average,travel or movement,53,medium,80,high,66,medium,76,high,"Qualitative starter-style reality profile derived from linked route structure and research text. Use as a discussion prompt only, not as verified salary, injury-risk or labour-market fact."
za-career-food-and-beverage-technician,Food and Beverage Technician,"Agriculture, food and environment",agri,vocational,stream_default,travel or movement,62,medium,80,high,64,medium,72,high,"Qualitative starter-style reality profile derived from linked route structure and research text. Use as a discussion prompt only, not as verified salary, injury-risk or labour-market fact."
za-career-food-handler,Food Handler,"Agriculture, food and environment",agri,vocational,starter_route_suggestions_average,travel or movement,53,medium,80,high,66,medium,76,high,"Qualitative starter-style reality profile derived from linked route structure and research text. Use as a discussion prompt only, not as verified salary, injury-risk or labour-market fact."
za-career-food-inspector,Food Inspector,"Agriculture, food and environment",agri,vocational,starter_route_suggestions_average,travel or movement,53,medium,80,high,76,high,76,high,"Qualitative starter-style reality profile derived from linked route structure and research text. Use as a discussion prompt only, not as verified salary, injury-risk or labour-market fact."
za-career-food-laboratory-analyst,Food Laboratory Analyst,"Agriculture, food and environment",agri,vocational,stream_default,travel or movement,62,medium,80,high,74,high,72,high,"Qualitative starter-style reality profile derived from linked route structure and research text. Use as a discussion prompt only, not as verified salary, injury-risk or labour-market fact."
za-career-food-safety-auditor,Food Safety Auditor,"Agriculture, food and environment",agri,vocational,direct_starter_route_profile,travel or movement,53,medium,88,high,66,medium,84,high,"Qualitative starter-style reality profile derived from linked route structure and research text. Use as a discussion prompt only, not as verified salary, injury-risk or labour-market fact."
za-career-food-trade-assistant,Food Trade Assistant,"Agriculture, food and environment",agri,vocational,starter_route_suggestions_average,travel or movement,53,medium,80,high,76,high,76,high,"Qualitative starter-style reality profile derived from linked route structure and research text. Use as a discussion prompt only, not as verified salary, injury-risk or labour-market fact."
za-career-footwear-bottomstock-production-machine-operator,Footwear Bottomstock Production Machine Operator,"Manufacturing, mining and energy",engineering,trade,starter_route_suggestions_average,earning upside,88,high,35,low,82,high,84,high,"Qualitative starter-style reality profile derived from linked route structure and research text. Use as a discussion prompt only, not as verified salary, injury-risk or labour-market fact."
za-career-footwear-closing-production-machine-operator,Footwear Closing Production Machine Operator,"Manufacturing, mining and energy",engineering,trade,starter_route_suggestions_average,earning upside,88,high,35,low,82,high,84,high,"Qualitative starter-style reality profile derived from linked route structure and research text. Use as a discussion prompt only, not as verified salary, injury-risk or labour-market fact."
za-career-footwear-cutting-machine-operator,Footwear Cutting Machine Operator,"Manufacturing, mining and energy",engineering,trade,starter_route_suggestions_average,earning upside,88,high,35,low,82,high,84,high,"Qualitative starter-style reality profile derived from linked route structure and research text. Use as a discussion prompt only, not as verified salary, injury-risk or labour-market fact."
za-career-footwear-designer,Footwear Designer,"Creative, media and design",creative,portfolio,starter_route_suggestions_average,earning upside,88,high,27,low,66,medium,34,low,"Qualitative starter-style reality profile derived from linked route structure and research text. Use as a discussion prompt only, not as verified salary, injury-risk or labour-market fact."
za-career-footwear-finishing-production-machine-operator,Footwear Finishing Production Machine Operator,"Manufacturing, mining and energy",engineering,trade,starter_route_suggestions_average,earning upside,88,high,35,low,82,high,84,high,"Qualitative starter-style reality profile derived from linked route structure and research text. Use as a discussion prompt only, not as verified salary, injury-risk or labour-market fact."
za-career-footwear-hand-lacer-and-hand-inter-lacer,Footwear Hand Lacer and Hand Inter-lacer,"Skilled trades, construction and engineering",practical,trade,stream_default,physical safety risk,74,high,78,high,68,high,80,high,"Qualitative starter-style reality profile derived from linked route structure and research text. Use as a discussion prompt only, not as verified salary, injury-risk or labour-market fact."
za-career-footwear-lasting-and-making-production-machine-operator,Footwear Lasting and Making Production Machine Operator,"Manufacturing, mining and energy",engineering,trade,starter_route_suggestions_average,earning upside,88,high,35,low,82,high,84,high,"Qualitative starter-style reality profile derived from linked route structure and research text. Use as a discussion prompt only, not as verified salary, injury-risk or labour-market fact."
za-career-footwear-pattern-grader,Footwear Pattern Grader,"Creative, media and design",creative,portfolio,stream_default,stress tolerance,56,medium,50,medium,64,medium,28,low,"Qualitative starter-style reality profile derived from linked route structure and research text. Use as a discussion prompt only, not as verified salary, injury-risk or labour-market fact."
za-career-footwear-pattern-maker-and-grader,Footwear Pattern Maker and Grader,"Creative, media and design",creative,portfolio,stream_default,stress tolerance,56,medium,50,medium,64,medium,28,low,"Qualitative starter-style reality profile derived from linked route structure and research text. Use as a discussion prompt only, not as verified salary, injury-risk or labour-market fact."
za-career-foreign-exchange-officer,Foreign Exchange Officer,"Skilled trades, construction and engineering",practical,trade,stream_default,physical safety risk,74,high,78,high,68,high,80,high,"Qualitative starter-style reality profile derived from linked route structure and research text. Use as a discussion prompt only, not as verified salary, injury-risk or labour-market fact."
za-career-foreign-language-contact-centre-agent,Foreign Language Contact Centre Agent,"Arts, culture, heritage and society",creative,portfolio,stream_default,earning upside,56,medium,46,medium,56,medium,26,low,"Qualitative starter-style reality profile derived from linked route structure and research text. Use as a discussion prompt only, not as verified salary, injury-risk or labour-market fact."
za-career-forensic-accountant,Forensic Accountant,"Law, public service and public safety",public,public,stream_default,stress tolerance,66,medium,54,medium,76,high,50,medium,"Qualitative starter-style reality profile derived from linked route structure and research text. Use as a discussion prompt only, not as verified salary, injury-risk or labour-market fact."
za-career-forensic-pathologist,Forensic Pathologist,"Health, care and social services",care,care,starter_route_suggestions_average,stress tolerance,53,medium,52,medium,92,high,62,medium,"Qualitative starter-style reality profile derived from linked route structure and research text. Use as a discussion prompt only, not as verified salary, injury-risk or labour-market fact."
za-career-forensic-technician,"Forensic Technician (Biology, Toxicology)","Law, public service and public safety",public,public,stream_default,stress tolerance,66,medium,54,medium,86,high,62,medium,"Qualitative starter-style reality profile derived from linked route structure and research text. Use as a discussion prompt only, not as verified salary, injury-risk or labour-market fact."
za-career-forest-and-conservation-worker,Forest and Conservation Worker,"Agriculture, food and environment",agri,vocational,stream_default,travel or movement,62,medium,80,high,74,high,72,high,"Qualitative starter-style reality profile derived from linked route structure and research text. Use as a discussion prompt only, not as verified salary, injury-risk or labour-market fact."
za-career-forest-scientist,Forest Scientist,"Science, research and frontier careers",science,science,starter_route_suggestions_average,earning upside,88,high,80,high,60,medium,76,high,"Qualitative starter-style reality profile derived from linked route structure and research text. Use as a discussion prompt only, not as verified salary, injury-risk or labour-market fact."
za-career-forestry-production-and-operations-foreman,Forestry Production and Operations Foreman,"Manufacturing, mining and energy",engineering,trade,stream_default,physical safety risk,78,high,80,high,70,high,84,high,"Qualitative starter-style reality profile derived from linked route structure and research text. Use as a discussion prompt only, not as verified salary, injury-risk or labour-market fact."
za-career-forestry-production-foreman,Forestry Production Foreman,"Manufacturing, mining and energy",engineering,trade,stream_default,physical safety risk,78,high,80,high,70,high,84,high,"Qualitative starter-style reality profile derived from linked route structure and research text. Use as a discussion prompt only, not as verified salary, injury-risk or labour-market fact."
za-career-forestry-research-technician,Forestry Research Technician,"Science, research and frontier careers",science,science,stream_default,earning upside,80,high,50,medium,72,high,46,medium,"Qualitative starter-style reality profile derived from linked route structure and research text. Use as a discussion prompt only, not as verified salary, injury-risk or labour-market fact."
za-career-forestry-technician,Forestry Technician,"Agriculture, food and environment",agri,vocational,direct_starter_route_profile,travel or movement,53,medium,88,high,66,medium,84,high,"Qualitative starter-style reality profile derived from linked route structure and research text. Use as a discussion prompt only, not as verified salary, injury-risk or labour-market fact."
za-career-forestry-worker,Forestry Worker,"Agriculture, food and environment",agri,vocational,starter_route_suggestions_average,travel or movement,53,medium,80,high,76,high,76,high,"Qualitative starter-style reality profile derived from linked route structure and research text. Use as a discussion prompt only, not as verified salary, injury-risk or labour-market fact."
za-career-forklift-driver,Forklift Driver,"Logistics, transport and supply chain",logistics,logistics,direct_starter_route_profile,physical safety risk,68,high,35,low,50,medium,84,high,"Qualitative starter-style reality profile derived from linked route structure and research text. Use as a discussion prompt only, not as verified salary, injury-risk or labour-market fact."
za-career-forklift-mechanic,Forklift Mechanic,"Skilled trades, construction and engineering",practical,trade,starter_route_suggestions_average,earning upside,88,high,80,high,60,medium,76,high,"Qualitative starter-style reality profile derived from linked route structure and research text. Use as a discussion prompt only, not as verified salary, injury-risk or labour-market fact."
za-career-fossil-power-plant-operator,Fossil Power Plant Operator,"Manufacturing, mining and energy",engineering,trade,starter_route_suggestions_average,earning upside,88,high,35,low,82,high,84,high,"Qualitative starter-style reality profile derived from linked route structure and research text. Use as a discussion prompt only, not as verified salary, injury-risk or labour-market fact."
za-career-fossil-power-plant-process-controller,Fossil Power Plant Process Controller,"Manufacturing, mining and energy",engineering,trade,starter_route_suggestions_average,earning upside,88,high,35,low,82,high,84,high,"Qualitative starter-style reality profile derived from linked route structure and research text. Use as a discussion prompt only, not as verified salary, injury-risk or labour-market fact."
za-career-foundation-phase-school-teacher,Foundation Phase School Teacher,"Education, training and youth development",education,education,starter_route_suggestions_average,earning upside,68,high,35,low,50,medium,30,low,"Qualitative starter-style reality profile derived from linked route structure and research text. Use as a discussion prompt only, not as verified salary, injury-risk or labour-market fact."
za-career-fraud-examiner,Fraud Examiner,"Manufacturing, mining and energy",engineering,trade,stream_default,physical safety risk,78,high,80,high,70,high,84,high,"Qualitative starter-style reality profile derived from linked route structure and research text. Use as a discussion prompt only, not as verified salary, injury-risk or labour-market fact."
za-career-freight-handler,Freight Handler,"Logistics, transport and supply chain",logistics,logistics,starter_route_suggestions_average,physical safety risk,68,high,35,low,50,medium,84,high,"Qualitative starter-style reality profile derived from linked route structure and research text. Use as a discussion prompt only, not as verified salary, injury-risk or labour-market fact."
za-career-fresh-dairy-products-maker,Fresh Dairy Products Maker,"Agriculture, food and environment",agri,vocational,stream_default,travel or movement,62,medium,88,high,64,medium,80,high,"Qualitative starter-style reality profile derived from linked route structure and research text. Use as a discussion prompt only, not as verified salary, injury-risk or labour-market fact."
za-career-fuel-pipeline-controller,Fuel Pipeline Controller,"Skilled trades, construction and engineering",practical,trade,stream_default,physical safety risk,74,high,78,high,68,high,80,high,"Qualitative starter-style reality profile derived from linked route structure and research text. Use as a discussion prompt only, not as verified salary, injury-risk or labour-market fact."
za-career-furniture-designer,Furniture Designer,"Creative, media and design",creative,portfolio,starter_route_suggestions_average,earning upside,88,high,27,low,66,medium,34,low,"Qualitative starter-style reality profile derived from linked route structure and research text. Use as a discussion prompt only, not as verified salary, injury-risk or labour-market fact."
za-career-furniture-upholsterer,Furniture Upholsterer,"Skilled trades, construction and engineering",practical,trade,stream_default,physical safety risk,74,high,78,high,68,high,80,high,"Qualitative starter-style reality profile derived from linked route structure and research text. Use as a discussion prompt only, not as verified salary, injury-risk or labour-market fact."
za-career-gallery-or-museum-curator,Gallery or Museum Curator,"Arts, culture, heritage and society",creative,portfolio,starter_route_suggestions_average,earning upside,88,high,27,low,76,high,34,low,"Qualitative starter-style reality profile derived from linked route structure and research text. Use as a discussion prompt only, not as verified salary, injury-risk or labour-market fact."
za-career-gallery-or-museum-technician,Gallery or Museum Technician,"Arts, culture, heritage and society",creative,portfolio,stream_default,stress tolerance,56,medium,46,medium,66,medium,26,low,"Qualitative starter-style reality profile derived from linked route structure and research text. Use as a discussion prompt only, not as verified salary, injury-risk or labour-market fact."
za-career-garden-worker,Garden Worker,Elementary and entry-level work,practical,vocational,direct_starter_route_profile,earning upside,88,high,80,high,50,medium,76,high,"Qualitative starter-style reality profile derived from linked route structure and research text. Use as a discussion prompt only, not as verified salary, injury-risk or labour-market fact."
za-career-garment-pattern-development-assistant,Garment Pattern Development Assistant,"Creative, media and design",creative,portfolio,stream_default,stress tolerance,56,medium,50,medium,64,medium,28,low,"Qualitative starter-style reality profile derived from linked route structure and research text. Use as a discussion prompt only, not as verified salary, injury-risk or labour-market fact."
za-career-gas-cutter,Gas Cutter,"Skilled trades, construction and engineering",practical,trade,starter_route_suggestions_average,earning upside,88,high,80,high,60,medium,76,high,"Qualitative starter-style reality profile derived from linked route structure and research text. Use as a discussion prompt only, not as verified salary, injury-risk or labour-market fact."
za-career-gas-practitioner,Gas Practitioner,"Skilled trades, construction and engineering",practical,trade,starter_route_suggestions_average,earning upside,88,high,80,high,50,medium,76,high,"Qualitative starter-style reality profile derived from linked route structure and research text. Use as a discussion prompt only, not as verified salary, injury-risk or labour-market fact."
za-career-gas-turbine-power-plant-process-controller,Gas Turbine Power Plant Process Controller,"Manufacturing, mining and energy",engineering,trade,starter_route_suggestions_average,earning upside,88,high,35,low,82,high,84,high,"Qualitative starter-style reality profile derived from linked route structure and research text. Use as a discussion prompt only, not as verified salary, injury-risk or labour-market fact."
za-career-genealogist,Genealogist,"Finance, admin and business operations",finance,mixed,stream_default,earning upside,70,high,32,low,65,medium,26,low,"Qualitative starter-style reality profile derived from linked route structure and research text. Use as a discussion prompt only, not as verified salary, injury-risk or labour-market fact."
za-career-general-accountant,General Accountant,"Finance, admin and business operations",finance,mixed,starter_route_suggestions_average,earning upside,88,high,27,low,50,medium,22,low,"Qualitative starter-style reality profile derived from linked route structure and research text. Use as a discussion prompt only, not as verified salary, injury-risk or labour-market fact."
za-career-general-biologist,General Biologist,"Science, research and frontier careers",science,science,starter_route_suggestions_average,earning upside,88,high,80,high,50,medium,64,medium,"Qualitative starter-style reality profile derived from linked route structure and research text. Use as a discussion prompt only, not as verified salary, injury-risk or labour-market fact."
za-career-general-clerk,General Clerk,"Finance, admin and business operations",finance,mixed,direct_starter_route_profile,earning upside,88,high,27,low,50,medium,22,low,"Qualitative starter-style reality profile derived from linked route structure and research text. Use as a discussion prompt only, not as verified salary, injury-risk or labour-market fact."
za-career-general-glazing-installer,General Glazing Installer,"Skilled trades, construction and engineering",practical,trade,starter_route_suggestions_average,earning upside,88,high,88,high,50,medium,84,high,"Qualitative starter-style reality profile derived from linked route structure and research text. Use as a discussion prompt only, not as verified salary, injury-risk or labour-market fact."
za-career-general-manager-public-service,General Manager Public Service,"Law, public service and public safety",public,public,starter_route_suggestions_average,stress tolerance,68,high,27,low,92,high,64,medium,"Qualitative starter-style reality profile derived from linked route structure and research text. Use as a discussion prompt only, not as verified salary, injury-risk or labour-market fact."
za-career-general-medical-practitioner,General Medical Practitioner,"Health, care and social services",care,care,starter_route_suggestions_average,stress tolerance,53,medium,60,medium,92,high,58,medium,"Qualitative starter-style reality profile derived from linked route structure and research text. Use as a discussion prompt only, not as verified salary, injury-risk or labour-market fact."
za-career-general-medicine-specialist-physician,General Medicine Specialist Physician,"Health, care and social services",care,care,stream_default,stress tolerance,66,medium,54,medium,90,high,48,medium,"Qualitative starter-style reality profile derived from linked route structure and research text. Use as a discussion prompt only, not as verified salary, injury-risk or labour-market fact."
za-career-generative-ai-application-developer,Generative AI Application Developer,"Technology, data and AI",tech,mixed,starter_route_suggestions_average,earning upside,88,high,27,low,50,medium,22,low,"Qualitative starter-style reality profile derived from linked route structure and research text. Use as a discussion prompt only, not as verified salary, injury-risk or labour-market fact."
za-career-geographer,Geographer,"Finance, admin and business operations",finance,mixed,stream_default,earning upside,70,high,32,low,65,medium,26,low,"Qualitative starter-style reality profile derived from linked route structure and research text. Use as a discussion prompt only, not as verified salary, injury-risk or labour-market fact."
za-career-geographic-information-systems-technician,Geographic Information Systems Technician,"Skilled trades, construction and engineering",practical,trade,stream_default,physical safety risk,74,high,78,high,78,high,80,high,"Qualitative starter-style reality profile derived from linked route structure and research text. Use as a discussion prompt only, not as verified salary, injury-risk or labour-market fact."
za-career-geographic-information-systems-technicians,Geographic Information Systems Technicians,"Finance, admin and business operations",finance,mixed,stream_default,earning upside,70,high,32,low,55,medium,14,low,"Qualitative starter-style reality profile derived from linked route structure and research text. Use as a discussion prompt only, not as verified salary, injury-risk or labour-market fact."
za-career-geological-technician,Geological Technician (Marine Mining Geological Technician),"Manufacturing, mining and energy",engineering,trade,starter_route_suggestions_average,earning upside,88,high,27,low,82,high,76,high,"Qualitative starter-style reality profile derived from linked route structure and research text. Use as a discussion prompt only, not as verified salary, injury-risk or labour-market fact."
za-career-geologist,Geologist,"Manufacturing, mining and energy",engineering,trade,direct_starter_route_profile,stress tolerance,88,high,27,low,92,high,76,high,"Qualitative starter-style reality profile derived from linked route structure and research text. Use as a discussion prompt only, not as verified salary, injury-risk or labour-market fact."
za-career-geomatics-officer,Geomatics Officer,"Skilled trades, construction and engineering",practical,trade,stream_default,physical safety risk,74,high,78,high,68,high,80,high,"Qualitative starter-style reality profile derived from linked route structure and research text. Use as a discussion prompt only, not as verified salary, injury-risk or labour-market fact."
za-career-geophysical-technician,Geophysical Technician,"Manufacturing, mining and energy",engineering,trade,starter_route_suggestions_average,earning upside,88,high,27,low,82,high,76,high,"Qualitative starter-style reality profile derived from linked route structure and research text. Use as a discussion prompt only, not as verified salary, injury-risk or labour-market fact."
za-career-geophysicist,Geophysicist,"Manufacturing, mining and energy",engineering,trade,direct_starter_route_profile,earning upside,88,high,27,low,82,high,76,high,"Qualitative starter-style reality profile derived from linked route structure and research text. Use as a discussion prompt only, not as verified salary, injury-risk or labour-market fact."
za-career-geotechnical-practitioner,Geotechnical Practitioner,"Skilled trades, construction and engineering",practical,trade,starter_route_suggestions_average,earning upside,88,high,80,high,50,medium,76,high,"Qualitative starter-style reality profile derived from linked route structure and research text. Use as a discussion prompt only, not as verified salary, injury-risk or labour-market fact."
za-career-geriatric-care-worker,Geriatric Care Worker,"Health, care and social services",care,care,starter_route_suggestions_average,stress tolerance,53,medium,52,medium,82,high,50,medium,"Qualitative starter-style reality profile derived from linked route structure and research text. Use as a discussion prompt only, not as verified salary, injury-risk or labour-market fact."
za-career-gis-data-capturer,GIS Data Capturer,"Technology, data and AI",tech,mixed,stream_default,earning upside,86,high,32,low,55,medium,17,low,"Qualitative starter-style reality profile derived from linked route structure and research text. Use as a discussion prompt only, not as verified salary, injury-risk or labour-market fact."
za-career-glass-cutter-and-edgework-operator,Glass Cutter and Edgework Operator,"Manufacturing, mining and energy",engineering,trade,stream_default,physical safety risk,78,high,88,high,70,high,92,high,"Qualitative starter-style reality profile derived from linked route structure and research text. Use as a discussion prompt only, not as verified salary, injury-risk or labour-market fact."
za-career-glass-forming-operator,Glass Forming Operator,"Manufacturing, mining and energy",engineering,trade,stream_default,physical safety risk,78,high,88,high,70,high,92,high,"Qualitative starter-style reality profile derived from linked route structure and research text. Use as a discussion prompt only, not as verified salary, injury-risk or labour-market fact."
za-career-glass-forming-specialist,Glass Forming Specialist,"Skilled trades, construction and engineering",practical,trade,stream_default,physical safety risk,74,high,78,high,68,high,80,high,"Qualitative starter-style reality profile derived from linked route structure and research text. Use as a discussion prompt only, not as verified salary, injury-risk or labour-market fact."
za-career-glass-handler,Glass Handler,"Skilled trades, construction and engineering",practical,trade,stream_default,physical safety risk,74,high,78,high,68,high,80,high,"Qualitative starter-style reality profile derived from linked route structure and research text. Use as a discussion prompt only, not as verified salary, injury-risk or labour-market fact."
za-career-glass-manufacturing-feederman,Glass Manufacturing Feederman,"Manufacturing, mining and energy",engineering,trade,stream_default,physical safety risk,78,high,88,high,70,high,92,high,"Qualitative starter-style reality profile derived from linked route structure and research text. Use as a discussion prompt only, not as verified salary, injury-risk or labour-market fact."
za-career-glass-manufacturing-process-technician,Glass Manufacturing Process Technician,"Manufacturing, mining and energy",engineering,trade,stream_default,physical safety risk,78,high,88,high,70,high,92,high,"Qualitative starter-style reality profile derived from linked route structure and research text. Use as a discussion prompt only, not as verified salary, injury-risk or labour-market fact."
za-career-glass-melt-operator,Glass Melt Operator,"Manufacturing, mining and energy",engineering,trade,stream_default,physical safety risk,78,high,88,high,70,high,92,high,"Qualitative starter-style reality profile derived from linked route structure and research text. Use as a discussion prompt only, not as verified salary, injury-risk or labour-market fact."
za-career-glass-process-operator,Glass Process Operator,"Manufacturing, mining and energy",engineering,trade,starter_route_suggestions_average,earning upside,88,high,35,low,82,high,84,high,"Qualitative starter-style reality profile derived from linked route structure and research text. Use as a discussion prompt only, not as verified salary, injury-risk or labour-market fact."
za-career-glazier,Glazier,"Skilled trades, construction and engineering",practical,trade,direct_starter_route_profile,earning upside,88,high,88,high,50,medium,84,high,"Qualitative starter-style reality profile derived from linked route structure and research text. Use as a discussion prompt only, not as verified salary, injury-risk or labour-market fact."
za-career-goldsmith,Goldsmith,"Skilled trades, construction and engineering",practical,trade,stream_default,physical safety risk,74,high,78,high,68,high,80,high,"Qualitative starter-style reality profile derived from linked route structure and research text. Use as a discussion prompt only, not as verified salary, injury-risk or labour-market fact."
za-career-governance-practitioner,Governance Practitioner,"Law, public service and public safety",public,public,stream_default,stress tolerance,66,medium,54,medium,76,high,62,medium,"Qualitative starter-style reality profile derived from linked route structure and research text. Use as a discussion prompt only, not as verified salary, injury-risk or labour-market fact."
za-career-governance-professional,Governance Professional,"Law, public service and public safety",public,public,stream_default,stress tolerance,66,medium,54,medium,76,high,62,medium,"Qualitative starter-style reality profile derived from linked route structure and research text. Use as a discussion prompt only, not as verified salary, injury-risk or labour-market fact."
za-career-grader-operator,Grader Operator,"Manufacturing, mining and energy",engineering,trade,direct_starter_route_profile,stress tolerance,88,high,27,low,92,high,76,high,"Qualitative starter-style reality profile derived from linked route structure and research text. Use as a discussion prompt only, not as verified salary, injury-risk or labour-market fact."
za-career-grain-depot-manager,Grain Depot Manager,"Agriculture, food and environment",agri,vocational,stream_default,travel or movement,62,medium,88,high,64,medium,80,high,"Qualitative starter-style reality profile derived from linked route structure and research text. Use as a discussion prompt only, not as verified salary, injury-risk or labour-market fact."
za-career-grain-grader,Grain Grader,"Agriculture, food and environment",agri,vocational,stream_default,travel or movement,62,medium,88,high,64,medium,80,high,"Qualitative starter-style reality profile derived from linked route structure and research text. Use as a discussion prompt only, not as verified salary, injury-risk or labour-market fact."
za-career-graphic-designer,Graphic Designer,"Informal, entrepreneurship and community economy",entrepreneur,entrepreneur,direct_starter_route_profile,earning upside,88,high,27,low,76,high,76,high,"Qualitative starter-style reality profile derived from linked route structure and research text. Use as a discussion prompt only, not as verified salary, injury-risk or labour-market fact."
za-career-green-building-consultant,Green Building Consultant,"Manufacturing, mining and energy",engineering,trade,stream_default,physical safety risk,78,high,80,high,70,high,84,high,"Qualitative starter-style reality profile derived from linked route structure and research text. Use as a discussion prompt only, not as verified salary, injury-risk or labour-market fact."
za-career-green-hydrogen-plant-operator,Green Hydrogen Plant Operator,"Manufacturing, mining and energy",engineering,trade,starter_route_suggestions_average,earning upside,88,high,27,low,82,high,76,high,"Qualitative starter-style reality profile derived from linked route structure and research text. Use as a discussion prompt only, not as verified salary, injury-risk or labour-market fact."
za-career-green-hydrogen-skills-facilitator,Green Hydrogen Skills Facilitator,"Manufacturing, mining and energy",engineering,trade,stream_default,physical safety risk,78,high,80,high,70,high,84,high,"Qualitative starter-style reality profile derived from linked route structure and research text. Use as a discussion prompt only, not as verified salary, injury-risk or labour-market fact."
za-career-grid-data-analyst,Grid Data Analyst,"Technology, data and AI",tech,mixed,starter_route_suggestions_average,earning upside,88,high,27,low,50,medium,34,low,"Qualitative starter-style reality profile derived from linked route structure and research text. Use as a discussion prompt only, not as verified salary, injury-risk or labour-market fact."
za-career-grid-integration-engineer,Grid Integration Engineer,"Skilled trades, construction and engineering",practical,trade,stream_default,physical safety risk,74,high,78,high,68,high,80,high,"Qualitative starter-style reality profile derived from linked route structure and research text. Use as a discussion prompt only, not as verified salary, injury-risk or labour-market fact."
za-career-groundskeeper,Groundskeeper,"Agriculture, food and environment",agri,vocational,direct_starter_route_profile,travel or movement,53,medium,80,high,76,high,76,high,"Qualitative starter-style reality profile derived from linked route structure and research text. Use as a discussion prompt only, not as verified salary, injury-risk or labour-market fact."
za-career-group-fitness-instructor,Group Fitness Instructor,"Hospitality, tourism, sport and events",hospitality,hospitality,starter_route_suggestions_average,earning upside,88,high,80,high,82,high,76,high,"Qualitative starter-style reality profile derived from linked route structure and research text. Use as a discussion prompt only, not as verified salary, injury-risk or labour-market fact."
za-career-guillotine-operator,Guillotine Operator,"Manufacturing, mining and energy",engineering,trade,starter_route_suggestions_average,earning upside,88,high,35,low,82,high,84,high,"Qualitative starter-style reality profile derived from linked route structure and research text. Use as a discussion prompt only, not as verified salary, injury-risk or labour-market fact."
za-career-gynaecologist,Gynaecologist,"Health, care and social services",care,care,stream_default,stress tolerance,66,medium,62,medium,90,high,56,medium,"Qualitative starter-style reality profile derived from linked route structure and research text. Use as a discussion prompt only, not as verified salary, injury-risk or labour-market fact."
za-career-hairdresser,Hairdresser,"Creative, media and design",creative,portfolio,direct_starter_route_profile,earning upside,88,high,25,low,66,medium,30,low,"Qualitative starter-style reality profile derived from linked route structure and research text. Use as a discussion prompt only, not as verified salary, injury-risk or labour-market fact."
za-career-handyperson,Handyperson,"Skilled trades, construction and engineering",practical,trade,stream_default,physical safety risk,74,high,78,high,78,high,80,high,"Qualitative starter-style reality profile derived from linked route structure and research text. Use as a discussion prompt only, not as verified salary, injury-risk or labour-market fact."
za-career-hazardous-materials-removal-worker,Hazardous Materials Removal Worker,"Law, public service and public safety",public,public,stream_default,stress tolerance,66,medium,62,medium,86,high,70,high,"Qualitative starter-style reality profile derived from linked route structure and research text. Use as a discussion prompt only, not as verified salary, injury-risk or labour-market fact."
za-career-head-of-centre-community-corrections,Head of Centre/ Community Corrections,"Law, public service and public safety",public,public,stream_default,stress tolerance,66,medium,62,medium,86,high,70,high,"Qualitative starter-style reality profile derived from linked route structure and research text. Use as a discussion prompt only, not as verified salary, injury-risk or labour-market fact."
za-career-head-of-national-department,Head of National Department,"Finance, admin and business operations",finance,mixed,stream_default,earning upside,70,high,32,low,65,medium,26,low,"Qualitative starter-style reality profile derived from linked route structure and research text. Use as a discussion prompt only, not as verified salary, injury-risk or labour-market fact."
za-career-head-of-national-government-component,Head of National Government Component,"Law, public service and public safety",public,public,stream_default,stress tolerance,66,medium,54,medium,86,high,62,medium,"Qualitative starter-style reality profile derived from linked route structure and research text. Use as a discussion prompt only, not as verified salary, injury-risk or labour-market fact."
za-career-head-of-office-of-premier,Head of Office of Premier,"Finance, admin and business operations",finance,mixed,stream_default,earning upside,70,high,32,low,65,medium,26,low,"Qualitative starter-style reality profile derived from linked route structure and research text. Use as a discussion prompt only, not as verified salary, injury-risk or labour-market fact."
za-career-head-of-provincial-department,Head of Provincial Department,"Finance, admin and business operations",finance,mixed,stream_default,earning upside,70,high,32,low,65,medium,26,low,"Qualitative starter-style reality profile derived from linked route structure and research text. Use as a discussion prompt only, not as verified salary, injury-risk or labour-market fact."
za-career-head-of-provincial-government-component,Head of Provincial Government Component,"Law, public service and public safety",public,public,stream_default,stress tolerance,66,medium,54,medium,86,high,62,medium,"Qualitative starter-style reality profile derived from linked route structure and research text. Use as a discussion prompt only, not as verified salary, injury-risk or labour-market fact."
za-career-head-of-remand-detention-facility-centre,Head of Remand detention facility/centre,"Law, public service and public safety",public,public,stream_default,stress tolerance,66,medium,62,medium,86,high,70,high,"Qualitative starter-style reality profile derived from linked route structure and research text. Use as a discussion prompt only, not as verified salary, injury-risk or labour-market fact."
za-career-head-saw-doctor,Head Saw Doctor,"Health, care and social services",care,care,stream_default,stress tolerance,66,medium,54,medium,80,high,60,medium,"Qualitative starter-style reality profile derived from linked route structure and research text. Use as a discussion prompt only, not as verified salary, injury-risk or labour-market fact."
za-career-health-ai-implementation-specialist,Health AI Implementation Specialist,"Technology, data and AI",tech,mixed,stream_default,earning upside,86,high,32,low,55,medium,17,low,"Qualitative starter-style reality profile derived from linked route structure and research text. Use as a discussion prompt only, not as verified salary, injury-risk or labour-market fact."
za-career-health-and-safety-manager,Health and Safety Manager,"Health, care and social services",care,care,starter_route_suggestions_average,stress tolerance,53,medium,52,medium,82,high,50,medium,"Qualitative starter-style reality profile derived from linked route structure and research text. Use as a discussion prompt only, not as verified salary, injury-risk or labour-market fact."
za-career-health-care-benefits-advisor,Health Care Benefits Advisor,"Health, care and social services",care,care,starter_route_suggestions_average,stress tolerance,53,medium,60,medium,82,high,58,medium,"Qualitative starter-style reality profile derived from linked route structure and research text. Use as a discussion prompt only, not as verified salary, injury-risk or labour-market fact."
za-career-health-care-manager,Health Care Manager,"Health, care and social services",care,care,starter_route_suggestions_average,stress tolerance,53,medium,52,medium,92,high,62,medium,"Qualitative starter-style reality profile derived from linked route structure and research text. Use as a discussion prompt only, not as verified salary, injury-risk or labour-market fact."
za-career-health-informatics-specialist,Health Informatics Specialist,"Health, care and social services",care,care,stream_default,stress tolerance,66,medium,54,medium,80,high,48,medium,"Qualitative starter-style reality profile derived from linked route structure and research text. Use as a discussion prompt only, not as verified salary, injury-risk or labour-market fact."
za-career-health-information-manager,Health Information Manager,"Health, care and social services",care,care,starter_route_suggestions_average,stress tolerance,53,medium,60,medium,82,high,58,medium,"Qualitative starter-style reality profile derived from linked route structure and research text. Use as a discussion prompt only, not as verified salary, injury-risk or labour-market fact."
za-career-health-inspector,Health Inspector,"Health, care and social services",care,care,starter_route_suggestions_average,stress tolerance,53,medium,52,medium,92,high,62,medium,"Qualitative starter-style reality profile derived from linked route structure and research text. Use as a discussion prompt only, not as verified salary, injury-risk or labour-market fact."
za-career-health-products-information-officer,Health Products Information Officer,"Health, care and social services",care,care,starter_route_suggestions_average,stress tolerance,53,medium,52,medium,82,high,50,medium,"Qualitative starter-style reality profile derived from linked route structure and research text. Use as a discussion prompt only, not as verified salary, injury-risk or labour-market fact."
za-career-health-products-marketing-associate,Health Products Marketing Associate,"Sales, marketing and customer work",people,mixed,stream_default,earning upside,63,medium,58,medium,60,medium,24,low,"Qualitative starter-style reality profile derived from linked route structure and research text. Use as a discussion prompt only, not as verified salary, injury-risk or labour-market fact."
za-career-health-products-sales-associate,Health Products Sales Associate,"Sales, marketing and customer work",people,mixed,stream_default,earning upside,63,medium,58,medium,60,medium,24,low,"Qualitative starter-style reality profile derived from linked route structure and research text. Use as a discussion prompt only, not as verified salary, injury-risk or labour-market fact."
za-career-health-products-sales-representative,Health Products Sales Representative,"Sales, marketing and customer work",people,mixed,starter_route_suggestions_average,physical safety risk,53,medium,35,low,50,medium,72,high,"Qualitative starter-style reality profile derived from linked route structure and research text. Use as a discussion prompt only, not as verified salary, injury-risk or labour-market fact."
za-career-health-promotion-officer,Health Promotion Officer,"Health, care and social services",care,care,direct_starter_route_profile,stress tolerance,53,medium,52,medium,82,high,50,medium,"Qualitative starter-style reality profile derived from linked route structure and research text. Use as a discussion prompt only, not as verified salary, injury-risk or labour-market fact."
za-career-health-promotion-practitioner,Health Promotion Practitioner,"Health, care and social services",care,care,starter_route_suggestions_average,stress tolerance,53,medium,52,medium,92,high,62,medium,"Qualitative starter-style reality profile derived from linked route structure and research text. Use as a discussion prompt only, not as verified salary, injury-risk or labour-market fact."
za-career-health-service-specialised-clinic-manager,Health Service Specialised Clinic Manager,"Health, care and social services",care,care,starter_route_suggestions_average,stress tolerance,53,medium,52,medium,82,high,50,medium,"Qualitative starter-style reality profile derived from linked route structure and research text. Use as a discussion prompt only, not as verified salary, injury-risk or labour-market fact."
za-career-healthcare-cleaner,Healthcare Cleaner,"Health, care and social services",care,care,starter_route_suggestions_average,stress tolerance,53,medium,60,medium,82,high,58,medium,"Qualitative starter-style reality profile derived from linked route structure and research text. Use as a discussion prompt only, not as verified salary, injury-risk or labour-market fact."
za-career-hearing-aid-acoustician,Hearing Aid Acoustician,"Finance, admin and business operations",finance,mixed,stream_default,earning upside,70,high,32,low,65,medium,26,low,"Qualitative starter-style reality profile derived from linked route structure and research text. Use as a discussion prompt only, not as verified salary, injury-risk or labour-market fact."
za-career-heart-resonance-practitioner,Heart Resonance Practitioner,"Skilled trades, construction and engineering",practical,trade,stream_default,physical safety risk,74,high,78,high,68,high,80,high,"Qualitative starter-style reality profile derived from linked route structure and research text. Use as a discussion prompt only, not as verified salary, injury-risk or labour-market fact."
za-career-heat-pump-installer,Heat Pump Installer,"Manufacturing, mining and energy",engineering,trade,stream_default,physical safety risk,78,high,80,high,80,high,84,high,"Qualitative starter-style reality profile derived from linked route structure and research text. Use as a discussion prompt only, not as verified salary, injury-risk or labour-market fact."
za-career-heat-pump-technician,Heat Pump Technician,"Manufacturing, mining and energy",engineering,trade,stream_default,physical safety risk,78,high,80,high,70,high,84,high,"Qualitative starter-style reality profile derived from linked route structure and research text. Use as a discussion prompt only, not as verified salary, injury-risk or labour-market fact."
za-career-heating-ventilation-and-air-conditioning-control-fitter,"Heating, Ventilation and Air Conditioning (HVAC) Control Fitter","Skilled trades, construction and engineering",practical,trade,stream_default,physical safety risk,74,high,86,high,68,high,88,high,"Qualitative starter-style reality profile derived from linked route structure and research text. Use as a discussion prompt only, not as verified salary, injury-risk or labour-market fact."
za-career-heatset-rotary-offset-lithography-assistant-printer,Heatset Rotary Offset Lithography Assistant Printer,"Skilled trades, construction and engineering",practical,trade,stream_default,physical safety risk,74,high,78,high,68,high,80,high,"Qualitative starter-style reality profile derived from linked route structure and research text. Use as a discussion prompt only, not as verified salary, injury-risk or labour-market fact."
za-career-heatset-rotary-offset-lithography-printing-technician,Heatset Rotary Offset Lithography Printing Technician,"Manufacturing, mining and energy",engineering,trade,stream_default,physical safety risk,78,high,88,high,70,high,92,high,"Qualitative starter-style reality profile derived from linked route structure and research text. Use as a discussion prompt only, not as verified salary, injury-risk or labour-market fact."
za-career-heatset-rotary-offset-lithography-reel-stand-operator,Heatset Rotary Offset Lithography Reel stand Operator,"Manufacturing, mining and energy",engineering,trade,stream_default,physical safety risk,78,high,88,high,70,high,92,high,"Qualitative starter-style reality profile derived from linked route structure and research text. Use as a discussion prompt only, not as verified salary, injury-risk or labour-market fact."
za-career-heatset-rotary-offset-lithography-stacker-operator,Heatset Rotary Offset Lithography Stacker Operator,"Manufacturing, mining and energy",engineering,trade,stream_default,physical safety risk,78,high,88,high,70,high,92,high,"Qualitative starter-style reality profile derived from linked route structure and research text. Use as a discussion prompt only, not as verified salary, injury-risk or labour-market fact."
za-career-heavy-duty-clutch-and-brake-repairer,Heavy Duty Clutch and Brake Repairer,"Skilled trades, construction and engineering",practical,trade,stream_default,physical safety risk,74,high,78,high,68,high,80,high,"Qualitative starter-style reality profile derived from linked route structure and research text. Use as a discussion prompt only, not as verified salary, injury-risk or labour-market fact."
za-career-heavy-duty-drive-train-repairer,Heavy Duty Drive Train Repairer (Vehicle Transmission Mechanic),"Skilled trades, construction and engineering",practical,trade,stream_default,physical safety risk,74,high,86,high,68,high,88,high,"Qualitative starter-style reality profile derived from linked route structure and research text. Use as a discussion prompt only, not as verified salary, injury-risk or labour-market fact."
za-career-heavy-duty-hydraulic-and-pneumatic-repairer,Heavy Duty Hydraulic and Pneumatic Repairer,"Skilled trades, construction and engineering",practical,trade,stream_default,physical safety risk,74,high,78,high,68,high,80,high,"Qualitative starter-style reality profile derived from linked route structure and research text. Use as a discussion prompt only, not as verified salary, injury-risk or labour-market fact."
za-career-heavy-duty-suspension-repairer,Heavy Duty Suspension Repairer,"Skilled trades, construction and engineering",practical,trade,stream_default,physical safety risk,74,high,78,high,68,high,80,high,"Qualitative starter-style reality profile derived from linked route structure and research text. Use as a discussion prompt only, not as verified salary, injury-risk or labour-market fact."
za-career-heavy-duty-workshop-assistant,Heavy Duty Workshop Assistant,"Sales, marketing and customer work",people,mixed,stream_default,earning upside,63,medium,50,medium,60,medium,28,low,"Qualitative starter-style reality profile derived from linked route structure and research text. Use as a discussion prompt only, not as verified salary, injury-risk or labour-market fact."
za-career-heavy-equipment-mechanic,Heavy Equipment Mechanic,"Skilled trades, construction and engineering",practical,trade,starter_route_suggestions_average,earning upside,88,high,88,high,50,medium,84,high,"Qualitative starter-style reality profile derived from linked route structure and research text. Use as a discussion prompt only, not as verified salary, injury-risk or labour-market fact."
za-career-helicopter-pilot,Helicopter Pilot,"Skilled trades, construction and engineering",practical,trade,stream_default,physical safety risk,74,high,78,high,78,high,80,high,"Qualitative starter-style reality profile derived from linked route structure and research text. Use as a discussion prompt only, not as verified salary, injury-risk or labour-market fact."
za-career-heritage-consultant,Heritage Consultant,"Arts, culture, heritage and society",creative,portfolio,starter_route_suggestions_average,earning upside,88,high,27,low,66,medium,22,low,"Qualitative starter-style reality profile derived from linked route structure and research text. Use as a discussion prompt only, not as verified salary, injury-risk or labour-market fact."
za-career-heritage-practitioner-advisor,Heritage Practitioner/ Advisor,"Arts, culture, heritage and society",creative,portfolio,stream_default,stress tolerance,56,medium,46,medium,66,medium,26,low,"Qualitative starter-style reality profile derived from linked route structure and research text. Use as a discussion prompt only, not as verified salary, injury-risk or labour-market fact."
za-career-historian,Historian,"Finance, admin and business operations",finance,mixed,stream_default,earning upside,70,high,32,low,65,medium,26,low,"Qualitative starter-style reality profile derived from linked route structure and research text. Use as a discussion prompt only, not as verified salary, injury-risk or labour-market fact."
za-career-home-based-personal-care-assistant,Home Based Personal Care Assistant,"Health, care and social services",care,care,starter_route_suggestions_average,stress tolerance,53,medium,60,medium,82,high,58,medium,"Qualitative starter-style reality profile derived from linked route structure and research text. Use as a discussion prompt only, not as verified salary, injury-risk or labour-market fact."
za-career-home-based-personal-care-worker,Home Based Personal Care Worker,"Health, care and social services",care,care,starter_route_suggestions_average,stress tolerance,53,medium,60,medium,82,high,58,medium,"Qualitative starter-style reality profile derived from linked route structure and research text. Use as a discussion prompt only, not as verified salary, injury-risk or labour-market fact."
za-career-home-based-care-coordinator,Home-Based Care Coordinator,"Health, care and social services",care,care,starter_route_suggestions_average,stress tolerance,53,medium,52,medium,82,high,50,medium,"Qualitative starter-style reality profile derived from linked route structure and research text. Use as a discussion prompt only, not as verified salary, injury-risk or labour-market fact."
za-career-hospital-orderly,Hospital Orderly,"Law, public service and public safety",public,public,stream_default,stress tolerance,66,medium,62,medium,86,high,70,high,"Qualitative starter-style reality profile derived from linked route structure and research text. Use as a discussion prompt only, not as verified salary, injury-risk or labour-market fact."
za-career-hospital-pharmacist,Hospital Pharmacist,"Health, care and social services",care,care,starter_route_suggestions_average,stress tolerance,53,medium,60,medium,82,high,58,medium,"Qualitative starter-style reality profile derived from linked route structure and research text. Use as a discussion prompt only, not as verified salary, injury-risk or labour-market fact."
za-career-hot-mix-asphalt-paving-machine-operator,Hot Mix Asphalt Paving Machine Operator,"Skilled trades, construction and engineering",practical,trade,stream_default,physical safety risk,74,high,78,high,68,high,80,high,"Qualitative starter-style reality profile derived from linked route structure and research text. Use as a discussion prompt only, not as verified salary, injury-risk or labour-market fact."
za-career-hot-water-system-installer,Hot Water System Installer (Heat Pump Installer),"Technology, data and AI",tech,mixed,stream_default,earning upside,86,high,40,low,55,medium,37,low,"Qualitative starter-style reality profile derived from linked route structure and research text. Use as a discussion prompt only, not as verified salary, injury-risk or labour-market fact."
za-career-hotel-service-manager,Hotel Service Manager,"Hospitality, tourism, sport and events",hospitality,hospitality,starter_route_suggestions_average,earning upside,88,high,88,high,82,high,72,high,"Qualitative starter-style reality profile derived from linked route structure and research text. Use as a discussion prompt only, not as verified salary, injury-risk or labour-market fact."
za-career-human-resource-advisor,Human Resource Advisor,"Sales, marketing and customer work",people,mixed,stream_default,earning upside,63,medium,50,medium,60,medium,16,low,"Qualitative starter-style reality profile derived from linked route structure and research text. Use as a discussion prompt only, not as verified salary, injury-risk or labour-market fact."
za-career-human-resource-manager,Human Resource Manager,"Sales, marketing and customer work",people,mixed,stream_default,earning upside,63,medium,50,medium,60,medium,16,low,"Qualitative starter-style reality profile derived from linked route structure and research text. Use as a discussion prompt only, not as verified salary, injury-risk or labour-market fact."
za-career-human-resource-practitioner,Human Resource Practitioner,"Sales, marketing and customer work",people,mixed,stream_default,stress tolerance,63,medium,50,medium,70,high,28,low,"Qualitative starter-style reality profile derived from linked route structure and research text. Use as a discussion prompt only, not as verified salary, injury-risk or labour-market fact."
za-career-human-resources-clerk,Human Resources clerk,"Finance, admin and business operations",finance,mixed,direct_starter_route_profile,earning upside,88,high,27,low,60,medium,34,low,"Qualitative starter-style reality profile derived from linked route structure and research text. Use as a discussion prompt only, not as verified salary, injury-risk or labour-market fact."
za-career-hydraulic-rock-breaker-operator,Hydraulic Rock Breaker Operator,"Manufacturing, mining and energy",engineering,trade,stream_default,physical safety risk,78,high,80,high,70,high,84,high,"Qualitative starter-style reality profile derived from linked route structure and research text. Use as a discussion prompt only, not as verified salary, injury-risk or labour-market fact."
za-career-hydro-power-plant-operator,Hydro Power Plant Operator,"Manufacturing, mining and energy",engineering,trade,starter_route_suggestions_average,earning upside,88,high,35,low,82,high,84,high,"Qualitative starter-style reality profile derived from linked route structure and research text. Use as a discussion prompt only, not as verified salary, injury-risk or labour-market fact."
za-career-hydro-power-plant-process-controller,Hydro Power Plant Process Controller,"Manufacturing, mining and energy",engineering,trade,starter_route_suggestions_average,earning upside,88,high,35,low,82,high,84,high,"Qualitative starter-style reality profile derived from linked route structure and research text. Use as a discussion prompt only, not as verified salary, injury-risk or labour-market fact."
za-career-hydrogen-fuel-cell-technician,Hydrogen Fuel Cell Technician,"Manufacturing, mining and energy",engineering,trade,stream_default,physical safety risk,78,high,80,high,70,high,84,high,"Qualitative starter-style reality profile derived from linked route structure and research text. Use as a discussion prompt only, not as verified salary, injury-risk or labour-market fact."
za-career-hydrogen-logistics-coordinator,Hydrogen Logistics Coordinator,"Manufacturing, mining and energy",engineering,trade,stream_default,physical safety risk,78,high,80,high,70,high,84,high,"Qualitative starter-style reality profile derived from linked route structure and research text. Use as a discussion prompt only, not as verified salary, injury-risk or labour-market fact."
za-career-hydrogen-safety-officer,Hydrogen Safety Officer,"Manufacturing, mining and energy",engineering,trade,starter_route_suggestions_average,earning upside,88,high,27,low,82,high,76,high,"Qualitative starter-style reality profile derived from linked route structure and research text. Use as a discussion prompt only, not as verified salary, injury-risk or labour-market fact."
za-career-hydrogen-ready-plumber,Hydrogen-Ready Plumber,"Skilled trades, construction and engineering",practical,trade,stream_default,physical safety risk,74,high,78,high,68,high,80,high,"Qualitative starter-style reality profile derived from linked route structure and research text. Use as a discussion prompt only, not as verified salary, injury-risk or labour-market fact."
za-career-hydrologist,Hydrologist,"Agriculture, food and environment",agri,vocational,direct_starter_route_profile,travel or movement,53,medium,80,high,66,medium,64,medium,"Qualitative starter-style reality profile derived from linked route structure and research text. Use as a discussion prompt only, not as verified salary, injury-risk or labour-market fact."
za-career-hydroponics-farm-operator,Hydroponics Farm Operator,"Agriculture, food and environment",agri,vocational,stream_default,travel or movement,62,medium,88,high,64,medium,80,high,"Qualitative starter-style reality profile derived from linked route structure and research text. Use as a discussion prompt only, not as verified salary, injury-risk or labour-market fact."
za-career-ice-cream-products-maker,Ice Cream Products Maker,"Skilled trades, construction and engineering",practical,trade,stream_default,physical safety risk,74,high,78,high,68,high,80,high,"Qualitative starter-style reality profile derived from linked route structure and research text. Use as a discussion prompt only, not as verified salary, injury-risk or labour-market fact."
za-career-ict-project-manager,ICT Project Manager,"Technology, data and AI",tech,mixed,starter_route_suggestions_average,earning upside,88,high,27,low,50,medium,34,low,"Qualitative starter-style reality profile derived from linked route structure and research text. Use as a discussion prompt only, not as verified salary, injury-risk or labour-market fact."
za-career-ict-security-specialist,ICT Security Specialist,"Technology, data and AI",tech,mixed,direct_starter_route_profile,earning upside,88,high,27,low,50,medium,34,low,"Qualitative starter-style reality profile derived from linked route structure and research text. Use as a discussion prompt only, not as verified salary, injury-risk or labour-market fact."
za-career-ict-systems-analyst,ICT Systems Analyst,"Technology, data and AI",tech,mixed,starter_route_suggestions_average,earning upside,88,high,27,low,50,medium,34,low,"Qualitative starter-style reality profile derived from linked route structure and research text. Use as a discussion prompt only, not as verified salary, injury-risk or labour-market fact."
za-career-ict-trainer,ICT Trainer,"Education, training and youth development",education,education,starter_route_suggestions_average,earning upside,68,high,27,low,50,medium,34,low,"Qualitative starter-style reality profile derived from linked route structure and research text. Use as a discussion prompt only, not as verified salary, injury-risk or labour-market fact."
za-career-identity-and-access-management-specialist,Identity and Access Management Specialist,"Technology, data and AI",tech,mixed,starter_route_suggestions_average,earning upside,88,high,27,low,50,medium,22,low,"Qualitative starter-style reality profile derived from linked route structure and research text. Use as a discussion prompt only, not as verified salary, injury-risk or labour-market fact."
za-career-imaam,Imaam,"Skilled trades, construction and engineering",practical,trade,stream_default,physical safety risk,74,high,78,high,68,high,80,high,"Qualitative starter-style reality profile derived from linked route structure and research text. Use as a discussion prompt only, not as verified salary, injury-risk or labour-market fact."
za-career-immigration-officer,Immigration Officer,"Law, public service and public safety",public,public,direct_starter_route_profile,stress tolerance,68,high,27,low,92,high,76,high,"Qualitative starter-style reality profile derived from linked route structure and research text. Use as a discussion prompt only, not as verified salary, injury-risk or labour-market fact."
za-career-import-export-administrator,Import-export Administrator,"Finance, admin and business operations",finance,mixed,stream_default,earning upside,70,high,32,low,55,medium,14,low,"Qualitative starter-style reality profile derived from linked route structure and research text. Use as a discussion prompt only, not as verified salary, injury-risk or labour-market fact."
za-career-importer-or-exporter,Importer or Exporter,"Logistics, transport and supply chain",logistics,logistics,stream_default,travel or movement,63,medium,80,high,62,medium,66,medium,"Qualitative starter-style reality profile derived from linked route structure and research text. Use as a discussion prompt only, not as verified salary, injury-risk or labour-market fact."
za-career-inbound-contact-centre-consultant,Inbound Contact Centre Consultant (Foreign-language Specialist),"Sales, marketing and customer work",people,mixed,starter_route_suggestions_average,physical safety risk,53,medium,27,low,60,medium,64,medium,"Qualitative starter-style reality profile derived from linked route structure and research text. Use as a discussion prompt only, not as verified salary, injury-risk or labour-market fact."
za-career-incident-response-specialist,Incident Response Specialist,"Technology, data and AI",tech,mixed,stream_default,earning upside,86,high,32,low,55,medium,17,low,"Qualitative starter-style reality profile derived from linked route structure and research text. Use as a discussion prompt only, not as verified salary, injury-risk or labour-market fact."
za-career-individual-fitness-instructor,Individual Fitness Instructor,"Hospitality, tourism, sport and events",hospitality,hospitality,starter_route_suggestions_average,earning upside,88,high,80,high,82,high,76,high,"Qualitative starter-style reality profile derived from linked route structure and research text. Use as a discussion prompt only, not as verified salary, injury-risk or labour-market fact."
za-career-industrial-designer,Industrial Designer,"Creative, media and design",creative,portfolio,direct_starter_route_profile,earning upside,88,high,27,low,66,medium,22,low,"Qualitative starter-style reality profile derived from linked route structure and research text. Use as a discussion prompt only, not as verified salary, injury-risk or labour-market fact."
za-career-industrial-engineer,Industrial Engineer,"Skilled trades, construction and engineering",practical,trade,direct_starter_route_profile,earning upside,88,high,80,high,60,medium,76,high,"Qualitative starter-style reality profile derived from linked route structure and research text. Use as a discussion prompt only, not as verified salary, injury-risk or labour-market fact."
za-career-industrial-engineering-technologist,Industrial Engineering Technologist,"Skilled trades, construction and engineering",practical,trade,starter_route_suggestions_average,earning upside,88,high,80,high,60,medium,76,high,"Qualitative starter-style reality profile derived from linked route structure and research text. Use as a discussion prompt only, not as verified salary, injury-risk or labour-market fact."
za-career-industrial-iot-technician,Industrial IoT Technician,"Manufacturing, mining and energy",engineering,trade,stream_default,physical safety risk,78,high,80,high,70,high,84,high,"Qualitative starter-style reality profile derived from linked route structure and research text. Use as a discussion prompt only, not as verified salary, injury-risk or labour-market fact."
za-career-industrial-machinery-mechanic,Industrial Machinery Mechanic,"Skilled trades, construction and engineering",practical,trade,stream_default,physical safety risk,74,high,78,high,78,high,80,high,"Qualitative starter-style reality profile derived from linked route structure and research text. Use as a discussion prompt only, not as verified salary, injury-risk or labour-market fact."
za-career-industrial-pharmacist,Industrial Pharmacist,"Health, care and social services",care,care,starter_route_suggestions_average,stress tolerance,53,medium,52,medium,92,high,50,medium,"Qualitative starter-style reality profile derived from linked route structure and research text. Use as a discussion prompt only, not as verified salary, injury-risk or labour-market fact."
za-career-industrial-products-sales-representative,Industrial Products Sales Representative,"Sales, marketing and customer work",people,mixed,starter_route_suggestions_average,physical safety risk,53,medium,27,low,50,medium,64,medium,"Qualitative starter-style reality profile derived from linked route structure and research text. Use as a discussion prompt only, not as verified salary, injury-risk or labour-market fact."
za-career-industrial-refrigeration-mechanic-plant-room-operator,Industrial Refrigeration Mechanic Plant Room Operator,"Skilled trades, construction and engineering",practical,trade,starter_route_suggestions_average,earning upside,88,high,88,high,50,medium,84,high,"Qualitative starter-style reality profile derived from linked route structure and research text. Use as a discussion prompt only, not as verified salary, injury-risk or labour-market fact."
za-career-industrial-water-plant-operator,Industrial Water Plant Operator,"Agriculture, food and environment",agri,vocational,stream_default,travel or movement,62,medium,80,high,64,medium,72,high,"Qualitative starter-style reality profile derived from linked route structure and research text. Use as a discussion prompt only, not as verified salary, injury-risk or labour-market fact."
za-career-industrial-water-process-controller,Industrial Water Process Controller,"Agriculture, food and environment",agri,vocational,stream_default,travel or movement,62,medium,80,high,64,medium,72,high,"Qualitative starter-style reality profile derived from linked route structure and research text. Use as a discussion prompt only, not as verified salary, injury-risk or labour-market fact."
za-career-industrial-labour-relations-officer,Industrial/ Labour Relations Officer,"Law, public service and public safety",public,public,starter_route_suggestions_average,stress tolerance,68,high,27,low,92,high,76,high,"Qualitative starter-style reality profile derived from linked route structure and research text. Use as a discussion prompt only, not as verified salary, injury-risk or labour-market fact."
za-career-inert-gas-system-installer,Inert Gas System Installer,"Technology, data and AI",tech,mixed,stream_default,earning upside,86,high,40,low,55,medium,37,low,"Qualitative starter-style reality profile derived from linked route structure and research text. Use as a discussion prompt only, not as verified salary, injury-risk or labour-market fact."
za-career-infection-prevention-and-control-practitioner,Infection Prevention and Control Practitioner,"Health, care and social services",care,care,starter_route_suggestions_average,stress tolerance,53,medium,52,medium,82,high,50,medium,"Qualitative starter-style reality profile derived from linked route structure and research text. Use as a discussion prompt only, not as verified salary, injury-risk or labour-market fact."
za-career-informal-trader-digital-platform-agent,Informal Trader Digital Platform Agent,"Informal, entrepreneurship and community economy",entrepreneur,entrepreneur,stream_default,travel or movement,62,medium,74,high,70,high,46,medium,"Qualitative starter-style reality profile derived from linked route structure and research text. Use as a discussion prompt only, not as verified salary, injury-risk or labour-market fact."
za-career-information-services-manager,Information Services Manager,"Finance, admin and business operations",finance,mixed,starter_route_suggestions_average,earning upside,88,high,27,low,50,medium,22,low,"Qualitative starter-style reality profile derived from linked route structure and research text. Use as a discussion prompt only, not as verified salary, injury-risk or labour-market fact."
za-career-information-systems-director,Information Systems Director,"Technology, data and AI",tech,mixed,starter_route_suggestions_average,earning upside,88,high,27,low,60,medium,22,low,"Qualitative starter-style reality profile derived from linked route structure and research text. Use as a discussion prompt only, not as verified salary, injury-risk or labour-market fact."
za-career-information-technology-and-systems-manager,Information Technology and Systems Manager,"Technology, data and AI",tech,mixed,starter_route_suggestions_average,earning upside,88,high,27,low,60,medium,34,low,"Qualitative starter-style reality profile derived from linked route structure and research text. Use as a discussion prompt only, not as verified salary, injury-risk or labour-market fact."
za-career-information-technology-manager,Information Technology Manager,"Technology, data and AI",tech,mixed,starter_route_suggestions_average,earning upside,88,high,27,low,50,medium,22,low,"Qualitative starter-style reality profile derived from linked route structure and research text. Use as a discussion prompt only, not as verified salary, injury-risk or labour-market fact."
za-career-infrastructure-coordinator,Infrastructure Coordinator,"Finance, admin and business operations",finance,mixed,starter_route_suggestions_average,earning upside,88,high,27,low,60,medium,34,low,"Qualitative starter-style reality profile derived from linked route structure and research text. Use as a discussion prompt only, not as verified salary, injury-risk or labour-market fact."
za-career-injection-moulding-machine-setter,Injection Moulding Machine Setter,"Manufacturing, mining and energy",engineering,trade,stream_default,physical safety risk,78,high,88,high,70,high,92,high,"Qualitative starter-style reality profile derived from linked route structure and research text. Use as a discussion prompt only, not as verified salary, injury-risk or labour-market fact."
za-career-instructional-designer,Instructional Designer,"Education, training and youth development",education,education,direct_starter_route_profile,earning upside,68,high,27,low,50,medium,22,low,"Qualitative starter-style reality profile derived from linked route structure and research text. Use as a discussion prompt only, not as verified salary, injury-risk or labour-market fact."
za-career-instrument-mechanician,Instrument Mechanician,"Skilled trades, construction and engineering",practical,trade,starter_route_suggestions_average,earning upside,88,high,88,high,50,medium,84,high,"Qualitative starter-style reality profile derived from linked route structure and research text. Use as a discussion prompt only, not as verified salary, injury-risk or labour-market fact."
za-career-insulation-installer,Insulation Installer,"Skilled trades, construction and engineering",practical,trade,starter_route_suggestions_average,earning upside,88,high,88,high,50,medium,84,high,"Qualitative starter-style reality profile derived from linked route structure and research text. Use as a discussion prompt only, not as verified salary, injury-risk or labour-market fact."
za-career-insurance-agent,Insurance Agent,"Finance, admin and business operations",finance,mixed,starter_route_suggestions_average,earning upside,88,high,27,low,50,medium,22,low,"Qualitative starter-style reality profile derived from linked route structure and research text. Use as a discussion prompt only, not as verified salary, injury-risk or labour-market fact."
za-career-insurance-agent-insurance-underwriter,Insurance Agent: Insurance Underwriter,"Finance, admin and business operations",finance,mixed,stream_default,earning upside,70,high,32,low,55,medium,26,low,"Qualitative starter-style reality profile derived from linked route structure and research text. Use as a discussion prompt only, not as verified salary, injury-risk or labour-market fact."
za-career-insurance-broker,Insurance Broker,"Finance, admin and business operations",finance,mixed,direct_starter_route_profile,earning upside,88,high,27,low,50,medium,22,low,"Qualitative starter-style reality profile derived from linked route structure and research text. Use as a discussion prompt only, not as verified salary, injury-risk or labour-market fact."
za-career-insurance-claims-administrator,Insurance Claims Administrator (Insurance Claims Assessor),"Finance, admin and business operations",finance,mixed,starter_route_suggestions_average,earning upside,88,high,27,low,50,medium,34,low,"Qualitative starter-style reality profile derived from linked route structure and research text. Use as a discussion prompt only, not as verified salary, injury-risk or labour-market fact."
za-career-insurance-loss-adjuster,Insurance Loss Adjuster,"Finance, admin and business operations",finance,mixed,stream_default,earning upside,70,high,32,low,55,medium,14,low,"Qualitative starter-style reality profile derived from linked route structure and research text. Use as a discussion prompt only, not as verified salary, injury-risk or labour-market fact."
za-career-insurance-underwriter,Insurance Underwriter,"Finance, admin and business operations",finance,mixed,starter_route_suggestions_average,earning upside,88,high,27,low,50,medium,34,low,"Qualitative starter-style reality profile derived from linked route structure and research text. Use as a discussion prompt only, not as verified salary, injury-risk or labour-market fact."
za-career-integrated-manufacturing-line-process-control-technician,Integrated Manufacturing Line Process Control Technician,"Manufacturing, mining and energy",engineering,trade,stream_default,physical safety risk,78,high,88,high,70,high,92,high,"Qualitative starter-style reality profile derived from linked route structure and research text. Use as a discussion prompt only, not as verified salary, injury-risk or labour-market fact."
za-career-intelligence-operator,Intelligence Operator,"Manufacturing, mining and energy",engineering,trade,starter_route_suggestions_average,earning upside,88,high,35,low,82,high,84,high,"Qualitative starter-style reality profile derived from linked route structure and research text. Use as a discussion prompt only, not as verified salary, injury-risk or labour-market fact."
za-career-intensive-care-ambulance-paramedic-ambulance-paramedic,Intensive Care Ambulance Paramedic/ Ambulance Paramedic,"Health, care and social services",care,care,stream_default,stress tolerance,66,medium,54,medium,90,high,60,medium,"Qualitative starter-style reality profile derived from linked route structure and research text. Use as a discussion prompt only, not as verified salary, injury-risk or labour-market fact."
za-career-intensive-care-technician,Intensive Care Technician,"Skilled trades, construction and engineering",practical,trade,stream_default,physical safety risk,74,high,78,high,78,high,80,high,"Qualitative starter-style reality profile derived from linked route structure and research text. Use as a discussion prompt only, not as verified salary, injury-risk or labour-market fact."
za-career-interior-designer,Interior Designer,"Skilled trades, construction and engineering",practical,trade,direct_starter_route_profile,earning upside,88,high,80,high,50,medium,64,medium,"Qualitative starter-style reality profile derived from linked route structure and research text. Use as a discussion prompt only, not as verified salary, injury-risk or labour-market fact."
za-career-intermediate-phase-school-teacher,Intermediate Phase School Teacher (Grades 4-6),"Education, training and youth development",education,education,starter_route_suggestions_average,earning upside,68,high,35,low,50,medium,30,low,"Qualitative starter-style reality profile derived from linked route structure and research text. Use as a discussion prompt only, not as verified salary, injury-risk or labour-market fact."
za-career-internal-audit-manager,Internal Audit Manager,"Finance, admin and business operations",finance,mixed,starter_route_suggestions_average,earning upside,88,high,27,low,50,medium,22,low,"Qualitative starter-style reality profile derived from linked route structure and research text. Use as a discussion prompt only, not as verified salary, injury-risk or labour-market fact."
za-career-internal-auditor,Internal Auditor,"Finance, admin and business operations",finance,mixed,direct_starter_route_profile,earning upside,88,high,27,low,50,medium,22,low,"Qualitative starter-style reality profile derived from linked route structure and research text. Use as a discussion prompt only, not as verified salary, injury-risk or labour-market fact."
za-career-international-customer-service-agent,International Customer Service Agent,"Sales, marketing and customer work",people,mixed,starter_route_suggestions_average,physical safety risk,53,medium,27,low,50,medium,76,high,"Qualitative starter-style reality profile derived from linked route structure and research text. Use as a discussion prompt only, not as verified salary, injury-risk or labour-market fact."
za-career-internet-of-things-developer,Internet-of-Things Developer,"Technology, data and AI",tech,mixed,starter_route_suggestions_average,earning upside,88,high,27,low,50,medium,34,low,"Qualitative starter-style reality profile derived from linked route structure and research text. Use as a discussion prompt only, not as verified salary, injury-risk or labour-market fact."
za-career-interpreter,Interpreter,"Creative, media and design",creative,portfolio,direct_starter_route_profile,earning upside,88,high,27,low,66,medium,22,low,"Qualitative starter-style reality profile derived from linked route structure and research text. Use as a discussion prompt only, not as verified salary, injury-risk or labour-market fact."
za-career-invasive-species-control-supervisor,Invasive Species Control Supervisor,"Manufacturing, mining and energy",engineering,trade,stream_default,physical safety risk,78,high,80,high,70,high,84,high,"Qualitative starter-style reality profile derived from linked route structure and research text. Use as a discussion prompt only, not as verified salary, injury-risk or labour-market fact."
za-career-inventory-data-analyst,Inventory Data Analyst,"Technology, data and AI",tech,mixed,starter_route_suggestions_average,earning upside,88,high,27,low,50,medium,34,low,"Qualitative starter-style reality profile derived from linked route structure and research text. Use as a discussion prompt only, not as verified salary, injury-risk or labour-market fact."
za-career-investment-adviser,Investment Adviser,"Skilled trades, construction and engineering",practical,trade,stream_default,physical safety risk,74,high,78,high,68,high,80,high,"Qualitative starter-style reality profile derived from linked route structure and research text. Use as a discussion prompt only, not as verified salary, injury-risk or labour-market fact."
za-career-investment-advisor,Investment Advisor,"Finance, admin and business operations",finance,mixed,starter_route_suggestions_average,earning upside,88,high,27,low,60,medium,22,low,"Qualitative starter-style reality profile derived from linked route structure and research text. Use as a discussion prompt only, not as verified salary, injury-risk or labour-market fact."
za-career-investment-manager,Investment Manager,"Management, strategy and leadership",people,mixed,direct_starter_route_profile,physical safety risk,53,medium,27,low,60,medium,64,medium,"Qualitative starter-style reality profile derived from linked route structure and research text. Use as a discussion prompt only, not as verified salary, injury-risk or labour-market fact."
za-career-iot-solutions-technician,IoT Solutions Technician,"Technology, data and AI",tech,mixed,stream_default,earning upside,86,high,32,low,55,medium,17,low,"Qualitative starter-style reality profile derived from linked route structure and research text. Use as a discussion prompt only, not as verified salary, injury-risk or labour-market fact."
za-career-ironer-or-presser,Ironer or Presser,"Skilled trades, construction and engineering",practical,trade,stream_default,physical safety risk,74,high,78,high,78,high,80,high,"Qualitative starter-style reality profile derived from linked route structure and research text. Use as a discussion prompt only, not as verified salary, injury-risk or labour-market fact."
za-career-irrigation-automation-technician,Irrigation Automation Technician,"Technology, data and AI",tech,mixed,stream_default,earning upside,86,high,40,low,55,medium,37,low,"Qualitative starter-style reality profile derived from linked route structure and research text. Use as a discussion prompt only, not as verified salary, injury-risk or labour-market fact."
za-career-irrigationist,Irrigationist,"Agriculture, food and environment",agri,vocational,stream_default,travel or movement,62,medium,80,high,74,high,72,high,"Qualitative starter-style reality profile derived from linked route structure and research text. Use as a discussion prompt only, not as verified salary, injury-risk or labour-market fact."
za-career-it-architect,IT Architect,"Skilled trades, construction and engineering",practical,trade,starter_route_suggestions_average,earning upside,88,high,80,high,60,medium,76,high,"Qualitative starter-style reality profile derived from linked route structure and research text. Use as a discussion prompt only, not as verified salary, injury-risk or labour-market fact."
za-career-it-engineer,IT Engineer,"Skilled trades, construction and engineering",practical,trade,starter_route_suggestions_average,earning upside,88,high,80,high,60,medium,76,high,"Qualitative starter-style reality profile derived from linked route structure and research text. Use as a discussion prompt only, not as verified salary, injury-risk or labour-market fact."
za-career-it-security-officer,IT Security Officer,"Law, public service and public safety",public,public,starter_route_suggestions_average,stress tolerance,68,high,27,low,92,high,76,high,"Qualitative starter-style reality profile derived from linked route structure and research text. Use as a discussion prompt only, not as verified salary, injury-risk or labour-market fact."
za-career-jetty-operator,Jetty Operator,"Manufacturing, mining and energy",engineering,trade,starter_route_suggestions_average,stress tolerance,88,high,27,low,92,high,76,high,"Qualitative starter-style reality profile derived from linked route structure and research text. Use as a discussion prompt only, not as verified salary, injury-risk or labour-market fact."
za-career-jockey,Jockey,"Finance, admin and business operations",finance,mixed,stream_default,earning upside,70,high,32,low,55,medium,14,low,"Qualitative starter-style reality profile derived from linked route structure and research text. Use as a discussion prompt only, not as verified salary, injury-risk or labour-market fact."
za-career-joiner,Joiner,"Skilled trades, construction and engineering",practical,trade,stream_default,physical safety risk,74,high,78,high,78,high,80,high,"Qualitative starter-style reality profile derived from linked route structure and research text. Use as a discussion prompt only, not as verified salary, injury-risk or labour-market fact."
za-career-journalist,Journalist,"Creative, media and design",creative,portfolio,direct_starter_route_profile,earning upside,88,high,27,low,66,medium,34,low,"Qualitative starter-style reality profile derived from linked route structure and research text. Use as a discussion prompt only, not as verified salary, injury-risk or labour-market fact."
za-career-judge,Judge,"Law, public service and public safety",public,public,direct_starter_route_profile,stress tolerance,68,high,27,low,92,high,76,high,"Qualitative starter-style reality profile derived from linked route structure and research text. Use as a discussion prompt only, not as verified salary, injury-risk or labour-market fact."
za-career-just-transition-skills-facilitator,Just Transition Skills Facilitator,"Manufacturing, mining and energy",engineering,trade,stream_default,physical safety risk,78,high,80,high,70,high,84,high,"Qualitative starter-style reality profile derived from linked route structure and research text. Use as a discussion prompt only, not as verified salary, injury-risk or labour-market fact."
za-career-key-cutter,Key Cutter,"Skilled trades, construction and engineering",practical,trade,stream_default,physical safety risk,74,high,78,high,68,high,80,high,"Qualitative starter-style reality profile derived from linked route structure and research text. Use as a discussion prompt only, not as verified salary, injury-risk or labour-market fact."
za-career-kitchen-hand,Kitchen Hand,"Hospitality, tourism, sport and events",hospitality,hospitality,direct_starter_route_profile,earning upside,88,high,80,high,82,high,76,high,"Qualitative starter-style reality profile derived from linked route structure and research text. Use as a discussion prompt only, not as verified salary, injury-risk or labour-market fact."
za-career-laboratory-manager,Laboratory Manager,"Manufacturing, mining and energy",engineering,trade,direct_starter_route_profile,stress tolerance,88,high,27,low,92,high,76,high,"Qualitative starter-style reality profile derived from linked route structure and research text. Use as a discussion prompt only, not as verified salary, injury-risk or labour-market fact."
za-career-labour-inspector,Labour Inspector,"Law, public service and public safety",public,public,direct_starter_route_profile,stress tolerance,68,high,27,low,82,high,76,high,"Qualitative starter-style reality profile derived from linked route structure and research text. Use as a discussion prompt only, not as verified salary, injury-risk or labour-market fact."
za-career-labour-market-analyst,Labour Market Analyst,"Law, public service and public safety",public,public,stream_default,stress tolerance,66,medium,54,medium,86,high,62,medium,"Qualitative starter-style reality profile derived from linked route structure and research text. Use as a discussion prompt only, not as verified salary, injury-risk or labour-market fact."
za-career-laminate-floor-finisher,Laminate Floor Finisher,"Skilled trades, construction and engineering",practical,trade,starter_route_suggestions_average,earning upside,88,high,80,high,50,medium,76,high,"Qualitative starter-style reality profile derived from linked route structure and research text. Use as a discussion prompt only, not as verified salary, injury-risk or labour-market fact."
za-career-lamproom-assistant,Lamproom Assistant,"Skilled trades, construction and engineering",practical,trade,stream_default,physical safety risk,74,high,78,high,68,high,80,high,"Qualitative starter-style reality profile derived from linked route structure and research text. Use as a discussion prompt only, not as verified salary, injury-risk or labour-market fact."
za-career-lamproom-supervisor,Lamproom Supervisor,"Skilled trades, construction and engineering",practical,trade,stream_default,physical safety risk,74,high,78,high,68,high,80,high,"Qualitative starter-style reality profile derived from linked route structure and research text. Use as a discussion prompt only, not as verified salary, injury-risk or labour-market fact."
za-career-landscape-architect,Landscape Architect,"Skilled trades, construction and engineering",practical,trade,direct_starter_route_profile,earning upside,88,high,80,high,60,medium,76,high,"Qualitative starter-style reality profile derived from linked route structure and research text. Use as a discussion prompt only, not as verified salary, injury-risk or labour-market fact."
za-career-landscape-contractor,Landscape Contractor,"Agriculture, food and environment",agri,vocational,starter_route_suggestions_average,travel or movement,53,medium,88,high,66,medium,84,high,"Qualitative starter-style reality profile derived from linked route structure and research text. Use as a discussion prompt only, not as verified salary, injury-risk or labour-market fact."
za-career-landscape-gardener,Landscape Gardener (Landscaping Supervisor),"Agriculture, food and environment",agri,vocational,direct_starter_route_profile,travel or movement,53,medium,88,high,76,high,84,high,"Qualitative starter-style reality profile derived from linked route structure and research text. Use as a discussion prompt only, not as verified salary, injury-risk or labour-market fact."
za-career-last-mile-delivery-coordinator,Last-Mile Delivery Coordinator,"Logistics, transport and supply chain",logistics,logistics,stream_default,travel or movement,63,medium,80,high,62,medium,66,medium,"Qualitative starter-style reality profile derived from linked route structure and research text. Use as a discussion prompt only, not as verified salary, injury-risk or labour-market fact."
za-career-lathe-operator,Lathe Operator,"Manufacturing, mining and energy",engineering,trade,direct_starter_route_profile,earning upside,88,high,35,low,82,high,84,high,"Qualitative starter-style reality profile derived from linked route structure and research text. Use as a discussion prompt only, not as verified salary, injury-risk or labour-market fact."
za-career-laundry-finisher,Laundry Finisher,"Skilled trades, construction and engineering",practical,trade,starter_route_suggestions_average,earning upside,88,high,80,high,50,medium,76,high,"Qualitative starter-style reality profile derived from linked route structure and research text. Use as a discussion prompt only, not as verified salary, injury-risk or labour-market fact."
za-career-laundry-sorter,Laundry Sorter,"Skilled trades, construction and engineering",practical,trade,stream_default,physical safety risk,74,high,78,high,68,high,80,high,"Qualitative starter-style reality profile derived from linked route structure and research text. Use as a discussion prompt only, not as verified salary, injury-risk or labour-market fact."
za-career-laundry-washer,Laundry Washer,"Skilled trades, construction and engineering",practical,trade,stream_default,physical safety risk,74,high,78,high,68,high,80,high,"Qualitative starter-style reality profile derived from linked route structure and research text. Use as a discussion prompt only, not as verified salary, injury-risk or labour-market fact."
za-career-laundry-worker,Laundry Worker,"Hospitality, tourism, sport and events",hospitality,hospitality,direct_starter_route_profile,stress tolerance,88,high,80,high,92,high,76,high,"Qualitative starter-style reality profile derived from linked route structure and research text. Use as a discussion prompt only, not as verified salary, injury-risk or labour-market fact."
za-career-learning-and-development-advisor,Learning and Development Advisor,"Education, training and youth development",education,education,starter_route_suggestions_average,earning upside,68,high,27,low,50,medium,34,low,"Qualitative starter-style reality profile derived from linked route structure and research text. Use as a discussion prompt only, not as verified salary, injury-risk or labour-market fact."
za-career-learning-experience-designer,Learning Experience Designer,"Creative, media and design",creative,portfolio,stream_default,stress tolerance,56,medium,50,medium,64,medium,16,low,"Qualitative starter-style reality profile derived from linked route structure and research text. Use as a discussion prompt only, not as verified salary, injury-risk or labour-market fact."
za-career-leather-tanning-machine-operator,Leather Tanning Machine Operator,"Manufacturing, mining and energy",engineering,trade,starter_route_suggestions_average,earning upside,88,high,35,low,82,high,84,high,"Qualitative starter-style reality profile derived from linked route structure and research text. Use as a discussion prompt only, not as verified salary, injury-risk or labour-market fact."
za-career-legal-administration-officer,Legal Administration Officer,"Law, public service and public safety",public,public,stream_default,stress tolerance,66,medium,54,medium,86,high,62,medium,"Qualitative starter-style reality profile derived from linked route structure and research text. Use as a discussion prompt only, not as verified salary, injury-risk or labour-market fact."
za-career-legal-clerk,Legal clerk,"Law, public service and public safety",public,public,starter_route_suggestions_average,stress tolerance,68,high,27,low,92,high,76,high,"Qualitative starter-style reality profile derived from linked route structure and research text. Use as a discussion prompt only, not as verified salary, injury-risk or labour-market fact."
za-career-legal-manager,Legal Manager,"Law, public service and public safety",public,public,starter_route_suggestions_average,stress tolerance,68,high,27,low,82,high,64,medium,"Qualitative starter-style reality profile derived from linked route structure and research text. Use as a discussion prompt only, not as verified salary, injury-risk or labour-market fact."
za-career-legal-services-manager,Legal Services Manager,"Law, public service and public safety",public,public,starter_route_suggestions_average,stress tolerance,68,high,27,low,92,high,76,high,"Qualitative starter-style reality profile derived from linked route structure and research text. Use as a discussion prompt only, not as verified salary, injury-risk or labour-market fact."
za-career-librarian,Librarian,"Education, training and youth development",education,education,direct_starter_route_profile,earning upside,68,high,27,low,50,medium,22,low,"Qualitative starter-style reality profile derived from linked route structure and research text. Use as a discussion prompt only, not as verified salary, injury-risk or labour-market fact."
za-career-library-assistant,Library Assistant,"Education, training and youth development",education,education,direct_starter_route_profile,earning upside,68,high,27,low,50,medium,34,low,"Qualitative starter-style reality profile derived from linked route structure and research text. Use as a discussion prompt only, not as verified salary, injury-risk or labour-market fact."
za-career-library-manager,Library Manager,"Creative, media and design",creative,portfolio,starter_route_suggestions_average,earning upside,88,high,27,low,76,high,34,low,"Qualitative starter-style reality profile derived from linked route structure and research text. Use as a discussion prompt only, not as verified salary, injury-risk or labour-market fact."
za-career-library-technician,Library Technician,"Skilled trades, construction and engineering",practical,trade,starter_route_suggestions_average,earning upside,88,high,80,high,60,medium,76,high,"Qualitative starter-style reality profile derived from linked route structure and research text. Use as a discussion prompt only, not as verified salary, injury-risk or labour-market fact."
za-career-life-science-technician,Life Science Technician,"Science, research and frontier careers",science,science,stream_default,earning upside,80,high,50,medium,72,high,34,low,"Qualitative starter-style reality profile derived from linked route structure and research text. Use as a discussion prompt only, not as verified salary, injury-risk or labour-market fact."
za-career-lift-mechanic,Lift Mechanic,"Skilled trades, construction and engineering",practical,trade,starter_route_suggestions_average,earning upside,88,high,88,high,50,medium,84,high,"Qualitative starter-style reality profile derived from linked route structure and research text. Use as a discussion prompt only, not as verified salary, injury-risk or labour-market fact."
za-career-lift-operator,Lift Operator,"Manufacturing, mining and energy",engineering,trade,starter_route_suggestions_average,stress tolerance,88,high,27,low,92,high,76,high,"Qualitative starter-style reality profile derived from linked route structure and research text. Use as a discussion prompt only, not as verified salary, injury-risk or labour-market fact."
za-career-light-vehicle-driver,Light Vehicle Driver,"Logistics, transport and supply chain",logistics,logistics,stream_default,travel or movement,63,medium,80,high,72,high,66,medium,"Qualitative starter-style reality profile derived from linked route structure and research text. Use as a discussion prompt only, not as verified salary, injury-risk or labour-market fact."
za-career-linguist,Linguist,"Finance, admin and business operations",finance,mixed,stream_default,earning upside,70,high,32,low,55,medium,14,low,"Qualitative starter-style reality profile derived from linked route structure and research text. Use as a discussion prompt only, not as verified salary, injury-risk or labour-market fact."
za-career-linoleum-floor-finisher,Linoleum Floor Finisher,"Skilled trades, construction and engineering",practical,trade,starter_route_suggestions_average,earning upside,88,high,80,high,50,medium,76,high,"Qualitative starter-style reality profile derived from linked route structure and research text. Use as a discussion prompt only, not as verified salary, injury-risk or labour-market fact."
za-career-liquid-long-life-dairy-products-maker,Liquid Long Life Dairy Products Maker,"Agriculture, food and environment",agri,vocational,stream_default,travel or movement,62,medium,88,high,64,medium,80,high,"Qualitative starter-style reality profile derived from linked route structure and research text. Use as a discussion prompt only, not as verified salary, injury-risk or labour-market fact."
za-career-livestock-data-technician,Livestock Data Technician,"Technology, data and AI",tech,mixed,stream_default,earning upside,86,high,40,low,55,medium,37,low,"Qualitative starter-style reality profile derived from linked route structure and research text. Use as a discussion prompt only, not as verified salary, injury-risk or labour-market fact."
za-career-livestock-farmer,Livestock Farmer (Livestock Farm Supervisor),"Agriculture, food and environment",agri,vocational,direct_starter_route_profile,travel or movement,53,medium,88,high,66,medium,84,high,"Qualitative starter-style reality profile derived from linked route structure and research text. Use as a discussion prompt only, not as verified salary, injury-risk or labour-market fact."
za-career-livestock-inspector,Livestock Inspector,"Agriculture, food and environment",agri,vocational,starter_route_suggestions_average,travel or movement,53,medium,80,high,76,high,76,high,"Qualitative starter-style reality profile derived from linked route structure and research text. Use as a discussion prompt only, not as verified salary, injury-risk or labour-market fact."
za-career-livestock-product-analyst,Livestock Product Analyst,"Agriculture, food and environment",agri,vocational,stream_default,travel or movement,62,medium,80,high,74,high,72,high,"Qualitative starter-style reality profile derived from linked route structure and research text. Use as a discussion prompt only, not as verified salary, injury-risk or labour-market fact."
za-career-lms-administrator,LMS Administrator,"Education, training and youth development",education,education,stream_default,earning upside,60,medium,38,low,60,medium,16,low,"Qualitative starter-style reality profile derived from linked route structure and research text. Use as a discussion prompt only, not as verified salary, injury-risk or labour-market fact."
za-career-loader-operator,Loader Operator,"Manufacturing, mining and energy",engineering,trade,starter_route_suggestions_average,earning upside,88,high,35,low,82,high,84,high,"Qualitative starter-style reality profile derived from linked route structure and research text. Use as a discussion prompt only, not as verified salary, injury-risk or labour-market fact."
za-career-locksmith,Locksmith,"Skilled trades, construction and engineering",practical,trade,direct_starter_route_profile,earning upside,88,high,88,high,50,medium,84,high,"Qualitative starter-style reality profile derived from linked route structure and research text. Use as a discussion prompt only, not as verified salary, injury-risk or labour-market fact."
za-career-log-yard-operator,Log Yard Operator,"Manufacturing, mining and energy",engineering,trade,stream_default,physical safety risk,78,high,88,high,70,high,92,high,"Qualitative starter-style reality profile derived from linked route structure and research text. Use as a discussion prompt only, not as verified salary, injury-risk or labour-market fact."
za-career-logging-plant-operator,Logging Plant Operator,"Manufacturing, mining and energy",engineering,trade,starter_route_suggestions_average,stress tolerance,88,high,27,low,92,high,76,high,"Qualitative starter-style reality profile derived from linked route structure and research text. Use as a discussion prompt only, not as verified salary, injury-risk or labour-market fact."
za-career-logistics-and-supply-chain-manager,Logistics and Supply Chain Manager,"Logistics, transport and supply chain",logistics,logistics,direct_starter_route_profile,earning upside,68,high,27,low,60,medium,64,medium,"Qualitative starter-style reality profile derived from linked route structure and research text. Use as a discussion prompt only, not as verified salary, injury-risk or labour-market fact."
za-career-logistics-manager,Logistics Manager,"Logistics, transport and supply chain",logistics,logistics,direct_starter_route_profile,physical safety risk,68,high,27,low,60,medium,76,high,"Qualitative starter-style reality profile derived from linked route structure and research text. Use as a discussion prompt only, not as verified salary, injury-risk or labour-market fact."
za-career-long-term-insurance-adviser,Long Term Insurance Adviser,"Finance, admin and business operations",finance,mixed,stream_default,earning upside,70,high,32,low,55,medium,26,low,"Qualitative starter-style reality profile derived from linked route structure and research text. Use as a discussion prompt only, not as verified salary, injury-risk or labour-market fact."
za-career-low-voltage-electric-cable-jointer,Low Voltage Electric Cable Jointer,"Skilled trades, construction and engineering",practical,trade,stream_default,physical safety risk,74,high,86,high,68,high,88,high,"Qualitative starter-style reality profile derived from linked route structure and research text. Use as a discussion prompt only, not as verified salary, injury-risk or labour-market fact."
za-career-low-voltage-power-line-construction-practitioner,Low Voltage Power Line Construction Practitioner,"Skilled trades, construction and engineering",practical,trade,stream_default,physical safety risk,74,high,78,high,68,high,80,high,"Qualitative starter-style reality profile derived from linked route structure and research text. Use as a discussion prompt only, not as verified salary, injury-risk or labour-market fact."
za-career-low-voltage-power-line-maintenance-practitioner,Low Voltage Power Line Maintenance Practitioner,"Skilled trades, construction and engineering",practical,trade,stream_default,physical safety risk,74,high,78,high,68,high,80,high,"Qualitative starter-style reality profile derived from linked route structure and research text. Use as a discussion prompt only, not as verified salary, injury-risk or labour-market fact."
za-career-low-code-developer,Low-Code Developer,"Technology, data and AI",tech,mixed,stream_default,earning upside,86,high,32,low,55,medium,17,low,"Qualitative starter-style reality profile derived from linked route structure and research text. Use as a discussion prompt only, not as verified salary, injury-risk or labour-market fact."
za-career-lubrication-equipment-mechanic,Lubrication Equipment Mechanic,"Skilled trades, construction and engineering",practical,trade,stream_default,physical safety risk,74,high,86,high,68,high,88,high,"Qualitative starter-style reality profile derived from linked route structure and research text. Use as a discussion prompt only, not as verified salary, injury-risk or labour-market fact."
za-career-machine-learning-engineer,Machine Learning Engineer,"Technology, data and AI",tech,mixed,direct_starter_route_profile,earning upside,88,high,27,low,50,medium,22,low,"Qualitative starter-style reality profile derived from linked route structure and research text. Use as a discussion prompt only, not as verified salary, injury-risk or labour-market fact."
za-career-machine-shorthand-reporter,Machine shorthand reporter,"Finance, admin and business operations",finance,mixed,stream_default,earning upside,70,high,32,low,65,medium,26,low,"Qualitative starter-style reality profile derived from linked route structure and research text. Use as a discussion prompt only, not as verified salary, injury-risk or labour-market fact."
za-career-machinery-assembler,Machinery Assembler,"Manufacturing, mining and energy",engineering,trade,starter_route_suggestions_average,stress tolerance,88,high,27,low,92,high,76,high,"Qualitative starter-style reality profile derived from linked route structure and research text. Use as a discussion prompt only, not as verified salary, injury-risk or labour-market fact."
za-career-magistrate,Magistrate,"Law, public service and public safety",public,public,direct_starter_route_profile,stress tolerance,68,high,27,low,92,high,76,high,"Qualitative starter-style reality profile derived from linked route structure and research text. Use as a discussion prompt only, not as verified salary, injury-risk or labour-market fact."
za-career-maintenance-officer,Maintenance Officer,"Finance, admin and business operations",finance,mixed,starter_route_suggestions_average,earning upside,88,high,27,low,60,medium,34,low,"Qualitative starter-style reality profile derived from linked route structure and research text. Use as a discussion prompt only, not as verified salary, injury-risk or labour-market fact."
za-career-maintenance-planner,Maintenance Planner,"Skilled trades, construction and engineering",practical,trade,stream_default,physical safety risk,74,high,78,high,68,high,80,high,"Qualitative starter-style reality profile derived from linked route structure and research text. Use as a discussion prompt only, not as verified salary, injury-risk or labour-market fact."
za-career-man-made-fibre-extrusion-machine-operator,Man-made Fibre Extrusion Machine Operator,"Manufacturing, mining and energy",engineering,trade,starter_route_suggestions_average,earning upside,88,high,35,low,82,high,84,high,"Qualitative starter-style reality profile derived from linked route structure and research text. Use as a discussion prompt only, not as verified salary, injury-risk or labour-market fact."
za-career-man-made-fibre-production-machine-operator,Man-made Fibre Production Machine Operator,"Manufacturing, mining and energy",engineering,trade,starter_route_suggestions_average,earning upside,88,high,35,low,82,high,84,high,"Qualitative starter-style reality profile derived from linked route structure and research text. Use as a discussion prompt only, not as verified salary, injury-risk or labour-market fact."
za-career-man-made-fibre-texturing-production-machine-operator,Man-made Fibre Texturing Production Machine Operator,"Manufacturing, mining and energy",engineering,trade,starter_route_suggestions_average,earning upside,88,high,35,low,82,high,84,high,"Qualitative starter-style reality profile derived from linked route structure and research text. Use as a discussion prompt only, not as verified salary, injury-risk or labour-market fact."
za-career-management-accountant,Management Accountant,"Finance, admin and business operations",finance,mixed,direct_starter_route_profile,earning upside,88,high,27,low,50,medium,22,low,"Qualitative starter-style reality profile derived from linked route structure and research text. Use as a discussion prompt only, not as verified salary, injury-risk or labour-market fact."
za-career-management-accounting-officer,Management Accounting Officer,"Finance, admin and business operations",finance,mixed,starter_route_suggestions_average,earning upside,88,high,27,low,50,medium,34,low,"Qualitative starter-style reality profile derived from linked route structure and research text. Use as a discussion prompt only, not as verified salary, injury-risk or labour-market fact."
za-career-management-accounting-practitioner,Management Accounting Practitioner,"Finance, admin and business operations",finance,mixed,starter_route_suggestions_average,earning upside,88,high,27,low,50,medium,34,low,"Qualitative starter-style reality profile derived from linked route structure and research text. Use as a discussion prompt only, not as verified salary, injury-risk or labour-market fact."
za-career-management-accounting-specialist,Management Accounting Specialist,"Finance, admin and business operations",finance,mixed,starter_route_suggestions_average,earning upside,88,high,27,low,50,medium,34,low,"Qualitative starter-style reality profile derived from linked route structure and research text. Use as a discussion prompt only, not as verified salary, injury-risk or labour-market fact."
za-career-management-assistant,Management Assistant,"Skilled trades, construction and engineering",practical,trade,starter_route_suggestions_average,earning upside,88,high,80,high,50,medium,76,high,"Qualitative starter-style reality profile derived from linked route structure and research text. Use as a discussion prompt only, not as verified salary, injury-risk or labour-market fact."
za-career-management-consultant,Management Consultant,"Finance, admin and business operations",finance,mixed,direct_starter_route_profile,earning upside,88,high,27,low,50,medium,22,low,"Qualitative starter-style reality profile derived from linked route structure and research text. Use as a discussion prompt only, not as verified salary, injury-risk or labour-market fact."
za-career-manager-education-and-training,Manager: Education and Training,"Education, training and youth development",education,education,starter_route_suggestions_average,earning upside,68,high,35,low,60,medium,42,low,"Qualitative starter-style reality profile derived from linked route structure and research text. Use as a discussion prompt only, not as verified salary, injury-risk or labour-market fact."
za-career-manufacturing-operations-manager,Manufacturing Operations Manager,"Manufacturing, mining and energy",engineering,trade,starter_route_suggestions_average,earning upside,88,high,27,low,82,high,76,high,"Qualitative starter-style reality profile derived from linked route structure and research text. Use as a discussion prompt only, not as verified salary, injury-risk or labour-market fact."
za-career-manufacturing-production-process-controller,Manufacturing Production Process Controller,"Manufacturing, mining and energy",engineering,trade,stream_default,physical safety risk,78,high,88,high,70,high,92,high,"Qualitative starter-style reality profile derived from linked route structure and research text. Use as a discussion prompt only, not as verified salary, injury-risk or labour-market fact."
za-career-manufacturing-research-chemist,Manufacturing Research Chemist,"Science, research and frontier careers",science,science,stream_default,earning upside,80,high,58,medium,62,medium,54,medium,"Qualitative starter-style reality profile derived from linked route structure and research text. Use as a discussion prompt only, not as verified salary, injury-risk or labour-market fact."
za-career-manufacturing-technician,Manufacturing Technician,"Manufacturing, mining and energy",engineering,trade,starter_route_suggestions_average,earning upside,88,high,35,low,82,high,84,high,"Qualitative starter-style reality profile derived from linked route structure and research text. Use as a discussion prompt only, not as verified salary, injury-risk or labour-market fact."
za-career-manufacturing-workshop-assistant,Manufacturing Workshop Assistant,"Manufacturing, mining and energy",engineering,trade,starter_route_suggestions_average,earning upside,88,high,35,low,82,high,84,high,"Qualitative starter-style reality profile derived from linked route structure and research text. Use as a discussion prompt only, not as verified salary, injury-risk or labour-market fact."
za-career-marimba-maker-and-repairer,Marimba Maker and Repairer,"Skilled trades, construction and engineering",practical,trade,stream_default,physical safety risk,74,high,78,high,68,high,80,high,"Qualitative starter-style reality profile derived from linked route structure and research text. Use as a discussion prompt only, not as verified salary, injury-risk or labour-market fact."
za-career-marimba-tuner,Marimba Tuner,"Skilled trades, construction and engineering",practical,trade,stream_default,physical safety risk,74,high,78,high,68,high,80,high,"Qualitative starter-style reality profile derived from linked route structure and research text. Use as a discussion prompt only, not as verified salary, injury-risk or labour-market fact."
za-career-marine-biologist,Marine Biologist,"Science, research and frontier careers",science,science,starter_route_suggestions_average,earning upside,88,high,80,high,60,medium,76,high,"Qualitative starter-style reality profile derived from linked route structure and research text. Use as a discussion prompt only, not as verified salary, injury-risk or labour-market fact."
za-career-marine-electro-technical-officer,Marine Electro-Technical Officer,"Science, research and frontier careers",science,science,stream_default,earning upside,80,high,50,medium,62,medium,46,medium,"Qualitative starter-style reality profile derived from linked route structure and research text. Use as a discussion prompt only, not as verified salary, injury-risk or labour-market fact."
za-career-marine-electro-technical-rating,Marine Electro-Technical Rating,"Science, research and frontier careers",science,science,stream_default,earning upside,80,high,58,medium,62,medium,54,medium,"Qualitative starter-style reality profile derived from linked route structure and research text. Use as a discussion prompt only, not as verified salary, injury-risk or labour-market fact."
za-career-marine-engineer,Marine Engineer,"Science, research and frontier careers",science,science,stream_default,earning upside,80,high,50,medium,72,high,46,medium,"Qualitative starter-style reality profile derived from linked route structure and research text. Use as a discussion prompt only, not as verified salary, injury-risk or labour-market fact."
za-career-marine-engineering-technologist,Marine Engineering Technologist,"Science, research and frontier careers",science,science,stream_default,earning upside,80,high,50,medium,72,high,46,medium,"Qualitative starter-style reality profile derived from linked route structure and research text. Use as a discussion prompt only, not as verified salary, injury-risk or labour-market fact."
za-career-marine-gis-technician,Marine GIS Technician,"Technology, data and AI",tech,mixed,starter_route_suggestions_average,earning upside,88,high,27,low,60,medium,34,low,"Qualitative starter-style reality profile derived from linked route structure and research text. Use as a discussion prompt only, not as verified salary, injury-risk or labour-market fact."
za-career-marine-safety-officer,Marine Safety Officer,"Science, research and frontier careers",science,science,stream_default,earning upside,80,high,50,medium,72,high,46,medium,"Qualitative starter-style reality profile derived from linked route structure and research text. Use as a discussion prompt only, not as verified salary, injury-risk or labour-market fact."
za-career-marine-spatial-planner,Marine Spatial Planner,"Science, research and frontier careers",science,science,stream_default,earning upside,80,high,50,medium,72,high,46,medium,"Qualitative starter-style reality profile derived from linked route structure and research text. Use as a discussion prompt only, not as verified salary, injury-risk or labour-market fact."
za-career-maritime-search-and-rescue-mission-co-ordinator,Maritime Search and Rescue Mission Co- ordinator,"Law, public service and public safety",public,public,stream_default,stress tolerance,66,medium,54,medium,76,high,62,medium,"Qualitative starter-style reality profile derived from linked route structure and research text. Use as a discussion prompt only, not as verified salary, injury-risk or labour-market fact."
za-career-maritime-search-and-rescue-mission-coordinator,Maritime Search and Rescue Mission Coordinator,"Logistics, transport and supply chain",logistics,logistics,stream_default,travel or movement,63,medium,80,high,62,medium,66,medium,"Qualitative starter-style reality profile derived from linked route structure and research text. Use as a discussion prompt only, not as verified salary, injury-risk or labour-market fact."
za-career-market-research-analyst,Market Research Analyst,"Sales, marketing and customer work",people,mixed,direct_starter_route_profile,physical safety risk,53,medium,27,low,50,medium,76,high,"Qualitative starter-style reality profile derived from linked route structure and research text. Use as a discussion prompt only, not as verified salary, injury-risk or labour-market fact."
za-career-marketing-coordinator,Marketing Coordinator,"Sales, marketing and customer work",people,mixed,direct_starter_route_profile,physical safety risk,53,medium,27,low,50,medium,76,high,"Qualitative starter-style reality profile derived from linked route structure and research text. Use as a discussion prompt only, not as verified salary, injury-risk or labour-market fact."
za-career-marketing-practitioner,Marketing Practitioner,"Sales, marketing and customer work",people,mixed,starter_route_suggestions_average,physical safety risk,53,medium,27,low,50,medium,64,medium,"Qualitative starter-style reality profile derived from linked route structure and research text. Use as a discussion prompt only, not as verified salary, injury-risk or labour-market fact."
za-career-master-of-the-court,Master of the Court,"Law, public service and public safety",public,public,starter_route_suggestions_average,stress tolerance,68,high,27,low,92,high,76,high,"Qualitative starter-style reality profile derived from linked route structure and research text. Use as a discussion prompt only, not as verified salary, injury-risk or labour-market fact."
za-career-master-toolmaker,Master Toolmaker (Casting and Die-Casting Mouldmaker Master Toolmaker),"Skilled trades, construction and engineering",practical,trade,starter_route_suggestions_average,earning upside,88,high,88,high,50,medium,84,high,"Qualitative starter-style reality profile derived from linked route structure and research text. Use as a discussion prompt only, not as verified salary, injury-risk or labour-market fact."
za-career-materials-recycler,Materials Recycler (Paper and Packaging Collector),"Manufacturing, mining and energy",engineering,trade,starter_route_suggestions_average,earning upside,88,high,35,low,82,high,84,high,"Qualitative starter-style reality profile derived from linked route structure and research text. Use as a discussion prompt only, not as verified salary, injury-risk or labour-market fact."
za-career-materials-scientist,Materials Scientist,"Manufacturing, mining and energy",engineering,trade,direct_starter_route_profile,stress tolerance,88,high,27,low,92,high,64,medium,"Qualitative starter-style reality profile derived from linked route structure and research text. Use as a discussion prompt only, not as verified salary, injury-risk or labour-market fact."
za-career-maternal-and-child-health-coordinator,Maternal and Child Health Coordinator,"Health, care and social services",care,care,stream_default,stress tolerance,66,medium,54,medium,80,high,48,medium,"Qualitative starter-style reality profile derived from linked route structure and research text. Use as a discussion prompt only, not as verified salary, injury-risk or labour-market fact."
za-career-mathematician,Mathematician,"Finance, admin and business operations",finance,mixed,direct_starter_route_profile,earning upside,88,high,27,low,50,medium,22,low,"Qualitative starter-style reality profile derived from linked route structure and research text. Use as a discussion prompt only, not as verified salary, injury-risk or labour-market fact."
za-career-mechanic-trade-assistant,Mechanic Trade Assistant,"Skilled trades, construction and engineering",practical,trade,starter_route_suggestions_average,earning upside,88,high,80,high,60,medium,76,high,"Qualitative starter-style reality profile derived from linked route structure and research text. Use as a discussion prompt only, not as verified salary, injury-risk or labour-market fact."
za-career-mechanical-engineer,Mechanical Engineer,"Skilled trades, construction and engineering",practical,trade,direct_starter_route_profile,earning upside,88,high,80,high,60,medium,76,high,"Qualitative starter-style reality profile derived from linked route structure and research text. Use as a discussion prompt only, not as verified salary, injury-risk or labour-market fact."
za-career-mechanical-engineering-technician,Mechanical Engineering Technician,"Skilled trades, construction and engineering",practical,trade,direct_starter_route_profile,earning upside,88,high,80,high,60,medium,76,high,"Qualitative starter-style reality profile derived from linked route structure and research text. Use as a discussion prompt only, not as verified salary, injury-risk or labour-market fact."
za-career-mechanical-engineering-technologist,Mechanical Engineering Technologist,"Skilled trades, construction and engineering",practical,trade,starter_route_suggestions_average,earning upside,88,high,80,high,60,medium,76,high,"Qualitative starter-style reality profile derived from linked route structure and research text. Use as a discussion prompt only, not as verified salary, injury-risk or labour-market fact."
za-career-mechanical-fitter,Mechanical Fitter,"Skilled trades, construction and engineering",practical,trade,starter_route_suggestions_average,earning upside,88,high,88,high,50,medium,84,high,"Qualitative starter-style reality profile derived from linked route structure and research text. Use as a discussion prompt only, not as verified salary, injury-risk or labour-market fact."
za-career-mechanised-soft-cover-bookbinding-technician,Mechanised Soft-Cover Bookbinding Technician,"Skilled trades, construction and engineering",practical,trade,stream_default,physical safety risk,74,high,78,high,68,high,80,high,"Qualitative starter-style reality profile derived from linked route structure and research text. Use as a discussion prompt only, not as verified salary, injury-risk or labour-market fact."
za-career-mechatronics-technician,Mechatronics Technician,"Skilled trades, construction and engineering",practical,trade,direct_starter_route_profile,earning upside,88,high,88,high,50,medium,84,high,"Qualitative starter-style reality profile derived from linked route structure and research text. Use as a discussion prompt only, not as verified salary, injury-risk or labour-market fact."
za-career-medical-assistant,Medical Assistant,"Health, care and social services",care,care,starter_route_suggestions_average,stress tolerance,53,medium,60,medium,92,high,70,high,"Qualitative starter-style reality profile derived from linked route structure and research text. Use as a discussion prompt only, not as verified salary, injury-risk or labour-market fact."
za-career-medical-billing-process-agent,Medical Billing Process Agent,"Health, care and social services",care,care,stream_default,stress tolerance,66,medium,54,medium,80,high,60,medium,"Qualitative starter-style reality profile derived from linked route structure and research text. Use as a discussion prompt only, not as verified salary, injury-risk or labour-market fact."
za-career-medical-biological-scientist,Medical Biological Scientist,"Health, care and social services",care,care,starter_route_suggestions_average,stress tolerance,53,medium,52,medium,92,high,62,medium,"Qualitative starter-style reality profile derived from linked route structure and research text. Use as a discussion prompt only, not as verified salary, injury-risk or labour-market fact."
za-career-medical-claims-analyst,Medical Claims Analyst,"Health, care and social services",care,care,stream_default,stress tolerance,66,medium,54,medium,80,high,48,medium,"Qualitative starter-style reality profile derived from linked route structure and research text. Use as a discussion prompt only, not as verified salary, injury-risk or labour-market fact."
za-career-medical-device-technician,Medical Device Technician,"Health, care and social services",care,care,starter_route_suggestions_average,stress tolerance,53,medium,52,medium,82,high,50,medium,"Qualitative starter-style reality profile derived from linked route structure and research text. Use as a discussion prompt only, not as verified salary, injury-risk or labour-market fact."
za-career-medical-diagnostic-radiographer,Medical Diagnostic Radiographer,"Health, care and social services",care,care,stream_default,stress tolerance,66,medium,62,medium,80,high,56,medium,"Qualitative starter-style reality profile derived from linked route structure and research text. Use as a discussion prompt only, not as verified salary, injury-risk or labour-market fact."
za-career-medical-electronic-equipment-operator,Medical Electronic Equipment Operator,"Health, care and social services",care,care,stream_default,stress tolerance,66,medium,54,medium,90,high,60,medium,"Qualitative starter-style reality profile derived from linked route structure and research text. Use as a discussion prompt only, not as verified salary, injury-risk or labour-market fact."
za-career-medical-gas-system-installer,Medical Gas System Installer,"Health, care and social services",care,care,stream_default,stress tolerance,66,medium,62,medium,80,high,68,high,"Qualitative starter-style reality profile derived from linked route structure and research text. Use as a discussion prompt only, not as verified salary, injury-risk or labour-market fact."
za-career-medical-geneticist,Medical Geneticist,"Health, care and social services",care,care,starter_route_suggestions_average,stress tolerance,53,medium,52,medium,92,high,62,medium,"Qualitative starter-style reality profile derived from linked route structure and research text. Use as a discussion prompt only, not as verified salary, injury-risk or labour-market fact."
za-career-medical-laboratory-scientist,Medical Laboratory Scientist,"Health, care and social services",care,care,starter_route_suggestions_average,stress tolerance,53,medium,60,medium,92,high,70,high,"Qualitative starter-style reality profile derived from linked route structure and research text. Use as a discussion prompt only, not as verified salary, injury-risk or labour-market fact."
za-career-medical-laboratory-technician,Medical Laboratory Technician,"Health, care and social services",care,care,direct_starter_route_profile,stress tolerance,53,medium,60,medium,92,high,70,high,"Qualitative starter-style reality profile derived from linked route structure and research text. Use as a discussion prompt only, not as verified salary, injury-risk or labour-market fact."
za-career-medical-orthotist,Medical Orthotist,"Health, care and social services",care,care,starter_route_suggestions_average,stress tolerance,53,medium,60,medium,92,high,70,high,"Qualitative starter-style reality profile derived from linked route structure and research text. Use as a discussion prompt only, not as verified salary, injury-risk or labour-market fact."
za-career-medical-practitioner,Medical Practitioner,"Health, care and social services",care,care,direct_starter_route_profile,stress tolerance,53,medium,52,medium,92,high,62,medium,"Qualitative starter-style reality profile derived from linked route structure and research text. Use as a discussion prompt only, not as verified salary, injury-risk or labour-market fact."
za-career-medical-radiation-therapist,Medical Radiation Therapist,"Health, care and social services",care,care,stream_default,stress tolerance,66,medium,54,medium,90,high,60,medium,"Qualitative starter-style reality profile derived from linked route structure and research text. Use as a discussion prompt only, not as verified salary, injury-risk or labour-market fact."
za-career-medical-scientist,Medical Scientist,"Health, care and social services",care,care,direct_starter_route_profile,stress tolerance,53,medium,60,medium,82,high,58,medium,"Qualitative starter-style reality profile derived from linked route structure and research text. Use as a discussion prompt only, not as verified salary, injury-risk or labour-market fact."
za-career-medical-secretary,Medical secretary,"Health, care and social services",care,care,starter_route_suggestions_average,stress tolerance,53,medium,52,medium,92,high,62,medium,"Qualitative starter-style reality profile derived from linked route structure and research text. Use as a discussion prompt only, not as verified salary, injury-risk or labour-market fact."
za-career-medical-superintendent,Medical Superintendent,"Health, care and social services",care,care,direct_starter_route_profile,stress tolerance,53,medium,52,medium,92,high,62,medium,"Qualitative starter-style reality profile derived from linked route structure and research text. Use as a discussion prompt only, not as verified salary, injury-risk or labour-market fact."
za-career-medical-technical-officer,Medical Technical Officer,"Health, care and social services",care,care,starter_route_suggestions_average,stress tolerance,53,medium,52,medium,92,high,62,medium,"Qualitative starter-style reality profile derived from linked route structure and research text. Use as a discussion prompt only, not as verified salary, injury-risk or labour-market fact."
za-career-medical-technician,Medical Technician,"Health, care and social services",care,care,starter_route_suggestions_average,stress tolerance,53,medium,60,medium,82,high,58,medium,"Qualitative starter-style reality profile derived from linked route structure and research text. Use as a discussion prompt only, not as verified salary, injury-risk or labour-market fact."
za-career-medium-voltage-power-line-construction-practitioner,Medium Voltage Power Line Construction Practitioner,"Skilled trades, construction and engineering",practical,trade,stream_default,physical safety risk,74,high,78,high,68,high,80,high,"Qualitative starter-style reality profile derived from linked route structure and research text. Use as a discussion prompt only, not as verified salary, injury-risk or labour-market fact."
za-career-medium-voltage-power-line-maintenance-practitioner,Medium Voltage Power Line Maintenance Practitioner,"Skilled trades, construction and engineering",practical,trade,stream_default,physical safety risk,74,high,78,high,68,high,80,high,"Qualitative starter-style reality profile derived from linked route structure and research text. Use as a discussion prompt only, not as verified salary, injury-risk or labour-market fact."
za-career-melter,Melter,"Skilled trades, construction and engineering",practical,trade,stream_default,physical safety risk,74,high,78,high,68,high,80,high,"Qualitative starter-style reality profile derived from linked route structure and research text. Use as a discussion prompt only, not as verified salary, injury-risk or labour-market fact."
za-career-mental-health-peer-support-worker,Mental Health Peer Support Worker,"Health, care and social services",care,care,starter_route_suggestions_average,stress tolerance,53,medium,52,medium,82,high,50,medium,"Qualitative starter-style reality profile derived from linked route structure and research text. Use as a discussion prompt only, not as verified salary, injury-risk or labour-market fact."
za-career-messenger,Messenger,Elementary and entry-level work,practical,vocational,direct_starter_route_profile,earning upside,88,high,80,high,60,medium,76,high,"Qualitative starter-style reality profile derived from linked route structure and research text. Use as a discussion prompt only, not as verified salary, injury-risk or labour-market fact."
za-career-metal-machinist,Metal Machinist,"Skilled trades, construction and engineering",practical,trade,starter_route_suggestions_average,earning upside,88,high,88,high,50,medium,84,high,"Qualitative starter-style reality profile derived from linked route structure and research text. Use as a discussion prompt only, not as verified salary, injury-risk or labour-market fact."
za-career-metal-manufacturing-casting-process-nqf-level-controller-4-102154-occupational-certificate-metal-manufacturing-electrolysis-process-controller,Metal Manufacturing Casting Process NQF Level Controller 4 102154 Occupational Certificate Metal Manufacturing Electrolysis Process Controller,"Manufacturing, mining and energy",engineering,trade,starter_route_suggestions_average,earning upside,88,high,35,low,82,high,84,high,"Qualitative starter-style reality profile derived from linked route structure and research text. Use as a discussion prompt only, not as verified salary, injury-risk or labour-market fact."
za-career-metal-manufacturing-finishing-process-controller,Metal Manufacturing Finishing Process Controller,"Manufacturing, mining and energy",engineering,trade,stream_default,physical safety risk,78,high,88,high,70,high,92,high,"Qualitative starter-style reality profile derived from linked route structure and research text. Use as a discussion prompt only, not as verified salary, injury-risk or labour-market fact."
za-career-metal-manufacturing-material-preparation-process-controller,Metal Manufacturing Material Preparation Process Controller,"Manufacturing, mining and energy",engineering,trade,stream_default,physical safety risk,78,high,88,high,70,high,92,high,"Qualitative starter-style reality profile derived from linked route structure and research text. Use as a discussion prompt only, not as verified salary, injury-risk or labour-market fact."
za-career-metal-manufacturing-process-control-technician,Metal Manufacturing Process Control Technician,"Manufacturing, mining and energy",engineering,trade,stream_default,physical safety risk,78,high,88,high,70,high,92,high,"Qualitative starter-style reality profile derived from linked route structure and research text. Use as a discussion prompt only, not as verified salary, injury-risk or labour-market fact."
za-career-metal-manufacturing-rolling-process-controller,Metal Manufacturing Rolling Process Controller,"Manufacturing, mining and energy",engineering,trade,stream_default,physical safety risk,78,high,88,high,70,high,92,high,"Qualitative starter-style reality profile derived from linked route structure and research text. Use as a discussion prompt only, not as verified salary, injury-risk or labour-market fact."
za-career-metal-manufacturing-melting-and-refining-process-controller,"Metal Manufacturing, Melting and Refining Process Controller","Manufacturing, mining and energy",engineering,trade,stream_default,physical safety risk,78,high,88,high,70,high,92,high,"Qualitative starter-style reality profile derived from linked route structure and research text. Use as a discussion prompt only, not as verified salary, injury-risk or labour-market fact."
za-career-metal-processing-plant-operator,Metal Processing Plant Operator,"Manufacturing, mining and energy",engineering,trade,starter_route_suggestions_average,earning upside,88,high,35,low,82,high,84,high,"Qualitative starter-style reality profile derived from linked route structure and research text. Use as a discussion prompt only, not as verified salary, injury-risk or labour-market fact."
za-career-metallurgical-engineer,Metallurgical Engineer,"Manufacturing, mining and energy",engineering,trade,direct_starter_route_profile,stress tolerance,88,high,27,low,92,high,76,high,"Qualitative starter-style reality profile derived from linked route structure and research text. Use as a discussion prompt only, not as verified salary, injury-risk or labour-market fact."
za-career-metallurgical-or-materials-technician,Metallurgical or Materials Technician,"Manufacturing, mining and energy",engineering,trade,stream_default,physical safety risk,78,high,80,high,70,high,84,high,"Qualitative starter-style reality profile derived from linked route structure and research text. Use as a discussion prompt only, not as verified salary, injury-risk or labour-market fact."
za-career-metallurgical-process-controller,Metallurgical Process Controller,"Manufacturing, mining and energy",engineering,trade,stream_default,physical safety risk,78,high,80,high,70,high,84,high,"Qualitative starter-style reality profile derived from linked route structure and research text. Use as a discussion prompt only, not as verified salary, injury-risk or labour-market fact."
za-career-metallurgist,Metallurgist,"Manufacturing, mining and energy",engineering,trade,direct_starter_route_profile,stress tolerance,88,high,27,low,92,high,76,high,"Qualitative starter-style reality profile derived from linked route structure and research text. Use as a discussion prompt only, not as verified salary, injury-risk or labour-market fact."
za-career-metaphysics-practitioner,Metaphysics Practitioner,"Skilled trades, construction and engineering",practical,trade,stream_default,physical safety risk,74,high,78,high,68,high,80,high,"Qualitative starter-style reality profile derived from linked route structure and research text. Use as a discussion prompt only, not as verified salary, injury-risk or labour-market fact."
za-career-meteorologist,Meteorologist,"Agriculture, food and environment",agri,vocational,direct_starter_route_profile,travel or movement,53,medium,80,high,76,high,76,high,"Qualitative starter-style reality profile derived from linked route structure and research text. Use as a discussion prompt only, not as verified salary, injury-risk or labour-market fact."
za-career-microbiologist,Microbiologist,"Science, research and frontier careers",science,science,direct_starter_route_profile,earning upside,88,high,80,high,60,medium,64,medium,"Qualitative starter-style reality profile derived from linked route structure and research text. Use as a discussion prompt only, not as verified salary, injury-risk or labour-market fact."
za-career-microgrid-developer,Microgrid Developer,"Technology, data and AI",tech,mixed,starter_route_suggestions_average,earning upside,88,high,27,low,50,medium,34,low,"Qualitative starter-style reality profile derived from linked route structure and research text. Use as a discussion prompt only, not as verified salary, injury-risk or labour-market fact."
za-career-middle-management-correctional-official,Middle Management Correctional Official,"Law, public service and public safety",public,public,starter_route_suggestions_average,stress tolerance,68,high,35,low,92,high,84,high,"Qualitative starter-style reality profile derived from linked route structure and research text. Use as a discussion prompt only, not as verified salary, injury-risk or labour-market fact."
za-career-middle-management-defence-official,Middle Management Defence Official,"Law, public service and public safety",public,public,stream_default,stress tolerance,66,medium,62,medium,86,high,70,high,"Qualitative starter-style reality profile derived from linked route structure and research text. Use as a discussion prompt only, not as verified salary, injury-risk or labour-market fact."
za-career-middle-manager-administrative-related,Middle Manager: Administrative related,"Finance, admin and business operations",finance,mixed,stream_default,earning upside,70,high,32,low,65,medium,26,low,"Qualitative starter-style reality profile derived from linked route structure and research text. Use as a discussion prompt only, not as verified salary, injury-risk or labour-market fact."
za-career-middle-manager-agriculture-and-forestry-related,Middle Manager: Agriculture and Forestry related,"Creative, media and design",creative,portfolio,starter_route_suggestions_average,earning upside,88,high,27,low,76,high,34,low,"Qualitative starter-style reality profile derived from linked route structure and research text. Use as a discussion prompt only, not as verified salary, injury-risk or labour-market fact."
za-career-middle-manager-aviation-related,Middle Manager: Aviation related,"Finance, admin and business operations",finance,mixed,stream_default,earning upside,70,high,32,low,65,medium,26,low,"Qualitative starter-style reality profile derived from linked route structure and research text. Use as a discussion prompt only, not as verified salary, injury-risk or labour-market fact."
za-career-middle-manager-communication-and-information-related,Middle Manager: Communication and Information related,"Technology, data and AI",tech,mixed,starter_route_suggestions_average,earning upside,88,high,27,low,60,medium,34,low,"Qualitative starter-style reality profile derived from linked route structure and research text. Use as a discussion prompt only, not as verified salary, injury-risk or labour-market fact."
za-career-middle-manager-emergency-services-related,Middle Manager: Emergency services related,"Finance, admin and business operations",finance,mixed,stream_default,earning upside,70,high,32,low,65,medium,26,low,"Qualitative starter-style reality profile derived from linked route structure and research text. Use as a discussion prompt only, not as verified salary, injury-risk or labour-market fact."
za-career-middle-manager-engineering-sciences-related,Middle Manager: Engineering Sciences related,"Skilled trades, construction and engineering",practical,trade,stream_default,physical safety risk,74,high,78,high,78,high,80,high,"Qualitative starter-style reality profile derived from linked route structure and research text. Use as a discussion prompt only, not as verified salary, injury-risk or labour-market fact."
za-career-middle-manager-finance-and-economics-related,Middle Manager: Finance and Economics related,"Finance, admin and business operations",finance,mixed,starter_route_suggestions_average,earning upside,88,high,27,low,60,medium,34,low,"Qualitative starter-style reality profile derived from linked route structure and research text. Use as a discussion prompt only, not as verified salary, injury-risk or labour-market fact."
za-career-middle-manager-health-sciences-related,Middle Manager: Health Sciences related,"Health, care and social services",care,care,starter_route_suggestions_average,stress tolerance,53,medium,52,medium,92,high,62,medium,"Qualitative starter-style reality profile derived from linked route structure and research text. Use as a discussion prompt only, not as verified salary, injury-risk or labour-market fact."
za-career-middle-manager-household-food-and-laundry-services-related,"Middle Manager: Household, food and laundry services related","Agriculture, food and environment",agri,vocational,stream_default,travel or movement,62,medium,80,high,74,high,72,high,"Qualitative starter-style reality profile derived from linked route structure and research text. Use as a discussion prompt only, not as verified salary, injury-risk or labour-market fact."
za-career-middle-manager-human-resource-and-organisational-development-related,Middle Manager: Human Resource and Organisational development related,"Sales, marketing and customer work",people,mixed,starter_route_suggestions_average,physical safety risk,53,medium,27,low,60,medium,76,high,"Qualitative starter-style reality profile derived from linked route structure and research text. Use as a discussion prompt only, not as verified salary, injury-risk or labour-market fact."
za-career-middle-manager-information-technology-related,Middle Manager: Information Technology related,"Technology, data and AI",tech,mixed,starter_route_suggestions_average,earning upside,88,high,27,low,60,medium,34,low,"Qualitative starter-style reality profile derived from linked route structure and research text. Use as a discussion prompt only, not as verified salary, injury-risk or labour-market fact."
za-career-middle-manager-internal-audit-related,Middle Manager: Internal Audit related,"Finance, admin and business operations",finance,mixed,starter_route_suggestions_average,earning upside,88,high,27,low,60,medium,34,low,"Qualitative starter-style reality profile derived from linked route structure and research text. Use as a discussion prompt only, not as verified salary, injury-risk or labour-market fact."
za-career-middle-manager-legal-related,Middle Manager: Legal related,"Law, public service and public safety",public,public,stream_default,stress tolerance,66,medium,54,medium,86,high,62,medium,"Qualitative starter-style reality profile derived from linked route structure and research text. Use as a discussion prompt only, not as verified salary, injury-risk or labour-market fact."
za-career-middle-manager-life-sciences-related,Middle Manager: Life Sciences related,"Finance, admin and business operations",finance,mixed,stream_default,earning upside,70,high,32,low,65,medium,26,low,"Qualitative starter-style reality profile derived from linked route structure and research text. Use as a discussion prompt only, not as verified salary, injury-risk or labour-market fact."
za-career-middle-manager-natural-sciences-related,Middle Manager: Natural Sciences related,"Finance, admin and business operations",finance,mixed,stream_default,earning upside,70,high,32,low,65,medium,26,low,"Qualitative starter-style reality profile derived from linked route structure and research text. Use as a discussion prompt only, not as verified salary, injury-risk or labour-market fact."
za-career-middle-manager-ship-s-related,Middle Manager: Ship's related,"Finance, admin and business operations",finance,mixed,stream_default,earning upside,70,high,32,low,65,medium,26,low,"Qualitative starter-style reality profile derived from linked route structure and research text. Use as a discussion prompt only, not as verified salary, injury-risk or labour-market fact."
za-career-middle-manager-social-sciences-related,Middle Manager: Social Sciences related,"Finance, admin and business operations",finance,mixed,stream_default,earning upside,70,high,32,low,65,medium,26,low,"Qualitative starter-style reality profile derived from linked route structure and research text. Use as a discussion prompt only, not as verified salary, injury-risk or labour-market fact."
za-career-middle-manager-trade-and-industry-related,Middle Manager: Trade and Industry related,"Finance, admin and business operations",finance,mixed,stream_default,earning upside,70,high,32,low,65,medium,26,low,"Qualitative starter-style reality profile derived from linked route structure and research text. Use as a discussion prompt only, not as verified salary, injury-risk or labour-market fact."
za-career-midwife,Midwife,"Health, care and social services",care,care,direct_starter_route_profile,stress tolerance,53,medium,52,medium,92,high,50,medium,"Qualitative starter-style reality profile derived from linked route structure and research text. Use as a discussion prompt only, not as verified salary, injury-risk or labour-market fact."
za-career-military-police-official,Military Police Official,"Law, public service and public safety",public,public,starter_route_suggestions_average,stress tolerance,68,high,27,low,82,high,76,high,"Qualitative starter-style reality profile derived from linked route structure and research text. Use as a discussion prompt only, not as verified salary, injury-risk or labour-market fact."
za-career-miller,Miller,"Manufacturing, mining and energy",engineering,trade,stream_default,physical safety risk,78,high,88,high,70,high,92,high,"Qualitative starter-style reality profile derived from linked route structure and research text. Use as a discussion prompt only, not as verified salary, injury-risk or labour-market fact."
za-career-milling-machine-operator,Milling Machine Operator,"Manufacturing, mining and energy",engineering,trade,direct_starter_route_profile,earning upside,88,high,35,low,82,high,84,high,"Qualitative starter-style reality profile derived from linked route structure and research text. Use as a discussion prompt only, not as verified salary, injury-risk or labour-market fact."
za-career-millwright,Millwright,"Skilled trades, construction and engineering",practical,trade,direct_starter_route_profile,earning upside,88,high,88,high,50,medium,84,high,"Qualitative starter-style reality profile derived from linked route structure and research text. Use as a discussion prompt only, not as verified salary, injury-risk or labour-market fact."
za-career-mine-automation-technician,Mine Automation Technician,"Technology, data and AI",tech,mixed,stream_default,earning upside,86,high,32,low,55,medium,29,low,"Qualitative starter-style reality profile derived from linked route structure and research text. Use as a discussion prompt only, not as verified salary, injury-risk or labour-market fact."
za-career-mine-communities-and-stakeholder-engagement-manager,Mine Communities and Stakeholder Engagement Manager,"Manufacturing, mining and energy",engineering,trade,starter_route_suggestions_average,stress tolerance,88,high,27,low,92,high,76,high,"Qualitative starter-style reality profile derived from linked route structure and research text. Use as a discussion prompt only, not as verified salary, injury-risk or labour-market fact."
za-career-mine-communities-and-stakeholder-engagement-specialist,Mine Communities and Stakeholder Engagement Specialist,"Manufacturing, mining and energy",engineering,trade,stream_default,physical safety risk,78,high,80,high,80,high,84,high,"Qualitative starter-style reality profile derived from linked route structure and research text. Use as a discussion prompt only, not as verified salary, injury-risk or labour-market fact."
za-career-mine-drone-survey-operator,Mine Drone Survey Operator,"Skilled trades, construction and engineering",practical,trade,stream_default,physical safety risk,74,high,78,high,68,high,80,high,"Qualitative starter-style reality profile derived from linked route structure and research text. Use as a discussion prompt only, not as verified salary, injury-risk or labour-market fact."
za-career-mine-environmental-compliance-officer,Mine Environmental Compliance Officer,"Law, public service and public safety",public,public,stream_default,stress tolerance,66,medium,54,medium,76,high,62,medium,"Qualitative starter-style reality profile derived from linked route structure and research text. Use as a discussion prompt only, not as verified salary, injury-risk or labour-market fact."
za-career-mine-environmental-control-supervisor,Mine Environmental Control Supervisor,"Manufacturing, mining and energy",engineering,trade,stream_default,physical safety risk,78,high,80,high,70,high,84,high,"Qualitative starter-style reality profile derived from linked route structure and research text. Use as a discussion prompt only, not as verified salary, injury-risk or labour-market fact."
za-career-mine-environmental-specialist,Mine Environmental Specialist,"Manufacturing, mining and energy",engineering,trade,stream_default,physical safety risk,78,high,80,high,80,high,84,high,"Qualitative starter-style reality profile derived from linked route structure and research text. Use as a discussion prompt only, not as verified salary, injury-risk or labour-market fact."
za-career-mine-equipment-inspector,Mine Equipment Inspector,"Manufacturing, mining and energy",engineering,trade,stream_default,physical safety risk,78,high,80,high,80,high,84,high,"Qualitative starter-style reality profile derived from linked route structure and research text. Use as a discussion prompt only, not as verified salary, injury-risk or labour-market fact."
za-career-mine-health-and-safety-inspector,Mine Health and Safety Inspector,"Health, care and social services",care,care,starter_route_suggestions_average,stress tolerance,53,medium,52,medium,92,high,62,medium,"Qualitative starter-style reality profile derived from linked route structure and research text. Use as a discussion prompt only, not as verified salary, injury-risk or labour-market fact."
za-career-mine-rehabilitation-drone-mapper,Mine Rehabilitation Drone Mapper,"Manufacturing, mining and energy",engineering,trade,stream_default,physical safety risk,78,high,80,high,70,high,84,high,"Qualitative starter-style reality profile derived from linked route structure and research text. Use as a discussion prompt only, not as verified salary, injury-risk or labour-market fact."
za-career-mine-rehabilitation-specialist,Mine Rehabilitation Specialist,"Manufacturing, mining and energy",engineering,trade,stream_default,physical safety risk,78,high,80,high,70,high,84,high,"Qualitative starter-style reality profile derived from linked route structure and research text. Use as a discussion prompt only, not as verified salary, injury-risk or labour-market fact."
za-career-mine-surveying-inspector,Mine Surveying Inspector,"Manufacturing, mining and energy",engineering,trade,starter_route_suggestions_average,stress tolerance,88,high,27,low,92,high,76,high,"Qualitative starter-style reality profile derived from linked route structure and research text. Use as a discussion prompt only, not as verified salary, injury-risk or labour-market fact."
za-career-mine-surveying-manager,Mine Surveying Manager,"Manufacturing, mining and energy",engineering,trade,starter_route_suggestions_average,stress tolerance,88,high,27,low,92,high,76,high,"Qualitative starter-style reality profile derived from linked route structure and research text. Use as a discussion prompt only, not as verified salary, injury-risk or labour-market fact."
za-career-miner,Miner,"Manufacturing, mining and energy",engineering,trade,direct_starter_route_profile,earning upside,88,high,27,low,82,high,76,high,"Qualitative starter-style reality profile derived from linked route structure and research text. Use as a discussion prompt only, not as verified salary, injury-risk or labour-market fact."
za-career-mineral-and-petroleum-titles-registration-office-manager,Mineral and Petroleum Titles Registration Office Manager,"Manufacturing, mining and energy",engineering,trade,starter_route_suggestions_average,stress tolerance,88,high,27,low,92,high,76,high,"Qualitative starter-style reality profile derived from linked route structure and research text. Use as a discussion prompt only, not as verified salary, injury-risk or labour-market fact."
za-career-mineral-beneficiation-plant-worker,Mineral Beneficiation Plant Worker,"Skilled trades, construction and engineering",practical,trade,stream_default,physical safety risk,74,high,78,high,78,high,80,high,"Qualitative starter-style reality profile derived from linked route structure and research text. Use as a discussion prompt only, not as verified salary, injury-risk or labour-market fact."
za-career-mineral-beneficiation-process-controller,Mineral Beneficiation Process Controller (Material Handler),"Manufacturing, mining and energy",engineering,trade,stream_default,physical safety risk,78,high,80,high,80,high,84,high,"Qualitative starter-style reality profile derived from linked route structure and research text. Use as a discussion prompt only, not as verified salary, injury-risk or labour-market fact."
za-career-mineral-laws-administration-officer,Mineral Laws Administration Officer,"Manufacturing, mining and energy",engineering,trade,starter_route_suggestions_average,stress tolerance,88,high,27,low,92,high,76,high,"Qualitative starter-style reality profile derived from linked route structure and research text. Use as a discussion prompt only, not as verified salary, injury-risk or labour-market fact."
za-career-mineral-processing-data-analyst,Mineral Processing Data Analyst,"Technology, data and AI",tech,mixed,starter_route_suggestions_average,earning upside,88,high,27,low,50,medium,34,low,"Qualitative starter-style reality profile derived from linked route structure and research text. Use as a discussion prompt only, not as verified salary, injury-risk or labour-market fact."
za-career-mineral-processing-plant-operator,Mineral Processing Plant Operator,"Manufacturing, mining and energy",engineering,trade,starter_route_suggestions_average,earning upside,88,high,27,low,82,high,76,high,"Qualitative starter-style reality profile derived from linked route structure and research text. Use as a discussion prompt only, not as verified salary, injury-risk or labour-market fact."
za-career-mineral-regulation-and-administration-manager,Mineral Regulation and Administration Manager,"Manufacturing, mining and energy",engineering,trade,starter_route_suggestions_average,stress tolerance,88,high,27,low,92,high,76,high,"Qualitative starter-style reality profile derived from linked route structure and research text. Use as a discussion prompt only, not as verified salary, injury-risk or labour-market fact."
za-career-mineral-resources-manager,Mineral Resources Manager,"Manufacturing, mining and energy",engineering,trade,starter_route_suggestions_average,stress tolerance,88,high,27,low,92,high,76,high,"Qualitative starter-style reality profile derived from linked route structure and research text. Use as a discussion prompt only, not as verified salary, injury-risk or labour-market fact."
za-career-mineralogist,Mineralogist,"Manufacturing, mining and energy",engineering,trade,starter_route_suggestions_average,stress tolerance,88,high,27,low,92,high,76,high,"Qualitative starter-style reality profile derived from linked route structure and research text. Use as a discussion prompt only, not as verified salary, injury-risk or labour-market fact."
za-career-mining-engineer,Mining Engineer,"Manufacturing, mining and energy",engineering,trade,direct_starter_route_profile,stress tolerance,88,high,27,low,92,high,76,high,"Qualitative starter-style reality profile derived from linked route structure and research text. Use as a discussion prompt only, not as verified salary, injury-risk or labour-market fact."
za-career-mining-engineering-manager,Mining Engineering Manager,"Manufacturing, mining and energy",engineering,trade,starter_route_suggestions_average,earning upside,88,high,27,low,82,high,76,high,"Qualitative starter-style reality profile derived from linked route structure and research text. Use as a discussion prompt only, not as verified salary, injury-risk or labour-market fact."
za-career-mining-manager,Mining Manager,"Manufacturing, mining and energy",engineering,trade,direct_starter_route_profile,earning upside,88,high,27,low,82,high,76,high,"Qualitative starter-style reality profile derived from linked route structure and research text. Use as a discussion prompt only, not as verified salary, injury-risk or labour-market fact."
za-career-mining-operator,Mining Operator (Drill Rig Operator: Underground Coal),"Manufacturing, mining and energy",engineering,trade,starter_route_suggestions_average,earning upside,88,high,27,low,82,high,76,high,"Qualitative starter-style reality profile derived from linked route structure and research text. Use as a discussion prompt only, not as verified salary, injury-risk or labour-market fact."
za-career-mining-production-supervisor,Mining Production Supervisor,"Manufacturing, mining and energy",engineering,trade,starter_route_suggestions_average,earning upside,88,high,27,low,82,high,76,high,"Qualitative starter-style reality profile derived from linked route structure and research text. Use as a discussion prompt only, not as verified salary, injury-risk or labour-market fact."
za-career-mining-technician,Mining Technician,"Manufacturing, mining and energy",engineering,trade,direct_starter_route_profile,earning upside,88,high,27,low,82,high,76,high,"Qualitative starter-style reality profile derived from linked route structure and research text. Use as a discussion prompt only, not as verified salary, injury-risk or labour-market fact."
za-career-mining-technician-mining-sampler,Mining Technician (Mining Sampler:,"Manufacturing, mining and energy",engineering,trade,starter_route_suggestions_average,earning upside,88,high,27,low,82,high,76,high,"Qualitative starter-style reality profile derived from linked route structure and research text. Use as a discussion prompt only, not as verified salary, injury-risk or labour-market fact."
za-career-mining-technician-mine-ventilation-observer,Mining Technician: Mine Ventilation Observer,"Manufacturing, mining and energy",engineering,trade,starter_route_suggestions_average,earning upside,88,high,27,low,82,high,76,high,"Qualitative starter-style reality profile derived from linked route structure and research text. Use as a discussion prompt only, not as verified salary, injury-risk or labour-market fact."
za-career-mining-technician-strata-control-practitioner,Mining Technician: Strata Control Practitioner (Coal),"Manufacturing, mining and energy",engineering,trade,starter_route_suggestions_average,earning upside,88,high,27,low,82,high,76,high,"Qualitative starter-style reality profile derived from linked route structure and research text. Use as a discussion prompt only, not as verified salary, injury-risk or labour-market fact."
za-career-mixed-crop-farm-production-manager,Mixed Crop Farm Production Manager,"Agriculture, food and environment",agri,vocational,starter_route_suggestions_average,travel or movement,53,medium,80,high,76,high,76,high,"Qualitative starter-style reality profile derived from linked route structure and research text. Use as a discussion prompt only, not as verified salary, injury-risk or labour-market fact."
za-career-mlops-engineer,MLOps Engineer,"Skilled trades, construction and engineering",practical,trade,starter_route_suggestions_average,earning upside,88,high,80,high,50,medium,64,medium,"Qualitative starter-style reality profile derived from linked route structure and research text. Use as a discussion prompt only, not as verified salary, injury-risk or labour-market fact."
za-career-mobile-explosives-manufacturing-unit-operator,Mobile Explosives Manufacturing Unit Operator,"Technology, data and AI",tech,mixed,stream_default,earning upside,86,high,32,low,55,medium,29,low,"Qualitative starter-style reality profile derived from linked route structure and research text. Use as a discussion prompt only, not as verified salary, injury-risk or labour-market fact."
za-career-mobile-mining-equipment-operator,Mobile Mining Equipment Operator,"Manufacturing, mining and energy",engineering,trade,stream_default,physical safety risk,78,high,80,high,70,high,84,high,"Qualitative starter-style reality profile derived from linked route structure and research text. Use as a discussion prompt only, not as verified salary, injury-risk or labour-market fact."
za-career-mobile-refrigeration-fitter,Mobile Refrigeration Fitter,"Skilled trades, construction and engineering",practical,trade,stream_default,physical safety risk,74,high,86,high,68,high,88,high,"Qualitative starter-style reality profile derived from linked route structure and research text. Use as a discussion prompt only, not as verified salary, injury-risk or labour-market fact."
za-career-moderator,Moderator,"Education, training and youth development",education,education,stream_default,earning upside,60,medium,38,low,60,medium,16,low,"Qualitative starter-style reality profile derived from linked route structure and research text. Use as a discussion prompt only, not as verified salary, injury-risk or labour-market fact."
za-career-mortician,Mortician,"Skilled trades, construction and engineering",practical,trade,stream_default,physical safety risk,74,high,78,high,68,high,80,high,"Qualitative starter-style reality profile derived from linked route structure and research text. Use as a discussion prompt only, not as verified salary, injury-risk or labour-market fact."
za-career-mother-craft-care,Mother Craft Care,"Informal, entrepreneurship and community economy",entrepreneur,entrepreneur,stream_default,stress tolerance,62,medium,74,high,80,high,46,medium,"Qualitative starter-style reality profile derived from linked route structure and research text. Use as a discussion prompt only, not as verified salary, injury-risk or labour-market fact."
za-career-motor-cycle-driver,Motor Cycle Driver,"Logistics, transport and supply chain",logistics,logistics,stream_default,travel or movement,63,medium,80,high,72,high,66,medium,"Qualitative starter-style reality profile derived from linked route structure and research text. Use as a discussion prompt only, not as verified salary, injury-risk or labour-market fact."
za-career-motorcycle-mechanic,Motorcycle Mechanic,"Skilled trades, construction and engineering",practical,trade,direct_starter_route_profile,earning upside,88,high,88,high,50,medium,84,high,"Qualitative starter-style reality profile derived from linked route structure and research text. Use as a discussion prompt only, not as verified salary, injury-risk or labour-market fact."
za-career-motorised-farm-and-forestry-plant-operator,Motorised Farm and Forestry Plant Operator,"Manufacturing, mining and energy",engineering,trade,starter_route_suggestions_average,stress tolerance,88,high,27,low,92,high,76,high,"Qualitative starter-style reality profile derived from linked route structure and research text. Use as a discussion prompt only, not as verified salary, injury-risk or labour-market fact."
za-career-moulder,Moulder,"Manufacturing, mining and energy",engineering,trade,starter_route_suggestions_average,earning upside,88,high,35,low,82,high,84,high,"Qualitative starter-style reality profile derived from linked route structure and research text. Use as a discussion prompt only, not as verified salary, injury-risk or labour-market fact."
za-career-muallim,Muallim,"Skilled trades, construction and engineering",practical,trade,stream_default,physical safety risk,74,high,78,high,68,high,80,high,"Qualitative starter-style reality profile derived from linked route structure and research text. Use as a discussion prompt only, not as verified salary, injury-risk or labour-market fact."
za-career-multimedia-designer,Multimedia Designer,"Creative, media and design",creative,portfolio,direct_starter_route_profile,earning upside,88,high,27,low,66,medium,22,low,"Qualitative starter-style reality profile derived from linked route structure and research text. Use as a discussion prompt only, not as verified salary, injury-risk or labour-market fact."
za-career-multimedia-specialist,Multimedia Specialist,"Technology, data and AI",tech,mixed,starter_route_suggestions_average,earning upside,88,high,27,low,60,medium,22,low,"Qualitative starter-style reality profile derived from linked route structure and research text. Use as a discussion prompt only, not as verified salary, injury-risk or labour-market fact."
za-career-municipal-digital-services-officer,Municipal Digital Services Officer,"Law, public service and public safety",public,public,starter_route_suggestions_average,stress tolerance,68,high,27,low,82,high,64,medium,"Qualitative starter-style reality profile derived from linked route structure and research text. Use as a discussion prompt only, not as verified salary, injury-risk or labour-market fact."
za-career-municipal-finance-manager,Municipal Finance Manager,"Finance, admin and business operations",finance,mixed,starter_route_suggestions_average,earning upside,88,high,27,low,50,medium,34,low,"Qualitative starter-style reality profile derived from linked route structure and research text. Use as a discussion prompt only, not as verified salary, injury-risk or labour-market fact."
za-career-municipal-service-delivery-data-analyst,Municipal Service Delivery Data Analyst,"Technology, data and AI",tech,mixed,starter_route_suggestions_average,earning upside,88,high,27,low,50,medium,22,low,"Qualitative starter-style reality profile derived from linked route structure and research text. Use as a discussion prompt only, not as verified salary, injury-risk or labour-market fact."
za-career-museum-manager,Museum Manager,"Arts, culture, heritage and society",creative,portfolio,starter_route_suggestions_average,earning upside,88,high,27,low,76,high,34,low,"Qualitative starter-style reality profile derived from linked route structure and research text. Use as a discussion prompt only, not as verified salary, injury-risk or labour-market fact."
za-career-music-therapist,Music Therapist,"Arts, culture, heritage and society",creative,portfolio,direct_starter_route_profile,earning upside,88,high,35,low,76,high,42,low,"Qualitative starter-style reality profile derived from linked route structure and research text. Use as a discussion prompt only, not as verified salary, injury-risk or labour-market fact."
za-career-musician,Musician (Instrumental),"Arts, culture, heritage and society",creative,portfolio,direct_starter_route_profile,earning upside,88,high,27,low,76,high,34,low,"Qualitative starter-style reality profile derived from linked route structure and research text. Use as a discussion prompt only, not as verified salary, injury-risk or labour-market fact."
za-career-nail-technician,Nail Technician,"Creative, media and design",creative,portfolio,direct_starter_route_profile,earning upside,88,high,27,low,66,medium,34,low,"Qualitative starter-style reality profile derived from linked route structure and research text. Use as a discussion prompt only, not as verified salary, injury-risk or labour-market fact."
za-career-natural-energy-healing-practitioner,Natural Energy Healing Practitioner,"Manufacturing, mining and energy",engineering,trade,stream_default,physical safety risk,78,high,80,high,70,high,84,high,"Qualitative starter-style reality profile derived from linked route structure and research text. Use as a discussion prompt only, not as verified salary, injury-risk or labour-market fact."
za-career-naval-architect,Naval Architect,"Skilled trades, construction and engineering",practical,trade,starter_route_suggestions_average,earning upside,88,high,80,high,60,medium,76,high,"Qualitative starter-style reality profile derived from linked route structure and research text. Use as a discussion prompt only, not as verified salary, injury-risk or labour-market fact."
za-career-network-analyst,Network Analyst,"Technology, data and AI",tech,mixed,starter_route_suggestions_average,earning upside,88,high,27,low,60,medium,22,low,"Qualitative starter-style reality profile derived from linked route structure and research text. Use as a discussion prompt only, not as verified salary, injury-risk or labour-market fact."
za-career-network-and-systems-engineer,Network and Systems Engineer,"Technology, data and AI",tech,mixed,starter_route_suggestions_average,earning upside,88,high,27,low,60,medium,22,low,"Qualitative starter-style reality profile derived from linked route structure and research text. Use as a discussion prompt only, not as verified salary, injury-risk or labour-market fact."
za-career-neurologist,Neurologist,"Health, care and social services",care,care,stream_default,stress tolerance,66,medium,54,medium,90,high,60,medium,"Qualitative starter-style reality profile derived from linked route structure and research text. Use as a discussion prompt only, not as verified salary, injury-risk or labour-market fact."
za-career-neurophysiological-technician,Neurophysiological Technician,"Skilled trades, construction and engineering",practical,trade,starter_route_suggestions_average,earning upside,88,high,80,high,60,medium,76,high,"Qualitative starter-style reality profile derived from linked route structure and research text. Use as a discussion prompt only, not as verified salary, injury-risk or labour-market fact."
za-career-neurosurgeon,Neurosurgeon,"Health, care and social services",care,care,stream_default,stress tolerance,66,medium,54,medium,90,high,60,medium,"Qualitative starter-style reality profile derived from linked route structure and research text. Use as a discussion prompt only, not as verified salary, injury-risk or labour-market fact."
za-career-new-energy-vehicle-mechanic,New Energy Vehicle Mechanic,"Skilled trades, construction and engineering",practical,trade,starter_route_suggestions_average,earning upside,88,high,80,high,50,medium,76,high,"Qualitative starter-style reality profile derived from linked route structure and research text. Use as a discussion prompt only, not as verified salary, injury-risk or labour-market fact."
za-career-non-commissioned-police-official,Non-Commissioned Police Official,"Law, public service and public safety",public,public,stream_default,stress tolerance,66,medium,54,medium,76,high,62,medium,"Qualitative starter-style reality profile derived from linked route structure and research text. Use as a discussion prompt only, not as verified salary, injury-risk or labour-market fact."
za-career-non-destructive-eddy-current-testing-operator,Non-Destructive Eddy Current Testing Operator,"Manufacturing, mining and energy",engineering,trade,stream_default,physical safety risk,78,high,88,high,70,high,92,high,"Qualitative starter-style reality profile derived from linked route structure and research text. Use as a discussion prompt only, not as verified salary, injury-risk or labour-market fact."
za-career-non-destructive-eddy-current-testing-technician,Non-Destructive Eddy Current Testing Technician,"Skilled trades, construction and engineering",practical,trade,stream_default,physical safety risk,74,high,78,high,68,high,80,high,"Qualitative starter-style reality profile derived from linked route structure and research text. Use as a discussion prompt only, not as verified salary, injury-risk or labour-market fact."
za-career-non-destructive-liquid-penetrant-testing-operator,Non-Destructive Liquid Penetrant Testing Operator,"Manufacturing, mining and energy",engineering,trade,stream_default,physical safety risk,78,high,88,high,70,high,92,high,"Qualitative starter-style reality profile derived from linked route structure and research text. Use as a discussion prompt only, not as verified salary, injury-risk or labour-market fact."
za-career-non-destructive-liquid-penetrant-testing-technician,Non-Destructive Liquid Penetrant Testing Technician,"Skilled trades, construction and engineering",practical,trade,stream_default,physical safety risk,74,high,78,high,68,high,80,high,"Qualitative starter-style reality profile derived from linked route structure and research text. Use as a discussion prompt only, not as verified salary, injury-risk or labour-market fact."
za-career-non-destructive-radiographic-testing-operator,Non-Destructive Radiographic Testing Operator,"Manufacturing, mining and energy",engineering,trade,stream_default,physical safety risk,78,high,88,high,70,high,92,high,"Qualitative starter-style reality profile derived from linked route structure and research text. Use as a discussion prompt only, not as verified salary, injury-risk or labour-market fact."
za-career-non-destructive-radiographic-testing-technician,Non-Destructive Radiographic Testing Technician,"Skilled trades, construction and engineering",practical,trade,stream_default,physical safety risk,74,high,78,high,68,high,80,high,"Qualitative starter-style reality profile derived from linked route structure and research text. Use as a discussion prompt only, not as verified salary, injury-risk or labour-market fact."
za-career-non-destructive-ultrasonic-testing-operator,Non-Destructive Ultrasonic Testing Operator,"Manufacturing, mining and energy",engineering,trade,stream_default,physical safety risk,78,high,88,high,70,high,92,high,"Qualitative starter-style reality profile derived from linked route structure and research text. Use as a discussion prompt only, not as verified salary, injury-risk or labour-market fact."
za-career-non-destructive-ultrasonic-testing-technician,Non-Destructive Ultrasonic Testing Technician,"Skilled trades, construction and engineering",practical,trade,stream_default,physical safety risk,74,high,78,high,68,high,80,high,"Qualitative starter-style reality profile derived from linked route structure and research text. Use as a discussion prompt only, not as verified salary, injury-risk or labour-market fact."
za-career-non-destructive-ultrasonic-visual-testing-operator,Non-Destructive Ultrasonic Visual Testing Operator,"Manufacturing, mining and energy",engineering,trade,stream_default,physical safety risk,78,high,88,high,70,high,92,high,"Qualitative starter-style reality profile derived from linked route structure and research text. Use as a discussion prompt only, not as verified salary, injury-risk or labour-market fact."
za-career-non-destructive-ultrasonic-wall-thickness-testing-operator,Non-Destructive Ultrasonic Wall Thickness Testing Operator,"Manufacturing, mining and energy",engineering,trade,stream_default,physical safety risk,78,high,88,high,70,high,92,high,"Qualitative starter-style reality profile derived from linked route structure and research text. Use as a discussion prompt only, not as verified salary, injury-risk or labour-market fact."
za-career-non-destructive-visual-testing-technician,Non-Destructive Visual Testing Technician,"Skilled trades, construction and engineering",practical,trade,stream_default,physical safety risk,74,high,78,high,68,high,80,high,"Qualitative starter-style reality profile derived from linked route structure and research text. Use as a discussion prompt only, not as verified salary, injury-risk or labour-market fact."
za-career-non-woven-textile-production-machine-operator,Non-woven Textile Production Machine Operator,"Manufacturing, mining and energy",engineering,trade,starter_route_suggestions_average,earning upside,88,high,35,low,82,high,84,high,"Qualitative starter-style reality profile derived from linked route structure and research text. Use as a discussion prompt only, not as verified salary, injury-risk or labour-market fact."
za-career-non-woven-thermo-bonding-textile-production-machine-operator,Non-woven Thermo-Bonding Textile Production Machine Operator,"Manufacturing, mining and energy",engineering,trade,starter_route_suggestions_average,earning upside,88,high,35,low,82,high,84,high,"Qualitative starter-style reality profile derived from linked route structure and research text. Use as a discussion prompt only, not as verified salary, injury-risk or labour-market fact."
za-career-nuclear-enforcement-and-compliance-inspector,Nuclear Enforcement and Compliance Inspector,"Law, public service and public safety",public,public,stream_default,stress tolerance,66,medium,54,medium,86,high,62,medium,"Qualitative starter-style reality profile derived from linked route structure and research text. Use as a discussion prompt only, not as verified salary, injury-risk or labour-market fact."
za-career-nuclear-manager,Nuclear Manager,"Manufacturing, mining and energy",engineering,trade,starter_route_suggestions_average,stress tolerance,88,high,27,low,92,high,76,high,"Qualitative starter-style reality profile derived from linked route structure and research text. Use as a discussion prompt only, not as verified salary, injury-risk or labour-market fact."
za-career-nuclear-medicine-radiographer,Nuclear Medicine Radiographer,"Health, care and social services",care,care,stream_default,stress tolerance,66,medium,62,medium,90,high,68,high,"Qualitative starter-style reality profile derived from linked route structure and research text. Use as a discussion prompt only, not as verified salary, injury-risk or labour-market fact."
za-career-nuclear-medicine-specialist,Nuclear Medicine Specialist,"Finance, admin and business operations",finance,mixed,stream_default,earning upside,70,high,32,low,65,medium,26,low,"Qualitative starter-style reality profile derived from linked route structure and research text. Use as a discussion prompt only, not as verified salary, injury-risk or labour-market fact."
za-career-nuclear-medicine-technologist,Nuclear Medicine Technologist,"Technology, data and AI",tech,mixed,stream_default,earning upside,86,high,32,low,65,medium,29,low,"Qualitative starter-style reality profile derived from linked route structure and research text. Use as a discussion prompt only, not as verified salary, injury-risk or labour-market fact."
za-career-nuclear-non-proliferation-and-radiation-security-manager,Nuclear non -Proliferation and Radiation Security Manager,"Law, public service and public safety",public,public,starter_route_suggestions_average,stress tolerance,68,high,27,low,92,high,76,high,"Qualitative starter-style reality profile derived from linked route structure and research text. Use as a discussion prompt only, not as verified salary, injury-risk or labour-market fact."
za-career-nuclear-non-proliferation-authorisations-and-obligations-officer,Nuclear Non -Proliferation Authorisations and Obligations Officer,"Finance, admin and business operations",finance,mixed,stream_default,earning upside,70,high,32,low,65,medium,26,low,"Qualitative starter-style reality profile derived from linked route structure and research text. Use as a discussion prompt only, not as verified salary, injury-risk or labour-market fact."
za-career-nuclear-power-plant-operator,Nuclear Power Plant Operator,"Manufacturing, mining and energy",engineering,trade,starter_route_suggestions_average,earning upside,88,high,35,low,82,high,84,high,"Qualitative starter-style reality profile derived from linked route structure and research text. Use as a discussion prompt only, not as verified salary, injury-risk or labour-market fact."
za-career-nuclear-power-plant-process-controller,Nuclear Power Plant Process Controller,"Manufacturing, mining and energy",engineering,trade,starter_route_suggestions_average,earning upside,88,high,35,low,82,high,84,high,"Qualitative starter-style reality profile derived from linked route structure and research text. Use as a discussion prompt only, not as verified salary, injury-risk or labour-market fact."
za-career-nuclear-safety-and-technology-manager,Nuclear Safety and Technology Manager,"Technology, data and AI",tech,mixed,stream_default,earning upside,86,high,32,low,65,medium,29,low,"Qualitative starter-style reality profile derived from linked route structure and research text. Use as a discussion prompt only, not as verified salary, injury-risk or labour-market fact."
za-career-nuclear-safety-liabilities-and-emergency-officer,"Nuclear Safety, Liabilities and Emergency Officer","Finance, admin and business operations",finance,mixed,stream_default,earning upside,70,high,32,low,65,medium,26,low,"Qualitative starter-style reality profile derived from linked route structure and research text. Use as a discussion prompt only, not as verified salary, injury-risk or labour-market fact."
za-career-nuclear-technology-officer,Nuclear Technology Officer,"Finance, admin and business operations",finance,mixed,stream_default,earning upside,70,high,32,low,65,medium,26,low,"Qualitative starter-style reality profile derived from linked route structure and research text. Use as a discussion prompt only, not as verified salary, injury-risk or labour-market fact."
za-career-nurse-educator,Nurse Educator,"Health, care and social services",care,care,starter_route_suggestions_average,stress tolerance,53,medium,60,medium,92,high,58,medium,"Qualitative starter-style reality profile derived from linked route structure and research text. Use as a discussion prompt only, not as verified salary, injury-risk or labour-market fact."
za-career-nurse-informatics-specialist,Nurse Informatics Specialist,"Health, care and social services",care,care,stream_default,stress tolerance,66,medium,54,medium,80,high,48,medium,"Qualitative starter-style reality profile derived from linked route structure and research text. Use as a discussion prompt only, not as verified salary, injury-risk or labour-market fact."
za-career-nurse-manager,Nurse Manager,"Health, care and social services",care,care,starter_route_suggestions_average,stress tolerance,53,medium,52,medium,92,high,50,medium,"Qualitative starter-style reality profile derived from linked route structure and research text. Use as a discussion prompt only, not as verified salary, injury-risk or labour-market fact."
za-career-nurse-researcher,Nurse Researcher,"Health, care and social services",care,care,starter_route_suggestions_average,stress tolerance,53,medium,52,medium,92,high,62,medium,"Qualitative starter-style reality profile derived from linked route structure and research text. Use as a discussion prompt only, not as verified salary, injury-risk or labour-market fact."
za-career-nursery-person,Nursery Person (Garden Centre Supervisor),"Health, care and social services",care,care,starter_route_suggestions_average,stress tolerance,53,medium,60,medium,82,high,58,medium,"Qualitative starter-style reality profile derived from linked route structure and research text. Use as a discussion prompt only, not as verified salary, injury-risk or labour-market fact."
za-career-nurseryperson,Nurseryperson (Nursery Supervisor),"Health, care and social services",care,care,starter_route_suggestions_average,stress tolerance,53,medium,52,medium,92,high,62,medium,"Qualitative starter-style reality profile derived from linked route structure and research text. Use as a discussion prompt only, not as verified salary, injury-risk or labour-market fact."
za-career-nursing-support-worker,Nursing Support Worker,"Health, care and social services",care,care,starter_route_suggestions_average,stress tolerance,53,medium,52,medium,92,high,62,medium,"Qualitative starter-style reality profile derived from linked route structure and research text. Use as a discussion prompt only, not as verified salary, injury-risk or labour-market fact."
za-career-nutritionist,Nutritionist,"Health, care and social services",care,care,direct_starter_route_profile,stress tolerance,53,medium,52,medium,92,high,62,medium,"Qualitative starter-style reality profile derived from linked route structure and research text. Use as a discussion prompt only, not as verified salary, injury-risk or labour-market fact."
za-career-obstetrician,Obstetrician,"Health, care and social services",care,care,stream_default,stress tolerance,66,medium,62,medium,90,high,56,medium,"Qualitative starter-style reality profile derived from linked route structure and research text. Use as a discussion prompt only, not as verified salary, injury-risk or labour-market fact."
za-career-obstetrician-and-gynaecologist,Obstetrician and Gynaecologist,"Finance, admin and business operations",finance,mixed,stream_default,earning upside,70,high,32,low,65,medium,26,low,"Qualitative starter-style reality profile derived from linked route structure and research text. Use as a discussion prompt only, not as verified salary, injury-risk or labour-market fact."
za-career-occupational-hygiene-inspector,Occupational Hygiene Inspector,"Finance, admin and business operations",finance,mixed,stream_default,earning upside,70,high,32,low,65,medium,26,low,"Qualitative starter-style reality profile derived from linked route structure and research text. Use as a discussion prompt only, not as verified salary, injury-risk or labour-market fact."
za-career-occupational-hygienist,Occupational Hygienist,"Skilled trades, construction and engineering",practical,trade,stream_default,physical safety risk,74,high,78,high,78,high,80,high,"Qualitative starter-style reality profile derived from linked route structure and research text. Use as a discussion prompt only, not as verified salary, injury-risk or labour-market fact."
za-career-occupational-instructor,Occupational Instructor,"Education, training and youth development",education,education,starter_route_suggestions_average,earning upside,68,high,35,low,50,medium,30,low,"Qualitative starter-style reality profile derived from linked route structure and research text. Use as a discussion prompt only, not as verified salary, injury-risk or labour-market fact."
za-career-occupational-medicine-inspector,Occupational Medicine Inspector,"Finance, admin and business operations",finance,mixed,stream_default,earning upside,70,high,32,low,65,medium,26,low,"Qualitative starter-style reality profile derived from linked route structure and research text. Use as a discussion prompt only, not as verified salary, injury-risk or labour-market fact."
za-career-occupational-therapist,Occupational Therapist,"Health, care and social services",care,care,direct_starter_route_profile,stress tolerance,53,medium,52,medium,92,high,62,medium,"Qualitative starter-style reality profile derived from linked route structure and research text. Use as a discussion prompt only, not as verified salary, injury-risk or labour-market fact."
za-career-occupational-therapy-assistant,Occupational Therapy Assistant,"Health, care and social services",care,care,starter_route_suggestions_average,stress tolerance,53,medium,52,medium,82,high,50,medium,"Qualitative starter-style reality profile derived from linked route structure and research text. Use as a discussion prompt only, not as verified salary, injury-risk or labour-market fact."
za-career-occupational-therapy-technician,Occupational Therapy Technician,"Health, care and social services",care,care,starter_route_suggestions_average,stress tolerance,53,medium,52,medium,92,high,62,medium,"Qualitative starter-style reality profile derived from linked route structure and research text. Use as a discussion prompt only, not as verified salary, injury-risk or labour-market fact."
za-career-occupational-trainer,Occupational Trainer,"Education, training and youth development",education,education,starter_route_suggestions_average,earning upside,68,high,27,low,50,medium,34,low,"Qualitative starter-style reality profile derived from linked route structure and research text. Use as a discussion prompt only, not as verified salary, injury-risk or labour-market fact."
za-career-occupational-job-analyst,Occupational/ Job Analyst,"Finance, admin and business operations",finance,mixed,stream_default,earning upside,70,high,32,low,65,medium,26,low,"Qualitative starter-style reality profile derived from linked route structure and research text. Use as a discussion prompt only, not as verified salary, injury-risk or labour-market fact."
za-career-oceanographer,Oceanographer,"Science, research and frontier careers",science,science,direct_starter_route_profile,earning upside,88,high,80,high,60,medium,64,medium,"Qualitative starter-style reality profile derived from linked route structure and research text. Use as a discussion prompt only, not as verified salary, injury-risk or labour-market fact."
za-career-office-administrator,Office Administrator,"Finance, admin and business operations",finance,mixed,direct_starter_route_profile,earning upside,88,high,27,low,50,medium,22,low,"Qualitative starter-style reality profile derived from linked route structure and research text. Use as a discussion prompt only, not as verified salary, injury-risk or labour-market fact."
za-career-office-administrator-public-service-administrator,Office Administrator: Public Service Administrator,"Law, public service and public safety",public,public,starter_route_suggestions_average,stress tolerance,68,high,27,low,92,high,76,high,"Qualitative starter-style reality profile derived from linked route structure and research text. Use as a discussion prompt only, not as verified salary, injury-risk or labour-market fact."
za-career-office-cleaner,Office cleaner,"Informal, entrepreneurship and community economy",entrepreneur,entrepreneur,direct_starter_route_profile,earning upside,88,high,27,low,76,high,76,high,"Qualitative starter-style reality profile derived from linked route structure and research text. Use as a discussion prompt only, not as verified salary, injury-risk or labour-market fact."
za-career-office-machine-operator,Office machine operator,"Finance, admin and business operations",finance,mixed,stream_default,earning upside,70,high,32,low,65,medium,26,low,"Qualitative starter-style reality profile derived from linked route structure and research text. Use as a discussion prompt only, not as verified salary, injury-risk or labour-market fact."
za-career-office-supervisor,Office Supervisor,"Skilled trades, construction and engineering",practical,trade,stream_default,physical safety risk,74,high,78,high,68,high,80,high,"Qualitative starter-style reality profile derived from linked route structure and research text. Use as a discussion prompt only, not as verified salary, injury-risk or labour-market fact."
za-career-offshore-driller,Offshore Driller,"Skilled trades, construction and engineering",practical,trade,stream_default,physical safety risk,74,high,78,high,68,high,80,high,"Qualitative starter-style reality profile derived from linked route structure and research text. Use as a discussion prompt only, not as verified salary, injury-risk or labour-market fact."
za-career-oncologist,Oncologist,"Health, care and social services",care,care,stream_default,stress tolerance,66,medium,54,medium,90,high,60,medium,"Qualitative starter-style reality profile derived from linked route structure and research text. Use as a discussion prompt only, not as verified salary, injury-risk or labour-market fact."
za-career-oncology-patient-navigator,Oncology Patient Navigator,"Health, care and social services",care,care,stream_default,stress tolerance,66,medium,54,medium,80,high,48,medium,"Qualitative starter-style reality profile derived from linked route structure and research text. Use as a discussion prompt only, not as verified salary, injury-risk or labour-market fact."
za-career-online-tutor,Online Tutor,"Informal, entrepreneurship and community economy",entrepreneur,entrepreneur,direct_starter_route_profile,earning upside,88,high,27,low,66,medium,64,medium,"Qualitative starter-style reality profile derived from linked route structure and research text. Use as a discussion prompt only, not as verified salary, injury-risk or labour-market fact."
za-career-open-banking-api-developer,Open Banking API Developer,"Technology, data and AI",tech,mixed,stream_default,earning upside,86,high,32,low,55,medium,17,low,"Qualitative starter-style reality profile derived from linked route structure and research text. Use as a discussion prompt only, not as verified salary, injury-risk or labour-market fact."
za-career-operating-theatre-technician,Operating Theatre Technician,"Finance, admin and business operations",finance,mixed,stream_default,earning upside,70,high,32,low,55,medium,14,low,"Qualitative starter-style reality profile derived from linked route structure and research text. Use as a discussion prompt only, not as verified salary, injury-risk or labour-market fact."
za-career-ophthalmologist,Ophthalmologist,"Finance, admin and business operations",finance,mixed,stream_default,earning upside,70,high,32,low,65,medium,26,low,"Qualitative starter-style reality profile derived from linked route structure and research text. Use as a discussion prompt only, not as verified salary, injury-risk or labour-market fact."
za-career-ophthalmology-technician,Ophthalmology Technician,"Skilled trades, construction and engineering",practical,trade,starter_route_suggestions_average,earning upside,88,high,80,high,60,medium,76,high,"Qualitative starter-style reality profile derived from linked route structure and research text. Use as a discussion prompt only, not as verified salary, injury-risk or labour-market fact."
za-career-optical-dispenser,Optical Dispenser,"Health, care and social services",care,care,starter_route_suggestions_average,stress tolerance,53,medium,60,medium,92,high,70,high,"Qualitative starter-style reality profile derived from linked route structure and research text. Use as a discussion prompt only, not as verified salary, injury-risk or labour-market fact."
za-career-optical-mechanic,Optical Mechanic,"Skilled trades, construction and engineering",practical,trade,starter_route_suggestions_average,earning upside,88,high,80,high,60,medium,76,high,"Qualitative starter-style reality profile derived from linked route structure and research text. Use as a discussion prompt only, not as verified salary, injury-risk or labour-market fact."
za-career-optometrist,Optometrist,"Health, care and social services",care,care,direct_starter_route_profile,stress tolerance,53,medium,52,medium,92,high,62,medium,"Qualitative starter-style reality profile derived from linked route structure and research text. Use as a discussion prompt only, not as verified salary, injury-risk or labour-market fact."
za-career-oral-hygienist,Oral Hygienist,"Skilled trades, construction and engineering",practical,trade,stream_default,physical safety risk,74,high,78,high,78,high,80,high,"Qualitative starter-style reality profile derived from linked route structure and research text. Use as a discussion prompt only, not as verified salary, injury-risk or labour-market fact."
za-career-orchard-and-vineyard-foreman,Orchard and Vineyard Foreman,"Skilled trades, construction and engineering",practical,trade,stream_default,physical safety risk,74,high,78,high,68,high,80,high,"Qualitative starter-style reality profile derived from linked route structure and research text. Use as a discussion prompt only, not as verified salary, injury-risk or labour-market fact."
za-career-organisation-and-methods-analyst,Organisation and Methods Analyst,"Finance, admin and business operations",finance,mixed,stream_default,earning upside,70,high,32,low,55,medium,14,low,"Qualitative starter-style reality profile derived from linked route structure and research text. Use as a discussion prompt only, not as verified salary, injury-risk or labour-market fact."
za-career-organisational-development-practitioner,Organisational Development Practitioner,"Finance, admin and business operations",finance,mixed,stream_default,earning upside,70,high,32,low,65,medium,26,low,"Qualitative starter-style reality profile derived from linked route structure and research text. Use as a discussion prompt only, not as verified salary, injury-risk or labour-market fact."
za-career-organisational-risk-manager,Organisational Risk Manager,"Law, public service and public safety",public,public,stream_default,stress tolerance,66,medium,54,medium,86,high,62,medium,"Qualitative starter-style reality profile derived from linked route structure and research text. Use as a discussion prompt only, not as verified salary, injury-risk or labour-market fact."
za-career-organisational-risk-practitioner,Organisational Risk Practitioner,"Skilled trades, construction and engineering",practical,trade,stream_default,physical safety risk,74,high,78,high,68,high,80,high,"Qualitative starter-style reality profile derived from linked route structure and research text. Use as a discussion prompt only, not as verified salary, injury-risk or labour-market fact."
za-career-orientation-and-mobility-practitioner,Orientation and Mobility Practitioner,"Skilled trades, construction and engineering",practical,trade,stream_default,physical safety risk,74,high,78,high,78,high,80,high,"Qualitative starter-style reality profile derived from linked route structure and research text. Use as a discussion prompt only, not as verified salary, injury-risk or labour-market fact."
za-career-original-aftermarket-auto-electrical-system-or-component-fitter,Original/Aftermarket Auto-Electrical System or Component Fitter,"Technology, data and AI",tech,mixed,stream_default,earning upside,86,high,40,low,55,medium,37,low,"Qualitative starter-style reality profile derived from linked route structure and research text. Use as a discussion prompt only, not as verified salary, injury-risk or labour-market fact."
za-career-ornamental-horticultural-or-nursery-assistant,Ornamental Horticultural or Nursery Assistant,"Agriculture, food and environment",agri,vocational,stream_default,travel or movement,62,medium,80,high,74,high,72,high,"Qualitative starter-style reality profile derived from linked route structure and research text. Use as a discussion prompt only, not as verified salary, injury-risk or labour-market fact."
za-career-orthodontist,Orthodontist,"Finance, admin and business operations",finance,mixed,stream_default,earning upside,70,high,32,low,65,medium,26,low,"Qualitative starter-style reality profile derived from linked route structure and research text. Use as a discussion prompt only, not as verified salary, injury-risk or labour-market fact."
za-career-orthopaedic-footwear-technician,Orthopaedic Footwear Technician,"Health, care and social services",care,care,stream_default,stress tolerance,66,medium,62,medium,90,high,68,high,"Qualitative starter-style reality profile derived from linked route structure and research text. Use as a discussion prompt only, not as verified salary, injury-risk or labour-market fact."
za-career-orthopaedic-surgeon,Orthopaedic Surgeon,"Health, care and social services",care,care,starter_route_suggestions_average,stress tolerance,53,medium,52,medium,92,high,62,medium,"Qualitative starter-style reality profile derived from linked route structure and research text. Use as a discussion prompt only, not as verified salary, injury-risk or labour-market fact."
za-career-orthopaedic-technician,Orthopaedic Technician,"Skilled trades, construction and engineering",practical,trade,starter_route_suggestions_average,earning upside,88,high,80,high,60,medium,76,high,"Qualitative starter-style reality profile derived from linked route structure and research text. Use as a discussion prompt only, not as verified salary, injury-risk or labour-market fact."
za-career-orthoptist,Orthoptist,"Finance, admin and business operations",finance,mixed,stream_default,earning upside,70,high,32,low,65,medium,26,low,"Qualitative starter-style reality profile derived from linked route structure and research text. Use as a discussion prompt only, not as verified salary, injury-risk or labour-market fact."
za-career-orthotic-and-prosthetic-technician,Orthotic and Prosthetic Technician,"Skilled trades, construction and engineering",practical,trade,stream_default,physical safety risk,74,high,78,high,78,high,80,high,"Qualitative starter-style reality profile derived from linked route structure and research text. Use as a discussion prompt only, not as verified salary, injury-risk or labour-market fact."
za-career-orthotist-or-prosthetist,Orthotist or Prosthetist,"Skilled trades, construction and engineering",practical,trade,stream_default,physical safety risk,74,high,78,high,78,high,80,high,"Qualitative starter-style reality profile derived from linked route structure and research text. Use as a discussion prompt only, not as verified salary, injury-risk or labour-market fact."
za-career-osteopath,Osteopath,"Skilled trades, construction and engineering",practical,trade,stream_default,physical safety risk,74,high,78,high,78,high,80,high,"Qualitative starter-style reality profile derived from linked route structure and research text. Use as a discussion prompt only, not as verified salary, injury-risk or labour-market fact."
za-career-other-middle-manager,Other middle manager,"Finance, admin and business operations",finance,mixed,stream_default,earning upside,70,high,32,low,65,medium,26,low,"Qualitative starter-style reality profile derived from linked route structure and research text. Use as a discussion prompt only, not as verified salary, injury-risk or labour-market fact."
za-career-otorhinolaryngologist,Otorhinolaryngologist,"Finance, admin and business operations",finance,mixed,stream_default,earning upside,70,high,32,low,65,medium,26,low,"Qualitative starter-style reality profile derived from linked route structure and research text. Use as a discussion prompt only, not as verified salary, injury-risk or labour-market fact."
za-career-outbound-contact-centre-consultant,Outbound Contact Centre Consultant (Foreign-language Specialist),"Sales, marketing and customer work",people,mixed,starter_route_suggestions_average,physical safety risk,53,medium,27,low,60,medium,64,medium,"Qualitative starter-style reality profile derived from linked route structure and research text. Use as a discussion prompt only, not as verified salary, injury-risk or labour-market fact."
za-career-overhead-electrical-line-mechanic,Overhead Electrical Line Mechanic,"Skilled trades, construction and engineering",practical,trade,stream_default,physical safety risk,74,high,86,high,68,high,88,high,"Qualitative starter-style reality profile derived from linked route structure and research text. Use as a discussion prompt only, not as verified salary, injury-risk or labour-market fact."
za-career-oxidant-gas-system-installer,Oxidant Gas System Installer,"Technology, data and AI",tech,mixed,stream_default,earning upside,86,high,40,low,55,medium,37,low,"Qualitative starter-style reality profile derived from linked route structure and research text. Use as a discussion prompt only, not as verified salary, injury-risk or labour-market fact."
za-career-packaging-rotary-printing-and-re-reeling-flexographic-machine-minder,Packaging Rotary Printing and Re-reeling Flexographic Machine Minder,"Manufacturing, mining and energy",engineering,trade,stream_default,physical safety risk,78,high,88,high,70,high,92,high,"Qualitative starter-style reality profile derived from linked route structure and research text. Use as a discussion prompt only, not as verified salary, injury-risk or labour-market fact."
za-career-packhouse-quality-controller,Packhouse Quality Controller,"Agriculture, food and environment",agri,vocational,starter_route_suggestions_average,travel or movement,53,medium,88,high,66,medium,84,high,"Qualitative starter-style reality profile derived from linked route structure and research text. Use as a discussion prompt only, not as verified salary, injury-risk or labour-market fact."
za-career-packing-machine-operator,Packing Machine Operator,"Manufacturing, mining and energy",engineering,trade,starter_route_suggestions_average,stress tolerance,88,high,27,low,92,high,76,high,"Qualitative starter-style reality profile derived from linked route structure and research text. Use as a discussion prompt only, not as verified salary, injury-risk or labour-market fact."
za-career-paediatric-surgeon,Paediatric Surgeon,"Health, care and social services",care,care,starter_route_suggestions_average,stress tolerance,53,medium,52,medium,92,high,62,medium,"Qualitative starter-style reality profile derived from linked route structure and research text. Use as a discussion prompt only, not as verified salary, injury-risk or labour-market fact."
za-career-paediatrician,Paediatrician,"Health, care and social services",care,care,direct_starter_route_profile,stress tolerance,53,medium,52,medium,92,high,62,medium,"Qualitative starter-style reality profile derived from linked route structure and research text. Use as a discussion prompt only, not as verified salary, injury-risk or labour-market fact."
za-career-paediatrics-nurse,Paediatrics Nurse,"Health, care and social services",care,care,starter_route_suggestions_average,stress tolerance,53,medium,52,medium,92,high,62,medium,"Qualitative starter-style reality profile derived from linked route structure and research text. Use as a discussion prompt only, not as verified salary, injury-risk or labour-market fact."
za-career-painter,Painter,"Informal, entrepreneurship and community economy",entrepreneur,entrepreneur,direct_starter_route_profile,earning upside,88,high,35,low,66,medium,84,high,"Qualitative starter-style reality profile derived from linked route structure and research text. Use as a discussion prompt only, not as verified salary, injury-risk or labour-market fact."
za-career-paintless-dent-remover,Paintless Dent Remover,"Skilled trades, construction and engineering",practical,trade,stream_default,physical safety risk,74,high,78,high,68,high,80,high,"Qualitative starter-style reality profile derived from linked route structure and research text. Use as a discussion prompt only, not as verified salary, injury-risk or labour-market fact."
za-career-palliative-care-assistant,Palliative Care Assistant,"Health, care and social services",care,care,starter_route_suggestions_average,stress tolerance,53,medium,52,medium,82,high,50,medium,"Qualitative starter-style reality profile derived from linked route structure and research text. Use as a discussion prompt only, not as verified salary, injury-risk or labour-market fact."
za-career-panel-beater,Panel Beater,"Skilled trades, construction and engineering",practical,trade,direct_starter_route_profile,earning upside,88,high,80,high,50,medium,76,high,"Qualitative starter-style reality profile derived from linked route structure and research text. Use as a discussion prompt only, not as verified salary, injury-risk or labour-market fact."
za-career-paper-process-control-attendant,Paper Process Control Attendant,"Manufacturing, mining and energy",engineering,trade,stream_default,physical safety risk,78,high,88,high,70,high,92,high,"Qualitative starter-style reality profile derived from linked route structure and research text. Use as a discussion prompt only, not as verified salary, injury-risk or labour-market fact."
za-career-paper-process-control-operator,Paper Process Control Operator,"Manufacturing, mining and energy",engineering,trade,starter_route_suggestions_average,earning upside,88,high,35,low,82,high,84,high,"Qualitative starter-style reality profile derived from linked route structure and research text. Use as a discussion prompt only, not as verified salary, injury-risk or labour-market fact."
za-career-paper-process-controller,Paper Process Controller,"Manufacturing, mining and energy",engineering,trade,stream_default,physical safety risk,78,high,88,high,70,high,92,high,"Qualitative starter-style reality profile derived from linked route structure and research text. Use as a discussion prompt only, not as verified salary, injury-risk or labour-market fact."
za-career-paralegal,Paralegal,"Law, public service and public safety",public,public,direct_starter_route_profile,stress tolerance,68,high,27,low,82,high,64,medium,"Qualitative starter-style reality profile derived from linked route structure and research text. Use as a discussion prompt only, not as verified salary, injury-risk or labour-market fact."
za-career-paramedic,Paramedic,"Health, care and social services",care,care,direct_starter_route_profile,stress tolerance,53,medium,60,medium,92,high,70,high,"Qualitative starter-style reality profile derived from linked route structure and research text. Use as a discussion prompt only, not as verified salary, injury-risk or labour-market fact."
za-career-paramedical-practitioner,Paramedical Practitioner,"Health, care and social services",care,care,starter_route_suggestions_average,stress tolerance,53,medium,52,medium,92,high,62,medium,"Qualitative starter-style reality profile derived from linked route structure and research text. Use as a discussion prompt only, not as verified salary, injury-risk or labour-market fact."
za-career-parole-board-member,Parole Board Member (Offender Placement and Release Practitioner),"Skilled trades, construction and engineering",practical,trade,stream_default,physical safety risk,74,high,78,high,68,high,80,high,"Qualitative starter-style reality profile derived from linked route structure and research text. Use as a discussion prompt only, not as verified salary, injury-risk or labour-market fact."
za-career-parole-board-official,Parole Board Official,"Law, public service and public safety",public,public,starter_route_suggestions_average,stress tolerance,68,high,35,low,92,high,84,high,"Qualitative starter-style reality profile derived from linked route structure and research text. Use as a discussion prompt only, not as verified salary, injury-risk or labour-market fact."
za-career-parole-security-officer,Parole Security officer,"Law, public service and public safety",public,public,starter_route_suggestions_average,stress tolerance,68,high,27,low,92,high,76,high,"Qualitative starter-style reality profile derived from linked route structure and research text. Use as a discussion prompt only, not as verified salary, injury-risk or labour-market fact."
za-career-patent-and-trademark-attorney,Patent and Trademark Attorney,"Law, public service and public safety",public,public,stream_default,stress tolerance,66,medium,54,medium,86,high,62,medium,"Qualitative starter-style reality profile derived from linked route structure and research text. Use as a discussion prompt only, not as verified salary, injury-risk or labour-market fact."
za-career-pathologist,Pathologist,"Health, care and social services",care,care,direct_starter_route_profile,stress tolerance,53,medium,52,medium,92,high,50,medium,"Qualitative starter-style reality profile derived from linked route structure and research text. Use as a discussion prompt only, not as verified salary, injury-risk or labour-market fact."
za-career-patient-experience-manager,Patient Experience Manager,"Health, care and social services",care,care,stream_default,stress tolerance,66,medium,54,medium,80,high,48,medium,"Qualitative starter-style reality profile derived from linked route structure and research text. Use as a discussion prompt only, not as verified salary, injury-risk or labour-market fact."
za-career-patrol-officer,Patrol Officer,"Skilled trades, construction and engineering",practical,trade,stream_default,physical safety risk,74,high,78,high,68,high,80,high,"Qualitative starter-style reality profile derived from linked route structure and research text. Use as a discussion prompt only, not as verified salary, injury-risk or labour-market fact."
za-career-pattern-grader,Pattern Grader,"Creative, media and design",creative,portfolio,stream_default,stress tolerance,56,medium,50,medium,64,medium,28,low,"Qualitative starter-style reality profile derived from linked route structure and research text. Use as a discussion prompt only, not as verified salary, injury-risk or labour-market fact."
za-career-pattern-making-assistant,Pattern Making Assistant,"Creative, media and design",creative,portfolio,starter_route_suggestions_average,earning upside,88,high,27,low,66,medium,34,low,"Qualitative starter-style reality profile derived from linked route structure and research text. Use as a discussion prompt only, not as verified salary, injury-risk or labour-market fact."
za-career-patternmaker,Patternmaker,"Manufacturing, mining and energy",engineering,trade,stream_default,physical safety risk,78,high,88,high,70,high,92,high,"Qualitative starter-style reality profile derived from linked route structure and research text. Use as a discussion prompt only, not as verified salary, injury-risk or labour-market fact."
za-career-paving-and-surfacing-worker,Paving and Surfacing Worker,"Skilled trades, construction and engineering",practical,trade,stream_default,physical safety risk,74,high,78,high,78,high,80,high,"Qualitative starter-style reality profile derived from linked route structure and research text. Use as a discussion prompt only, not as verified salary, injury-risk or labour-market fact."
za-career-paving-screed-operator,Paving Screed Operator,"Manufacturing, mining and energy",engineering,trade,stream_default,physical safety risk,78,high,88,high,70,high,92,high,"Qualitative starter-style reality profile derived from linked route structure and research text. Use as a discussion prompt only, not as verified salary, injury-risk or labour-market fact."
za-career-payments-integration-specialist,Payments Integration Specialist,"Technology, data and AI",tech,mixed,stream_default,earning upside,86,high,32,low,55,medium,17,low,"Qualitative starter-style reality profile derived from linked route structure and research text. Use as a discussion prompt only, not as verified salary, injury-risk or labour-market fact."
za-career-payroll-clerk,Payroll Clerk,"Finance, admin and business operations",finance,mixed,direct_starter_route_profile,earning upside,88,high,27,low,50,medium,34,low,"Qualitative starter-style reality profile derived from linked route structure and research text. Use as a discussion prompt only, not as verified salary, injury-risk or labour-market fact."
za-career-penetration-tester,Penetration Tester,"Technology, data and AI",tech,mixed,direct_starter_route_profile,earning upside,88,high,27,low,50,medium,22,low,"Qualitative starter-style reality profile derived from linked route structure and research text. Use as a discussion prompt only, not as verified salary, injury-risk or labour-market fact."
za-career-perishable-goods-department-coordinator,Perishable Goods Department Coordinator,"Skilled trades, construction and engineering",practical,trade,stream_default,physical safety risk,74,high,78,high,68,high,80,high,"Qualitative starter-style reality profile derived from linked route structure and research text. Use as a discussion prompt only, not as verified salary, injury-risk or labour-market fact."
za-career-perishable-goods-replenisher,Perishable Goods Replenisher,"Skilled trades, construction and engineering",practical,trade,stream_default,physical safety risk,74,high,78,high,68,high,80,high,"Qualitative starter-style reality profile derived from linked route structure and research text. Use as a discussion prompt only, not as verified salary, injury-risk or labour-market fact."
za-career-permissions-editor,Permissions Editor,"Skilled trades, construction and engineering",practical,trade,stream_default,physical safety risk,74,high,78,high,68,high,80,high,"Qualitative starter-style reality profile derived from linked route structure and research text. Use as a discussion prompt only, not as verified salary, injury-risk or labour-market fact."
za-career-personal-assistant,Personal Assistant,"Finance, admin and business operations",finance,mixed,direct_starter_route_profile,earning upside,88,high,27,low,50,medium,22,low,"Qualitative starter-style reality profile derived from linked route structure and research text. Use as a discussion prompt only, not as verified salary, injury-risk or labour-market fact."
za-career-personal-care-assistant,Personal Care Assistant,"Health, care and social services",care,care,starter_route_suggestions_average,stress tolerance,53,medium,60,medium,82,high,58,medium,"Qualitative starter-style reality profile derived from linked route structure and research text. Use as a discussion prompt only, not as verified salary, injury-risk or labour-market fact."
za-career-pest-management-officer,Pest Management Officer,"Agriculture, food and environment",agri,vocational,starter_route_suggestions_average,travel or movement,53,medium,80,high,66,medium,76,high,"Qualitative starter-style reality profile derived from linked route structure and research text. Use as a discussion prompt only, not as verified salary, injury-risk or labour-market fact."
za-career-petroleum-engineer,Petroleum Engineer,"Manufacturing, mining and energy",engineering,trade,direct_starter_route_profile,stress tolerance,88,high,27,low,92,high,76,high,"Qualitative starter-style reality profile derived from linked route structure and research text. Use as a discussion prompt only, not as verified salary, injury-risk or labour-market fact."
za-career-petroleum-licensing-and-fuel-supply-manager,Petroleum Licensing and Fuel Supply Manager,"Manufacturing, mining and energy",engineering,trade,stream_default,physical safety risk,78,high,80,high,80,high,84,high,"Qualitative starter-style reality profile derived from linked route structure and research text. Use as a discussion prompt only, not as verified salary, injury-risk or labour-market fact."
za-career-pharmacist,Pharmacist,"Health, care and social services",care,care,direct_starter_route_profile,stress tolerance,53,medium,60,medium,82,high,58,medium,"Qualitative starter-style reality profile derived from linked route structure and research text. Use as a discussion prompt only, not as verified salary, injury-risk or labour-market fact."
za-career-pharmacist-assistant,Pharmacist Assistant,"Health, care and social services",care,care,starter_route_suggestions_average,stress tolerance,53,medium,60,medium,92,high,70,high,"Qualitative starter-style reality profile derived from linked route structure and research text. Use as a discussion prompt only, not as verified salary, injury-risk or labour-market fact."
za-career-pharmacist-s-assistant,Pharmacist's Assistant (Basic),"Health, care and social services",care,care,starter_route_suggestions_average,stress tolerance,53,medium,52,medium,82,high,62,medium,"Qualitative starter-style reality profile derived from linked route structure and research text. Use as a discussion prompt only, not as verified salary, injury-risk or labour-market fact."
za-career-pharmacy-automation-technician,Pharmacy Automation Technician,"Health, care and social services",care,care,stream_default,stress tolerance,66,medium,54,medium,80,high,48,medium,"Qualitative starter-style reality profile derived from linked route structure and research text. Use as a discussion prompt only, not as verified salary, injury-risk or labour-market fact."
za-career-pharmacy-technician,Pharmacy Technician,"Health, care and social services",care,care,starter_route_suggestions_average,stress tolerance,53,medium,60,medium,82,high,70,high,"Qualitative starter-style reality profile derived from linked route structure and research text. Use as a discussion prompt only, not as verified salary, injury-risk or labour-market fact."
za-career-photographer,Photographer,"Informal, entrepreneurship and community economy",entrepreneur,entrepreneur,direct_starter_route_profile,earning upside,88,high,27,low,76,high,76,high,"Qualitative starter-style reality profile derived from linked route structure and research text. Use as a discussion prompt only, not as verified salary, injury-risk or labour-market fact."
za-career-photographer-s-assistant,Photographer’s Assistant,"Skilled trades, construction and engineering",practical,trade,stream_default,physical safety risk,74,high,78,high,78,high,80,high,"Qualitative starter-style reality profile derived from linked route structure and research text. Use as a discussion prompt only, not as verified salary, injury-risk or labour-market fact."
za-career-physical-asset-manager,Physical Asset Manager,"Finance, admin and business operations",finance,mixed,stream_default,earning upside,70,high,32,low,55,medium,14,low,"Qualitative starter-style reality profile derived from linked route structure and research text. Use as a discussion prompt only, not as verified salary, injury-risk or labour-market fact."
za-career-physical-asset-practitioner,Physical Asset Practitioner,"Skilled trades, construction and engineering",practical,trade,stream_default,physical safety risk,74,high,78,high,68,high,80,high,"Qualitative starter-style reality profile derived from linked route structure and research text. Use as a discussion prompt only, not as verified salary, injury-risk or labour-market fact."
za-career-physical-science-technician,Physical Science Technician,"Skilled trades, construction and engineering",practical,trade,stream_default,physical safety risk,74,high,78,high,78,high,80,high,"Qualitative starter-style reality profile derived from linked route structure and research text. Use as a discussion prompt only, not as verified salary, injury-risk or labour-market fact."
za-career-physicist,Physicist,"Science, research and frontier careers",science,science,direct_starter_route_profile,earning upside,88,high,80,high,60,medium,64,medium,"Qualitative starter-style reality profile derived from linked route structure and research text. Use as a discussion prompt only, not as verified salary, injury-risk or labour-market fact."
za-career-physiotherapist,Physiotherapist,"Health, care and social services",care,care,direct_starter_route_profile,stress tolerance,53,medium,60,medium,82,high,58,medium,"Qualitative starter-style reality profile derived from linked route structure and research text. Use as a discussion prompt only, not as verified salary, injury-risk or labour-market fact."
za-career-physiotherapy-technician,Physiotherapy Technician,"Health, care and social services",care,care,starter_route_suggestions_average,stress tolerance,53,medium,52,medium,92,high,62,medium,"Qualitative starter-style reality profile derived from linked route structure and research text. Use as a discussion prompt only, not as verified salary, injury-risk or labour-market fact."
za-career-pipe-fitter,Pipe fitter,"Skilled trades, construction and engineering",practical,trade,direct_starter_route_profile,earning upside,88,high,88,high,50,medium,84,high,"Qualitative starter-style reality profile derived from linked route structure and research text. Use as a discussion prompt only, not as verified salary, injury-risk or labour-market fact."
za-career-planner,Planner,"Skilled trades, construction and engineering",practical,trade,stream_default,physical safety risk,74,high,78,high,68,high,80,high,"Qualitative starter-style reality profile derived from linked route structure and research text. Use as a discussion prompt only, not as verified salary, injury-risk or labour-market fact."
za-career-plasterer,Plasterer,"Skilled trades, construction and engineering",practical,trade,direct_starter_route_profile,earning upside,88,high,80,high,60,medium,76,high,"Qualitative starter-style reality profile derived from linked route structure and research text. Use as a discussion prompt only, not as verified salary, injury-risk or labour-market fact."
za-career-plastic-and-reconstructive-surgeon,Plastic and Reconstructive Surgeon,"Health, care and social services",care,care,stream_default,stress tolerance,66,medium,54,medium,90,high,60,medium,"Qualitative starter-style reality profile derived from linked route structure and research text. Use as a discussion prompt only, not as verified salary, injury-risk or labour-market fact."
za-career-plastics-manufacturing-machine-operator,Plastics Manufacturing Machine Operator,"Manufacturing, mining and energy",engineering,trade,starter_route_suggestions_average,earning upside,88,high,35,low,82,high,84,high,"Qualitative starter-style reality profile derived from linked route structure and research text. Use as a discussion prompt only, not as verified salary, injury-risk or labour-market fact."
za-career-plastics-manufacturing-machine-setter,Plastics Manufacturing Machine Setter,"Manufacturing, mining and energy",engineering,trade,stream_default,physical safety risk,78,high,88,high,70,high,92,high,"Qualitative starter-style reality profile derived from linked route structure and research text. Use as a discussion prompt only, not as verified salary, injury-risk or labour-market fact."
za-career-platform-engineer,Platform Engineer,"Skilled trades, construction and engineering",practical,trade,starter_route_suggestions_average,earning upside,88,high,80,high,50,medium,64,medium,"Qualitative starter-style reality profile derived from linked route structure and research text. Use as a discussion prompt only, not as verified salary, injury-risk or labour-market fact."
za-career-plumber,Plumber,"Skilled trades, construction and engineering",practical,trade,direct_starter_route_profile,earning upside,88,high,88,high,60,medium,84,high,"Qualitative starter-style reality profile derived from linked route structure and research text. Use as a discussion prompt only, not as verified salary, injury-risk or labour-market fact."
za-career-podiatrist,Podiatrist,"Finance, admin and business operations",finance,mixed,stream_default,earning upside,70,high,32,low,65,medium,26,low,"Qualitative starter-style reality profile derived from linked route structure and research text. Use as a discussion prompt only, not as verified salary, injury-risk or labour-market fact."
za-career-police-official,Police Official,"Law, public service and public safety",public,public,starter_route_suggestions_average,stress tolerance,68,high,35,low,92,high,84,high,"Qualitative starter-style reality profile derived from linked route structure and research text. Use as a discussion prompt only, not as verified salary, injury-risk or labour-market fact."
za-career-policy-administrator,Policy Administrator,"Law, public service and public safety",public,public,starter_route_suggestions_average,stress tolerance,68,high,35,low,92,high,84,high,"Qualitative starter-style reality profile derived from linked route structure and research text. Use as a discussion prompt only, not as verified salary, injury-risk or labour-market fact."
za-career-policy-analyst,Policy Analyst,"Law, public service and public safety",public,public,starter_route_suggestions_average,stress tolerance,68,high,27,low,82,high,64,medium,"Qualitative starter-style reality profile derived from linked route structure and research text. Use as a discussion prompt only, not as verified salary, injury-risk or labour-market fact."
za-career-policy-and-planning-manager,Policy and Planning Manager,"Law, public service and public safety",public,public,stream_default,stress tolerance,66,medium,54,medium,76,high,50,medium,"Qualitative starter-style reality profile derived from linked route structure and research text. Use as a discussion prompt only, not as verified salary, injury-risk or labour-market fact."
za-career-policy-developer-formal-education-and-training,Policy developer: Formal Education and Training,"Education, training and youth development",education,education,stream_default,stress tolerance,60,medium,46,medium,70,high,36,low,"Qualitative starter-style reality profile derived from linked route structure and research text. Use as a discussion prompt only, not as verified salary, injury-risk or labour-market fact."
za-career-port-manager,Port Manager,"Logistics, transport and supply chain",logistics,logistics,starter_route_suggestions_average,physical safety risk,68,high,27,low,50,medium,76,high,"Qualitative starter-style reality profile derived from linked route structure and research text. Use as a discussion prompt only, not as verified salary, injury-risk or labour-market fact."
za-career-port-operations-planner,Port Operations Planner,"Logistics, transport and supply chain",logistics,logistics,stream_default,travel or movement,63,medium,80,high,62,medium,66,medium,"Qualitative starter-style reality profile derived from linked route structure and research text. Use as a discussion prompt only, not as verified salary, injury-risk or labour-market fact."
za-career-post-harvest-technologist,Post-Harvest Technologist,"Agriculture, food and environment",agri,vocational,stream_default,travel or movement,62,medium,88,high,64,medium,80,high,"Qualitative starter-style reality profile derived from linked route structure and research text. Use as a discussion prompt only, not as verified salary, injury-risk or labour-market fact."
za-career-potter-or-ceramic-artist,Potter or Ceramic Artist,"Creative, media and design",creative,portfolio,stream_default,stress tolerance,56,medium,50,medium,74,high,28,low,"Qualitative starter-style reality profile derived from linked route structure and research text. Use as a discussion prompt only, not as verified salary, injury-risk or labour-market fact."
za-career-poultry-farmer,Poultry Farmer,"Agriculture, food and environment",agri,vocational,direct_starter_route_profile,travel or movement,53,medium,88,high,66,medium,84,high,"Qualitative starter-style reality profile derived from linked route structure and research text. Use as a discussion prompt only, not as verified salary, injury-risk or labour-market fact."
za-career-pre-fabricated-glazing-solution-installer,Pre-Fabricated Glazing Solution Installer,"Skilled trades, construction and engineering",practical,trade,stream_default,physical safety risk,74,high,86,high,68,high,88,high,"Qualitative starter-style reality profile derived from linked route structure and research text. Use as a discussion prompt only, not as verified salary, injury-risk or labour-market fact."
za-career-precision-agriculture-technician,Precision Agriculture Technician,"Agriculture, food and environment",agri,vocational,stream_default,travel or movement,62,medium,88,high,64,medium,80,high,"Qualitative starter-style reality profile derived from linked route structure and research text. Use as a discussion prompt only, not as verified salary, injury-risk or labour-market fact."
za-career-predictive-maintenance-technician,Predictive Maintenance Technician,"Manufacturing, mining and energy",engineering,trade,stream_default,physical safety risk,78,high,80,high,70,high,84,high,"Qualitative starter-style reality profile derived from linked route structure and research text. Use as a discussion prompt only, not as verified salary, injury-risk or labour-market fact."
za-career-pressure-equipment-inspector,Pressure Equipment Inspector,"Skilled trades, construction and engineering",practical,trade,stream_default,physical safety risk,74,high,78,high,78,high,80,high,"Qualitative starter-style reality profile derived from linked route structure and research text. Use as a discussion prompt only, not as verified salary, injury-risk or labour-market fact."
za-career-primary-healthcare-workforce-planner,Primary Healthcare Workforce Planner,"Health, care and social services",care,care,starter_route_suggestions_average,stress tolerance,53,medium,52,medium,82,high,50,medium,"Qualitative starter-style reality profile derived from linked route structure and research text. Use as a discussion prompt only, not as verified salary, injury-risk or labour-market fact."
za-career-printing-machinist,Printing Machinist,"Skilled trades, construction and engineering",practical,trade,starter_route_suggestions_average,earning upside,88,high,80,high,60,medium,76,high,"Qualitative starter-style reality profile derived from linked route structure and research text. Use as a discussion prompt only, not as verified salary, injury-risk or labour-market fact."
za-career-prison-officer,Prison Officer (Correctional Official),"Skilled trades, construction and engineering",practical,trade,stream_default,physical safety risk,74,high,78,high,68,high,80,high,"Qualitative starter-style reality profile derived from linked route structure and research text. Use as a discussion prompt only, not as verified salary, injury-risk or labour-market fact."
za-career-processed-cheese-maker,Processed Cheese Maker,"Agriculture, food and environment",agri,vocational,stream_default,travel or movement,62,medium,88,high,64,medium,80,high,"Qualitative starter-style reality profile derived from linked route structure and research text. Use as a discussion prompt only, not as verified salary, injury-risk or labour-market fact."
za-career-procurement-data-analyst,Procurement Data Analyst,"Technology, data and AI",tech,mixed,starter_route_suggestions_average,earning upside,88,high,27,low,50,medium,34,low,"Qualitative starter-style reality profile derived from linked route structure and research text. Use as a discussion prompt only, not as verified salary, injury-risk or labour-market fact."
za-career-procurement-officer,Procurement Officer,"Finance, admin and business operations",finance,mixed,direct_starter_route_profile,earning upside,88,high,27,low,50,medium,34,low,"Qualitative starter-style reality profile derived from linked route structure and research text. Use as a discussion prompt only, not as verified salary, injury-risk or labour-market fact."
za-career-production-operations-supervisor,Production / Operations Supervisor (Manufacturing),"Manufacturing, mining and energy",engineering,trade,starter_route_suggestions_average,earning upside,88,high,35,low,82,high,84,high,"Qualitative starter-style reality profile derived from linked route structure and research text. Use as a discussion prompt only, not as verified salary, injury-risk or labour-market fact."
za-career-production-coordinator,Production Coordinator,"Manufacturing, mining and energy",engineering,trade,starter_route_suggestions_average,earning upside,88,high,35,low,82,high,84,high,"Qualitative starter-style reality profile derived from linked route structure and research text. Use as a discussion prompt only, not as verified salary, injury-risk or labour-market fact."
za-career-production-engineering-technologist,Production Engineering Technologist,"Manufacturing, mining and energy",engineering,trade,stream_default,physical safety risk,78,high,80,high,80,high,84,high,"Qualitative starter-style reality profile derived from linked route structure and research text. Use as a discussion prompt only, not as verified salary, injury-risk or labour-market fact."
za-career-production-operator,Production Operator,"Manufacturing, mining and energy",engineering,trade,starter_route_suggestions_average,earning upside,88,high,35,low,82,high,84,high,"Qualitative starter-style reality profile derived from linked route structure and research text. Use as a discussion prompt only, not as verified salary, injury-risk or labour-market fact."
za-career-production-or-operations-supervisor,Production or Operations Supervisor (Forestry): (Forestry Production Supervisor),"Manufacturing, mining and energy",engineering,trade,starter_route_suggestions_average,earning upside,88,high,35,low,82,high,84,high,"Qualitative starter-style reality profile derived from linked route structure and research text. Use as a discussion prompt only, not as verified salary, injury-risk or labour-market fact."
za-career-production-process-controller,Production Process Controller,"Manufacturing, mining and energy",engineering,trade,stream_default,physical safety risk,78,high,88,high,70,high,92,high,"Qualitative starter-style reality profile derived from linked route structure and research text. Use as a discussion prompt only, not as verified salary, injury-risk or labour-market fact."
za-career-production-process-machine-operator-and-assembler,Production Process Machine Operator and Assembler,"Manufacturing, mining and energy",engineering,trade,starter_route_suggestions_average,earning upside,88,high,35,low,82,high,84,high,"Qualitative starter-style reality profile derived from linked route structure and research text. Use as a discussion prompt only, not as verified salary, injury-risk or labour-market fact."
za-career-production-supervisor,Production Supervisor,"Manufacturing, mining and energy",engineering,trade,direct_starter_route_profile,earning upside,88,high,35,low,82,high,84,high,"Qualitative starter-style reality profile derived from linked route structure and research text. Use as a discussion prompt only, not as verified salary, injury-risk or labour-market fact."
za-career-professional-principal-executive-officer,Professional Principal Executive Officer,"Skilled trades, construction and engineering",practical,trade,stream_default,physical safety risk,74,high,78,high,68,high,80,high,"Qualitative starter-style reality profile derived from linked route structure and research text. Use as a discussion prompt only, not as verified salary, injury-risk or labour-market fact."
za-career-program-or-project-administrators,Program or Project Administrators,"Skilled trades, construction and engineering",practical,trade,stream_default,physical safety risk,74,high,78,high,68,high,80,high,"Qualitative starter-style reality profile derived from linked route structure and research text. Use as a discussion prompt only, not as verified salary, injury-risk or labour-market fact."
za-career-programme-or-project-manager,Programme or Project Manager,"Finance, admin and business operations",finance,mixed,stream_default,earning upside,70,high,32,low,55,medium,14,low,"Qualitative starter-style reality profile derived from linked route structure and research text. Use as a discussion prompt only, not as verified salary, injury-risk or labour-market fact."
za-career-programmer-analyst,Programmer Analyst,"Technology, data and AI",tech,mixed,starter_route_suggestions_average,earning upside,88,high,27,low,50,medium,34,low,"Qualitative starter-style reality profile derived from linked route structure and research text. Use as a discussion prompt only, not as verified salary, injury-risk or labour-market fact."
za-career-project-manager,Project Manager,"Management, strategy and leadership",people,mixed,direct_starter_route_profile,physical safety risk,53,medium,27,low,50,medium,76,high,"Qualitative starter-style reality profile derived from linked route structure and research text. Use as a discussion prompt only, not as verified salary, injury-risk or labour-market fact."
za-career-proof-reader,Proof reader,"Skilled trades, construction and engineering",practical,trade,stream_default,physical safety risk,74,high,78,high,68,high,80,high,"Qualitative starter-style reality profile derived from linked route structure and research text. Use as a discussion prompt only, not as verified salary, injury-risk or labour-market fact."
za-career-propeller-workshop-maintenance-mechanic,Propeller Workshop Maintenance Mechanic,"Skilled trades, construction and engineering",practical,trade,stream_default,physical safety risk,74,high,86,high,68,high,88,high,"Qualitative starter-style reality profile derived from linked route structure and research text. Use as a discussion prompt only, not as verified salary, injury-risk or labour-market fact."
za-career-property-manager,Property Manager,"Sales, marketing and customer work",people,mixed,direct_starter_route_profile,physical safety risk,53,medium,27,low,50,medium,64,medium,"Qualitative starter-style reality profile derived from linked route structure and research text. Use as a discussion prompt only, not as verified salary, injury-risk or labour-market fact."
za-career-prosecutor,Prosecutor,"Finance, admin and business operations",finance,mixed,stream_default,earning upside,70,high,32,low,65,medium,26,low,"Qualitative starter-style reality profile derived from linked route structure and research text. Use as a discussion prompt only, not as verified salary, injury-risk or labour-market fact."
za-career-prosthetist,Prosthetist,"Health, care and social services",care,care,stream_default,stress tolerance,66,medium,62,medium,90,high,68,high,"Qualitative starter-style reality profile derived from linked route structure and research text. Use as a discussion prompt only, not as verified salary, injury-risk or labour-market fact."
za-career-protection-security-official,Protection/Security Official,"Law, public service and public safety",public,public,starter_route_suggestions_average,stress tolerance,68,high,35,low,92,high,84,high,"Qualitative starter-style reality profile derived from linked route structure and research text. Use as a discussion prompt only, not as verified salary, injury-risk or labour-market fact."
za-career-psychiatrist,Psychiatrist,"Health, care and social services",care,care,direct_starter_route_profile,stress tolerance,53,medium,52,medium,92,high,50,medium,"Qualitative starter-style reality profile derived from linked route structure and research text. Use as a discussion prompt only, not as verified salary, injury-risk or labour-market fact."
za-career-psychometrist,Psychometrist,"Finance, admin and business operations",finance,mixed,stream_default,earning upside,70,high,32,low,65,medium,26,low,"Qualitative starter-style reality profile derived from linked route structure and research text. Use as a discussion prompt only, not as verified salary, injury-risk or labour-market fact."
za-career-psychotherapist,Psychotherapist,"Health, care and social services",care,care,stream_default,stress tolerance,66,medium,54,medium,90,high,60,medium,"Qualitative starter-style reality profile derived from linked route structure and research text. Use as a discussion prompt only, not as verified salary, injury-risk or labour-market fact."
za-career-public-health-data-analyst,Public Health Data Analyst,"Health, care and social services",care,care,stream_default,stress tolerance,66,medium,54,medium,80,high,48,medium,"Qualitative starter-style reality profile derived from linked route structure and research text. Use as a discussion prompt only, not as verified salary, injury-risk or labour-market fact."
za-career-public-health-medicine-specialist,Public Health Medicine Specialist,"Health, care and social services",care,care,starter_route_suggestions_average,stress tolerance,53,medium,52,medium,92,high,62,medium,"Qualitative starter-style reality profile derived from linked route structure and research text. Use as a discussion prompt only, not as verified salary, injury-risk or labour-market fact."
za-career-public-health-occupational-medicine-specialist,Public Health Occupational Medicine Specialist,"Health, care and social services",care,care,starter_route_suggestions_average,stress tolerance,53,medium,52,medium,92,high,62,medium,"Qualitative starter-style reality profile derived from linked route structure and research text. Use as a discussion prompt only, not as verified salary, injury-risk or labour-market fact."
za-career-public-health-physician,Public Health Physician,"Health, care and social services",care,care,starter_route_suggestions_average,stress tolerance,53,medium,52,medium,92,high,62,medium,"Qualitative starter-style reality profile derived from linked route structure and research text. Use as a discussion prompt only, not as verified salary, injury-risk or labour-market fact."
za-career-public-procurement-compliance-officer,Public Procurement Compliance Officer,"Law, public service and public safety",public,public,stream_default,stress tolerance,66,medium,54,medium,76,high,50,medium,"Qualitative starter-style reality profile derived from linked route structure and research text. Use as a discussion prompt only, not as verified salary, injury-risk or labour-market fact."
za-career-public-sector-auditor,Public Sector Auditor,"Finance, admin and business operations",finance,mixed,stream_default,earning upside,70,high,32,low,55,medium,26,low,"Qualitative starter-style reality profile derived from linked route structure and research text. Use as a discussion prompt only, not as verified salary, injury-risk or labour-market fact."
za-career-public-service-administrator,Public Service Administrator,"Law, public service and public safety",public,public,starter_route_suggestions_average,stress tolerance,68,high,27,low,92,high,76,high,"Qualitative starter-style reality profile derived from linked route structure and research text. Use as a discussion prompt only, not as verified salary, injury-risk or labour-market fact."
za-career-public-service-data-analyst,Public Service Data Analyst,"Technology, data and AI",tech,mixed,starter_route_suggestions_average,earning upside,88,high,27,low,60,medium,22,low,"Qualitative starter-style reality profile derived from linked route structure and research text. Use as a discussion prompt only, not as verified salary, injury-risk or labour-market fact."
za-career-public-media-relations-manager,Public/ Media Relations Manager,"Creative, media and design",creative,portfolio,starter_route_suggestions_average,earning upside,88,high,27,low,76,high,34,low,"Qualitative starter-style reality profile derived from linked route structure and research text. Use as a discussion prompt only, not as verified salary, injury-risk or labour-market fact."
za-career-pulmonology-clinical-technologist,Pulmonology Clinical Technologist,"Health, care and social services",care,care,stream_default,stress tolerance,66,medium,54,medium,90,high,60,medium,"Qualitative starter-style reality profile derived from linked route structure and research text. Use as a discussion prompt only, not as verified salary, injury-risk or labour-market fact."
za-career-pulp-process-control-attendant,Pulp Process Control Attendant,"Manufacturing, mining and energy",engineering,trade,stream_default,physical safety risk,78,high,88,high,70,high,92,high,"Qualitative starter-style reality profile derived from linked route structure and research text. Use as a discussion prompt only, not as verified salary, injury-risk or labour-market fact."
za-career-pulp-process-control-operator,Pulp Process Control Operator,"Manufacturing, mining and energy",engineering,trade,starter_route_suggestions_average,earning upside,88,high,35,low,82,high,84,high,"Qualitative starter-style reality profile derived from linked route structure and research text. Use as a discussion prompt only, not as verified salary, injury-risk or labour-market fact."
za-career-pulp-process-controller,Pulp Process Controller,"Manufacturing, mining and energy",engineering,trade,stream_default,physical safety risk,78,high,88,high,70,high,92,high,"Qualitative starter-style reality profile derived from linked route structure and research text. Use as a discussion prompt only, not as verified salary, injury-risk or labour-market fact."
za-career-purchasing-officer,Purchasing Officer,"Finance, admin and business operations",finance,mixed,direct_starter_route_profile,earning upside,88,high,27,low,50,medium,22,low,"Qualitative starter-style reality profile derived from linked route structure and research text. Use as a discussion prompt only, not as verified salary, injury-risk or labour-market fact."
za-career-quality-assurer,Quality Assurer,"Skilled trades, construction and engineering",practical,trade,stream_default,physical safety risk,74,high,78,high,68,high,80,high,"Qualitative starter-style reality profile derived from linked route structure and research text. Use as a discussion prompt only, not as verified salary, injury-risk or labour-market fact."
za-career-quality-controller,Quality Controller,"Manufacturing, mining and energy",engineering,trade,direct_starter_route_profile,earning upside,88,high,35,low,82,high,84,high,"Qualitative starter-style reality profile derived from linked route structure and research text. Use as a discussion prompt only, not as verified salary, injury-risk or labour-market fact."
za-career-quality-inspector,Quality Inspector,"Manufacturing, mining and energy",engineering,trade,starter_route_suggestions_average,earning upside,88,high,27,low,82,high,76,high,"Qualitative starter-style reality profile derived from linked route structure and research text. Use as a discussion prompt only, not as verified salary, injury-risk or labour-market fact."
za-career-quality-manager,Quality Manager,"Manufacturing, mining and energy",engineering,trade,direct_starter_route_profile,earning upside,88,high,27,low,82,high,76,high,"Qualitative starter-style reality profile derived from linked route structure and research text. Use as a discussion prompt only, not as verified salary, injury-risk or labour-market fact."
za-career-quality-systems-manager,Quality Systems Manager,"Manufacturing, mining and energy",engineering,trade,starter_route_suggestions_average,earning upside,88,high,27,low,82,high,76,high,"Qualitative starter-style reality profile derived from linked route structure and research text. Use as a discussion prompt only, not as verified salary, injury-risk or labour-market fact."
za-career-quality-test-automator,Quality Test Automator,"Skilled trades, construction and engineering",practical,trade,stream_default,physical safety risk,74,high,78,high,68,high,80,high,"Qualitative starter-style reality profile derived from linked route structure and research text. Use as a discussion prompt only, not as verified salary, injury-risk or labour-market fact."
za-career-quantity-surveyor,Quantity Surveyor,"Skilled trades, construction and engineering",practical,trade,direct_starter_route_profile,earning upside,88,high,80,high,50,medium,76,high,"Qualitative starter-style reality profile derived from linked route structure and research text. Use as a discussion prompt only, not as verified salary, injury-risk or labour-market fact."
za-career-radiation-control-officer,Radiation Control Officer,"Health, care and social services",care,care,starter_route_suggestions_average,stress tolerance,53,medium,52,medium,92,high,62,medium,"Qualitative starter-style reality profile derived from linked route structure and research text. Use as a discussion prompt only, not as verified salary, injury-risk or labour-market fact."
za-career-radiation-control-nuclear-monitoring-technician,Radiation Control/ Nuclear Monitoring Technician,"Health, care and social services",care,care,stream_default,stress tolerance,66,medium,54,medium,90,high,60,medium,"Qualitative starter-style reality profile derived from linked route structure and research text. Use as a discussion prompt only, not as verified salary, injury-risk or labour-market fact."
za-career-radiation-laboratory-technician,Radiation Laboratory Technician,"Science, research and frontier careers",science,science,starter_route_suggestions_average,earning upside,88,high,80,high,60,medium,76,high,"Qualitative starter-style reality profile derived from linked route structure and research text. Use as a discussion prompt only, not as verified salary, injury-risk or labour-market fact."
za-career-radiation-oncologist,Radiation Oncologist,"Health, care and social services",care,care,stream_default,stress tolerance,66,medium,54,medium,90,high,60,medium,"Qualitative starter-style reality profile derived from linked route structure and research text. Use as a discussion prompt only, not as verified salary, injury-risk or labour-market fact."
za-career-radiation-protection-monitor,Radiation Protection Monitor,"Law, public service and public safety",public,public,stream_default,stress tolerance,66,medium,54,medium,76,high,62,medium,"Qualitative starter-style reality profile derived from linked route structure and research text. Use as a discussion prompt only, not as verified salary, injury-risk or labour-market fact."
za-career-radiation-protection-practitioner,Radiation Protection Practitioner,"Law, public service and public safety",public,public,stream_default,stress tolerance,66,medium,54,medium,76,high,62,medium,"Qualitative starter-style reality profile derived from linked route structure and research text. Use as a discussion prompt only, not as verified salary, injury-risk or labour-market fact."
za-career-radiation-protection-technician,Radiation Protection Technician,"Law, public service and public safety",public,public,stream_default,stress tolerance,66,medium,54,medium,76,high,62,medium,"Qualitative starter-style reality profile derived from linked route structure and research text. Use as a discussion prompt only, not as verified salary, injury-risk or labour-market fact."
za-career-radiation-therapist,Radiation Therapist,"Health, care and social services",care,care,starter_route_suggestions_average,stress tolerance,53,medium,60,medium,92,high,70,high,"Qualitative starter-style reality profile derived from linked route structure and research text. Use as a discussion prompt only, not as verified salary, injury-risk or labour-market fact."
za-career-radio-operator,Radio Operator,"Creative, media and design",creative,portfolio,starter_route_suggestions_average,earning upside,88,high,35,low,66,medium,42,low,"Qualitative starter-style reality profile derived from linked route structure and research text. Use as a discussion prompt only, not as verified salary, injury-risk or labour-market fact."
za-career-radiographic-technician,Radiographic Technician,"Skilled trades, construction and engineering",practical,trade,starter_route_suggestions_average,earning upside,88,high,80,high,60,medium,76,high,"Qualitative starter-style reality profile derived from linked route structure and research text. Use as a discussion prompt only, not as verified salary, injury-risk or labour-market fact."
za-career-radiologist,Radiologist,"Health, care and social services",care,care,direct_starter_route_profile,stress tolerance,53,medium,60,medium,92,high,62,medium,"Qualitative starter-style reality profile derived from linked route structure and research text. Use as a discussion prompt only, not as verified salary, injury-risk or labour-market fact."
za-career-radiotrician,Radiotrician,"Skilled trades, construction and engineering",practical,trade,stream_default,physical safety risk,74,high,78,high,68,high,80,high,"Qualitative starter-style reality profile derived from linked route structure and research text. Use as a discussion prompt only, not as verified salary, injury-risk or labour-market fact."
za-career-rail-operations-controller,Rail Operations Controller,"Logistics, transport and supply chain",logistics,logistics,stream_default,travel or movement,63,medium,80,high,62,medium,66,medium,"Qualitative starter-style reality profile derived from linked route structure and research text. Use as a discussion prompt only, not as verified salary, injury-risk or labour-market fact."
za-career-railway-safety-inspector,Railway Safety Inspector,"Skilled trades, construction and engineering",practical,trade,stream_default,physical safety risk,74,high,78,high,68,high,80,high,"Qualitative starter-style reality profile derived from linked route structure and research text. Use as a discussion prompt only, not as verified salary, injury-risk or labour-market fact."
za-career-railway-signal-operator,Railway Signal Operator (Functional Yard Operator),"Skilled trades, construction and engineering",practical,trade,stream_default,physical safety risk,74,high,78,high,68,high,80,high,"Qualitative starter-style reality profile derived from linked route structure and research text. Use as a discussion prompt only, not as verified salary, injury-risk or labour-market fact."
za-career-railway-signalling-assembler-and-wirer,Railway Signalling Assembler and Wirer,"Skilled trades, construction and engineering",practical,trade,stream_default,physical safety risk,74,high,78,high,68,high,80,high,"Qualitative starter-style reality profile derived from linked route structure and research text. Use as a discussion prompt only, not as verified salary, injury-risk or labour-market fact."
za-career-railway-signalling-fault-finder-and-maintainer,Railway Signalling Fault Finder and Maintainer,"Skilled trades, construction and engineering",practical,trade,stream_default,physical safety risk,74,high,78,high,68,high,80,high,"Qualitative starter-style reality profile derived from linked route structure and research text. Use as a discussion prompt only, not as verified salary, injury-risk or labour-market fact."
za-career-railway-signalling-installer,Railway Signalling installer,"Skilled trades, construction and engineering",practical,trade,stream_default,physical safety risk,74,high,86,high,68,high,88,high,"Qualitative starter-style reality profile derived from linked route structure and research text. Use as a discussion prompt only, not as verified salary, injury-risk or labour-market fact."
za-career-railway-signalling-maintenance-nqf-level-mechanician-4-119645-occupational-certificate-railway-track-constructor,Railway Signalling Maintenance NQF Level Mechanician 4 119645 Occupational Certificate Railway Track Constructor,"Skilled trades, construction and engineering",practical,trade,stream_default,physical safety risk,74,high,86,high,68,high,88,high,"Qualitative starter-style reality profile derived from linked route structure and research text. Use as a discussion prompt only, not as verified salary, injury-risk or labour-market fact."
za-career-railway-track-master,Railway Track Master,"Skilled trades, construction and engineering",practical,trade,stream_default,physical safety risk,74,high,78,high,68,high,80,high,"Qualitative starter-style reality profile derived from linked route structure and research text. Use as a discussion prompt only, not as verified salary, injury-risk or labour-market fact."
za-career-railway-track-supervisor,Railway Track Supervisor,"Skilled trades, construction and engineering",practical,trade,stream_default,physical safety risk,74,high,78,high,68,high,80,high,"Qualitative starter-style reality profile derived from linked route structure and research text. Use as a discussion prompt only, not as verified salary, injury-risk or labour-market fact."
za-career-railway-track-welder,Railway Track Welder,"Skilled trades, construction and engineering",practical,trade,stream_default,physical safety risk,74,high,86,high,68,high,88,high,"Qualitative starter-style reality profile derived from linked route structure and research text. Use as a discussion prompt only, not as verified salary, injury-risk or labour-market fact."
za-career-raise-bore-operator,Raise Bore Operator,"Manufacturing, mining and energy",engineering,trade,stream_default,physical safety risk,78,high,80,high,70,high,84,high,"Qualitative starter-style reality profile derived from linked route structure and research text. Use as a discussion prompt only, not as verified salary, injury-risk or labour-market fact."
za-career-raised-access-floor-finisher,Raised Access Floor Finisher,"Skilled trades, construction and engineering",practical,trade,starter_route_suggestions_average,earning upside,88,high,80,high,50,medium,76,high,"Qualitative starter-style reality profile derived from linked route structure and research text. Use as a discussion prompt only, not as verified salary, injury-risk or labour-market fact."
za-career-real-estate-agent,Real Estate Agent,"Sales, marketing and customer work",people,mixed,direct_starter_route_profile,physical safety risk,53,medium,27,low,50,medium,64,medium,"Qualitative starter-style reality profile derived from linked route structure and research text. Use as a discussion prompt only, not as verified salary, injury-risk or labour-market fact."
za-career-real-wood-floor-finisher,Real Wood Floor Finisher,"Skilled trades, construction and engineering",practical,trade,starter_route_suggestions_average,earning upside,88,high,80,high,50,medium,76,high,"Qualitative starter-style reality profile derived from linked route structure and research text. Use as a discussion prompt only, not as verified salary, injury-risk or labour-market fact."
za-career-receptionist,Receptionist (General),"Finance, admin and business operations",finance,mixed,direct_starter_route_profile,earning upside,88,high,27,low,50,medium,22,low,"Qualitative starter-style reality profile derived from linked route structure and research text. Use as a discussion prompt only, not as verified salary, injury-risk or labour-market fact."
za-career-recreation-officer,Recreation Officer,"Hospitality, tourism, sport and events",hospitality,hospitality,direct_starter_route_profile,earning upside,88,high,80,high,82,high,64,medium,"Qualitative starter-style reality profile derived from linked route structure and research text. Use as a discussion prompt only, not as verified salary, injury-risk or labour-market fact."
za-career-recruitment-manager,Recruitment Manager,"Management, strategy and leadership",people,mixed,direct_starter_route_profile,physical safety risk,53,medium,27,low,50,medium,64,medium,"Qualitative starter-style reality profile derived from linked route structure and research text. Use as a discussion prompt only, not as verified salary, injury-risk or labour-market fact."
za-career-recruitment-officer,Recruitment Officer,"Sales, marketing and customer work",people,mixed,starter_route_suggestions_average,physical safety risk,53,medium,27,low,50,medium,64,medium,"Qualitative starter-style reality profile derived from linked route structure and research text. Use as a discussion prompt only, not as verified salary, injury-risk or labour-market fact."
za-career-recycling-operations-coordinator,Recycling Operations Coordinator,"Agriculture, food and environment",agri,vocational,stream_default,travel or movement,62,medium,80,high,64,medium,72,high,"Qualitative starter-style reality profile derived from linked route structure and research text. Use as a discussion prompt only, not as verified salary, injury-risk or labour-market fact."
za-career-refractory-mason,Refractory Mason,"Skilled trades, construction and engineering",practical,trade,stream_default,physical safety risk,74,high,86,high,68,high,88,high,"Qualitative starter-style reality profile derived from linked route structure and research text. Use as a discussion prompt only, not as verified salary, injury-risk or labour-market fact."
za-career-refrigerant-pipe-work-fitter,Refrigerant Pipe Work Fitter,"Skilled trades, construction and engineering",practical,trade,starter_route_suggestions_average,earning upside,88,high,88,high,50,medium,84,high,"Qualitative starter-style reality profile derived from linked route structure and research text. Use as a discussion prompt only, not as verified salary, injury-risk or labour-market fact."
za-career-refrigeration-control-fitter,Refrigeration Control Fitter,"Skilled trades, construction and engineering",practical,trade,stream_default,physical safety risk,74,high,86,high,68,high,88,high,"Qualitative starter-style reality profile derived from linked route structure and research text. Use as a discussion prompt only, not as verified salary, injury-risk or labour-market fact."
za-career-refrigeration-fitter,Refrigeration Fitter,"Skilled trades, construction and engineering",practical,trade,starter_route_suggestions_average,earning upside,88,high,88,high,50,medium,84,high,"Qualitative starter-style reality profile derived from linked route structure and research text. Use as a discussion prompt only, not as verified salary, injury-risk or labour-market fact."
za-career-refrigeration-maintenance-and-repair-workman,Refrigeration Maintenance and Repair workman,"Skilled trades, construction and engineering",practical,trade,stream_default,physical safety risk,74,high,86,high,68,high,88,high,"Qualitative starter-style reality profile derived from linked route structure and research text. Use as a discussion prompt only, not as verified salary, injury-risk or labour-market fact."
za-career-refrigeration-mechanic,Refrigeration Mechanic,"Skilled trades, construction and engineering",practical,trade,starter_route_suggestions_average,earning upside,88,high,88,high,50,medium,84,high,"Qualitative starter-style reality profile derived from linked route structure and research text. Use as a discussion prompt only, not as verified salary, injury-risk or labour-market fact."
za-career-refrigeration-pipework-installer,Refrigeration Pipework Installer,"Skilled trades, construction and engineering",practical,trade,stream_default,physical safety risk,74,high,86,high,68,high,88,high,"Qualitative starter-style reality profile derived from linked route structure and research text. Use as a discussion prompt only, not as verified salary, injury-risk or labour-market fact."
za-career-refugee-status-determination-officer,Refugee Status Determination Officer,"Skilled trades, construction and engineering",practical,trade,stream_default,physical safety risk,74,high,78,high,78,high,80,high,"Qualitative starter-style reality profile derived from linked route structure and research text. Use as a discussion prompt only, not as verified salary, injury-risk or labour-market fact."
za-career-regenerative-agriculture-practitioner,Regenerative Agriculture Practitioner,"Agriculture, food and environment",agri,vocational,stream_default,travel or movement,62,medium,88,high,64,medium,80,high,"Qualitative starter-style reality profile derived from linked route structure and research text. Use as a discussion prompt only, not as verified salary, injury-risk or labour-market fact."
za-career-regional-coordinator-education-and-training,Regional coordinator: Education and Training,"Education, training and youth development",education,education,stream_default,stress tolerance,60,medium,46,medium,70,high,36,low,"Qualitative starter-style reality profile derived from linked route structure and research text. Use as a discussion prompt only, not as verified salary, injury-risk or labour-market fact."
za-career-registered-nurse,Registered Nurse,"Health, care and social services",care,care,direct_starter_route_profile,stress tolerance,53,medium,52,medium,92,high,62,medium,"Qualitative starter-style reality profile derived from linked route structure and research text. Use as a discussion prompt only, not as verified salary, injury-risk or labour-market fact."
za-career-registrar-of-the-court,Registrar of the Court,"Law, public service and public safety",public,public,starter_route_suggestions_average,stress tolerance,68,high,27,low,92,high,76,high,"Qualitative starter-style reality profile derived from linked route structure and research text. Use as a discussion prompt only, not as verified salary, injury-risk or labour-market fact."
za-career-registry-and-mailing-clerk,Registry and mailing clerk,"Finance, admin and business operations",finance,mixed,stream_default,earning upside,70,high,32,low,65,medium,26,low,"Qualitative starter-style reality profile derived from linked route structure and research text. Use as a discussion prompt only, not as verified salary, injury-risk or labour-market fact."
za-career-regulatory-inspector,Regulatory Inspector,"Skilled trades, construction and engineering",practical,trade,starter_route_suggestions_average,earning upside,88,high,80,high,60,medium,76,high,"Qualitative starter-style reality profile derived from linked route structure and research text. Use as a discussion prompt only, not as verified salary, injury-risk or labour-market fact."
za-career-regulatory-compliance-and-enforcement-manager,"Regulatory, Compliance and Enforcement Manager","Law, public service and public safety",public,public,stream_default,stress tolerance,66,medium,54,medium,86,high,62,medium,"Qualitative starter-style reality profile derived from linked route structure and research text. Use as a discussion prompt only, not as verified salary, injury-risk or labour-market fact."
za-career-rehabilitation-assistant,Rehabilitation Assistant,"Health, care and social services",care,care,stream_default,stress tolerance,66,medium,54,medium,80,high,48,medium,"Qualitative starter-style reality profile derived from linked route structure and research text. Use as a discussion prompt only, not as verified salary, injury-risk or labour-market fact."
za-career-rehabilitation-counsellor,Rehabilitation Counsellor,"Finance, admin and business operations",finance,mixed,stream_default,earning upside,70,high,32,low,65,medium,26,low,"Qualitative starter-style reality profile derived from linked route structure and research text. Use as a discussion prompt only, not as verified salary, injury-risk or labour-market fact."
za-career-reiki-practitioner,Reiki Practitioner,"Skilled trades, construction and engineering",practical,trade,stream_default,physical safety risk,74,high,78,high,68,high,80,high,"Qualitative starter-style reality profile derived from linked route structure and research text. Use as a discussion prompt only, not as verified salary, injury-risk or labour-market fact."
za-career-reintegration-officer,Reintegration Officer,"Law, public service and public safety",public,public,starter_route_suggestions_average,stress tolerance,68,high,27,low,92,high,76,high,"Qualitative starter-style reality profile derived from linked route structure and research text. Use as a discussion prompt only, not as verified salary, injury-risk or labour-market fact."
za-career-religious-associate-professional,Religious Associate Professional (Christian Religious Practitioner),"Arts, culture, heritage and society",creative,portfolio,stream_default,earning upside,56,medium,46,medium,56,medium,26,low,"Qualitative starter-style reality profile derived from linked route structure and research text. Use as a discussion prompt only, not as verified salary, injury-risk or labour-market fact."
za-career-remand-detention-coordinator,Remand detention coordinator,"Law, public service and public safety",public,public,stream_default,stress tolerance,66,medium,62,medium,86,high,70,high,"Qualitative starter-style reality profile derived from linked route structure and research text. Use as a discussion prompt only, not as verified salary, injury-risk or labour-market fact."
za-career-remand-detention-officer,Remand detention officer,"Law, public service and public safety",public,public,stream_default,stress tolerance,66,medium,54,medium,86,high,62,medium,"Qualitative starter-style reality profile derived from linked route structure and research text. Use as a discussion prompt only, not as verified salary, injury-risk or labour-market fact."
za-career-remote-customer-support-agent,Remote Customer Support Agent,"Sales, marketing and customer work",people,mixed,starter_route_suggestions_average,physical safety risk,53,medium,27,low,50,medium,76,high,"Qualitative starter-style reality profile derived from linked route structure and research text. Use as a discussion prompt only, not as verified salary, injury-risk or labour-market fact."
za-career-remote-operations-centre-controller,Remote Operations Centre Controller,"Manufacturing, mining and energy",engineering,trade,stream_default,physical safety risk,78,high,80,high,70,high,84,high,"Qualitative starter-style reality profile derived from linked route structure and research text. Use as a discussion prompt only, not as verified salary, injury-risk or labour-market fact."
za-career-remotely-operated-vehicle-pilot,Remotely Operated Vehicle (ROV) Pilot,"Skilled trades, construction and engineering",practical,trade,stream_default,physical safety risk,74,high,78,high,78,high,80,high,"Qualitative starter-style reality profile derived from linked route structure and research text. Use as a discussion prompt only, not as verified salary, injury-risk or labour-market fact."
za-career-renal-dialysis-technician,Renal Dialysis Technician,"Health, care and social services",care,care,stream_default,stress tolerance,66,medium,54,medium,80,high,48,medium,"Qualitative starter-style reality profile derived from linked route structure and research text. Use as a discussion prompt only, not as verified salary, injury-risk or labour-market fact."
za-career-renal-technician,Renal Technician,"Skilled trades, construction and engineering",practical,trade,starter_route_suggestions_average,earning upside,88,high,80,high,60,medium,76,high,"Qualitative starter-style reality profile derived from linked route structure and research text. Use as a discussion prompt only, not as verified salary, injury-risk or labour-market fact."
za-career-renewable-energy-engineer,Renewable Energy Engineer,"Manufacturing, mining and energy",engineering,trade,direct_starter_route_profile,stress tolerance,88,high,27,low,92,high,76,high,"Qualitative starter-style reality profile derived from linked route structure and research text. Use as a discussion prompt only, not as verified salary, injury-risk or labour-market fact."
za-career-renewable-project-developer,Renewable Project Developer,"Technology, data and AI",tech,mixed,stream_default,earning upside,86,high,32,low,55,medium,29,low,"Qualitative starter-style reality profile derived from linked route structure and research text. Use as a discussion prompt only, not as verified salary, injury-risk or labour-market fact."
za-career-reproductive-biology-clinical-technologist,Reproductive Biology Clinical Technologist,"Health, care and social services",care,care,stream_default,stress tolerance,66,medium,54,medium,90,high,60,medium,"Qualitative starter-style reality profile derived from linked route structure and research text. Use as a discussion prompt only, not as verified salary, injury-risk or labour-market fact."
za-career-research-and-development-manager,Research and Development Manager,"Science, research and frontier careers",science,science,stream_default,earning upside,80,high,50,medium,62,medium,34,low,"Qualitative starter-style reality profile derived from linked route structure and research text. Use as a discussion prompt only, not as verified salary, injury-risk or labour-market fact."
za-career-research-psychologist,Research Psychologist,"Health, care and social services",care,care,starter_route_suggestions_average,stress tolerance,53,medium,52,medium,92,high,62,medium,"Qualitative starter-style reality profile derived from linked route structure and research text. Use as a discussion prompt only, not as verified salary, injury-risk or labour-market fact."
za-career-resident-medical-officer,Resident Medical Officer,"Health, care and social services",care,care,starter_route_suggestions_average,stress tolerance,53,medium,52,medium,82,high,50,medium,"Qualitative starter-style reality profile derived from linked route structure and research text. Use as a discussion prompt only, not as verified salary, injury-risk or labour-market fact."
za-career-residential-care-officer,Residential Care Officer,"Health, care and social services",care,care,starter_route_suggestions_average,stress tolerance,53,medium,52,medium,92,high,62,medium,"Qualitative starter-style reality profile derived from linked route structure and research text. Use as a discussion prompt only, not as verified salary, injury-risk or labour-market fact."
za-career-resin-floor-finisher,Resin Floor Finisher,"Skilled trades, construction and engineering",practical,trade,starter_route_suggestions_average,earning upside,88,high,80,high,50,medium,76,high,"Qualitative starter-style reality profile derived from linked route structure and research text. Use as a discussion prompt only, not as verified salary, injury-risk or labour-market fact."
za-career-responsible-ai-officer,Responsible AI Officer,"Technology, data and AI",tech,mixed,starter_route_suggestions_average,earning upside,88,high,27,low,50,medium,22,low,"Qualitative starter-style reality profile derived from linked route structure and research text. Use as a discussion prompt only, not as verified salary, injury-risk or labour-market fact."
za-career-retail-buyer,Retail Buyer,"Sales, marketing and customer work",people,mixed,starter_route_suggestions_average,physical safety risk,53,medium,27,low,50,medium,64,medium,"Qualitative starter-style reality profile derived from linked route structure and research text. Use as a discussion prompt only, not as verified salary, injury-risk or labour-market fact."
za-career-retail-chain-store-manager,Retail Chain Store Manager,"Sales, marketing and customer work",people,mixed,starter_route_suggestions_average,physical safety risk,53,medium,27,low,50,medium,64,medium,"Qualitative starter-style reality profile derived from linked route structure and research text. Use as a discussion prompt only, not as verified salary, injury-risk or labour-market fact."
za-career-retail-general-manager,Retail General Manager,"Management, strategy and leadership",people,mixed,direct_starter_route_profile,physical safety risk,53,medium,27,low,50,medium,64,medium,"Qualitative starter-style reality profile derived from linked route structure and research text. Use as a discussion prompt only, not as verified salary, injury-risk or labour-market fact."
za-career-retail-manager-retail-store-manager,Retail Manager: Retail Store Manager,"Sales, marketing and customer work",people,mixed,starter_route_suggestions_average,physical safety risk,53,medium,27,low,50,medium,64,medium,"Qualitative starter-style reality profile derived from linked route structure and research text. Use as a discussion prompt only, not as verified salary, injury-risk or labour-market fact."
za-career-retail-pharmacist,Retail Pharmacist,"Health, care and social services",care,care,starter_route_suggestions_average,stress tolerance,53,medium,60,medium,82,high,58,medium,"Qualitative starter-style reality profile derived from linked route structure and research text. Use as a discussion prompt only, not as verified salary, injury-risk or labour-market fact."
za-career-retail-supervisor,Retail Supervisor,"Sales, marketing and customer work",people,mixed,direct_starter_route_profile,physical safety risk,53,medium,27,low,50,medium,64,medium,"Qualitative starter-style reality profile derived from linked route structure and research text. Use as a discussion prompt only, not as verified salary, injury-risk or labour-market fact."
za-career-retirement-fund-trustee,Retirement Fund Trustee,"Skilled trades, construction and engineering",practical,trade,stream_default,physical safety risk,74,high,78,high,68,high,80,high,"Qualitative starter-style reality profile derived from linked route structure and research text. Use as a discussion prompt only, not as verified salary, injury-risk or labour-market fact."
za-career-returns-logistics-coordinator,Returns Logistics Coordinator,"Logistics, transport and supply chain",logistics,logistics,starter_route_suggestions_average,physical safety risk,68,high,27,low,50,medium,76,high,"Qualitative starter-style reality profile derived from linked route structure and research text. Use as a discussion prompt only, not as verified salary, injury-risk or labour-market fact."
za-career-rheumatologist,Rheumatologist,"Finance, admin and business operations",finance,mixed,stream_default,earning upside,70,high,32,low,65,medium,26,low,"Qualitative starter-style reality profile derived from linked route structure and research text. Use as a discussion prompt only, not as verified salary, injury-risk or labour-market fact."
za-career-rigger,Rigger,"Manufacturing, mining and energy",engineering,trade,direct_starter_route_profile,earning upside,88,high,35,low,82,high,84,high,"Qualitative starter-style reality profile derived from linked route structure and research text. Use as a discussion prompt only, not as verified salary, injury-risk or labour-market fact."
za-career-ringframe-spinning-and-yarn-packaging-machine-operator,Ringframe Spinning and Yarn Packaging Machine Operator,"Manufacturing, mining and energy",engineering,trade,starter_route_suggestions_average,earning upside,88,high,35,low,82,high,84,high,"Qualitative starter-style reality profile derived from linked route structure and research text. Use as a discussion prompt only, not as verified salary, injury-risk or labour-market fact."
za-career-ripened-cheesemaker,Ripened Cheesemaker,"Agriculture, food and environment",agri,vocational,stream_default,travel or movement,62,medium,88,high,64,medium,80,high,"Qualitative starter-style reality profile derived from linked route structure and research text. Use as a discussion prompt only, not as verified salary, injury-risk or labour-market fact."
za-career-risk-and-integrity-manager,Risk and Integrity Manager,"Finance, admin and business operations",finance,mixed,stream_default,earning upside,70,high,32,low,65,medium,26,low,"Qualitative starter-style reality profile derived from linked route structure and research text. Use as a discussion prompt only, not as verified salary, injury-risk or labour-market fact."
za-career-risk-and-integrity-specialist,Risk and Integrity Specialist,"Finance, admin and business operations",finance,mixed,stream_default,earning upside,70,high,32,low,65,medium,26,low,"Qualitative starter-style reality profile derived from linked route structure and research text. Use as a discussion prompt only, not as verified salary, injury-risk or labour-market fact."
za-career-risk-officer,Risk Officer,"Finance, admin and business operations",finance,mixed,starter_route_suggestions_average,earning upside,88,high,27,low,60,medium,34,low,"Qualitative starter-style reality profile derived from linked route structure and research text. Use as a discussion prompt only, not as verified salary, injury-risk or labour-market fact."
za-career-road-construction-plant-operator,Road Construction Plant Operator,"Skilled trades, construction and engineering",practical,trade,starter_route_suggestions_average,earning upside,88,high,80,high,50,medium,76,high,"Qualitative starter-style reality profile derived from linked route structure and research text. Use as a discussion prompt only, not as verified salary, injury-risk or labour-market fact."
za-career-road-roller-operator,Road Roller Operator,"Manufacturing, mining and energy",engineering,trade,stream_default,physical safety risk,78,high,80,high,80,high,84,high,"Qualitative starter-style reality profile derived from linked route structure and research text. Use as a discussion prompt only, not as verified salary, injury-risk or labour-market fact."
za-career-road-traffic-safety-officer,Road Traffic Safety Officer,"Skilled trades, construction and engineering",practical,trade,starter_route_suggestions_average,earning upside,88,high,80,high,50,medium,76,high,"Qualitative starter-style reality profile derived from linked route structure and research text. Use as a discussion prompt only, not as verified salary, injury-risk or labour-market fact."
za-career-road-transport-manager,Road Transport Manager,"Logistics, transport and supply chain",logistics,logistics,stream_default,travel or movement,63,medium,80,high,72,high,66,medium,"Qualitative starter-style reality profile derived from linked route structure and research text. Use as a discussion prompt only, not as verified salary, injury-risk or labour-market fact."
za-career-robotic-processing-automation-developer,Robotic Processing Automation (RPA) Developer,"Technology, data and AI",tech,mixed,stream_default,earning upside,86,high,32,low,55,medium,17,low,"Qualitative starter-style reality profile derived from linked route structure and research text. Use as a discussion prompt only, not as verified salary, injury-risk or labour-market fact."
za-career-robotics-club-coach,Robotics Club Coach,"Education, training and youth development",education,education,stream_default,earning upside,60,medium,38,low,60,medium,16,low,"Qualitative starter-style reality profile derived from linked route structure and research text. Use as a discussion prompt only, not as verified salary, injury-risk or labour-market fact."
za-career-robotics-maintenance-technician,Robotics Maintenance Technician,"Manufacturing, mining and energy",engineering,trade,stream_default,physical safety risk,78,high,80,high,70,high,84,high,"Qualitative starter-style reality profile derived from linked route structure and research text. Use as a discussion prompt only, not as verified salary, injury-risk or labour-market fact."
za-career-robotics-technician,Robotics Technician,"Technology, data and AI",tech,mixed,direct_starter_route_profile,earning upside,88,high,27,low,50,medium,22,low,"Qualitative starter-style reality profile derived from linked route structure and research text. Use as a discussion prompt only, not as verified salary, injury-risk or labour-market fact."
za-career-rock-drill-operator,Rock Drill Operator,"Manufacturing, mining and energy",engineering,trade,starter_route_suggestions_average,earning upside,88,high,27,low,82,high,76,high,"Qualitative starter-style reality profile derived from linked route structure and research text. Use as a discussion prompt only, not as verified salary, injury-risk or labour-market fact."
za-career-roof-plumber,Roof Plumber,"Skilled trades, construction and engineering",practical,trade,starter_route_suggestions_average,earning upside,88,high,80,high,60,medium,76,high,"Qualitative starter-style reality profile derived from linked route structure and research text. Use as a discussion prompt only, not as verified salary, injury-risk or labour-market fact."
za-career-roof-thatcher,Roof Thatcher,"Skilled trades, construction and engineering",practical,trade,starter_route_suggestions_average,earning upside,88,high,80,high,60,medium,76,high,"Qualitative starter-style reality profile derived from linked route structure and research text. Use as a discussion prompt only, not as verified salary, injury-risk or labour-market fact."
za-career-roof-tiler,Roof Tiler,"Skilled trades, construction and engineering",practical,trade,starter_route_suggestions_average,earning upside,88,high,80,high,60,medium,76,high,"Qualitative starter-style reality profile derived from linked route structure and research text. Use as a discussion prompt only, not as verified salary, injury-risk or labour-market fact."
za-career-rotor-spinning-and-yarn-packaging-machine-operator,Rotor Spinning and Yarn Packaging Machine Operator,"Manufacturing, mining and energy",engineering,trade,starter_route_suggestions_average,earning upside,88,high,35,low,82,high,84,high,"Qualitative starter-style reality profile derived from linked route structure and research text. Use as a discussion prompt only, not as verified salary, injury-risk or labour-market fact."
za-career-route-optimisation-analyst,Route Optimisation Analyst,"Logistics, transport and supply chain",logistics,logistics,stream_default,travel or movement,63,medium,80,high,62,medium,66,medium,"Qualitative starter-style reality profile derived from linked route structure and research text. Use as a discussion prompt only, not as verified salary, injury-risk or labour-market fact."
za-career-routine-road-maintenance-manager,Routine Road Maintenance Manager,"Skilled trades, construction and engineering",practical,trade,stream_default,physical safety risk,74,high,78,high,68,high,80,high,"Qualitative starter-style reality profile derived from linked route structure and research text. Use as a discussion prompt only, not as verified salary, injury-risk or labour-market fact."
za-career-rpa-developer,RPA Developer,"Technology, data and AI",tech,mixed,starter_route_suggestions_average,earning upside,88,high,27,low,50,medium,22,low,"Qualitative starter-style reality profile derived from linked route structure and research text. Use as a discussion prompt only, not as verified salary, injury-risk or labour-market fact."
za-career-rpl-advisor,RPL Advisor,"Education, training and youth development",education,education,stream_default,earning upside,60,medium,38,low,60,medium,16,low,"Qualitative starter-style reality profile derived from linked route structure and research text. Use as a discussion prompt only, not as verified salary, injury-risk or labour-market fact."
za-career-rubber-floor-finisher,Rubber Floor Finisher,"Skilled trades, construction and engineering",practical,trade,starter_route_suggestions_average,earning upside,88,high,80,high,50,medium,76,high,"Qualitative starter-style reality profile derived from linked route structure and research text. Use as a discussion prompt only, not as verified salary, injury-risk or labour-market fact."
za-career-rubber-production-machine-operator,Rubber Production Machine Operator,"Manufacturing, mining and energy",engineering,trade,starter_route_suggestions_average,earning upside,88,high,35,low,82,high,84,high,"Qualitative starter-style reality profile derived from linked route structure and research text. Use as a discussion prompt only, not as verified salary, injury-risk or labour-market fact."
za-career-rural-health-programme-coordinator,Rural Health Programme Coordinator,"Health, care and social services",care,care,stream_default,stress tolerance,66,medium,54,medium,80,high,48,medium,"Qualitative starter-style reality profile derived from linked route structure and research text. Use as a discussion prompt only, not as verified salary, injury-risk or labour-market fact."
za-career-saddle-stitching-machine-operator,Saddle Stitching Machine Operator,"Manufacturing, mining and energy",engineering,trade,starter_route_suggestions_average,earning upside,88,high,35,low,82,high,84,high,"Qualitative starter-style reality profile derived from linked route structure and research text. Use as a discussion prompt only, not as verified salary, injury-risk or labour-market fact."
za-career-safety-inspector,Safety Inspector (Forestry and Related Industries Safety Health and Environment Officer),"Health, care and social services",care,care,starter_route_suggestions_average,stress tolerance,53,medium,52,medium,92,high,50,medium,"Qualitative starter-style reality profile derived from linked route structure and research text. Use as a discussion prompt only, not as verified salary, injury-risk or labour-market fact."
za-career-safety-health-and-quality-practitioner,"Safety, Health and Quality Practitioner (Occupational Health and Safety Practitioner)","Health, care and social services",care,care,starter_route_suggestions_average,stress tolerance,53,medium,60,medium,82,high,58,medium,"Qualitative starter-style reality profile derived from linked route structure and research text. Use as a discussion prompt only, not as verified salary, injury-risk or labour-market fact."
za-career-safety-health-environment-and-quality-practitioner,"Safety, Health, Environment and Quality (SHE&Q) Practitioner","Agriculture, food and environment",agri,vocational,starter_route_suggestions_average,travel or movement,53,medium,88,high,66,medium,72,high,"Qualitative starter-style reality profile derived from linked route structure and research text. Use as a discussion prompt only, not as verified salary, injury-risk or labour-market fact."
za-career-sales-and-marketing-manager,Sales and Marketing Manager,"Sales, marketing and customer work",people,mixed,starter_route_suggestions_average,physical safety risk,53,medium,27,low,50,medium,64,medium,"Qualitative starter-style reality profile derived from linked route structure and research text. Use as a discussion prompt only, not as verified salary, injury-risk or labour-market fact."
za-career-sales-assistant,Sales Assistant (General) (Retail Sales Advisor),"Sales, marketing and customer work",people,mixed,direct_starter_route_profile,physical safety risk,53,medium,27,low,50,medium,64,medium,"Qualitative starter-style reality profile derived from linked route structure and research text. Use as a discussion prompt only, not as verified salary, injury-risk or labour-market fact."
za-career-sales-clerk-officer,Sales Clerk / Officer,"Sales, marketing and customer work",people,mixed,starter_route_suggestions_average,physical safety risk,53,medium,27,low,50,medium,64,medium,"Qualitative starter-style reality profile derived from linked route structure and research text. Use as a discussion prompt only, not as verified salary, injury-risk or labour-market fact."
za-career-sand-blaster,Sand Blaster,"Manufacturing, mining and energy",engineering,trade,starter_route_suggestions_average,stress tolerance,88,high,27,low,92,high,76,high,"Qualitative starter-style reality profile derived from linked route structure and research text. Use as a discussion prompt only, not as verified salary, injury-risk or labour-market fact."
za-career-saw-doctor,Saw Doctor,"Health, care and social services",care,care,stream_default,stress tolerance,66,medium,54,medium,80,high,60,medium,"Qualitative starter-style reality profile derived from linked route structure and research text. Use as a discussion prompt only, not as verified salary, injury-risk or labour-market fact."
za-career-saw-filer,Saw Filer,"Skilled trades, construction and engineering",practical,trade,stream_default,physical safety risk,74,high,78,high,68,high,80,high,"Qualitative starter-style reality profile derived from linked route structure and research text. Use as a discussion prompt only, not as verified salary, injury-risk or labour-market fact."
za-career-scaffolder,Scaffolder,"Manufacturing, mining and energy",engineering,trade,direct_starter_route_profile,stress tolerance,88,high,27,low,92,high,76,high,"Qualitative starter-style reality profile derived from linked route structure and research text. Use as a discussion prompt only, not as verified salary, injury-risk or labour-market fact."
za-career-school-data-administrator,School Data Administrator,"Education, training and youth development",education,education,stream_default,earning upside,60,medium,38,low,60,medium,16,low,"Qualitative starter-style reality profile derived from linked route structure and research text. Use as a discussion prompt only, not as verified salary, injury-risk or labour-market fact."
za-career-school-principal,School Principal,"Education, training and youth development",education,education,direct_starter_route_profile,earning upside,68,high,27,low,50,medium,34,low,"Qualitative starter-style reality profile derived from linked route structure and research text. Use as a discussion prompt only, not as verified salary, injury-risk or labour-market fact."
za-career-scout,Scout,"Agriculture, food and environment",agri,vocational,stream_default,travel or movement,62,medium,80,high,74,high,72,high,"Qualitative starter-style reality profile derived from linked route structure and research text. Use as a discussion prompt only, not as verified salary, injury-risk or labour-market fact."
za-career-scraper-operator,Scraper Operator,"Manufacturing, mining and energy",engineering,trade,starter_route_suggestions_average,earning upside,88,high,35,low,82,high,84,high,"Qualitative starter-style reality profile derived from linked route structure and research text. Use as a discussion prompt only, not as verified salary, injury-risk or labour-market fact."
za-career-scraper-winch-operator,Scraper Winch Operator,"Manufacturing, mining and energy",engineering,trade,stream_default,physical safety risk,78,high,88,high,70,high,92,high,"Qualitative starter-style reality profile derived from linked route structure and research text. Use as a discussion prompt only, not as verified salary, injury-risk or labour-market fact."
za-career-scribe,Scribe,"Finance, admin and business operations",finance,mixed,stream_default,earning upside,70,high,32,low,65,medium,26,low,"Qualitative starter-style reality profile derived from linked route structure and research text. Use as a discussion prompt only, not as verified salary, injury-risk or labour-market fact."
za-career-sculptor,Sculptor,"Arts, culture, heritage and society",creative,portfolio,direct_starter_route_profile,earning upside,88,high,27,low,76,high,34,low,"Qualitative starter-style reality profile derived from linked route structure and research text. Use as a discussion prompt only, not as verified salary, injury-risk or labour-market fact."
za-career-seamless-floor-finisher,Seamless Floor Finisher,"Skilled trades, construction and engineering",practical,trade,starter_route_suggestions_average,earning upside,88,high,80,high,50,medium,76,high,"Qualitative starter-style reality profile derived from linked route structure and research text. Use as a discussion prompt only, not as verified salary, injury-risk or labour-market fact."
za-career-secondary-school-stem-teacher,Secondary School STEM Teacher,"Education, training and youth development",education,education,direct_starter_route_profile,earning upside,68,high,27,low,60,medium,30,low,"Qualitative starter-style reality profile derived from linked route structure and research text. Use as a discussion prompt only, not as verified salary, injury-risk or labour-market fact."
za-career-secretary,Secretary (General),"Finance, admin and business operations",finance,mixed,direct_starter_route_profile,earning upside,88,high,27,low,50,medium,22,low,"Qualitative starter-style reality profile derived from linked route structure and research text. Use as a discussion prompt only, not as verified salary, injury-risk or labour-market fact."
za-career-security-awareness-trainer,Security Awareness Trainer,"Education, training and youth development",education,education,stream_default,earning upside,60,medium,38,low,60,medium,28,low,"Qualitative starter-style reality profile derived from linked route structure and research text. Use as a discussion prompt only, not as verified salary, injury-risk or labour-market fact."
za-career-security-first-line-manager,Security First Line Manager,"Law, public service and public safety",public,public,starter_route_suggestions_average,stress tolerance,68,high,27,low,82,high,76,high,"Qualitative starter-style reality profile derived from linked route structure and research text. Use as a discussion prompt only, not as verified salary, injury-risk or labour-market fact."
za-career-security-officer,Security Officer,"Law, public service and public safety",public,public,direct_starter_route_profile,stress tolerance,68,high,27,low,82,high,76,high,"Qualitative starter-style reality profile derived from linked route structure and research text. Use as a discussion prompt only, not as verified salary, injury-risk or labour-market fact."
za-career-security-reintegration-manager,Security/Reintegration Manager,"Law, public service and public safety",public,public,starter_route_suggestions_average,stress tolerance,68,high,35,low,92,high,84,high,"Qualitative starter-style reality profile derived from linked route structure and research text. Use as a discussion prompt only, not as verified salary, injury-risk or labour-market fact."
za-career-seed-processing-machine-operator,Seed Processing Machine Operator,"Agriculture, food and environment",agri,vocational,stream_default,travel or movement,62,medium,88,high,64,medium,80,high,"Qualitative starter-style reality profile derived from linked route structure and research text. Use as a discussion prompt only, not as verified salary, injury-risk or labour-market fact."
za-career-seed-production-technician,Seed Production Technician,"Manufacturing, mining and energy",engineering,trade,stream_default,physical safety risk,78,high,88,high,70,high,92,high,"Qualitative starter-style reality profile derived from linked route structure and research text. Use as a discussion prompt only, not as verified salary, injury-risk or labour-market fact."
za-career-self-employed-re-cycling-materials-collector,Self-employed re-cycling materials collector,"Skilled trades, construction and engineering",practical,trade,stream_default,physical safety risk,74,high,78,high,68,high,80,high,"Qualitative starter-style reality profile derived from linked route structure and research text. Use as a discussion prompt only, not as verified salary, injury-risk or labour-market fact."
za-career-senior-defence-official,Senior Defence Official,"Law, public service and public safety",public,public,stream_default,stress tolerance,66,medium,62,medium,86,high,70,high,"Qualitative starter-style reality profile derived from linked route structure and research text. Use as a discussion prompt only, not as verified salary, injury-risk or labour-market fact."
za-career-senior-government-manager,Senior Government Manager,"Law, public service and public safety",public,public,stream_default,stress tolerance,66,medium,54,medium,76,high,50,medium,"Qualitative starter-style reality profile derived from linked route structure and research text. Use as a discussion prompt only, not as verified salary, injury-risk or labour-market fact."
za-career-senior-government-official,Senior Government Official,"Law, public service and public safety",public,public,stream_default,stress tolerance,66,medium,54,medium,76,high,50,medium,"Qualitative starter-style reality profile derived from linked route structure and research text. Use as a discussion prompt only, not as verified salary, injury-risk or labour-market fact."
za-career-senior-phase-school-teacher,Senior Phase School Teacher (Grades 7 - 9),"Education, training and youth development",education,education,starter_route_suggestions_average,earning upside,68,high,27,low,60,medium,22,low,"Qualitative starter-style reality profile derived from linked route structure and research text. Use as a discussion prompt only, not as verified salary, injury-risk or labour-market fact."
za-career-senior-police-officer,Senior Police Officer,"Law, public service and public safety",public,public,stream_default,stress tolerance,66,medium,54,medium,76,high,62,medium,"Qualitative starter-style reality profile derived from linked route structure and research text. Use as a discussion prompt only, not as verified salary, injury-risk or labour-market fact."
za-career-service-designer,Service Designer,"Creative, media and design",creative,portfolio,starter_route_suggestions_average,earning upside,88,high,27,low,66,medium,22,low,"Qualitative starter-style reality profile derived from linked route structure and research text. Use as a discussion prompt only, not as verified salary, injury-risk or labour-market fact."
za-career-service-station-attendant,Service Station Attendant,Elementary and entry-level work,practical,vocational,direct_starter_route_profile,earning upside,88,high,80,high,50,medium,76,high,"Qualitative starter-style reality profile derived from linked route structure and research text. Use as a discussion prompt only, not as verified salary, injury-risk or labour-market fact."
za-career-service-truck-operator,Service Truck Operator,"Manufacturing, mining and energy",engineering,trade,starter_route_suggestions_average,earning upside,88,high,35,low,82,high,84,high,"Qualitative starter-style reality profile derived from linked route structure and research text. Use as a discussion prompt only, not as verified salary, injury-risk or labour-market fact."
za-career-sewing-machine-maintenance-and-repair-technician-assistant,Sewing Machine Maintenance and Repair Technician Assistant,"Manufacturing, mining and energy",engineering,trade,stream_default,physical safety risk,78,high,88,high,70,high,92,high,"Qualitative starter-style reality profile derived from linked route structure and research text. Use as a discussion prompt only, not as verified salary, injury-risk or labour-market fact."
za-career-sewing-machine-mechanic-operator,Sewing Machine Mechanic Operator,"Skilled trades, construction and engineering",practical,trade,stream_default,physical safety risk,74,high,86,high,68,high,88,high,"Qualitative starter-style reality profile derived from linked route structure and research text. Use as a discussion prompt only, not as verified salary, injury-risk or labour-market fact."
za-career-sewing-machine-mechanic-repairer,Sewing Machine Mechanic Repairer,"Skilled trades, construction and engineering",practical,trade,stream_default,physical safety risk,74,high,86,high,68,high,88,high,"Qualitative starter-style reality profile derived from linked route structure and research text. Use as a discussion prompt only, not as verified salary, injury-risk or labour-market fact."
za-career-sewing-machine-operator,Sewing Machine Operator,"Informal, entrepreneurship and community economy",entrepreneur,entrepreneur,direct_starter_route_profile,earning upside,88,high,35,low,66,medium,84,high,"Qualitative starter-style reality profile derived from linked route structure and research text. Use as a discussion prompt only, not as verified salary, injury-risk or labour-market fact."
za-career-sheetfed-lithography-technician,Sheetfed Lithography Technician,"Skilled trades, construction and engineering",practical,trade,stream_default,physical safety risk,74,high,78,high,68,high,80,high,"Qualitative starter-style reality profile derived from linked route structure and research text. Use as a discussion prompt only, not as verified salary, injury-risk or labour-market fact."
za-career-sheetfed-lithography-technician-s-assistant,Sheetfed Lithography Technician's Assistant,"Skilled trades, construction and engineering",practical,trade,stream_default,physical safety risk,74,high,78,high,68,high,80,high,"Qualitative starter-style reality profile derived from linked route structure and research text. Use as a discussion prompt only, not as verified salary, injury-risk or labour-market fact."
za-career-shelf-filler,Shelf Filler,Elementary and entry-level work,practical,vocational,direct_starter_route_profile,earning upside,88,high,80,high,50,medium,76,high,"Qualitative starter-style reality profile derived from linked route structure and research text. Use as a discussion prompt only, not as verified salary, injury-risk or labour-market fact."
za-career-ship-s-master,Ship’s Master,"Skilled trades, construction and engineering",practical,trade,stream_default,physical safety risk,74,high,78,high,78,high,80,high,"Qualitative starter-style reality profile derived from linked route structure and research text. Use as a discussion prompt only, not as verified salary, injury-risk or labour-market fact."
za-career-ship-s-officer,Ship’s Officer,"Skilled trades, construction and engineering",practical,trade,stream_default,physical safety risk,74,high,78,high,78,high,80,high,"Qualitative starter-style reality profile derived from linked route structure and research text. Use as a discussion prompt only, not as verified salary, injury-risk or labour-market fact."
za-career-ship-s-surveyor,Ship’s Surveyor,"Skilled trades, construction and engineering",practical,trade,starter_route_suggestions_average,earning upside,88,high,80,high,60,medium,76,high,"Qualitative starter-style reality profile derived from linked route structure and research text. Use as a discussion prompt only, not as verified salary, injury-risk or labour-market fact."
za-career-shipping-agent,Shipping Agent,"Skilled trades, construction and engineering",practical,trade,stream_default,physical safety risk,74,high,78,high,68,high,80,high,"Qualitative starter-style reality profile derived from linked route structure and research text. Use as a discussion prompt only, not as verified salary, injury-risk or labour-market fact."
za-career-sideboom-operator,Sideboom Operator,"Manufacturing, mining and energy",engineering,trade,starter_route_suggestions_average,earning upside,88,high,35,low,82,high,84,high,"Qualitative starter-style reality profile derived from linked route structure and research text. Use as a discussion prompt only, not as verified salary, injury-risk or labour-market fact."
za-career-sign-writer,Sign Writer,"Skilled trades, construction and engineering",practical,trade,stream_default,physical safety risk,74,high,78,high,78,high,80,high,"Qualitative starter-style reality profile derived from linked route structure and research text. Use as a discussion prompt only, not as verified salary, injury-risk or labour-market fact."
za-career-site-reliability-engineer,Site Reliability Engineer,"Technology, data and AI",tech,mixed,direct_starter_route_profile,earning upside,88,high,27,low,50,medium,22,low,"Qualitative starter-style reality profile derived from linked route structure and research text. Use as a discussion prompt only, not as verified salary, injury-risk or labour-market fact."
za-career-skid-steer-loader-operator,Skid Steer Loader Operator,"Manufacturing, mining and energy",engineering,trade,stream_default,physical safety risk,78,high,88,high,70,high,92,high,"Qualitative starter-style reality profile derived from linked route structure and research text. Use as a discussion prompt only, not as verified salary, injury-risk or labour-market fact."
za-career-skills-development-administrator,Skills Development Administrator,"Skilled trades, construction and engineering",practical,trade,stream_default,physical safety risk,74,high,78,high,68,high,80,high,"Qualitative starter-style reality profile derived from linked route structure and research text. Use as a discussion prompt only, not as verified salary, injury-risk or labour-market fact."
za-career-skills-development-facilitator,Skills Development Facilitator,"Education, training and youth development",education,education,direct_starter_route_profile,earning upside,68,high,27,low,50,medium,22,low,"Qualitative starter-style reality profile derived from linked route structure and research text. Use as a discussion prompt only, not as verified salary, injury-risk or labour-market fact."
za-career-skills-development-practitioner,Skills Development Practitioner,"Finance, admin and business operations",finance,mixed,stream_default,earning upside,70,high,32,low,55,medium,14,low,"Qualitative starter-style reality profile derived from linked route structure and research text. Use as a discussion prompt only, not as verified salary, injury-risk or labour-market fact."
za-career-skin-care-therapist,Skin Care Therapist,"Health, care and social services",care,care,stream_default,stress tolerance,66,medium,62,medium,80,high,56,medium,"Qualitative starter-style reality profile derived from linked route structure and research text. Use as a discussion prompt only, not as verified salary, injury-risk or labour-market fact."
za-career-small-business-consultant,Small Business Consultant,"Skilled trades, construction and engineering",practical,trade,stream_default,physical safety risk,74,high,78,high,68,high,80,high,"Qualitative starter-style reality profile derived from linked route structure and research text. Use as a discussion prompt only, not as verified salary, injury-risk or labour-market fact."
za-career-small-business-manager,Small Business Manager,"Informal, entrepreneurship and community economy",entrepreneur,entrepreneur,stream_default,travel or movement,62,medium,74,high,70,high,34,low,"Qualitative starter-style reality profile derived from linked route structure and research text. Use as a discussion prompt only, not as verified salary, injury-risk or labour-market fact."
za-career-small-engine-mechanic,Small Engine Mechanic,"Skilled trades, construction and engineering",practical,trade,direct_starter_route_profile,earning upside,88,high,88,high,50,medium,84,high,"Qualitative starter-style reality profile derived from linked route structure and research text. Use as a discussion prompt only, not as verified salary, injury-risk or labour-market fact."
za-career-small-offset-lithography-operator,Small Offset Lithography Operator,"Manufacturing, mining and energy",engineering,trade,stream_default,physical safety risk,78,high,80,high,80,high,84,high,"Qualitative starter-style reality profile derived from linked route structure and research text. Use as a discussion prompt only, not as verified salary, injury-risk or labour-market fact."
za-career-small-re-cycling-business-owner,Small Re-cycling Business Owner,"Skilled trades, construction and engineering",practical,trade,stream_default,physical safety risk,74,high,78,high,68,high,80,high,"Qualitative starter-style reality profile derived from linked route structure and research text. Use as a discussion prompt only, not as verified salary, injury-risk or labour-market fact."
za-career-smallholder-farmer-support-officer,Smallholder Farmer Support Officer,"Agriculture, food and environment",agri,vocational,stream_default,travel or movement,62,medium,80,high,64,medium,72,high,"Qualitative starter-style reality profile derived from linked route structure and research text. Use as a discussion prompt only, not as verified salary, injury-risk or labour-market fact."
za-career-smart-city-operations-technician,Smart City Operations Technician,"Education, training and youth development",education,education,stream_default,earning upside,60,medium,38,low,60,medium,16,low,"Qualitative starter-style reality profile derived from linked route structure and research text. Use as a discussion prompt only, not as verified salary, injury-risk or labour-market fact."
za-career-smart-grid-technician,Smart Grid Technician,"Manufacturing, mining and energy",engineering,trade,stream_default,physical safety risk,78,high,80,high,70,high,84,high,"Qualitative starter-style reality profile derived from linked route structure and research text. Use as a discussion prompt only, not as verified salary, injury-risk or labour-market fact."
za-career-smart-irrigation-technician,Smart Irrigation Technician,"Manufacturing, mining and energy",engineering,trade,stream_default,physical safety risk,78,high,80,high,70,high,84,high,"Qualitative starter-style reality profile derived from linked route structure and research text. Use as a discussion prompt only, not as verified salary, injury-risk or labour-market fact."
za-career-soc-analyst,SOC Analyst,"Technology, data and AI",tech,mixed,starter_route_suggestions_average,earning upside,88,high,27,low,50,medium,22,low,"Qualitative starter-style reality profile derived from linked route structure and research text. Use as a discussion prompt only, not as verified salary, injury-risk or labour-market fact."
za-career-social-and-labour-plan-officer,Social and Labour Plan Officer,"Law, public service and public safety",public,public,starter_route_suggestions_average,stress tolerance,68,high,27,low,92,high,76,high,"Qualitative starter-style reality profile derived from linked route structure and research text. Use as a discussion prompt only, not as verified salary, injury-risk or labour-market fact."
za-career-social-auxiliary-worker,Social Auxiliary Worker,"Skilled trades, construction and engineering",practical,trade,stream_default,physical safety risk,74,high,78,high,68,high,80,high,"Qualitative starter-style reality profile derived from linked route structure and research text. Use as a discussion prompt only, not as verified salary, injury-risk or labour-market fact."
za-career-social-counselling-support-worker,Social Counselling Support Worker,"Skilled trades, construction and engineering",practical,trade,stream_default,physical safety risk,74,high,78,high,68,high,80,high,"Qualitative starter-style reality profile derived from linked route structure and research text. Use as a discussion prompt only, not as verified salary, injury-risk or labour-market fact."
za-career-social-counselling-worker,Social Counselling Worker,"Finance, admin and business operations",finance,mixed,stream_default,earning upside,70,high,32,low,55,medium,14,low,"Qualitative starter-style reality profile derived from linked route structure and research text. Use as a discussion prompt only, not as verified salary, injury-risk or labour-market fact."
za-career-social-media-community-manager,Social Media Community Manager,"Logistics, transport and supply chain",logistics,logistics,stream_default,travel or movement,63,medium,80,high,62,medium,66,medium,"Qualitative starter-style reality profile derived from linked route structure and research text. Use as a discussion prompt only, not as verified salary, injury-risk or labour-market fact."
za-career-social-security-administrator,Social Security Administrator,"Law, public service and public safety",public,public,starter_route_suggestions_average,stress tolerance,68,high,27,low,82,high,76,high,"Qualitative starter-style reality profile derived from linked route structure and research text. Use as a discussion prompt only, not as verified salary, injury-risk or labour-market fact."
za-career-social-security-assessor,Social Security Assessor,"Law, public service and public safety",public,public,starter_route_suggestions_average,stress tolerance,68,high,27,low,82,high,76,high,"Qualitative starter-style reality profile derived from linked route structure and research text. Use as a discussion prompt only, not as verified salary, injury-risk or labour-market fact."
za-career-social-service-manager,Social Service Manager,"Finance, admin and business operations",finance,mixed,starter_route_suggestions_average,earning upside,88,high,27,low,60,medium,34,low,"Qualitative starter-style reality profile derived from linked route structure and research text. Use as a discussion prompt only, not as verified salary, injury-risk or labour-market fact."
za-career-social-worker,Social Worker,"Health, care and social services",care,care,direct_starter_route_profile,stress tolerance,53,medium,60,medium,92,high,62,medium,"Qualitative starter-style reality profile derived from linked route structure and research text. Use as a discussion prompt only, not as verified salary, injury-risk or labour-market fact."
za-career-sociologist,Sociologist,"Finance, admin and business operations",finance,mixed,stream_default,earning upside,70,high,32,low,65,medium,26,low,"Qualitative starter-style reality profile derived from linked route structure and research text. Use as a discussion prompt only, not as verified salary, injury-risk or labour-market fact."
za-career-software-developer,Software Developer,"Technology, data and AI",tech,mixed,direct_starter_route_profile,earning upside,88,high,27,low,60,medium,34,low,"Qualitative starter-style reality profile derived from linked route structure and research text. Use as a discussion prompt only, not as verified salary, injury-risk or labour-market fact."
za-career-software-engineer,Software Engineer,"Technology, data and AI",tech,mixed,starter_route_suggestions_average,earning upside,88,high,27,low,50,medium,22,low,"Qualitative starter-style reality profile derived from linked route structure and research text. Use as a discussion prompt only, not as verified salary, injury-risk or labour-market fact."
za-career-software-tester,Software Tester,"Technology, data and AI",tech,mixed,direct_starter_route_profile,earning upside,88,high,27,low,50,medium,22,low,"Qualitative starter-style reality profile derived from linked route structure and research text. Use as a discussion prompt only, not as verified salary, injury-risk or labour-market fact."
za-career-soil-health-technician,Soil Health Technician,"Agriculture, food and environment",agri,vocational,stream_default,travel or movement,62,medium,88,high,64,medium,80,high,"Qualitative starter-style reality profile derived from linked route structure and research text. Use as a discussion prompt only, not as verified salary, injury-risk or labour-market fact."
za-career-soils-gravels-and-crushed-stone-base-materials-tester,"Soils, Gravels and Crushed Stone Base Materials Tester","Skilled trades, construction and engineering",practical,trade,stream_default,physical safety risk,74,high,78,high,68,high,80,high,"Qualitative starter-style reality profile derived from linked route structure and research text. Use as a discussion prompt only, not as verified salary, injury-risk or labour-market fact."
za-career-solar-finance-sales-consultant,Solar Finance Sales Consultant,"Finance, admin and business operations",finance,mixed,stream_default,earning upside,70,high,32,low,55,medium,26,low,"Qualitative starter-style reality profile derived from linked route structure and research text. Use as a discussion prompt only, not as verified salary, injury-risk or labour-market fact."
za-career-solar-installer,Solar Installer,"Skilled trades, construction and engineering",practical,trade,starter_route_suggestions_average,earning upside,88,high,88,high,50,medium,84,high,"Qualitative starter-style reality profile derived from linked route structure and research text. Use as a discussion prompt only, not as verified salary, injury-risk or labour-market fact."
za-career-solar-operations-and-maintenance-technician,Solar Operations and Maintenance Technician,"Manufacturing, mining and energy",engineering,trade,stream_default,physical safety risk,78,high,80,high,70,high,84,high,"Qualitative starter-style reality profile derived from linked route structure and research text. Use as a discussion prompt only, not as verified salary, injury-risk or labour-market fact."
za-career-solar-photovoltaic-service-technician,Solar Photovoltaic Service Technician,"Skilled trades, construction and engineering",practical,trade,stream_default,physical safety risk,74,high,86,high,68,high,88,high,"Qualitative starter-style reality profile derived from linked route structure and research text. Use as a discussion prompt only, not as verified salary, injury-risk or labour-market fact."
za-career-solar-photovoltaic-standalone-service-technician,Solar Photovoltaic Standalone Service Technician,"Skilled trades, construction and engineering",practical,trade,stream_default,physical safety risk,74,high,86,high,68,high,88,high,"Qualitative starter-style reality profile derived from linked route structure and research text. Use as a discussion prompt only, not as verified salary, injury-risk or labour-market fact."
za-career-solar-photovoltaic-standalone-system-mounter,Solar Photovoltaic Standalone System Mounter,"Technology, data and AI",tech,mixed,stream_default,earning upside,86,high,40,low,55,medium,37,low,"Qualitative starter-style reality profile derived from linked route structure and research text. Use as a discussion prompt only, not as verified salary, injury-risk or labour-market fact."
za-career-solar-photovoltaic-standalone-systems-installer,Solar Photovoltaic Standalone Systems Installer,"Technology, data and AI",tech,mixed,stream_default,earning upside,86,high,32,low,55,medium,29,low,"Qualitative starter-style reality profile derived from linked route structure and research text. Use as a discussion prompt only, not as verified salary, injury-risk or labour-market fact."
za-career-solar-pv-design-technician,Solar PV Design Technician,"Creative, media and design",creative,portfolio,stream_default,stress tolerance,56,medium,50,medium,64,medium,28,low,"Qualitative starter-style reality profile derived from linked route structure and research text. Use as a discussion prompt only, not as verified salary, injury-risk or labour-market fact."
za-career-solar-pv-installation-supervisor,Solar PV Installation Supervisor,"Manufacturing, mining and energy",engineering,trade,stream_default,physical safety risk,78,high,80,high,70,high,84,high,"Qualitative starter-style reality profile derived from linked route structure and research text. Use as a discussion prompt only, not as verified salary, injury-risk or labour-market fact."
za-career-solar-pv-installer,Solar PV Installer,"Skilled trades, construction and engineering",practical,trade,direct_starter_route_profile,travel or movement,80,high,88,high,50,medium,84,high,"Qualitative starter-style reality profile derived from linked route structure and research text. Use as a discussion prompt only, not as verified salary, injury-risk or labour-market fact."
za-career-sonographer,Sonographer,"Finance, admin and business operations",finance,mixed,stream_default,earning upside,70,high,32,low,55,medium,14,low,"Qualitative starter-style reality profile derived from linked route structure and research text. Use as a discussion prompt only, not as verified salary, injury-risk or labour-market fact."
za-career-sound-operator,Sound Operator,"Manufacturing, mining and energy",engineering,trade,starter_route_suggestions_average,earning upside,88,high,35,low,82,high,84,high,"Qualitative starter-style reality profile derived from linked route structure and research text. Use as a discussion prompt only, not as verified salary, injury-risk or labour-market fact."
za-career-south-african-sign-language-interpreter,South African Sign Language Interpreter,"Arts, culture, heritage and society",creative,portfolio,stream_default,earning upside,56,medium,46,medium,56,medium,14,low,"Qualitative starter-style reality profile derived from linked route structure and research text. Use as a discussion prompt only, not as verified salary, injury-risk or labour-market fact."
za-career-spaza-shop-operator,Spaza Shop Operator,"Sales, marketing and customer work",people,mixed,direct_starter_route_profile,physical safety risk,53,medium,35,low,60,medium,84,high,"Qualitative starter-style reality profile derived from linked route structure and research text. Use as a discussion prompt only, not as verified salary, injury-risk or labour-market fact."
za-career-spaza-supply-chain-coordinator,Spaza Supply Chain Coordinator,"Logistics, transport and supply chain",logistics,logistics,starter_route_suggestions_average,physical safety risk,68,high,27,low,50,medium,76,high,"Qualitative starter-style reality profile derived from linked route structure and research text. Use as a discussion prompt only, not as verified salary, injury-risk or labour-market fact."
za-career-special-care-accommodation-manager,Special Care Accommodation Manager,"Health, care and social services",care,care,stream_default,stress tolerance,66,medium,54,medium,90,high,60,medium,"Qualitative starter-style reality profile derived from linked route structure and research text. Use as a discussion prompt only, not as verified salary, injury-risk or labour-market fact."
za-career-special-class-electrician,Special Class Electrician,"Skilled trades, construction and engineering",practical,trade,stream_default,physical safety risk,74,high,86,high,68,high,88,high,"Qualitative starter-style reality profile derived from linked route structure and research text. Use as a discussion prompt only, not as verified salary, injury-risk or labour-market fact."
za-career-special-forces-operator,Special Forces Operator,"Manufacturing, mining and energy",engineering,trade,stream_default,physical safety risk,78,high,88,high,70,high,92,high,"Qualitative starter-style reality profile derived from linked route structure and research text. Use as a discussion prompt only, not as verified salary, injury-risk or labour-market fact."
za-career-specialised-glazing-solution-installer,Specialised Glazing Solution Installer,"Skilled trades, construction and engineering",practical,trade,stream_default,physical safety risk,74,high,86,high,68,high,88,high,"Qualitative starter-style reality profile derived from linked route structure and research text. Use as a discussion prompt only, not as verified salary, injury-risk or labour-market fact."
za-career-speciality-gas-system-installer,Speciality Gas System Installer,"Technology, data and AI",tech,mixed,stream_default,earning upside,86,high,40,low,55,medium,37,low,"Qualitative starter-style reality profile derived from linked route structure and research text. Use as a discussion prompt only, not as verified salary, injury-risk or labour-market fact."
za-career-speciality-yarn-assembly-machine-operator,Speciality Yarn Assembly Machine Operator,"Manufacturing, mining and energy",engineering,trade,starter_route_suggestions_average,earning upside,88,high,35,low,82,high,84,high,"Qualitative starter-style reality profile derived from linked route structure and research text. Use as a discussion prompt only, not as verified salary, injury-risk or labour-market fact."
za-career-speech-pathologist,Speech Pathologist,"Health, care and social services",care,care,starter_route_suggestions_average,stress tolerance,53,medium,52,medium,92,high,62,medium,"Qualitative starter-style reality profile derived from linked route structure and research text. Use as a discussion prompt only, not as verified salary, injury-risk or labour-market fact."
za-career-speech-therapist,Speech Therapist,"Health, care and social services",care,care,direct_starter_route_profile,stress tolerance,53,medium,52,medium,92,high,62,medium,"Qualitative starter-style reality profile derived from linked route structure and research text. Use as a discussion prompt only, not as verified salary, injury-risk or labour-market fact."
za-career-speech-therapy-assistant,Speech Therapy Assistant,"Health, care and social services",care,care,starter_route_suggestions_average,stress tolerance,53,medium,60,medium,92,high,70,high,"Qualitative starter-style reality profile derived from linked route structure and research text. Use as a discussion prompt only, not as verified salary, injury-risk or labour-market fact."
za-career-speech-language-therapist,Speech-Language Therapist,"Health, care and social services",care,care,starter_route_suggestions_average,stress tolerance,53,medium,60,medium,92,high,70,high,"Qualitative starter-style reality profile derived from linked route structure and research text. Use as a discussion prompt only, not as verified salary, injury-risk or labour-market fact."
za-career-sport-psychologist,Sport Psychologist,"Health, care and social services",care,care,starter_route_suggestions_average,stress tolerance,53,medium,52,medium,92,high,62,medium,"Qualitative starter-style reality profile derived from linked route structure and research text. Use as a discussion prompt only, not as verified salary, injury-risk or labour-market fact."
za-career-sport-scientist,Sport Scientist,"Science, research and frontier careers",science,science,starter_route_suggestions_average,earning upside,88,high,80,high,60,medium,76,high,"Qualitative starter-style reality profile derived from linked route structure and research text. Use as a discussion prompt only, not as verified salary, injury-risk or labour-market fact."
za-career-sports-coach-or-instructor,Sports Coach or Instructor,"Hospitality, tourism, sport and events",hospitality,hospitality,starter_route_suggestions_average,earning upside,88,high,88,high,82,high,72,high,"Qualitative starter-style reality profile derived from linked route structure and research text. Use as a discussion prompt only, not as verified salary, injury-risk or labour-market fact."
za-career-sports-development-officer,Sports Development Officer,"Hospitality, tourism, sport and events",hospitality,hospitality,stream_default,stress tolerance,58,medium,72,high,82,high,34,low,"Qualitative starter-style reality profile derived from linked route structure and research text. Use as a discussion prompt only, not as verified salary, injury-risk or labour-market fact."
za-career-sports-official,Sports Official,"Hospitality, tourism, sport and events",hospitality,hospitality,starter_route_suggestions_average,stress tolerance,88,high,80,high,92,high,76,high,"Qualitative starter-style reality profile derived from linked route structure and research text. Use as a discussion prompt only, not as verified salary, injury-risk or labour-market fact."
za-career-spout-operator,Spout Operator,"Manufacturing, mining and energy",engineering,trade,starter_route_suggestions_average,earning upside,88,high,35,low,82,high,84,high,"Qualitative starter-style reality profile derived from linked route structure and research text. Use as a discussion prompt only, not as verified salary, injury-risk or labour-market fact."
za-career-staff-nurse,Staff Nurse,"Health, care and social services",care,care,starter_route_suggestions_average,stress tolerance,53,medium,60,medium,92,high,70,high,"Qualitative starter-style reality profile derived from linked route structure and research text. Use as a discussion prompt only, not as verified salary, injury-risk or labour-market fact."
za-career-state-attorney,State Attorney,"Law, public service and public safety",public,public,starter_route_suggestions_average,stress tolerance,68,high,27,low,92,high,76,high,"Qualitative starter-style reality profile derived from linked route structure and research text. Use as a discussion prompt only, not as verified salary, injury-risk or labour-market fact."
za-career-state-law-advisor,State Law Advisor,"Law, public service and public safety",public,public,direct_starter_route_profile,stress tolerance,68,high,27,low,92,high,76,high,"Qualitative starter-style reality profile derived from linked route structure and research text. Use as a discussion prompt only, not as verified salary, injury-risk or labour-market fact."
za-career-state-owned-entities-and-oversight-manager,State Owned entities and Oversight Manager,"Finance, admin and business operations",finance,mixed,stream_default,earning upside,70,high,32,low,65,medium,26,low,"Qualitative starter-style reality profile derived from linked route structure and research text. Use as a discussion prompt only, not as verified salary, injury-risk or labour-market fact."
za-career-statistical-and-mathematical-assistant,Statistical and Mathematical Assistant,"Skilled trades, construction and engineering",practical,trade,stream_default,physical safety risk,74,high,78,high,78,high,80,high,"Qualitative starter-style reality profile derived from linked route structure and research text. Use as a discussion prompt only, not as verified salary, injury-risk or labour-market fact."
za-career-statistical-clerk,Statistical Clerk,"Skilled trades, construction and engineering",practical,trade,stream_default,physical safety risk,74,high,78,high,68,high,80,high,"Qualitative starter-style reality profile derived from linked route structure and research text. Use as a discussion prompt only, not as verified salary, injury-risk or labour-market fact."
za-career-statistician,Statistician,"Finance, admin and business operations",finance,mixed,direct_starter_route_profile,earning upside,88,high,27,low,50,medium,22,low,"Qualitative starter-style reality profile derived from linked route structure and research text. Use as a discussion prompt only, not as verified salary, injury-risk or labour-market fact."
za-career-steel-fixer,Steel Fixer,"Skilled trades, construction and engineering",practical,trade,stream_default,physical safety risk,74,high,78,high,78,high,80,high,"Qualitative starter-style reality profile derived from linked route structure and research text. Use as a discussion prompt only, not as verified salary, injury-risk or labour-market fact."
za-career-steelpan-maker-and-tuner,Steelpan Maker and Tuner,"Skilled trades, construction and engineering",practical,trade,stream_default,physical safety risk,74,high,78,high,68,high,80,high,"Qualitative starter-style reality profile derived from linked route structure and research text. Use as a discussion prompt only, not as verified salary, injury-risk or labour-market fact."
za-career-stem-tutor,STEM Tutor,"Education, training and youth development",education,education,starter_route_suggestions_average,earning upside,68,high,27,low,50,medium,22,low,"Qualitative starter-style reality profile derived from linked route structure and research text. Use as a discussion prompt only, not as verified salary, injury-risk or labour-market fact."
za-career-sterilization-attendant,Sterilization Attendant,"Skilled trades, construction and engineering",practical,trade,stream_default,physical safety risk,74,high,78,high,78,high,80,high,"Qualitative starter-style reality profile derived from linked route structure and research text. Use as a discussion prompt only, not as verified salary, injury-risk or labour-market fact."
za-career-stock-clerk-officer,Stock Clerk / Officer,"Skilled trades, construction and engineering",practical,trade,starter_route_suggestions_average,earning upside,88,high,80,high,50,medium,76,high,"Qualitative starter-style reality profile derived from linked route structure and research text. Use as a discussion prompt only, not as verified salary, injury-risk or labour-market fact."
za-career-stone-engraver,Stone Engraver,"Skilled trades, construction and engineering",practical,trade,starter_route_suggestions_average,earning upside,88,high,80,high,50,medium,76,high,"Qualitative starter-style reality profile derived from linked route structure and research text. Use as a discussion prompt only, not as verified salary, injury-risk or labour-market fact."
za-career-stone-erector,Stone Erector,"Skilled trades, construction and engineering",practical,trade,starter_route_suggestions_average,earning upside,88,high,80,high,50,medium,76,high,"Qualitative starter-style reality profile derived from linked route structure and research text. Use as a discussion prompt only, not as verified salary, injury-risk or labour-market fact."
za-career-stone-polisher,Stone Polisher,"Skilled trades, construction and engineering",practical,trade,starter_route_suggestions_average,earning upside,88,high,80,high,50,medium,76,high,"Qualitative starter-style reality profile derived from linked route structure and research text. Use as a discussion prompt only, not as verified salary, injury-risk or labour-market fact."
za-career-stonemason,Stonemason,"Skilled trades, construction and engineering",practical,trade,direct_starter_route_profile,earning upside,88,high,88,high,50,medium,84,high,"Qualitative starter-style reality profile derived from linked route structure and research text. Use as a discussion prompt only, not as verified salary, injury-risk or labour-market fact."
za-career-store-person,Store Person,"Skilled trades, construction and engineering",practical,trade,stream_default,physical safety risk,74,high,78,high,68,high,80,high,"Qualitative starter-style reality profile derived from linked route structure and research text. Use as a discussion prompt only, not as verified salary, injury-risk or labour-market fact."
za-career-strategy-monitoring-and-evaluation-manager,"Strategy, Monitoring and Evaluation Manager","Finance, admin and business operations",finance,mixed,stream_default,earning upside,70,high,32,low,65,medium,26,low,"Qualitative starter-style reality profile derived from linked route structure and research text. Use as a discussion prompt only, not as verified salary, injury-risk or labour-market fact."
za-career-street-vendor,Street Vendor,"Sales, marketing and customer work",people,mixed,direct_starter_route_profile,physical safety risk,53,medium,35,low,60,medium,84,high,"Qualitative starter-style reality profile derived from linked route structure and research text. Use as a discussion prompt only, not as verified salary, injury-risk or labour-market fact."
za-career-structural-steel-erector,Structural Steel Erector,"Skilled trades, construction and engineering",practical,trade,stream_default,physical safety risk,74,high,78,high,78,high,80,high,"Qualitative starter-style reality profile derived from linked route structure and research text. Use as a discussion prompt only, not as verified salary, injury-risk or labour-market fact."
za-career-student-nurse,Student Nurse,"Health, care and social services",care,care,starter_route_suggestions_average,stress tolerance,53,medium,60,medium,92,high,70,high,"Qualitative starter-style reality profile derived from linked route structure and research text. Use as a discussion prompt only, not as verified salary, injury-risk or labour-market fact."
za-career-sugar-processing-controller,Sugar Processing Controller,"Manufacturing, mining and energy",engineering,trade,stream_default,physical safety risk,78,high,88,high,70,high,92,high,"Qualitative starter-style reality profile derived from linked route structure and research text. Use as a discussion prompt only, not as verified salary, injury-risk or labour-market fact."
za-career-sugar-processing-machine-operator,Sugar Processing Machine Operator,"Manufacturing, mining and energy",engineering,trade,starter_route_suggestions_average,earning upside,88,high,35,low,82,high,84,high,"Qualitative starter-style reality profile derived from linked route structure and research text. Use as a discussion prompt only, not as verified salary, injury-risk or labour-market fact."
za-career-supplier-development-officer,Supplier Development Officer,"Logistics, transport and supply chain",logistics,logistics,stream_default,travel or movement,63,medium,80,high,62,medium,66,medium,"Qualitative starter-style reality profile derived from linked route structure and research text. Use as a discussion prompt only, not as verified salary, injury-risk or labour-market fact."
za-career-supply-and-distribution-manager,Supply and Distribution Manager,"Logistics, transport and supply chain",logistics,logistics,starter_route_suggestions_average,physical safety risk,68,high,27,low,60,medium,76,high,"Qualitative starter-style reality profile derived from linked route structure and research text. Use as a discussion prompt only, not as verified salary, injury-risk or labour-market fact."
za-career-supply-chain-clerk,Supply chain clerk,"Logistics, transport and supply chain",logistics,logistics,starter_route_suggestions_average,physical safety risk,68,high,27,low,60,medium,76,high,"Qualitative starter-style reality profile derived from linked route structure and research text. Use as a discussion prompt only, not as verified salary, injury-risk or labour-market fact."
za-career-supply-chain-executive,Supply Chain Executive,"Logistics, transport and supply chain",logistics,logistics,starter_route_suggestions_average,physical safety risk,68,high,35,low,50,medium,84,high,"Qualitative starter-style reality profile derived from linked route structure and research text. Use as a discussion prompt only, not as verified salary, injury-risk or labour-market fact."
za-career-supply-chain-manager,Supply Chain Manager,"Logistics, transport and supply chain",logistics,logistics,direct_starter_route_profile,physical safety risk,68,high,35,low,50,medium,84,high,"Qualitative starter-style reality profile derived from linked route structure and research text. Use as a discussion prompt only, not as verified salary, injury-risk or labour-market fact."
za-career-supply-chain-practitioner,Supply Chain Practitioner,"Logistics, transport and supply chain",logistics,logistics,starter_route_suggestions_average,physical safety risk,68,high,27,low,50,medium,76,high,"Qualitative starter-style reality profile derived from linked route structure and research text. Use as a discussion prompt only, not as verified salary, injury-risk or labour-market fact."
za-career-supply-planner,Supply Planner,"Logistics, transport and supply chain",logistics,logistics,starter_route_suggestions_average,physical safety risk,68,high,27,low,50,medium,76,high,"Qualitative starter-style reality profile derived from linked route structure and research text. Use as a discussion prompt only, not as verified salary, injury-risk or labour-market fact."
za-career-surface-grader-operator,Surface Grader Operator,"Manufacturing, mining and energy",engineering,trade,starter_route_suggestions_average,earning upside,88,high,35,low,82,high,84,high,"Qualitative starter-style reality profile derived from linked route structure and research text. Use as a discussion prompt only, not as verified salary, injury-risk or labour-market fact."
za-career-surface-grinding-operator,Surface Grinding Operator,"Manufacturing, mining and energy",engineering,trade,starter_route_suggestions_average,earning upside,88,high,35,low,82,high,84,high,"Qualitative starter-style reality profile derived from linked route structure and research text. Use as a discussion prompt only, not as verified salary, injury-risk or labour-market fact."
za-career-surface-roller-operator,Surface Roller Operator,"Manufacturing, mining and energy",engineering,trade,stream_default,physical safety risk,78,high,88,high,70,high,92,high,"Qualitative starter-style reality profile derived from linked route structure and research text. Use as a discussion prompt only, not as verified salary, injury-risk or labour-market fact."
za-career-surface-tracked-dozer,Surface Tracked Dozer,"Skilled trades, construction and engineering",practical,trade,stream_default,physical safety risk,74,high,78,high,68,high,80,high,"Qualitative starter-style reality profile derived from linked route structure and research text. Use as a discussion prompt only, not as verified salary, injury-risk or labour-market fact."
za-career-surgeon,Surgeon,"Health, care and social services",care,care,direct_starter_route_profile,stress tolerance,53,medium,52,medium,92,high,62,medium,"Qualitative starter-style reality profile derived from linked route structure and research text. Use as a discussion prompt only, not as verified salary, injury-risk or labour-market fact."
za-career-survey-interviewer,Survey Interviewer,"Skilled trades, construction and engineering",practical,trade,starter_route_suggestions_average,earning upside,88,high,80,high,50,medium,76,high,"Qualitative starter-style reality profile derived from linked route structure and research text. Use as a discussion prompt only, not as verified salary, injury-risk or labour-market fact."
za-career-surveying-or-cartographic-technician,Surveying or Cartographic Technician,"Finance, admin and business operations",finance,mixed,stream_default,earning upside,70,high,32,low,55,medium,14,low,"Qualitative starter-style reality profile derived from linked route structure and research text. Use as a discussion prompt only, not as verified salary, injury-risk or labour-market fact."
za-career-surveyor,Surveyor,"Skilled trades, construction and engineering",practical,trade,starter_route_suggestions_average,earning upside,88,high,80,high,50,medium,76,high,"Qualitative starter-style reality profile derived from linked route structure and research text. Use as a discussion prompt only, not as verified salary, injury-risk or labour-market fact."
za-career-surveyor-s-assistant,Surveyor's Assistant,"Skilled trades, construction and engineering",practical,trade,starter_route_suggestions_average,earning upside,88,high,80,high,60,medium,76,high,"Qualitative starter-style reality profile derived from linked route structure and research text. Use as a discussion prompt only, not as verified salary, injury-risk or labour-market fact."
za-career-survival-equipment-fitter,Survival Equipment Fitter (Parachute Rigger),"Skilled trades, construction and engineering",practical,trade,stream_default,physical safety risk,74,high,86,high,68,high,88,high,"Qualitative starter-style reality profile derived from linked route structure and research text. Use as a discussion prompt only, not as verified salary, injury-risk or labour-market fact."
za-career-sustainability-manager,Sustainability Manager,"Manufacturing, mining and energy",engineering,trade,starter_route_suggestions_average,earning upside,88,high,27,low,82,high,64,medium,"Qualitative starter-style reality profile derived from linked route structure and research text. Use as a discussion prompt only, not as verified salary, injury-risk or labour-market fact."
za-career-sustainability-reporting-specialist,Sustainability Reporting Specialist,"Manufacturing, mining and energy",engineering,trade,stream_default,physical safety risk,78,high,80,high,70,high,84,high,"Qualitative starter-style reality profile derived from linked route structure and research text. Use as a discussion prompt only, not as verified salary, injury-risk or labour-market fact."
za-career-switchboard-operator,Switchboard operator,"Finance, admin and business operations",finance,mixed,direct_starter_route_profile,earning upside,88,high,27,low,60,medium,34,low,"Qualitative starter-style reality profile derived from linked route structure and research text. Use as a discussion prompt only, not as verified salary, injury-risk or labour-market fact."
za-career-systems-administrator,Systems Administrator,"Technology, data and AI",tech,mixed,direct_starter_route_profile,earning upside,88,high,27,low,50,medium,22,low,"Qualitative starter-style reality profile derived from linked route structure and research text. Use as a discussion prompt only, not as verified salary, injury-risk or labour-market fact."
za-career-systems-design-specialist,Systems Design Specialist,"Creative, media and design",creative,portfolio,stream_default,stress tolerance,56,medium,50,medium,64,medium,16,low,"Qualitative starter-style reality profile derived from linked route structure and research text. Use as a discussion prompt only, not as verified salary, injury-risk or labour-market fact."
za-career-systems-developer,Systems Developer,"Technology, data and AI",tech,mixed,starter_route_suggestions_average,earning upside,88,high,27,low,60,medium,34,low,"Qualitative starter-style reality profile derived from linked route structure and research text. Use as a discussion prompt only, not as verified salary, injury-risk or labour-market fact."
za-career-tailings-dam-monitoring-technician,Tailings Dam Monitoring Technician,"Manufacturing, mining and energy",engineering,trade,stream_default,physical safety risk,78,high,80,high,70,high,84,high,"Qualitative starter-style reality profile derived from linked route structure and research text. Use as a discussion prompt only, not as verified salary, injury-risk or labour-market fact."
za-career-tailor,Tailor,"Manufacturing, mining and energy",engineering,trade,direct_starter_route_profile,earning upside,88,high,27,low,82,high,76,high,"Qualitative starter-style reality profile derived from linked route structure and research text. Use as a discussion prompt only, not as verified salary, injury-risk or labour-market fact."
za-career-tanker-driver,Tanker Driver,"Logistics, transport and supply chain",logistics,logistics,starter_route_suggestions_average,physical safety risk,68,high,35,low,50,medium,84,high,"Qualitative starter-style reality profile derived from linked route structure and research text. Use as a discussion prompt only, not as verified salary, injury-risk or labour-market fact."
za-career-tax-professional,Tax Professional,"Finance, admin and business operations",finance,mixed,starter_route_suggestions_average,earning upside,88,high,27,low,50,medium,22,low,"Qualitative starter-style reality profile derived from linked route structure and research text. Use as a discussion prompt only, not as verified salary, injury-risk or labour-market fact."
za-career-tax-technician,Tax Technician,"Finance, admin and business operations",finance,mixed,starter_route_suggestions_average,earning upside,88,high,27,low,50,medium,34,low,"Qualitative starter-style reality profile derived from linked route structure and research text. Use as a discussion prompt only, not as verified salary, injury-risk or labour-market fact."
za-career-taxation-clerk,Taxation Clerk,"Finance, admin and business operations",finance,mixed,starter_route_suggestions_average,earning upside,88,high,27,low,50,medium,34,low,"Qualitative starter-style reality profile derived from linked route structure and research text. Use as a discussion prompt only, not as verified salary, injury-risk or labour-market fact."
za-career-taxi-driver,Taxi Driver,"Logistics, transport and supply chain",logistics,logistics,direct_starter_route_profile,physical safety risk,68,high,27,low,50,medium,76,high,"Qualitative starter-style reality profile derived from linked route structure and research text. Use as a discussion prompt only, not as verified salary, injury-risk or labour-market fact."
za-career-teachers-aide,Teachers’ Aide,"Law, public service and public safety",public,public,stream_default,stress tolerance,66,medium,62,medium,86,high,70,high,"Qualitative starter-style reality profile derived from linked route structure and research text. Use as a discussion prompt only, not as verified salary, injury-risk or labour-market fact."
za-career-technical-support-services-manager,Technical (ICT) Support Services Manager,"Technology, data and AI",tech,mixed,starter_route_suggestions_average,earning upside,88,high,27,low,60,medium,34,low,"Qualitative starter-style reality profile derived from linked route structure and research text. Use as a discussion prompt only, not as verified salary, injury-risk or labour-market fact."
za-career-technical-ict-support-services-manager,Technical ICT Support Services Manager,"Technology, data and AI",tech,mixed,stream_default,earning upside,86,high,32,low,55,medium,29,low,"Qualitative starter-style reality profile derived from linked route structure and research text. Use as a discussion prompt only, not as verified salary, injury-risk or labour-market fact."
za-career-technical-support-agent,Technical Support Agent,"Logistics, transport and supply chain",logistics,logistics,stream_default,travel or movement,63,medium,80,high,62,medium,66,medium,"Qualitative starter-style reality profile derived from linked route structure and research text. Use as a discussion prompt only, not as verified salary, injury-risk or labour-market fact."
za-career-technical-writer,Technical Writer,"Technology, data and AI",tech,mixed,direct_starter_route_profile,earning upside,88,high,27,low,50,medium,22,low,"Qualitative starter-style reality profile derived from linked route structure and research text. Use as a discussion prompt only, not as verified salary, injury-risk or labour-market fact."
za-career-telecommunication-line-mechanic,Telecommunication Line Mechanic,"Skilled trades, construction and engineering",practical,trade,stream_default,physical safety risk,74,high,86,high,68,high,88,high,"Qualitative starter-style reality profile derived from linked route structure and research text. Use as a discussion prompt only, not as verified salary, injury-risk or labour-market fact."
za-career-telecommunications-cable-jointer,Telecommunications Cable Jointer,"Skilled trades, construction and engineering",practical,trade,stream_default,physical safety risk,74,high,78,high,68,high,80,high,"Qualitative starter-style reality profile derived from linked route structure and research text. Use as a discussion prompt only, not as verified salary, injury-risk or labour-market fact."
za-career-telecommunications-network-engineer,Telecommunications Network Engineer,"Technology, data and AI",tech,mixed,starter_route_suggestions_average,earning upside,88,high,27,low,60,medium,34,low,"Qualitative starter-style reality profile derived from linked route structure and research text. Use as a discussion prompt only, not as verified salary, injury-risk or labour-market fact."
za-career-telecommunications-technical-officer-or-technologist,Telecommunications Technical Officer or Technologist,"Technology, data and AI",tech,mixed,starter_route_suggestions_average,earning upside,88,high,27,low,60,medium,34,low,"Qualitative starter-style reality profile derived from linked route structure and research text. Use as a discussion prompt only, not as verified salary, injury-risk or labour-market fact."
za-career-telecommunications-technician,Telecommunications Technician,"Technology, data and AI",tech,mixed,direct_starter_route_profile,earning upside,88,high,27,low,50,medium,34,low,"Qualitative starter-style reality profile derived from linked route structure and research text. Use as a discussion prompt only, not as verified salary, injury-risk or labour-market fact."
za-career-telehealth-coordinator,Telehealth Coordinator,"Health, care and social services",care,care,stream_default,stress tolerance,66,medium,54,medium,80,high,48,medium,"Qualitative starter-style reality profile derived from linked route structure and research text. Use as a discussion prompt only, not as verified salary, injury-risk or labour-market fact."
za-career-text-editor,Text Editor,"Creative, media and design",creative,portfolio,starter_route_suggestions_average,earning upside,88,high,27,low,66,medium,34,low,"Qualitative starter-style reality profile derived from linked route structure and research text. Use as a discussion prompt only, not as verified salary, injury-risk or labour-market fact."
za-career-textile-blowroom-and-carding-machine-operator,Textile Blowroom and Carding Machine Operator,"Manufacturing, mining and energy",engineering,trade,starter_route_suggestions_average,earning upside,88,high,35,low,82,high,84,high,"Qualitative starter-style reality profile derived from linked route structure and research text. Use as a discussion prompt only, not as verified salary, injury-risk or labour-market fact."
za-career-textile-carding-and-drawframe-machine-nqf-level-operator-2-103221-occupational-certificate-textile-drawframe-and-speedframe-machine-operator,Textile Carding and Drawframe Machine NQF Level Operator 2 103221 Occupational Certificate Textile Drawframe and Speedframe Machine Operator,"Manufacturing, mining and energy",engineering,trade,starter_route_suggestions_average,earning upside,88,high,35,low,82,high,84,high,"Qualitative starter-style reality profile derived from linked route structure and research text. Use as a discussion prompt only, not as verified salary, injury-risk or labour-market fact."
za-career-textile-dry-finishing-and-heat-setting-machine-operator,Textile Dry Finishing and Heat Setting Machine Operator,"Manufacturing, mining and energy",engineering,trade,starter_route_suggestions_average,earning upside,88,high,35,low,82,high,84,high,"Qualitative starter-style reality profile derived from linked route structure and research text. Use as a discussion prompt only, not as verified salary, injury-risk or labour-market fact."
za-career-textile-dry-finishing-machine-operator,Textile Dry Finishing Machine Operator,"Manufacturing, mining and energy",engineering,trade,starter_route_suggestions_average,earning upside,88,high,35,low,82,high,84,high,"Qualitative starter-style reality profile derived from linked route structure and research text. Use as a discussion prompt only, not as verified salary, injury-risk or labour-market fact."
za-career-textile-dry-fringing-machine-operator,Textile Dry Fringing Machine Operator,"Manufacturing, mining and energy",engineering,trade,starter_route_suggestions_average,earning upside,88,high,35,low,82,high,84,high,"Qualitative starter-style reality profile derived from linked route structure and research text. Use as a discussion prompt only, not as verified salary, injury-risk or labour-market fact."
za-career-textile-dry-product-surface-preparation-machine,Textile Dry Product Surface Preparation Machine,"Manufacturing, mining and energy",engineering,trade,stream_default,physical safety risk,78,high,88,high,70,high,92,high,"Qualitative starter-style reality profile derived from linked route structure and research text. Use as a discussion prompt only, not as verified salary, injury-risk or labour-market fact."
za-career-textile-sliver-lap-combing-and-drawframe-machine-operator,"Textile Sliver Lap, Combing and Drawframe Machine Operator","Manufacturing, mining and energy",engineering,trade,starter_route_suggestions_average,earning upside,88,high,35,low,82,high,84,high,"Qualitative starter-style reality profile derived from linked route structure and research text. Use as a discussion prompt only, not as verified salary, injury-risk or labour-market fact."
za-career-textile-wet-process-coating-machine-operator,Textile Wet Process Coating Machine Operator,"Manufacturing, mining and energy",engineering,trade,starter_route_suggestions_average,earning upside,88,high,35,low,82,high,84,high,"Qualitative starter-style reality profile derived from linked route structure and research text. Use as a discussion prompt only, not as verified salary, injury-risk or labour-market fact."
za-career-textile-wet-process-dyeing-machine-operator,Textile Wet Process Dyeing Machine Operator,"Manufacturing, mining and energy",engineering,trade,starter_route_suggestions_average,earning upside,88,high,35,low,82,high,84,high,"Qualitative starter-style reality profile derived from linked route structure and research text. Use as a discussion prompt only, not as verified salary, injury-risk or labour-market fact."
za-career-textile-wet-process-preparation-machine-operator,Textile Wet Process Preparation Machine Operator,"Manufacturing, mining and energy",engineering,trade,starter_route_suggestions_average,earning upside,88,high,35,low,82,high,84,high,"Qualitative starter-style reality profile derived from linked route structure and research text. Use as a discussion prompt only, not as verified salary, injury-risk or labour-market fact."
za-career-textile-wet-process-printing-machine-operator,Textile Wet Process Printing Machine Operator,"Manufacturing, mining and energy",engineering,trade,starter_route_suggestions_average,earning upside,88,high,35,low,82,high,84,high,"Qualitative starter-style reality profile derived from linked route structure and research text. Use as a discussion prompt only, not as verified salary, injury-risk or labour-market fact."
za-career-textile-wet-product-finishing-machine-operator,Textile Wet Product Finishing Machine Operator,"Manufacturing, mining and energy",engineering,trade,starter_route_suggestions_average,earning upside,88,high,35,low,82,high,84,high,"Qualitative starter-style reality profile derived from linked route structure and research text. Use as a discussion prompt only, not as verified salary, injury-risk or labour-market fact."
za-career-therapeutic-radiographer,Therapeutic Radiographer,"Health, care and social services",care,care,starter_route_suggestions_average,stress tolerance,53,medium,60,medium,92,high,70,high,"Qualitative starter-style reality profile derived from linked route structure and research text. Use as a discussion prompt only, not as verified salary, injury-risk or labour-market fact."
za-career-tissue-backstand-operator,Tissue Backstand Operator,"Manufacturing, mining and energy",engineering,trade,stream_default,physical safety risk,78,high,88,high,70,high,92,high,"Qualitative starter-style reality profile derived from linked route structure and research text. Use as a discussion prompt only, not as verified salary, injury-risk or labour-market fact."
za-career-tissue-converter-machine-operator,Tissue Converter Machine Operator,"Manufacturing, mining and energy",engineering,trade,starter_route_suggestions_average,earning upside,88,high,35,low,82,high,84,high,"Qualitative starter-style reality profile derived from linked route structure and research text. Use as a discussion prompt only, not as verified salary, injury-risk or labour-market fact."
za-career-tissue-core-winder,Tissue Core Winder,"Manufacturing, mining and energy",engineering,trade,stream_default,physical safety risk,78,high,88,high,70,high,92,high,"Qualitative starter-style reality profile derived from linked route structure and research text. Use as a discussion prompt only, not as verified salary, injury-risk or labour-market fact."
za-career-tissue-packaging-attendant,Tissue Packaging Attendant,"Manufacturing, mining and energy",engineering,trade,stream_default,physical safety risk,78,high,88,high,70,high,92,high,"Qualitative starter-style reality profile derived from linked route structure and research text. Use as a discussion prompt only, not as verified salary, injury-risk or labour-market fact."
za-career-tissue-winder-operator,Tissue Winder Operator,"Manufacturing, mining and energy",engineering,trade,stream_default,physical safety risk,78,high,88,high,70,high,92,high,"Qualitative starter-style reality profile derived from linked route structure and research text. Use as a discussion prompt only, not as verified salary, injury-risk or labour-market fact."
za-career-tooling-cad-operator,Tooling CAD Operator,"Manufacturing, mining and energy",engineering,trade,stream_default,physical safety risk,78,high,88,high,70,high,92,high,"Qualitative starter-style reality profile derived from linked route structure and research text. Use as a discussion prompt only, not as verified salary, injury-risk or labour-market fact."
za-career-tooling-machinist,Tooling Machinist,"Skilled trades, construction and engineering",practical,trade,starter_route_suggestions_average,earning upside,88,high,88,high,50,medium,84,high,"Qualitative starter-style reality profile derived from linked route structure and research text. Use as a discussion prompt only, not as verified salary, injury-risk or labour-market fact."
za-career-toolmaker,Toolmaker,"Skilled trades, construction and engineering",practical,trade,direct_starter_route_profile,earning upside,88,high,88,high,50,medium,84,high,"Qualitative starter-style reality profile derived from linked route structure and research text. Use as a discussion prompt only, not as verified salary, injury-risk or labour-market fact."
za-career-tour-guide,Tour Guide,"Hospitality, tourism, sport and events",hospitality,hospitality,direct_starter_route_profile,earning upside,88,high,88,high,82,high,72,high,"Qualitative starter-style reality profile derived from linked route structure and research text. Use as a discussion prompt only, not as verified salary, injury-risk or labour-market fact."
za-career-tourism-experience-designer,Tourism Experience Designer,"Creative, media and design",creative,portfolio,stream_default,stress tolerance,56,medium,50,medium,64,medium,16,low,"Qualitative starter-style reality profile derived from linked route structure and research text. Use as a discussion prompt only, not as verified salary, injury-risk or labour-market fact."
za-career-tourist-information-officer,Tourist Information Officer,"Hospitality, tourism, sport and events",hospitality,hospitality,starter_route_suggestions_average,earning upside,88,high,80,high,82,high,64,medium,"Qualitative starter-style reality profile derived from linked route structure and research text. Use as a discussion prompt only, not as verified salary, injury-risk or labour-market fact."
za-career-town-planning-technician,Town Planning Technician,"Skilled trades, construction and engineering",practical,trade,direct_starter_route_profile,earning upside,88,high,80,high,60,medium,76,high,"Qualitative starter-style reality profile derived from linked route structure and research text. Use as a discussion prompt only, not as verified salary, injury-risk or labour-market fact."
za-career-township-delivery-entrepreneur,Township Delivery Entrepreneur,"Logistics, transport and supply chain",logistics,logistics,stream_default,travel or movement,63,medium,80,high,62,medium,66,medium,"Qualitative starter-style reality profile derived from linked route structure and research text. Use as a discussion prompt only, not as verified salary, injury-risk or labour-market fact."
za-career-toxicologist,Toxicologist,"Science, research and frontier careers",science,science,direct_starter_route_profile,earning upside,88,high,80,high,60,medium,76,high,"Qualitative starter-style reality profile derived from linked route structure and research text. Use as a discussion prompt only, not as verified salary, injury-risk or labour-market fact."
za-career-traceability-coordinator,Traceability Coordinator,"Agriculture, food and environment",agri,vocational,stream_default,travel or movement,62,medium,88,high,64,medium,80,high,"Qualitative starter-style reality profile derived from linked route structure and research text. Use as a discussion prompt only, not as verified salary, injury-risk or labour-market fact."
za-career-tractor-mechanic,Tractor Mechanic,"Skilled trades, construction and engineering",practical,trade,starter_route_suggestions_average,earning upside,88,high,88,high,50,medium,84,high,"Qualitative starter-style reality profile derived from linked route structure and research text. Use as a discussion prompt only, not as verified salary, injury-risk or labour-market fact."
za-career-tractor-mechanic-assistant,Tractor Mechanic Assistant,"Skilled trades, construction and engineering",practical,trade,starter_route_suggestions_average,earning upside,88,high,88,high,50,medium,84,high,"Qualitative starter-style reality profile derived from linked route structure and research text. Use as a discussion prompt only, not as verified salary, injury-risk or labour-market fact."
za-career-tractor-operator,Tractor Operator,"Manufacturing, mining and energy",engineering,trade,starter_route_suggestions_average,earning upside,88,high,35,low,82,high,84,high,"Qualitative starter-style reality profile derived from linked route structure and research text. Use as a discussion prompt only, not as verified salary, injury-risk or labour-market fact."
za-career-trade-and-industry-manager,Trade and Industry Manager,"Finance, admin and business operations",finance,mixed,stream_default,earning upside,70,high,32,low,65,medium,26,low,"Qualitative starter-style reality profile derived from linked route structure and research text. Use as a discussion prompt only, not as verified salary, injury-risk or labour-market fact."
za-career-trade-unionist,Trade Unionist,"Skilled trades, construction and engineering",practical,trade,stream_default,physical safety risk,74,high,78,high,68,high,80,high,"Qualitative starter-style reality profile derived from linked route structure and research text. Use as a discussion prompt only, not as verified salary, injury-risk or labour-market fact."
za-career-traffic-controller,Traffic Controller,"Logistics, transport and supply chain",logistics,logistics,starter_route_suggestions_average,earning upside,68,high,27,low,60,medium,64,medium,"Qualitative starter-style reality profile derived from linked route structure and research text. Use as a discussion prompt only, not as verified salary, injury-risk or labour-market fact."
za-career-traffic-officer,Traffic Officer,"Law, public service and public safety",public,public,direct_starter_route_profile,stress tolerance,68,high,27,low,82,high,76,high,"Qualitative starter-style reality profile derived from linked route structure and research text. Use as a discussion prompt only, not as verified salary, injury-risk or labour-market fact."
za-career-train-driver,Train Driver,"Logistics, transport and supply chain",logistics,logistics,direct_starter_route_profile,physical safety risk,68,high,35,low,50,medium,84,high,"Qualitative starter-style reality profile derived from linked route structure and research text. Use as a discussion prompt only, not as verified salary, injury-risk or labour-market fact."
za-career-training-and-development-practitioner,Training and Development Practitioner,"Education, training and youth development",education,education,starter_route_suggestions_average,earning upside,68,high,27,low,50,medium,34,low,"Qualitative starter-style reality profile derived from linked route structure and research text. Use as a discussion prompt only, not as verified salary, injury-risk or labour-market fact."
za-career-training-and-development-professional,Training and Development Professional,"Education, training and youth development",education,education,starter_route_suggestions_average,earning upside,68,high,35,low,50,medium,30,low,"Qualitative starter-style reality profile derived from linked route structure and research text. Use as a discussion prompt only, not as verified salary, injury-risk or labour-market fact."
za-career-training-manager,Training Manager,"Education, training and youth development",education,education,direct_starter_route_profile,earning upside,68,high,27,low,60,medium,34,low,"Qualitative starter-style reality profile derived from linked route structure and research text. Use as a discussion prompt only, not as verified salary, injury-risk or labour-market fact."
za-career-transit-protection-driver,Transit Protection Driver,"Logistics, transport and supply chain",logistics,logistics,stream_default,travel or movement,63,medium,80,high,62,medium,66,medium,"Qualitative starter-style reality profile derived from linked route structure and research text. Use as a discussion prompt only, not as verified salary, injury-risk or labour-market fact."
za-career-translator,Translator,"Creative, media and design",creative,portfolio,direct_starter_route_profile,earning upside,88,high,27,low,66,medium,22,low,"Qualitative starter-style reality profile derived from linked route structure and research text. Use as a discussion prompt only, not as verified salary, injury-risk or labour-market fact."
za-career-transport-analyst,Transport Analyst,"Logistics, transport and supply chain",logistics,logistics,starter_route_suggestions_average,physical safety risk,68,high,27,low,60,medium,76,high,"Qualitative starter-style reality profile derived from linked route structure and research text. Use as a discussion prompt only, not as verified salary, injury-risk or labour-market fact."
za-career-transport-clerk,Transport Clerk,"Logistics, transport and supply chain",logistics,logistics,starter_route_suggestions_average,physical safety risk,68,high,35,low,50,medium,84,high,"Qualitative starter-style reality profile derived from linked route structure and research text. Use as a discussion prompt only, not as verified salary, injury-risk or labour-market fact."
za-career-transportation-electrician,Transportation Electrician (Automotive Electrician),"Skilled trades, construction and engineering",practical,trade,starter_route_suggestions_average,earning upside,88,high,88,high,50,medium,84,high,"Qualitative starter-style reality profile derived from linked route structure and research text. Use as a discussion prompt only, not as verified salary, injury-risk or labour-market fact."
za-career-travel-assistant,Travel Assistant,"Hospitality, tourism, sport and events",hospitality,hospitality,starter_route_suggestions_average,stress tolerance,88,high,88,high,92,high,84,high,"Qualitative starter-style reality profile derived from linked route structure and research text. Use as a discussion prompt only, not as verified salary, injury-risk or labour-market fact."
za-career-travel-consultant,Travel Consultant,"Hospitality, tourism, sport and events",hospitality,hospitality,direct_starter_route_profile,stress tolerance,88,high,80,high,92,high,64,medium,"Qualitative starter-style reality profile derived from linked route structure and research text. Use as a discussion prompt only, not as verified salary, injury-risk or labour-market fact."
za-career-travel-professional,Travel Professional,"Hospitality, tourism, sport and events",hospitality,hospitality,starter_route_suggestions_average,earning upside,88,high,88,high,82,high,72,high,"Qualitative starter-style reality profile derived from linked route structure and research text. Use as a discussion prompt only, not as verified salary, injury-risk or labour-market fact."
za-career-tree-feller,Tree Feller,"Skilled trades, construction and engineering",practical,trade,stream_default,physical safety risk,74,high,78,high,78,high,80,high,"Qualitative starter-style reality profile derived from linked route structure and research text. Use as a discussion prompt only, not as verified salary, injury-risk or labour-market fact."
za-career-truck-driver,Truck Driver,"Logistics, transport and supply chain",logistics,logistics,direct_starter_route_profile,physical safety risk,68,high,35,low,50,medium,84,high,"Qualitative starter-style reality profile derived from linked route structure and research text. Use as a discussion prompt only, not as verified salary, injury-risk or labour-market fact."
za-career-trust-and-safety-moderator,Trust and Safety Moderator,"Logistics, transport and supply chain",logistics,logistics,stream_default,travel or movement,63,medium,80,high,62,medium,66,medium,"Qualitative starter-style reality profile derived from linked route structure and research text. Use as a discussion prompt only, not as verified salary, injury-risk or labour-market fact."
za-career-trustee,Trustee,"Skilled trades, construction and engineering",practical,trade,stream_default,physical safety risk,74,high,78,high,68,high,80,high,"Qualitative starter-style reality profile derived from linked route structure and research text. Use as a discussion prompt only, not as verified salary, injury-risk or labour-market fact."
za-career-tufting-machine-operator,Tufting Machine Operator,"Manufacturing, mining and energy",engineering,trade,starter_route_suggestions_average,earning upside,88,high,35,low,82,high,84,high,"Qualitative starter-style reality profile derived from linked route structure and research text. Use as a discussion prompt only, not as verified salary, injury-risk or labour-market fact."
za-career-tuned-percussion-instrument-maker,Tuned Percussion Instrument Maker,"Skilled trades, construction and engineering",practical,trade,stream_default,physical safety risk,74,high,78,high,68,high,80,high,"Qualitative starter-style reality profile derived from linked route structure and research text. Use as a discussion prompt only, not as verified salary, injury-risk or labour-market fact."
za-career-tunnelling-machine-operator,Tunnelling Machine Operator,"Manufacturing, mining and energy",engineering,trade,starter_route_suggestions_average,stress tolerance,88,high,27,low,92,high,76,high,"Qualitative starter-style reality profile derived from linked route structure and research text. Use as a discussion prompt only, not as verified salary, injury-risk or labour-market fact."
za-career-tvet-workplace-placement-coordinator,TVET Workplace Placement Coordinator,"Education, training and youth development",education,education,stream_default,earning upside,60,medium,38,low,60,medium,16,low,"Qualitative starter-style reality profile derived from linked route structure and research text. Use as a discussion prompt only, not as verified salary, injury-risk or labour-market fact."
za-career-underground-coal-continuous-miner,Underground Coal Continuous Miner,"Manufacturing, mining and energy",engineering,trade,starter_route_suggestions_average,earning upside,88,high,27,low,82,high,76,high,"Qualitative starter-style reality profile derived from linked route structure and research text. Use as a discussion prompt only, not as verified salary, injury-risk or labour-market fact."
za-career-underground-coal-roof-bolt-operator,Underground Coal Roof Bolt Operator,"Manufacturing, mining and energy",engineering,trade,stream_default,physical safety risk,78,high,88,high,70,high,92,high,"Qualitative starter-style reality profile derived from linked route structure and research text. Use as a discussion prompt only, not as verified salary, injury-risk or labour-market fact."
za-career-unit-manager,Unit Manager,"Law, public service and public safety",public,public,starter_route_suggestions_average,stress tolerance,68,high,35,low,92,high,84,high,"Qualitative starter-style reality profile derived from linked route structure and research text. Use as a discussion prompt only, not as verified salary, injury-risk or labour-market fact."
za-career-unitary-air-conditioning-installer,Unitary Air Conditioning Installer,"Skilled trades, construction and engineering",practical,trade,stream_default,physical safety risk,74,high,86,high,68,high,88,high,"Qualitative starter-style reality profile derived from linked route structure and research text. Use as a discussion prompt only, not as verified salary, injury-risk or labour-market fact."
za-career-university-lecturer,University Lecturer,"Education, training and youth development",education,education,direct_starter_route_profile,earning upside,68,high,27,low,60,medium,22,low,"Qualitative starter-style reality profile derived from linked route structure and research text. Use as a discussion prompt only, not as verified salary, injury-risk or labour-market fact."
za-career-university-tutor,University Tutor,"Education, training and youth development",education,education,starter_route_suggestions_average,earning upside,68,high,27,low,50,medium,22,low,"Qualitative starter-style reality profile derived from linked route structure and research text. Use as a discussion prompt only, not as verified salary, injury-risk or labour-market fact."
za-career-upholsterer,Upholsterer,"Manufacturing, mining and energy",engineering,trade,direct_starter_route_profile,earning upside,88,high,27,low,82,high,76,high,"Qualitative starter-style reality profile derived from linked route structure and research text. Use as a discussion prompt only, not as verified salary, injury-risk or labour-market fact."
za-career-upholstery-cover-fitter,Upholstery Cover Fitter,"Skilled trades, construction and engineering",practical,trade,stream_default,physical safety risk,74,high,86,high,68,high,88,high,"Qualitative starter-style reality profile derived from linked route structure and research text. Use as a discussion prompt only, not as verified salary, injury-risk or labour-market fact."
za-career-upholstery-cover-fitter-and-template-maker,Upholstery Cover Fitter and Template Maker,"Skilled trades, construction and engineering",practical,trade,stream_default,physical safety risk,74,high,86,high,68,high,88,high,"Qualitative starter-style reality profile derived from linked route structure and research text. Use as a discussion prompt only, not as verified salary, injury-risk or labour-market fact."
za-career-upholstery-frame-preparer,Upholstery Frame Preparer,"Skilled trades, construction and engineering",practical,trade,stream_default,physical safety risk,74,high,78,high,68,high,80,high,"Qualitative starter-style reality profile derived from linked route structure and research text. Use as a discussion prompt only, not as verified salary, injury-risk or labour-market fact."
za-career-urban-and-regional-planner,Urban and Regional Planner,"Skilled trades, construction and engineering",practical,trade,direct_starter_route_profile,earning upside,88,high,80,high,50,medium,76,high,"Qualitative starter-style reality profile derived from linked route structure and research text. Use as a discussion prompt only, not as verified salary, injury-risk or labour-market fact."
za-career-urologist,Urologist,"Health, care and social services",care,care,stream_default,stress tolerance,66,medium,54,medium,90,high,60,medium,"Qualitative starter-style reality profile derived from linked route structure and research text. Use as a discussion prompt only, not as verified salary, injury-risk or labour-market fact."
za-career-ux-designer,UX Designer,"Technology, data and AI",tech,mixed,direct_starter_route_profile,earning upside,88,high,27,low,50,medium,22,low,"Qualitative starter-style reality profile derived from linked route structure and research text. Use as a discussion prompt only, not as verified salary, injury-risk or labour-market fact."
za-career-ux-researcher,UX Researcher,"Technology, data and AI",tech,mixed,stream_default,earning upside,86,high,32,low,55,medium,17,low,"Qualitative starter-style reality profile derived from linked route structure and research text. Use as a discussion prompt only, not as verified salary, injury-risk or labour-market fact."
za-career-valuer,Valuer,"Finance, admin and business operations",finance,mixed,direct_starter_route_profile,earning upside,88,high,27,low,50,medium,34,low,"Qualitative starter-style reality profile derived from linked route structure and research text. Use as a discussion prompt only, not as verified salary, injury-risk or labour-market fact."
za-career-vehicle-body-builder,Vehicle Body Builder,"Skilled trades, construction and engineering",practical,trade,stream_default,physical safety risk,74,high,78,high,68,high,80,high,"Qualitative starter-style reality profile derived from linked route structure and research text. Use as a discussion prompt only, not as verified salary, injury-risk or labour-market fact."
za-career-vehicle-cleaner,Vehicle Cleaner,"Informal, entrepreneurship and community economy",entrepreneur,entrepreneur,starter_route_suggestions_average,earning upside,88,high,35,low,76,high,84,high,"Qualitative starter-style reality profile derived from linked route structure and research text. Use as a discussion prompt only, not as verified salary, injury-risk or labour-market fact."
za-career-vehicle-damage-quantifier,Vehicle Damage Quantifier,"Skilled trades, construction and engineering",practical,trade,stream_default,physical safety risk,74,high,78,high,68,high,80,high,"Qualitative starter-style reality profile derived from linked route structure and research text. Use as a discussion prompt only, not as verified salary, injury-risk or labour-market fact."
za-career-vehicle-painter,Vehicle Painter (Automobile and Marine Painter),"Skilled trades, construction and engineering",practical,trade,starter_route_suggestions_average,earning upside,88,high,88,high,50,medium,84,high,"Qualitative starter-style reality profile derived from linked route structure and research text. Use as a discussion prompt only, not as verified salary, injury-risk or labour-market fact."
za-career-vehicle-trimmer,Vehicle Trimmer,"Skilled trades, construction and engineering",practical,trade,stream_default,physical safety risk,74,high,78,high,68,high,80,high,"Qualitative starter-style reality profile derived from linked route structure and research text. Use as a discussion prompt only, not as verified salary, injury-risk or labour-market fact."
za-career-vertical-farm-technician,Vertical Farm Technician,"Agriculture, food and environment",agri,vocational,stream_default,travel or movement,62,medium,88,high,64,medium,80,high,"Qualitative starter-style reality profile derived from linked route structure and research text. Use as a discussion prompt only, not as verified salary, injury-risk or labour-market fact."
za-career-vessel-traffic-services-operator,Vessel Traffic Services Operator,"Manufacturing, mining and energy",engineering,trade,stream_default,physical safety risk,78,high,88,high,70,high,92,high,"Qualitative starter-style reality profile derived from linked route structure and research text. Use as a discussion prompt only, not as verified salary, injury-risk or labour-market fact."
za-career-veterinarian,Veterinarian,"Health, care and social services",care,care,direct_starter_route_profile,stress tolerance,53,medium,60,medium,82,high,58,medium,"Qualitative starter-style reality profile derived from linked route structure and research text. Use as a discussion prompt only, not as verified salary, injury-risk or labour-market fact."
za-career-veterinary-nurse,Veterinary Nurse,"Health, care and social services",care,care,starter_route_suggestions_average,stress tolerance,53,medium,52,medium,92,high,62,medium,"Qualitative starter-style reality profile derived from linked route structure and research text. Use as a discussion prompt only, not as verified salary, injury-risk or labour-market fact."
za-career-veterinary-public-health-professional,Veterinary Public Health Professional,"Health, care and social services",care,care,starter_route_suggestions_average,stress tolerance,53,medium,60,medium,92,high,58,medium,"Qualitative starter-style reality profile derived from linked route structure and research text. Use as a discussion prompt only, not as verified salary, injury-risk or labour-market fact."
za-career-veterinary-public-health-professional-practitioner,Veterinary Public Health Professional/ Practitioner,"Health, care and social services",care,care,starter_route_suggestions_average,stress tolerance,53,medium,52,medium,92,high,62,medium,"Qualitative starter-style reality profile derived from linked route structure and research text. Use as a discussion prompt only, not as verified salary, injury-risk or labour-market fact."
za-career-veterinary-technician,Veterinary Technician,"Agriculture, food and environment",agri,vocational,direct_starter_route_profile,travel or movement,53,medium,80,high,76,high,76,high,"Qualitative starter-style reality profile derived from linked route structure and research text. Use as a discussion prompt only, not as verified salary, injury-risk or labour-market fact."
za-career-veterinary-technologist,Veterinary Technologist,"Health, care and social services",care,care,starter_route_suggestions_average,stress tolerance,53,medium,52,medium,92,high,62,medium,"Qualitative starter-style reality profile derived from linked route structure and research text. Use as a discussion prompt only, not as verified salary, injury-risk or labour-market fact."
za-career-vinyl-floor-finisher,Vinyl Floor Finisher,"Skilled trades, construction and engineering",practical,trade,starter_route_suggestions_average,earning upside,88,high,80,high,50,medium,76,high,"Qualitative starter-style reality profile derived from linked route structure and research text. Use as a discussion prompt only, not as verified salary, injury-risk or labour-market fact."
za-career-visual-artist,Visual Artist,"Creative, media and design",creative,portfolio,starter_route_suggestions_average,earning upside,88,high,27,low,76,high,34,low,"Qualitative starter-style reality profile derived from linked route structure and research text. Use as a discussion prompt only, not as verified salary, injury-risk or labour-market fact."
za-career-visual-merchandiser,Visual Merchandiser,"Sales, marketing and customer work",people,mixed,direct_starter_route_profile,physical safety risk,53,medium,27,low,50,medium,64,medium,"Qualitative starter-style reality profile derived from linked route structure and research text. Use as a discussion prompt only, not as verified salary, injury-risk or labour-market fact."
za-career-viticulture-worker,Viticulture Worker,"Skilled trades, construction and engineering",practical,trade,stream_default,physical safety risk,74,high,78,high,68,high,80,high,"Qualitative starter-style reality profile derived from linked route structure and research text. Use as a discussion prompt only, not as verified salary, injury-risk or labour-market fact."
za-career-waiter,Waiter,"Hospitality, tourism, sport and events",hospitality,hospitality,direct_starter_route_profile,earning upside,88,high,88,high,82,high,72,high,"Qualitative starter-style reality profile derived from linked route structure and research text. Use as a discussion prompt only, not as verified salary, injury-risk or labour-market fact."
za-career-wall-and-floor-tiler,Wall and Floor Tiler,"Skilled trades, construction and engineering",practical,trade,stream_default,physical safety risk,74,high,78,high,78,high,80,high,"Qualitative starter-style reality profile derived from linked route structure and research text. Use as a discussion prompt only, not as verified salary, injury-risk or labour-market fact."
za-career-warehouse-administrator-clerk,Warehouse Administrator / Clerk,"Logistics, transport and supply chain",logistics,logistics,stream_default,travel or movement,63,medium,88,high,62,medium,74,high,"Qualitative starter-style reality profile derived from linked route structure and research text. Use as a discussion prompt only, not as verified salary, injury-risk or labour-market fact."
za-career-warehouse-automation-technician,Warehouse Automation Technician,"Technology, data and AI",tech,mixed,stream_default,earning upside,86,high,32,low,55,medium,29,low,"Qualitative starter-style reality profile derived from linked route structure and research text. Use as a discussion prompt only, not as verified salary, injury-risk or labour-market fact."
za-career-warehouse-manager,Warehouse Manager,"Logistics, transport and supply chain",logistics,logistics,direct_starter_route_profile,physical safety risk,68,high,27,low,60,medium,76,high,"Qualitative starter-style reality profile derived from linked route structure and research text. Use as a discussion prompt only, not as verified salary, injury-risk or labour-market fact."
za-career-warp-knitting-machine-operator,Warp Knitting Machine Operator,"Manufacturing, mining and energy",engineering,trade,starter_route_suggestions_average,earning upside,88,high,35,low,82,high,84,high,"Qualitative starter-style reality profile derived from linked route structure and research text. Use as a discussion prompt only, not as verified salary, injury-risk or labour-market fact."
za-career-warping-machine-operator,Warping Machine Operator,"Manufacturing, mining and energy",engineering,trade,starter_route_suggestions_average,earning upside,88,high,35,low,82,high,84,high,"Qualitative starter-style reality profile derived from linked route structure and research text. Use as a discussion prompt only, not as verified salary, injury-risk or labour-market fact."
za-career-washroom-attendant,Washroom Attendant,"Informal, entrepreneurship and community economy",entrepreneur,entrepreneur,starter_route_suggestions_average,earning upside,88,high,35,low,76,high,84,high,"Qualitative starter-style reality profile derived from linked route structure and research text. Use as a discussion prompt only, not as verified salary, injury-risk or labour-market fact."
za-career-waste-and-refuse-material-sorter-and-classifier,Waste and Refuse material sorter and classifier,"Skilled trades, construction and engineering",practical,trade,stream_default,physical safety risk,74,high,78,high,78,high,80,high,"Qualitative starter-style reality profile derived from linked route structure and research text. Use as a discussion prompt only, not as verified salary, injury-risk or labour-market fact."
za-career-waste-materials-plant-operator,Waste Materials Plant Operator,"Skilled trades, construction and engineering",practical,trade,starter_route_suggestions_average,earning upside,88,high,80,high,60,medium,76,high,"Qualitative starter-style reality profile derived from linked route structure and research text. Use as a discussion prompt only, not as verified salary, injury-risk or labour-market fact."
za-career-waste-reclaimer,Waste Reclaimer,"Informal, entrepreneurship and community economy",entrepreneur,entrepreneur,direct_starter_route_profile,earning upside,88,high,35,low,76,high,84,high,"Qualitative starter-style reality profile derived from linked route structure and research text. Use as a discussion prompt only, not as verified salary, injury-risk or labour-market fact."
za-career-waste-reclaimer-cooperative-coordinator,Waste Reclaimer Cooperative Coordinator,"Manufacturing, mining and energy",engineering,trade,stream_default,physical safety risk,78,high,80,high,70,high,84,high,"Qualitative starter-style reality profile derived from linked route structure and research text. Use as a discussion prompt only, not as verified salary, injury-risk or labour-market fact."
za-career-waste-to-energy-technician,Waste-to-Energy Technician,"Manufacturing, mining and energy",engineering,trade,starter_route_suggestions_average,earning upside,88,high,27,low,82,high,76,high,"Qualitative starter-style reality profile derived from linked route structure and research text. Use as a discussion prompt only, not as verified salary, injury-risk or labour-market fact."
za-career-wastewater-process-controller,Wastewater Process Controller,"Manufacturing, mining and energy",engineering,trade,stream_default,physical safety risk,78,high,80,high,70,high,84,high,"Qualitative starter-style reality profile derived from linked route structure and research text. Use as a discussion prompt only, not as verified salary, injury-risk or labour-market fact."
za-career-water-asset-manager,Water Asset Manager,"Agriculture, food and environment",agri,vocational,stream_default,travel or movement,62,medium,80,high,64,medium,60,medium,"Qualitative starter-style reality profile derived from linked route structure and research text. Use as a discussion prompt only, not as verified salary, injury-risk or labour-market fact."
za-career-water-cart-operator,Water Cart Operator,"Agriculture, food and environment",agri,vocational,stream_default,travel or movement,62,medium,80,high,64,medium,72,high,"Qualitative starter-style reality profile derived from linked route structure and research text. Use as a discussion prompt only, not as verified salary, injury-risk or labour-market fact."
za-career-water-conservation-technician,Water Conservation Technician,"Agriculture, food and environment",agri,vocational,starter_route_suggestions_average,travel or movement,53,medium,80,high,66,medium,76,high,"Qualitative starter-style reality profile derived from linked route structure and research text. Use as a discussion prompt only, not as verified salary, injury-risk or labour-market fact."
za-career-water-control-officer,Water Control Officer,"Agriculture, food and environment",agri,vocational,stream_default,travel or movement,62,medium,80,high,64,medium,60,medium,"Qualitative starter-style reality profile derived from linked route structure and research text. Use as a discussion prompt only, not as verified salary, injury-risk or labour-market fact."
za-career-water-infrastructure-manager,Water Infrastructure Manager,"Agriculture, food and environment",agri,vocational,starter_route_suggestions_average,travel or movement,53,medium,80,high,66,medium,76,high,"Qualitative starter-style reality profile derived from linked route structure and research text. Use as a discussion prompt only, not as verified salary, injury-risk or labour-market fact."
za-career-water-plant-operator,Water Plant Operator,"Agriculture, food and environment",agri,vocational,stream_default,travel or movement,62,medium,80,high,64,medium,72,high,"Qualitative starter-style reality profile derived from linked route structure and research text. Use as a discussion prompt only, not as verified salary, injury-risk or labour-market fact."
za-career-water-process-controller,Water Process Controller,"Agriculture, food and environment",agri,vocational,stream_default,travel or movement,62,medium,80,high,64,medium,60,medium,"Qualitative starter-style reality profile derived from linked route structure and research text. Use as a discussion prompt only, not as verified salary, injury-risk or labour-market fact."
za-career-water-process-worker,Water process worker,"Agriculture, food and environment",agri,vocational,stream_default,travel or movement,62,medium,80,high,74,high,72,high,"Qualitative starter-style reality profile derived from linked route structure and research text. Use as a discussion prompt only, not as verified salary, injury-risk or labour-market fact."
za-career-water-production-and-supply-manager,Water Production and Supply Manager,"Agriculture, food and environment",agri,vocational,stream_default,travel or movement,62,medium,80,high,74,high,72,high,"Qualitative starter-style reality profile derived from linked route structure and research text. Use as a discussion prompt only, not as verified salary, injury-risk or labour-market fact."
za-career-water-quality-analyst,Water Quality Analyst,"Agriculture, food and environment",agri,vocational,starter_route_suggestions_average,travel or movement,53,medium,80,high,66,medium,64,medium,"Qualitative starter-style reality profile derived from linked route structure and research text. Use as a discussion prompt only, not as verified salary, injury-risk or labour-market fact."
za-career-water-regulation-practitioner,Water Regulation Practitioner,"Agriculture, food and environment",agri,vocational,stream_default,travel or movement,62,medium,80,high,64,medium,72,high,"Qualitative starter-style reality profile derived from linked route structure and research text. Use as a discussion prompt only, not as verified salary, injury-risk or labour-market fact."
za-career-water-reticulation-practitioner,Water Reticulation Practitioner,"Agriculture, food and environment",agri,vocational,stream_default,travel or movement,62,medium,80,high,64,medium,72,high,"Qualitative starter-style reality profile derived from linked route structure and research text. Use as a discussion prompt only, not as verified salary, injury-risk or labour-market fact."
za-career-water-works-management-practitioner,Water Works Management Practitioner,"Agriculture, food and environment",agri,vocational,starter_route_suggestions_average,travel or movement,53,medium,80,high,66,medium,76,high,"Qualitative starter-style reality profile derived from linked route structure and research text. Use as a discussion prompt only, not as verified salary, injury-risk or labour-market fact."
za-career-weapon-systems-mechanic,Weapon Systems Mechanic (Combat Weapons Fitter),"Skilled trades, construction and engineering",practical,trade,stream_default,physical safety risk,74,high,78,high,68,high,80,high,"Qualitative starter-style reality profile derived from linked route structure and research text. Use as a discussion prompt only, not as verified salary, injury-risk or labour-market fact."
za-career-weaving-machine-operator,Weaving Machine Operator,"Manufacturing, mining and energy",engineering,trade,starter_route_suggestions_average,earning upside,88,high,35,low,82,high,84,high,"Qualitative starter-style reality profile derived from linked route structure and research text. Use as a discussion prompt only, not as verified salary, injury-risk or labour-market fact."
za-career-web-administrator,Web Administrator,"Technology, data and AI",tech,mixed,starter_route_suggestions_average,earning upside,88,high,27,low,60,medium,34,low,"Qualitative starter-style reality profile derived from linked route structure and research text. Use as a discussion prompt only, not as verified salary, injury-risk or labour-market fact."
za-career-web-designer,Web Designer,"Creative, media and design",creative,portfolio,direct_starter_route_profile,earning upside,88,high,27,low,66,medium,22,low,"Qualitative starter-style reality profile derived from linked route structure and research text. Use as a discussion prompt only, not as verified salary, injury-risk or labour-market fact."
za-career-web-developer,Web Developer,"Technology, data and AI",tech,mixed,direct_starter_route_profile,earning upside,88,high,27,low,50,medium,34,low,"Qualitative starter-style reality profile derived from linked route structure and research text. Use as a discussion prompt only, not as verified salary, injury-risk or labour-market fact."
za-career-weft-knitting-machine-operator,Weft Knitting Machine Operator,"Manufacturing, mining and energy",engineering,trade,starter_route_suggestions_average,earning upside,88,high,35,low,82,high,84,high,"Qualitative starter-style reality profile derived from linked route structure and research text. Use as a discussion prompt only, not as verified salary, injury-risk or labour-market fact."
za-career-weighbridge-operator,Weighbridge Operator,"Manufacturing, mining and energy",engineering,trade,starter_route_suggestions_average,stress tolerance,88,high,27,low,92,high,76,high,"Qualitative starter-style reality profile derived from linked route structure and research text. Use as a discussion prompt only, not as verified salary, injury-risk or labour-market fact."
za-career-welder,Welder,"Skilled trades, construction and engineering",practical,trade,direct_starter_route_profile,travel or movement,80,high,88,high,50,medium,84,high,"Qualitative starter-style reality profile derived from linked route structure and research text. Use as a discussion prompt only, not as verified salary, injury-risk or labour-market fact."
za-career-wet-mill-operator,Wet Mill Operator,"Manufacturing, mining and energy",engineering,trade,starter_route_suggestions_average,earning upside,88,high,35,low,82,high,84,high,"Qualitative starter-style reality profile derived from linked route structure and research text. Use as a discussion prompt only, not as verified salary, injury-risk or labour-market fact."
za-career-wet-pour-rubber-floor-finisher,Wet Pour Rubber Floor Finisher,"Skilled trades, construction and engineering",practical,trade,starter_route_suggestions_average,earning upside,88,high,80,high,50,medium,76,high,"Qualitative starter-style reality profile derived from linked route structure and research text. Use as a discussion prompt only, not as verified salary, injury-risk or labour-market fact."
za-career-wind-turbine-service-technician,Wind Turbine Service Technician,"Manufacturing, mining and energy",engineering,trade,stream_default,physical safety risk,78,high,88,high,70,high,92,high,"Qualitative starter-style reality profile derived from linked route structure and research text. Use as a discussion prompt only, not as verified salary, injury-risk or labour-market fact."
za-career-winding-engine-driver,Winding Engine Driver,"Logistics, transport and supply chain",logistics,logistics,stream_default,travel or movement,63,medium,80,high,62,medium,66,medium,"Qualitative starter-style reality profile derived from linked route structure and research text. Use as a discussion prompt only, not as verified salary, injury-risk or labour-market fact."
za-career-window-cleaner,Window Cleaner,"Informal, entrepreneurship and community economy",entrepreneur,entrepreneur,starter_route_suggestions_average,earning upside,88,high,35,low,76,high,84,high,"Qualitative starter-style reality profile derived from linked route structure and research text. Use as a discussion prompt only, not as verified salary, injury-risk or labour-market fact."
za-career-wine-maker,Wine Maker,"Agriculture, food and environment",agri,vocational,direct_starter_route_profile,travel or movement,53,medium,80,high,66,medium,76,high,"Qualitative starter-style reality profile derived from linked route structure and research text. Use as a discussion prompt only, not as verified salary, injury-risk or labour-market fact."
za-career-winemaker-s-assistant,Winemaker's Assistant,"Agriculture, food and environment",agri,vocational,starter_route_suggestions_average,travel or movement,53,medium,88,high,66,medium,84,high,"Qualitative starter-style reality profile derived from linked route structure and research text. Use as a discussion prompt only, not as verified salary, injury-risk or labour-market fact."
za-career-wood-machinist,Wood Machinist,"Skilled trades, construction and engineering",practical,trade,direct_starter_route_profile,earning upside,88,high,80,high,60,medium,76,high,"Qualitative starter-style reality profile derived from linked route structure and research text. Use as a discussion prompt only, not as verified salary, injury-risk or labour-market fact."
za-career-wood-preparer-and-treater,Wood Preparer and Treater,"Skilled trades, construction and engineering",practical,trade,stream_default,physical safety risk,74,high,78,high,78,high,80,high,"Qualitative starter-style reality profile derived from linked route structure and research text. Use as a discussion prompt only, not as verified salary, injury-risk or labour-market fact."
za-career-wood-processing-machine-operator,Wood Processing Machine Operator,"Manufacturing, mining and energy",engineering,trade,starter_route_suggestions_average,earning upside,88,high,35,low,82,high,84,high,"Qualitative starter-style reality profile derived from linked route structure and research text. Use as a discussion prompt only, not as verified salary, injury-risk or labour-market fact."
za-career-word-processing-operator,Word processing operator,"Finance, admin and business operations",finance,mixed,stream_default,earning upside,70,high,32,low,65,medium,26,low,"Qualitative starter-style reality profile derived from linked route structure and research text. Use as a discussion prompt only, not as verified salary, injury-risk or labour-market fact."
za-career-workshop-cleaner,Workshop cleaner,"Informal, entrepreneurship and community economy",entrepreneur,entrepreneur,starter_route_suggestions_average,earning upside,88,high,35,low,76,high,84,high,"Qualitative starter-style reality profile derived from linked route structure and research text. Use as a discussion prompt only, not as verified salary, injury-risk or labour-market fact."
za-career-youth-employment-coach,Youth Employment Coach,"Education, training and youth development",education,education,stream_default,earning upside,60,medium,38,low,60,medium,16,low,"Qualitative starter-style reality profile derived from linked route structure and research text. Use as a discussion prompt only, not as verified salary, injury-risk or labour-market fact."
za-career-zoologist,Zoologist,"Science, research and frontier careers",science,science,direct_starter_route_profile,earning upside,88,high,80,high,50,medium,64,medium,"Qualitative starter-style reality profile derived from linked route structure and research text. Use as a discussion prompt only, not as verified salary, injury-risk or labour-market fact."
